{"type":"FeatureCollection","village":"AMBAPURAM","features":[{"type":"Feature","geometry":{"type":"Polygon","coordinates":[[[79.421554,15.714041],[79.426638,15.716863],[79.428033,15.718063],[79.431586,15.71991],[79.437976,15.721875],[79.440074,15.720874],[79.44748,15.718832],[79.447406,15.718557],[79.447166,15.717655],[79.447055,15.717238],[79.442945,15.716108],[79.442365,15.716667],[79.442202,15.717198],[79.441665,15.71683],[79.44125,15.716547],[79.441094,15.716077],[79.441735,15.715811],[79.442508,15.715492],[79.441524,15.714523],[79.44077,15.713781],[79.439321,15.712355],[79.438732,15.711079],[79.437029,15.707098],[79.43578,15.70838],[79.43524,15.708556],[79.435078,15.708609],[79.434897,15.708384],[79.434519,15.708389],[79.43354,15.708402],[79.433456,15.708216],[79.432543,15.708604],[79.432235,15.708551],[79.430357,15.70823],[79.428423,15.707899],[79.427964,15.707821],[79.427761,15.707787],[79.427436,15.707731],[79.421554,15.714041]]]},"properties":{"lp":"1","ac":"584.661"}},{"type":"Feature","geometry":{"type":"Polygon","coordinates":[[[79.432297,15.714253],[79.433397,15.714016],[79.433509,15.71465],[79.433907,15.714828],[79.434714,15.713777],[79.433874,15.713426],[79.431993,15.713401],[79.432003,15.713766],[79.432345,15.713817],[79.432297,15.714253]]]},"properties":{"lp":"2","ac":"6.109"}},{"type":"Feature","geometry":{"type":"Polygon","coordinates":[[[79.441735,15.715811],[79.441094,15.716077],[79.44125,15.716547],[79.441665,15.71683],[79.44168,15.716615],[79.441717,15.716082],[79.441735,15.715811]]]},"properties":{"lp":"3","ac":"1.151"}},{"type":"Feature","geometry":{"type":"Polygon","coordinates":[[[79.441665,15.71683],[79.442202,15.717198],[79.442365,15.716667],[79.442945,15.716108],[79.442793,15.715893],[79.44168,15.716615],[79.441665,15.71683]]]},"properties":{"lp":"4","ac":"1.84"}},{"type":"Feature","geometry":{"type":"Polygon","coordinates":[[[79.442945,15.716108],[79.447381,15.712623],[79.446264,15.710491],[79.441524,15.714523],[79.442508,15.715492],[79.442634,15.715668],[79.442793,15.715893],[79.442945,15.716108]]]},"properties":{"lp":"5","ac":"38.697"}},{"type":"Feature","geometry":{"type":"Polygon","coordinates":[[[79.441524,15.714523],[79.446264,15.710491],[79.444415,15.710468],[79.44077,15.713781],[79.441524,15.714523]]]},"properties":{"lp":"6","ac":"18.709"}},{"type":"Feature","geometry":{"type":"Polygon","coordinates":[[[79.438732,15.711079],[79.439321,15.712355],[79.44077,15.713781],[79.444415,15.710468],[79.44338,15.709684],[79.441808,15.708388],[79.438732,15.711079]]]},"properties":{"lp":"7","ac":"45.296"}},{"type":"Feature","geometry":{"type":"Polygon","coordinates":[[[79.438732,15.711079],[79.441808,15.708388],[79.442929,15.707411],[79.4423,15.70741],[79.441716,15.707409],[79.440293,15.707407],[79.440199,15.707407],[79.439051,15.707405],[79.438,15.707245],[79.437029,15.707098],[79.438732,15.711079]]]},"properties":{"lp":"8","ac":"31.893"}},{"type":"Feature","geometry":{"type":"Polygon","coordinates":[[[79.443657,15.706859],[79.442929,15.707411],[79.441808,15.708388],[79.44338,15.709684],[79.444415,15.710468],[79.444199,15.708185],[79.443981,15.707267],[79.443821,15.707061],[79.443657,15.706859]]]},"properties":{"lp":"9","ac":"13.473"}},{"type":"Feature","geometry":{"type":"Polygon","coordinates":[[[79.444199,15.708185],[79.444415,15.710468],[79.446264,15.710491],[79.447381,15.712623],[79.446132,15.708938],[79.44625,15.708189],[79.444897,15.708186],[79.444477,15.708185],[79.444199,15.708185]]]},"properties":{"lp":"10","ac":"14.811"}},{"type":"Feature","geometry":{"type":"Polygon","coordinates":[[[79.442945,15.716108],[79.447055,15.717238],[79.448429,15.715872],[79.447915,15.713682],[79.447381,15.712623],[79.442945,15.716108]]]},"properties":{"lp":"11","ac":"37.885"}},{"type":"Feature","geometry":{"type":"Polygon","coordinates":[[[79.447406,15.718557],[79.448055,15.718434],[79.448329,15.718304],[79.448382,15.718279],[79.44797,15.717294],[79.447881,15.717337],[79.447166,15.717655],[79.447406,15.718557]]]},"properties":{"lp":"12","ac":"2.85"}},{"type":"Feature","geometry":{"type":"Polygon","coordinates":[[[79.448382,15.718279],[79.449004,15.717985],[79.448531,15.717059],[79.44797,15.717294],[79.448382,15.718279]]]},"properties":{"lp":"13","ac":"2.001"}},{"type":"Feature","geometry":{"type":"Polygon","coordinates":[[[79.447166,15.717655],[79.447881,15.717337],[79.44797,15.717294],[79.448531,15.717059],[79.448804,15.716933],[79.448783,15.716888],[79.449155,15.716694],[79.448862,15.716033],[79.448429,15.715872],[79.447055,15.717238],[79.447166,15.717655]]]},"properties":{"lp":"14","ac":"4.999"}},{"type":"Feature","geometry":{"type":"Polygon","coordinates":[[[79.448862,15.716033],[79.449155,15.716694],[79.449432,15.71655],[79.449774,15.716371],[79.448862,15.716033]]]},"properties":{"lp":"15","ac":"0.738"}},{"type":"Feature","geometry":{"type":"Polygon","coordinates":[[[79.448804,15.716933],[79.448531,15.717059],[79.449004,15.717985],[79.449254,15.717863],[79.448804,15.716933]]]},"properties":{"lp":"16","ac":"0.878"}},{"type":"Feature","geometry":{"type":"Polygon","coordinates":[[[79.449254,15.717863],[79.449004,15.717985],[79.448382,15.718279],[79.448329,15.718304],[79.448055,15.718434],[79.448396,15.718369],[79.449266,15.717888],[79.449254,15.717863]]]},"properties":{"lp":"17","ac":"0.206"}},{"type":"Feature","geometry":{"type":"Polygon","coordinates":[[[79.44748,15.718832],[79.449252,15.718061],[79.449266,15.717888],[79.448396,15.718369],[79.448055,15.718434],[79.447406,15.718557],[79.44748,15.718832]]]},"properties":{"lp":"18","ac":"0.796"}},{"type":"Feature","geometry":{"type":"Polygon","coordinates":[[[79.449252,15.718061],[79.449766,15.717767],[79.450107,15.717571],[79.45075,15.717203],[79.45068,15.717148],[79.449881,15.717566],[79.449266,15.717888],[79.449252,15.718061]]]},"properties":{"lp":"19","ac":"0.552"}},{"type":"Feature","geometry":{"type":"Polygon","coordinates":[[[79.45068,15.717148],[79.45075,15.717203],[79.451625,15.71676],[79.452458,15.716339],[79.452396,15.716189],[79.452025,15.716396],[79.451512,15.716681],[79.45068,15.717148]]]},"properties":{"lp":"20","ac":"0.694"}},{"type":"Feature","geometry":{"type":"Polygon","coordinates":[[[79.449427,15.718652],[79.450063,15.718501],[79.449766,15.717767],[79.449252,15.718061],[79.449427,15.718652]]]},"properties":{"lp":"21","ac":"1.271"}},{"type":"Feature","geometry":{"type":"Polygon","coordinates":[[[79.450063,15.718501],[79.450449,15.718411],[79.450107,15.717571],[79.449766,15.717767],[79.450063,15.718501]]]},"properties":{"lp":"22","ac":"0.973"}},{"type":"Feature","geometry":{"type":"Polygon","coordinates":[[[79.450449,15.718411],[79.451153,15.718244],[79.450993,15.71783],[79.45075,15.717203],[79.450107,15.717571],[79.450449,15.718411]]]},"properties":{"lp":"23","ac":"2.148"}},{"type":"Feature","geometry":{"type":"Polygon","coordinates":[[[79.451153,15.718244],[79.452257,15.717937],[79.452443,15.717921],[79.452162,15.717344],[79.451876,15.717456],[79.450993,15.71783],[79.451153,15.718244]]]},"properties":{"lp":"24","ac":"2.0"}},{"type":"Feature","geometry":{"type":"Polygon","coordinates":[[[79.450993,15.71783],[79.451876,15.717456],[79.451625,15.71676],[79.45075,15.717203],[79.450993,15.71783]]]},"properties":{"lp":"25","ac":"1.999"}},{"type":"Feature","geometry":{"type":"Polygon","coordinates":[[[79.453007,15.717872],[79.453851,15.717722],[79.453175,15.715902],[79.452458,15.716339],[79.452711,15.717046],[79.453007,15.717872]]]},"properties":{"lp":"28","ac":"4.36"}},{"type":"Feature","geometry":{"type":"Polygon","coordinates":[[[79.453175,15.715902],[79.453851,15.717722],[79.454149,15.717669],[79.453382,15.715776],[79.453175,15.715902]]]},"properties":{"lp":"29","ac":"1.566"}},{"type":"Feature","geometry":{"type":"Polygon","coordinates":[[[79.453382,15.715776],[79.454149,15.717669],[79.454489,15.717609],[79.453658,15.715607],[79.453382,15.715776]]]},"properties":{"lp":"30","ac":"2.025"}},{"type":"Feature","geometry":{"type":"Polygon","coordinates":[[[79.454489,15.717609],[79.454542,15.7176],[79.454901,15.717407],[79.454062,15.715361],[79.453658,15.715607],[79.454489,15.717609]]]},"properties":{"lp":"31","ac":"2.977"}},{"type":"Feature","geometry":{"type":"Polygon","coordinates":[[[79.452458,15.716339],[79.453175,15.715902],[79.453382,15.715776],[79.453658,15.715607],[79.454062,15.715361],[79.454161,15.715301],[79.45437,15.715071],[79.454127,15.715209],[79.453841,15.715371],[79.453048,15.71582],[79.452667,15.716035],[79.452396,15.716189],[79.452458,15.716339]]]},"properties":{"lp":"33","ac":"0.792"}},{"type":"Feature","geometry":{"type":"Polygon","coordinates":[[[79.454161,15.715301],[79.45559,15.71455],[79.45558,15.714443],[79.45437,15.715071],[79.454161,15.715301]]]},"properties":{"lp":"34","ac":"0.449"}},{"type":"Feature","geometry":{"type":"Polygon","coordinates":[[[79.454062,15.715361],[79.454901,15.717407],[79.455026,15.71734],[79.454728,15.716698],[79.454161,15.715301],[79.454062,15.715361]]]},"properties":{"lp":"32","ac":"0.753"}},{"type":"Feature","geometry":{"type":"Polygon","coordinates":[[[79.454161,15.715301],[79.454728,15.716698],[79.455388,15.716421],[79.456039,15.716147],[79.455733,15.715067],[79.455636,15.714726],[79.45559,15.71455],[79.454161,15.715301]]]},"properties":{"lp":"35","ac":"6.973"}},{"type":"Feature","geometry":{"type":"Polygon","coordinates":[[[79.455026,15.71734],[79.455665,15.71709],[79.455388,15.716421],[79.454728,15.716698],[79.455026,15.71734]]]},"properties":{"lp":"36","ac":"1.471"}},{"type":"Feature","geometry":{"type":"Polygon","coordinates":[[[79.455665,15.71709],[79.456242,15.716863],[79.456138,15.716495],[79.456039,15.716147],[79.455388,15.716421],[79.455665,15.71709]]]},"properties":{"lp":"37","ac":"1.422"}},{"type":"Feature","geometry":{"type":"Polygon","coordinates":[[[79.456242,15.716863],[79.457364,15.716185],[79.457258,15.715874],[79.456698,15.716185],[79.456138,15.716495],[79.456242,15.716863]]]},"properties":{"lp":"38","ac":"1.314"}},{"type":"Feature","geometry":{"type":"Polygon","coordinates":[[[79.456698,15.716185],[79.457258,15.715874],[79.457017,15.715166],[79.456854,15.714672],[79.456272,15.714877],[79.456698,15.716185]]]},"properties":{"lp":"39","ac":"2.408"}},{"type":"Feature","geometry":{"type":"Polygon","coordinates":[[[79.456698,15.716185],[79.456272,15.714877],[79.455733,15.715067],[79.456039,15.716147],[79.456138,15.716495],[79.456698,15.716185]]]},"properties":{"lp":"40","ac":"2.508"}},{"type":"Feature","geometry":{"type":"Polygon","coordinates":[[[79.455733,15.715067],[79.456272,15.714877],[79.456854,15.714672],[79.45677,15.714415],[79.456698,15.714195],[79.455636,15.714726],[79.455733,15.715067]]]},"properties":{"lp":"41","ac":"1.479"}},{"type":"Feature","geometry":{"type":"Polygon","coordinates":[[[79.455636,15.714726],[79.456698,15.714195],[79.456654,15.714017],[79.456638,15.713949],[79.456597,15.713787],[79.456054,15.714138],[79.45558,15.714443],[79.45559,15.71455],[79.455636,15.714726]]]},"properties":{"lp":"42","ac":"1.193"}},{"type":"Feature","geometry":{"type":"Polygon","coordinates":[[[79.456054,15.714138],[79.456597,15.713787],[79.456589,15.713769],[79.456034,15.714082],[79.456054,15.714138]]]},"properties":{"lp":"43","ac":"0.072"}},{"type":"Feature","geometry":{"type":"Polygon","coordinates":[[[79.456034,15.714082],[79.456589,15.713769],[79.45631,15.713133],[79.456094,15.71264],[79.45585,15.712085],[79.455628,15.71158],[79.455469,15.711639],[79.455307,15.711699],[79.455131,15.711764],[79.455587,15.712819],[79.456034,15.714082]]]},"properties":{"lp":"44","ac":"4.001"}},{"type":"Feature","geometry":{"type":"Polygon","coordinates":[[[79.455131,15.711764],[79.4548,15.711886],[79.45529,15.712959],[79.455587,15.712819],[79.455131,15.711764]]]},"properties":{"lp":"45","ac":"1.162"}},{"type":"Feature","geometry":{"type":"Polygon","coordinates":[[[79.45529,15.712959],[79.4548,15.711886],[79.45464,15.711945],[79.455121,15.713038],[79.45529,15.712959]]]},"properties":{"lp":"46","ac":"0.62"}},{"type":"Feature","geometry":{"type":"Polygon","coordinates":[[[79.454984,15.713102],[79.455121,15.713038],[79.45464,15.711945],[79.454481,15.712003],[79.454984,15.713102]]]},"properties":{"lp":"47","ac":"0.564"}},{"type":"Feature","geometry":{"type":"Polygon","coordinates":[[[79.454984,15.713102],[79.454481,15.712003],[79.454341,15.712055],[79.454904,15.71314],[79.454984,15.713102]]]},"properties":{"lp":"48","ac":"0.421"}},{"type":"Feature","geometry":{"type":"Polygon","coordinates":[[[79.455587,15.712819],[79.45529,15.712959],[79.455121,15.713038],[79.454984,15.713102],[79.454904,15.71314],[79.455536,15.714357],[79.456034,15.714082],[79.455587,15.712819]]]},"properties":{"lp":"49","ac":"2.618"}},{"type":"Feature","geometry":{"type":"Polygon","coordinates":[[[79.45558,15.714443],[79.456054,15.714138],[79.456034,15.714082],[79.455536,15.714357],[79.45558,15.714443]]]},"properties":{"lp":"50","ac":"0.128"}},{"type":"Feature","geometry":{"type":"Polygon","coordinates":[[[79.45437,15.715071],[79.45558,15.714443],[79.455536,15.714357],[79.454666,15.714837],[79.45452,15.714918],[79.454346,15.715014],[79.45437,15.715071]]]},"properties":{"lp":"51","ac":"0.315"}},{"type":"Feature","geometry":{"type":"Polygon","coordinates":[[[79.454666,15.714837],[79.455536,15.714357],[79.454904,15.71314],[79.454664,15.713258],[79.454175,15.7135],[79.454144,15.713515],[79.454666,15.714837]]]},"properties":{"lp":"52","ac":"3.756"}},{"type":"Feature","geometry":{"type":"Polygon","coordinates":[[[79.454664,15.713258],[79.454904,15.71314],[79.454341,15.712055],[79.454174,15.712132],[79.454664,15.713258]]]},"properties":{"lp":"53","ac":"0.81"}},{"type":"Feature","geometry":{"type":"Polygon","coordinates":[[[79.454175,15.7135],[79.454664,15.713258],[79.454174,15.712132],[79.45382,15.712298],[79.454175,15.7135]]]},"properties":{"lp":"54","ac":"1.69"}},{"type":"Feature","geometry":{"type":"Polygon","coordinates":[[[79.454097,15.713539],[79.454144,15.713515],[79.454175,15.7135],[79.45382,15.712298],[79.453754,15.712328],[79.454097,15.713539]]]},"properties":{"lp":"55","ac":"0.29"}},{"type":"Feature","geometry":{"type":"Polygon","coordinates":[[[79.453754,15.712328],[79.453696,15.712471],[79.454018,15.713577],[79.454046,15.713564],[79.454097,15.713539],[79.453754,15.712328]]]},"properties":{"lp":"56","ac":"0.32"}},{"type":"Feature","geometry":{"type":"Polygon","coordinates":[[[79.453915,15.713628],[79.454018,15.713577],[79.453696,15.712471],[79.453604,15.712698],[79.453915,15.713628]]]},"properties":{"lp":"57","ac":"0.42"}},{"type":"Feature","geometry":{"type":"Polygon","coordinates":[[[79.453604,15.712698],[79.453504,15.712944],[79.453798,15.713686],[79.453915,15.713628],[79.453604,15.712698]]]},"properties":{"lp":"58","ac":"0.4"}},{"type":"Feature","geometry":{"type":"Polygon","coordinates":[[[79.454144,15.713515],[79.454097,15.713539],[79.454046,15.713564],[79.45452,15.714918],[79.454666,15.714837],[79.454144,15.713515]]]},"properties":{"lp":"59","ac":"0.573"}},{"type":"Feature","geometry":{"type":"Polygon","coordinates":[[[79.454346,15.715014],[79.45452,15.714918],[79.454046,15.713564],[79.454018,15.713577],[79.453915,15.713628],[79.453798,15.713686],[79.453949,15.714066],[79.454346,15.715014]]]},"properties":{"lp":"60","ac":"1.004"}},{"type":"Feature","geometry":{"type":"Polygon","coordinates":[[[79.453949,15.714066],[79.453738,15.714168],[79.454109,15.71516],[79.454346,15.715014],[79.453949,15.714066]]]},"properties":{"lp":"61","ac":"0.776"}},{"type":"Feature","geometry":{"type":"Polygon","coordinates":[[[79.454127,15.715209],[79.45437,15.715071],[79.454346,15.715014],[79.454109,15.71516],[79.454127,15.715209]]]},"properties":{"lp":"62","ac":"0.046"}},{"type":"Feature","geometry":{"type":"Polygon","coordinates":[[[79.453841,15.715371],[79.454127,15.715209],[79.454109,15.71516],[79.453829,15.715338],[79.453841,15.715371]]]},"properties":{"lp":"63","ac":"0.041"}},{"type":"Feature","geometry":{"type":"Polygon","coordinates":[[[79.453829,15.715338],[79.454109,15.71516],[79.453738,15.714168],[79.453467,15.714299],[79.453829,15.715338]]]},"properties":{"lp":"64","ac":"0.986"}},{"type":"Feature","geometry":{"type":"Polygon","coordinates":[[[79.453467,15.714299],[79.452561,15.714738],[79.453034,15.71579],[79.453829,15.715338],[79.453467,15.714299]]]},"properties":{"lp":"65","ac":"3.151"}},{"type":"Feature","geometry":{"type":"Polygon","coordinates":[[[79.453841,15.715371],[79.453829,15.715338],[79.453034,15.71579],[79.453048,15.71582],[79.453841,15.715371]]]},"properties":{"lp":"66","ac":"0.089"}},{"type":"Feature","geometry":{"type":"Polygon","coordinates":[[[79.453048,15.71582],[79.453034,15.71579],[79.452647,15.715991],[79.452667,15.716035],[79.453048,15.71582]]]},"properties":{"lp":"67","ac":"0.052"}},{"type":"Feature","geometry":{"type":"Polygon","coordinates":[[[79.452647,15.715991],[79.453034,15.71579],[79.452561,15.714738],[79.452163,15.714931],[79.452647,15.715991]]]},"properties":{"lp":"68","ac":"1.491"}},{"type":"Feature","geometry":{"type":"Polygon","coordinates":[[[79.452163,15.714931],[79.45151,15.715247],[79.452001,15.716342],[79.452647,15.715991],[79.452163,15.714931]]]},"properties":{"lp":"69","ac":"2.53"}},{"type":"Feature","geometry":{"type":"Polygon","coordinates":[[[79.452667,15.716035],[79.452647,15.715991],[79.452001,15.716342],[79.452025,15.716396],[79.452396,15.716189],[79.452667,15.716035]]]},"properties":{"lp":"70","ac":"0.117"}},{"type":"Feature","geometry":{"type":"Polygon","coordinates":[[[79.452001,15.716342],[79.4515,15.716654],[79.451512,15.716681],[79.452025,15.716396],[79.452001,15.716342]]]},"properties":{"lp":"71","ac":"0.076"}},{"type":"Feature","geometry":{"type":"Polygon","coordinates":[[[79.4515,15.716654],[79.452001,15.716342],[79.45151,15.715247],[79.451001,15.715493],[79.4515,15.716654]]]},"properties":{"lp":"72","ac":"2.072"}},{"type":"Feature","geometry":{"type":"Polygon","coordinates":[[[79.451512,15.716681],[79.4515,15.716654],[79.451001,15.715493],[79.450769,15.715605],[79.450802,15.715868],[79.449774,15.716371],[79.449432,15.71655],[79.449881,15.717566],[79.45068,15.717148],[79.451512,15.716681]]]},"properties":{"lp":"73","ac":"6.128"}},{"type":"Feature","geometry":{"type":"Polygon","coordinates":[[[79.449432,15.71655],[79.449155,15.716694],[79.448783,15.716888],[79.448804,15.716933],[79.449254,15.717863],[79.449266,15.717888],[79.449881,15.717566],[79.449432,15.71655]]]},"properties":{"lp":"74","ac":"2.32"}},{"type":"Feature","geometry":{"type":"Polygon","coordinates":[[[79.450769,15.715605],[79.451001,15.715493],[79.45151,15.715247],[79.452163,15.714931],[79.452561,15.714738],[79.453467,15.714299],[79.453738,15.714168],[79.453949,15.714066],[79.453798,15.713686],[79.453504,15.712944],[79.453604,15.712698],[79.453696,15.712471],[79.453754,15.712328],[79.454155,15.711343],[79.451574,15.712672],[79.450859,15.71366],[79.450769,15.715605]]]},"properties":{"lp":"75","ac":"21.542"}},{"type":"Feature","geometry":{"type":"Polygon","coordinates":[[[79.454155,15.711343],[79.450863,15.708043],[79.450787,15.707855],[79.450777,15.707829],[79.450622,15.707921],[79.449216,15.708759],[79.448025,15.70881],[79.446483,15.708565],[79.44625,15.708189],[79.446132,15.708938],[79.447381,15.712623],[79.44848,15.711937],[79.448918,15.713067],[79.447915,15.713682],[79.448429,15.715872],[79.448862,15.716033],[79.449774,15.716371],[79.450802,15.715868],[79.450769,15.715605],[79.450859,15.71366],[79.451574,15.712672],[79.454155,15.711343]]]},"properties":{"lp":"76","ac":"98.792"}},{"type":"Feature","geometry":{"type":"Polygon","coordinates":[[[79.447915,15.713682],[79.448918,15.713067],[79.44848,15.711937],[79.447381,15.712623],[79.447915,15.713682]]]},"properties":{"lp":"77","ac":"4.298"}},{"type":"Feature","geometry":{"type":"Polygon","coordinates":[[[79.44898,15.705557],[79.448637,15.705684],[79.448294,15.705811],[79.449216,15.708759],[79.450622,15.707921],[79.450973,15.707506],[79.451133,15.707242],[79.450738,15.706327],[79.450668,15.706166],[79.449429,15.706676],[79.449063,15.705763],[79.44898,15.705557]]]},"properties":{"lp":"79","ac":"13.516"}},{"type":"Feature","geometry":{"type":"Polygon","coordinates":[[[79.448294,15.705811],[79.447935,15.705936],[79.447531,15.706078],[79.447178,15.706202],[79.447712,15.707845],[79.448025,15.70881],[79.449216,15.708759],[79.448294,15.705811]]]},"properties":{"lp":"80","ac":"9.964"}},{"type":"Feature","geometry":{"type":"Polygon","coordinates":[[[79.446539,15.707671],[79.447712,15.707845],[79.447178,15.706202],[79.446469,15.706471],[79.446206,15.70657],[79.446539,15.707671]]]},"properties":{"lp":"82","ac":"4.434"}},{"type":"Feature","geometry":{"type":"Polygon","coordinates":[[[79.448025,15.70881],[79.447712,15.707845],[79.446539,15.707671],[79.446151,15.707844],[79.44625,15.708189],[79.446483,15.708565],[79.448025,15.70881]]]},"properties":{"lp":"81","ac":"4.178"}},{"type":"Feature","geometry":{"type":"Polygon","coordinates":[[[79.446151,15.707844],[79.446539,15.707671],[79.446206,15.70657],[79.445778,15.706704],[79.446151,15.707844]]]},"properties":{"lp":"83","ac":"1.5"}},{"type":"Feature","geometry":{"type":"Polygon","coordinates":[[[79.44625,15.708189],[79.446151,15.707844],[79.445778,15.706704],[79.444627,15.707065],[79.444897,15.708186],[79.44625,15.708189]]]},"properties":{"lp":"84","ac":"4.999"}},{"type":"Feature","geometry":{"type":"Polygon","coordinates":[[[79.444477,15.708185],[79.444897,15.708186],[79.444627,15.707065],[79.444238,15.707186],[79.444477,15.708185]]]},"properties":{"lp":"85","ac":"1.3"}},{"type":"Feature","geometry":{"type":"Polygon","coordinates":[[[79.444199,15.708185],[79.444477,15.708185],[79.444238,15.707186],[79.443981,15.707267],[79.444199,15.708185]]]},"properties":{"lp":"86","ac":"0.778"}},{"type":"Feature","geometry":{"type":"Polygon","coordinates":[[[79.443981,15.707267],[79.444238,15.707186],[79.444627,15.707065],[79.445778,15.706704],[79.446206,15.70657],[79.446469,15.706471],[79.446039,15.705542],[79.444919,15.7063],[79.443821,15.707061],[79.443981,15.707267]]]},"properties":{"lp":"87","ac":"4.999"}},{"type":"Feature","geometry":{"type":"Polygon","coordinates":[[[79.446469,15.706471],[79.447178,15.706202],[79.447311,15.705532],[79.447357,15.705298],[79.447587,15.705163],[79.447995,15.704922],[79.44774,15.704425],[79.446563,15.705187],[79.446039,15.705542],[79.446469,15.706471]]]},"properties":{"lp":"88","ac":"4.998"}},{"type":"Feature","geometry":{"type":"Polygon","coordinates":[[[79.44774,15.704425],[79.447995,15.704922],[79.448219,15.70479],[79.448762,15.70447],[79.448498,15.703917],[79.448135,15.704169],[79.44774,15.704425]]]},"properties":{"lp":"89","ac":"1.53"}},{"type":"Feature","geometry":{"type":"Polygon","coordinates":[[[79.448498,15.703917],[79.448762,15.70447],[79.449125,15.704325],[79.449051,15.704102],[79.449648,15.703859],[79.449321,15.70312],[79.448922,15.703622],[79.448498,15.703917]]]},"properties":{"lp":"90","ac":"2.004"}},{"type":"Feature","geometry":{"type":"Polygon","coordinates":[[[79.449095,15.705217],[79.448762,15.70447],[79.448219,15.70479],[79.448637,15.705684],[79.44898,15.705557],[79.448888,15.705297],[79.449095,15.705217]]]},"properties":{"lp":"91","ac":"1.696"}},{"type":"Feature","geometry":{"type":"Polygon","coordinates":[[[79.448637,15.705684],[79.448219,15.70479],[79.447995,15.704922],[79.447587,15.705163],[79.447785,15.705603],[79.447935,15.705936],[79.448294,15.705811],[79.448637,15.705684]]]},"properties":{"lp":"92","ac":"1.985"}},{"type":"Feature","geometry":{"type":"Polygon","coordinates":[[[79.449648,15.703859],[79.449051,15.704102],[79.449125,15.704325],[79.448762,15.70447],[79.449095,15.705217],[79.450106,15.70486],[79.450081,15.704806],[79.44976,15.704109],[79.449648,15.703859]]]},"properties":{"lp":"98","ac":"3.071"}},{"type":"Feature","geometry":{"type":"Polygon","coordinates":[[[79.449063,15.705763],[79.450303,15.705293],[79.450272,15.705221],[79.450217,15.705101],[79.450106,15.70486],[79.449095,15.705217],[79.448888,15.705297],[79.44898,15.705557],[79.449063,15.705763]]]},"properties":{"lp":"99","ac":"1.882"}},{"type":"Feature","geometry":{"type":"Polygon","coordinates":[[[79.449429,15.706676],[79.450668,15.706166],[79.450303,15.705293],[79.449063,15.705763],[79.449429,15.706676]]]},"properties":{"lp":"100","ac":"3.769"}},{"type":"Feature","geometry":{"type":"Polygon","coordinates":[[[79.451133,15.707242],[79.451877,15.706337],[79.452603,15.705454],[79.450738,15.706327],[79.451133,15.707242]]]},"properties":{"lp":"101","ac":"3.008"}},{"type":"Feature","geometry":{"type":"Polygon","coordinates":[[[79.450738,15.706327],[79.452603,15.705454],[79.452505,15.705204],[79.452256,15.704566],[79.4522,15.704423],[79.450272,15.705221],[79.450303,15.705293],[79.450668,15.706166],[79.450738,15.706327]]]},"properties":{"lp":"102","ac":"7.006"}},{"type":"Feature","geometry":{"type":"Polygon","coordinates":[[[79.450217,15.705101],[79.452152,15.704293],[79.452066,15.70406],[79.450081,15.704806],[79.450106,15.70486],[79.450217,15.705101]]]},"properties":{"lp":"103","ac":"1.77"}},{"type":"Feature","geometry":{"type":"Polygon","coordinates":[[[79.452066,15.70406],[79.451898,15.703601],[79.45177,15.703294],[79.451648,15.703343],[79.451304,15.703483],[79.451024,15.703596],[79.44976,15.704109],[79.450081,15.704806],[79.452066,15.70406]]]},"properties":{"lp":"104","ac":"4.999"}},{"type":"Feature","geometry":{"type":"Polygon","coordinates":[[[79.452192,15.70349],[79.452989,15.703188],[79.452173,15.701669],[79.451608,15.701917],[79.452192,15.70349]]]},"properties":{"lp":"105","ac":"3.65"}},{"type":"Feature","geometry":{"type":"Polygon","coordinates":[[[79.451898,15.703601],[79.452192,15.70349],[79.451608,15.701917],[79.451368,15.702023],[79.451864,15.703258],[79.45177,15.703294],[79.451898,15.703601]]]},"properties":{"lp":"106","ac":"1.27"}},{"type":"Feature","geometry":{"type":"Polygon","coordinates":[[[79.451368,15.702023],[79.451143,15.702123],[79.451648,15.703343],[79.45177,15.703294],[79.451864,15.703258],[79.451368,15.702023]]]},"properties":{"lp":"107","ac":"0.93"}},{"type":"Feature","geometry":{"type":"Polygon","coordinates":[[[79.451304,15.703483],[79.451648,15.703343],[79.451143,15.702123],[79.450795,15.702276],[79.451304,15.703483]]]},"properties":{"lp":"108","ac":"1.447"}},{"type":"Feature","geometry":{"type":"Polygon","coordinates":[[[79.451024,15.703596],[79.451304,15.703483],[79.450795,15.702276],[79.450514,15.7024],[79.451024,15.703596]]]},"properties":{"lp":"109","ac":"1.164"}},{"type":"Feature","geometry":{"type":"Polygon","coordinates":[[[79.44976,15.704109],[79.451024,15.703596],[79.450514,15.7024],[79.450193,15.702541],[79.449321,15.70312],[79.449648,15.703859],[79.44976,15.704109]]]},"properties":{"lp":"110","ac":"4.881"}},{"type":"Feature","geometry":{"type":"Polygon","coordinates":[[[79.450193,15.702541],[79.449965,15.702499],[79.449222,15.702973],[79.449209,15.702981],[79.448788,15.703488],[79.448036,15.704018],[79.448135,15.704169],[79.448498,15.703917],[79.448922,15.703622],[79.449321,15.70312],[79.450193,15.702541]]]},"properties":{"lp":"111","ac":"1.332"}},{"type":"Feature","geometry":{"type":"Polygon","coordinates":[[[79.448135,15.704169],[79.448036,15.704018],[79.447232,15.704514],[79.447163,15.704556],[79.446501,15.704979],[79.446439,15.705018],[79.446563,15.705187],[79.44774,15.704425],[79.448135,15.704169]]]},"properties":{"lp":"112","ac":"1.091"}},{"type":"Feature","geometry":{"type":"Polygon","coordinates":[[[79.446439,15.705018],[79.446075,15.705256],[79.445417,15.705685],[79.444805,15.706084],[79.444919,15.7063],[79.446039,15.705542],[79.446563,15.705187],[79.446439,15.705018]]]},"properties":{"lp":"113","ac":"1.305"}},{"type":"Feature","geometry":{"type":"Polygon","coordinates":[[[79.444919,15.7063],[79.444805,15.706084],[79.444357,15.706387],[79.443938,15.70667],[79.443657,15.706859],[79.443821,15.707061],[79.444919,15.7063]]]},"properties":{"lp":"114","ac":"1.0"}},{"type":"Feature","geometry":{"type":"Polygon","coordinates":[[[79.442929,15.707411],[79.443657,15.706859],[79.44328,15.705557],[79.443144,15.705614],[79.442378,15.705929],[79.442929,15.707411]]]},"properties":{"lp":"115","ac":"3.955"}},{"type":"Feature","geometry":{"type":"Polygon","coordinates":[[[79.443657,15.706859],[79.443938,15.70667],[79.442826,15.704032],[79.442792,15.704038],[79.44268,15.704058],[79.442889,15.70476],[79.443144,15.705614],[79.44328,15.705557],[79.443657,15.706859]]]},"properties":{"lp":"116","ac":"2.063"}},{"type":"Feature","geometry":{"type":"Polygon","coordinates":[[[79.444357,15.706387],[79.444805,15.706084],[79.443874,15.703845],[79.443331,15.703942],[79.444357,15.706387]]]},"properties":{"lp":"118","ac":"3.969"}},{"type":"Feature","geometry":{"type":"Polygon","coordinates":[[[79.443292,15.703949],[79.443331,15.703942],[79.443874,15.703845],[79.443671,15.703656],[79.443413,15.702919],[79.443118,15.702075],[79.443043,15.701948],[79.442688,15.702131],[79.443292,15.703949]]]},"properties":{"lp":"119","ac":"2.588"}},{"type":"Feature","geometry":{"type":"Polygon","coordinates":[[[79.44162,15.704044],[79.441871,15.705041],[79.442889,15.70476],[79.44268,15.704058],[79.442444,15.704054],[79.442041,15.704049],[79.44162,15.704044]]]},"properties":{"lp":"124","ac":"2.678"}},{"type":"Feature","geometry":{"type":"Polygon","coordinates":[[[79.442106,15.705979],[79.442378,15.705929],[79.443144,15.705614],[79.442889,15.70476],[79.441871,15.705041],[79.442106,15.705979]]]},"properties":{"lp":"125","ac":"3.0"}},{"type":"Feature","geometry":{"type":"Polygon","coordinates":[[[79.441254,15.706138],[79.441872,15.706023],[79.442106,15.705979],[79.441871,15.705041],[79.44162,15.704044],[79.44077,15.704196],[79.441254,15.706138]]]},"properties":{"lp":"126","ac":"5.057"}},{"type":"Feature","geometry":{"type":"Polygon","coordinates":[[[79.440421,15.706294],[79.441242,15.706141],[79.441254,15.706138],[79.44077,15.704196],[79.440279,15.704284],[79.439927,15.704347],[79.440421,15.706294]]]},"properties":{"lp":"127","ac":"5.0"}},{"type":"Feature","geometry":{"type":"Polygon","coordinates":[[[79.440279,15.704284],[79.44077,15.704196],[79.44162,15.704044],[79.441162,15.702919],[79.440972,15.702931],[79.439801,15.703005],[79.440279,15.704284]]]},"properties":{"lp":"129","ac":"4.985"}},{"type":"Feature","geometry":{"type":"Polygon","coordinates":[[[79.440279,15.704284],[79.439801,15.703005],[79.439395,15.70303],[79.438544,15.703084],[79.438815,15.703649],[79.439088,15.70422],[79.439245,15.704548],[79.439927,15.704347],[79.440279,15.704284]]]},"properties":{"lp":"128","ac":"4.86"}},{"type":"Feature","geometry":{"type":"Polygon","coordinates":[[[79.439245,15.704548],[79.439362,15.704773],[79.439546,15.705126],[79.439858,15.705048],[79.439961,15.705522],[79.439797,15.705607],[79.439324,15.705828],[79.439356,15.705968],[79.43948,15.706508],[79.439014,15.706646],[79.439061,15.706828],[79.440503,15.706646],[79.440421,15.706294],[79.439927,15.704347],[79.439245,15.704548]]]},"properties":{"lp":"130","ac":"5.002"}},{"type":"Feature","geometry":{"type":"Polygon","coordinates":[[[79.439797,15.705607],[79.439961,15.705522],[79.439858,15.705048],[79.439546,15.705126],[79.439644,15.705313],[79.439797,15.705607]]]},"properties":{"lp":"131","ac":"0.375"}},{"type":"Feature","geometry":{"type":"Polygon","coordinates":[[[79.439061,15.706828],[79.439088,15.70693],[79.439154,15.70718],[79.439238,15.707169],[79.440075,15.707058],[79.440584,15.706991],[79.440503,15.706646],[79.439061,15.706828]]]},"properties":{"lp":"132","ac":"1.512"}},{"type":"Feature","geometry":{"type":"Polygon","coordinates":[[[79.441716,15.707409],[79.441242,15.706141],[79.440421,15.706294],[79.440503,15.706646],[79.440584,15.706991],[79.440075,15.707058],[79.439238,15.707169],[79.439357,15.707201],[79.439538,15.707226],[79.439849,15.707123],[79.44007,15.707215],[79.440293,15.707407],[79.441716,15.707409]]]},"properties":{"lp":"135","ac":"4.061"}},{"type":"Feature","geometry":{"type":"Polygon","coordinates":[[[79.439238,15.707169],[79.439154,15.70718],[79.439147,15.707195],[79.439533,15.707262],[79.43986,15.707162],[79.440103,15.707324],[79.440199,15.707407],[79.440293,15.707407],[79.44007,15.707215],[79.439849,15.707123],[79.439538,15.707226],[79.439357,15.707201],[79.439238,15.707169]]]},"properties":{"lp":"136","ac":"0.154"}},{"type":"Feature","geometry":{"type":"Polygon","coordinates":[[[79.439051,15.707405],[79.440199,15.707407],[79.440103,15.707324],[79.43986,15.707162],[79.439533,15.707262],[79.439147,15.707195],[79.439051,15.707405]]]},"properties":{"lp":"137","ac":"0.543"}},{"type":"Feature","geometry":{"type":"Polygon","coordinates":[[[79.439051,15.707405],[79.439147,15.707195],[79.439154,15.70718],[79.439088,15.70693],[79.438,15.707245],[79.439051,15.707405]]]},"properties":{"lp":"138","ac":"0.799"}},{"type":"Feature","geometry":{"type":"Polygon","coordinates":[[[79.438,15.707245],[79.439088,15.70693],[79.439061,15.706828],[79.439014,15.706646],[79.43948,15.706508],[79.439356,15.705968],[79.43697,15.706898],[79.437029,15.707098],[79.438,15.707245]]]},"properties":{"lp":"139","ac":"4.478"}},{"type":"Feature","geometry":{"type":"Polygon","coordinates":[[[79.43697,15.706898],[79.439356,15.705968],[79.439324,15.705828],[79.439797,15.705607],[79.439644,15.705313],[79.436799,15.706316],[79.43697,15.706898]]]},"properties":{"lp":"140","ac":"4.74"}},{"type":"Feature","geometry":{"type":"Polygon","coordinates":[[[79.436799,15.706316],[79.439644,15.705313],[79.439546,15.705126],[79.439362,15.704773],[79.436646,15.705787],[79.43666,15.705844],[79.436799,15.706316]]]},"properties":{"lp":"141","ac":"5.0"}},{"type":"Feature","geometry":{"type":"Polygon","coordinates":[[[79.436646,15.705787],[79.439362,15.704773],[79.439245,15.704548],[79.439088,15.70422],[79.438255,15.704539],[79.437408,15.704863],[79.436504,15.70521],[79.436646,15.705787]]]},"properties":{"lp":"142","ac":"4.997"}},{"type":"Feature","geometry":{"type":"Polygon","coordinates":[[[79.438255,15.704539],[79.439088,15.70422],[79.438815,15.703649],[79.437989,15.703965],[79.438255,15.704539]]]},"properties":{"lp":"143","ac":"1.641"}},{"type":"Feature","geometry":{"type":"Polygon","coordinates":[[[79.437408,15.704863],[79.438255,15.704539],[79.437989,15.703965],[79.437181,15.704274],[79.437408,15.704863]]]},"properties":{"lp":"144","ac":"1.641"}},{"type":"Feature","geometry":{"type":"Polygon","coordinates":[[[79.436504,15.70521],[79.437408,15.704863],[79.437181,15.704274],[79.436352,15.70459],[79.436504,15.70521]]]},"properties":{"lp":"145","ac":"1.72"}},{"type":"Feature","geometry":{"type":"Polygon","coordinates":[[[79.436352,15.70459],[79.437181,15.704274],[79.437989,15.703965],[79.438815,15.703649],[79.438544,15.703084],[79.436183,15.703901],[79.436196,15.703954],[79.436352,15.70459]]]},"properties":{"lp":"146","ac":"4.999"}},{"type":"Feature","geometry":{"type":"Polygon","coordinates":[[[79.43666,15.705844],[79.436646,15.705787],[79.436504,15.70521],[79.436352,15.70459],[79.436196,15.703954],[79.435509,15.704153],[79.436102,15.706126],[79.43666,15.705844]]]},"properties":{"lp":"149","ac":"3.895"}},{"type":"Feature","geometry":{"type":"Polygon","coordinates":[[[79.435509,15.704153],[79.435323,15.704207],[79.435948,15.706204],[79.436102,15.706126],[79.435509,15.704153]]]},"properties":{"lp":"154","ac":"1.108"}},{"type":"Feature","geometry":{"type":"Polygon","coordinates":[[[79.435323,15.704207],[79.43464,15.704406],[79.434761,15.704851],[79.434843,15.70515],[79.434768,15.705174],[79.434829,15.705372],[79.434918,15.705662],[79.435006,15.705945],[79.435163,15.706456],[79.435202,15.706581],[79.435948,15.706204],[79.435323,15.704207]]]},"properties":{"lp":"155","ac":"5.005"}},{"type":"Feature","geometry":{"type":"Polygon","coordinates":[[[79.43578,15.70838],[79.435334,15.706992],[79.434764,15.707148],[79.43524,15.708556],[79.43578,15.70838]]]},"properties":{"lp":"156","ac":"2.5"}},{"type":"Feature","geometry":{"type":"Polygon","coordinates":[[[79.434764,15.707148],[79.434147,15.707318],[79.434519,15.708389],[79.434897,15.708384],[79.435078,15.708609],[79.43524,15.708556],[79.434764,15.707148]]]},"properties":{"lp":"157","ac":"2.4"}},{"type":"Feature","geometry":{"type":"Polygon","coordinates":[[[79.434147,15.707318],[79.43241,15.707796],[79.432543,15.708604],[79.433456,15.708216],[79.43354,15.708402],[79.434519,15.708389],[79.434147,15.707318]]]},"properties":{"lp":"158","ac":"4.797"}},{"type":"Feature","geometry":{"type":"Polygon","coordinates":[[[79.43241,15.707796],[79.434147,15.707318],[79.434764,15.707148],[79.435334,15.706992],[79.435312,15.706923],[79.435248,15.706725],[79.432366,15.707525],[79.432386,15.707649],[79.43241,15.707796]]]},"properties":{"lp":"159","ac":"2.438"}},{"type":"Feature","geometry":{"type":"Polygon","coordinates":[[[79.432366,15.707525],[79.435248,15.706725],[79.435202,15.706581],[79.435163,15.706456],[79.432318,15.707236],[79.432366,15.707525]]]},"properties":{"lp":"160","ac":"2.501"}},{"type":"Feature","geometry":{"type":"Polygon","coordinates":[[[79.432318,15.707236],[79.435163,15.706456],[79.435006,15.705945],[79.432711,15.706575],[79.43268,15.706455],[79.432247,15.706803],[79.432318,15.707236]]]},"properties":{"lp":"161","ac":"4.58"}},{"type":"Feature","geometry":{"type":"Polygon","coordinates":[[[79.435006,15.705945],[79.434918,15.705662],[79.432732,15.70626],[79.432775,15.706379],[79.43268,15.706455],[79.432711,15.706575],[79.435006,15.705945]]]},"properties":{"lp":"163","ac":"2.02"}},{"type":"Feature","geometry":{"type":"Polygon","coordinates":[[[79.434918,15.705662],[79.434829,15.705372],[79.432631,15.705979],[79.432732,15.70626],[79.434918,15.705662]]]},"properties":{"lp":"164","ac":"2.003"}},{"type":"Feature","geometry":{"type":"Polygon","coordinates":[[[79.432386,15.707649],[79.432366,15.707525],[79.432318,15.707236],[79.432247,15.706803],[79.43268,15.706455],[79.432775,15.706379],[79.432732,15.70626],[79.432631,15.705979],[79.432571,15.705814],[79.432348,15.705804],[79.432081,15.707599],[79.432386,15.707649]]]},"properties":{"lp":"166","ac":"1.386"}},{"type":"Feature","geometry":{"type":"Polygon","coordinates":[[[79.432235,15.708551],[79.432543,15.708604],[79.43241,15.707796],[79.432386,15.707649],[79.432298,15.708176],[79.432235,15.708551]]]},"properties":{"lp":"167","ac":"0.419"}},{"type":"Feature","geometry":{"type":"Polygon","coordinates":[[[79.430433,15.707898],[79.432298,15.708176],[79.432386,15.707649],[79.432081,15.707599],[79.431114,15.707444],[79.430557,15.707354],[79.430433,15.707898]]]},"properties":{"lp":"168","ac":"2.988"}},{"type":"Feature","geometry":{"type":"Polygon","coordinates":[[[79.431114,15.707444],[79.432081,15.707599],[79.432348,15.705804],[79.431378,15.705764],[79.431114,15.707444]]]},"properties":{"lp":"169","ac":"5.005"}},{"type":"Feature","geometry":{"type":"Polygon","coordinates":[[[79.431114,15.707444],[79.431378,15.705764],[79.430384,15.705722],[79.430353,15.705721],[79.430093,15.707279],[79.430557,15.707354],[79.431114,15.707444]]]},"properties":{"lp":"170","ac":"4.937"}},{"type":"Feature","geometry":{"type":"Polygon","coordinates":[[[79.430357,15.70823],[79.430433,15.707898],[79.430557,15.707354],[79.430093,15.707279],[79.428795,15.707071],[79.428423,15.707899],[79.430357,15.70823]]]},"properties":{"lp":"172","ac":"4.873"}},{"type":"Feature","geometry":{"type":"Polygon","coordinates":[[[79.428795,15.707071],[79.430093,15.707279],[79.430353,15.705721],[79.429451,15.705678],[79.429421,15.705677],[79.428795,15.707071]]]},"properties":{"lp":"171","ac":"4.987"}},{"type":"Feature","geometry":{"type":"Polygon","coordinates":[[[79.427964,15.707821],[79.428423,15.707899],[79.428795,15.707071],[79.429421,15.705677],[79.428975,15.705658],[79.427964,15.707821]]]},"properties":{"lp":"173","ac":"3.05"}},{"type":"Feature","geometry":{"type":"Polygon","coordinates":[[[79.427761,15.707787],[79.427964,15.707821],[79.428975,15.705658],[79.428714,15.705646],[79.427761,15.707787]]]},"properties":{"lp":"174","ac":"1.529"}},{"type":"Feature","geometry":{"type":"Polygon","coordinates":[[[79.428714,15.705646],[79.42842,15.705634],[79.427732,15.707449],[79.427436,15.707731],[79.427761,15.707787],[79.428714,15.705646]]]},"properties":{"lp":"175","ac":"1.516"}},{"type":"Feature","geometry":{"type":"Polygon","coordinates":[[[79.42842,15.705634],[79.428714,15.705646],[79.428975,15.705658],[79.429421,15.705677],[79.429451,15.705678],[79.429539,15.705265],[79.428618,15.705185],[79.42842,15.705634]]]},"properties":{"lp":"176","ac":"1.258"}},{"type":"Feature","geometry":{"type":"Polygon","coordinates":[[[79.429451,15.705678],[79.430353,15.705721],[79.430384,15.705722],[79.430484,15.705259],[79.429551,15.705212],[79.429539,15.705265],[79.429451,15.705678]]]},"properties":{"lp":"177","ac":"1.284"}},{"type":"Feature","geometry":{"type":"Polygon","coordinates":[[[79.429551,15.705212],[79.430484,15.705259],[79.430585,15.704796],[79.430492,15.704793],[79.429647,15.704765],[79.429551,15.705212]]]},"properties":{"lp":"178","ac":"1.259"}},{"type":"Feature","geometry":{"type":"Polygon","coordinates":[[[79.429539,15.705265],[79.429551,15.705212],[79.429647,15.704765],[79.428804,15.704736],[79.428725,15.70494],[79.428618,15.705185],[79.429539,15.705265]]]},"properties":{"lp":"179","ac":"1.249"}},{"type":"Feature","geometry":{"type":"Polygon","coordinates":[[[79.428804,15.704736],[79.429647,15.704765],[79.430492,15.704793],[79.430546,15.703464],[79.430417,15.703487],[79.430033,15.703556],[79.429426,15.704074],[79.428892,15.704511],[79.428804,15.704736]]]},"properties":{"lp":"180","ac":"4.25"}},{"type":"Feature","geometry":{"type":"Polygon","coordinates":[[[79.430492,15.704793],[79.430585,15.704796],[79.432083,15.70484],[79.431974,15.704623],[79.431701,15.704076],[79.431664,15.704004],[79.431502,15.703681],[79.431324,15.703324],[79.430546,15.703464],[79.430492,15.704793]]]},"properties":{"lp":"181","ac":"4.984"}},{"type":"Feature","geometry":{"type":"Polygon","coordinates":[[[79.430585,15.704796],[79.430484,15.705259],[79.430384,15.705722],[79.431378,15.705764],[79.432348,15.705804],[79.432571,15.705814],[79.432448,15.705568],[79.432274,15.705221],[79.432083,15.70484],[79.430585,15.704796]]]},"properties":{"lp":"182","ac":"5.103"}},{"type":"Feature","geometry":{"type":"Polygon","coordinates":[[[79.432571,15.705814],[79.432631,15.705979],[79.434829,15.705372],[79.434768,15.705174],[79.434843,15.70515],[79.434761,15.704851],[79.432448,15.705568],[79.432571,15.705814]]]},"properties":{"lp":"183","ac":"3.321"}},{"type":"Feature","geometry":{"type":"Polygon","coordinates":[[[79.434761,15.704851],[79.43464,15.704406],[79.434608,15.704291],[79.432274,15.705221],[79.432448,15.705568],[79.434761,15.704851]]]},"properties":{"lp":"184","ac":"3.485"}},{"type":"Feature","geometry":{"type":"Polygon","coordinates":[[[79.432274,15.705221],[79.434608,15.704291],[79.434434,15.703653],[79.431974,15.704623],[79.432083,15.70484],[79.432274,15.705221]]]},"properties":{"lp":"185","ac":"5.003"}},{"type":"Feature","geometry":{"type":"Polygon","coordinates":[[[79.431974,15.704623],[79.434434,15.703653],[79.434389,15.703485],[79.434344,15.703323],[79.434267,15.703039],[79.431701,15.704076],[79.431974,15.704623]]]},"properties":{"lp":"186","ac":"4.919"}},{"type":"Feature","geometry":{"type":"Polygon","coordinates":[[[79.431502,15.703681],[79.433159,15.703004],[79.432958,15.702555],[79.43282,15.7026],[79.432212,15.703072],[79.431678,15.703225],[79.431324,15.703324],[79.431502,15.703681]]]},"properties":{"lp":"188","ac":"2.0"}},{"type":"Feature","geometry":{"type":"Polygon","coordinates":[[[79.429426,15.704074],[79.430033,15.703556],[79.430417,15.703487],[79.429287,15.703405],[79.429426,15.704074]]]},"properties":{"lp":"189","ac":"0.86"}},{"type":"Feature","geometry":{"type":"Polygon","coordinates":[[[79.429287,15.703405],[79.430417,15.703487],[79.430546,15.703464],[79.431324,15.703324],[79.431678,15.703225],[79.4317,15.702536],[79.431706,15.702366],[79.429619,15.702911],[79.42942,15.702965],[79.429287,15.703405]]]},"properties":{"lp":"190","ac":"5.0"}},{"type":"Feature","geometry":{"type":"Polygon","coordinates":[[[79.431706,15.702366],[79.431711,15.702198],[79.429573,15.702718],[79.429619,15.702911],[79.431706,15.702366]]]},"properties":{"lp":"191","ac":"1.15"}},{"type":"Feature","geometry":{"type":"Polygon","coordinates":[[[79.429771,15.702268],[79.431723,15.701848],[79.431762,15.70143],[79.431833,15.700681],[79.431878,15.700204],[79.4319,15.699971],[79.431683,15.700102],[79.431708,15.700188],[79.431508,15.700307],[79.431558,15.700559],[79.431395,15.700635],[79.43139,15.700816],[79.431098,15.700896],[79.431256,15.701226],[79.430961,15.701293],[79.430787,15.701302],[79.430644,15.701489],[79.430451,15.701664],[79.430235,15.701817],[79.43003,15.702014],[79.429771,15.702268]]]},"properties":{"lp":"192","ac":"4.508"}},{"type":"Feature","geometry":{"type":"Polygon","coordinates":[[[79.431678,15.703225],[79.432212,15.703072],[79.43282,15.7026],[79.432753,15.70233],[79.4317,15.702536],[79.431678,15.703225]]]},"properties":{"lp":"193","ac":"1.802"}},{"type":"Feature","geometry":{"type":"Polygon","coordinates":[[[79.4317,15.702536],[79.432753,15.70233],[79.432561,15.701892],[79.432614,15.701489],[79.432779,15.701332],[79.431762,15.70143],[79.431723,15.701848],[79.431717,15.702037],[79.431711,15.702198],[79.431706,15.702366],[79.4317,15.702536]]]},"properties":{"lp":"194","ac":"2.815"}},{"type":"Feature","geometry":{"type":"Polygon","coordinates":[[[79.433239,15.701266],[79.433334,15.701466],[79.433903,15.701454],[79.433921,15.70122],[79.433239,15.701266]]]},"properties":{"lp":"195","ac":"0.402"}},{"type":"Feature","geometry":{"type":"Polygon","coordinates":[[[79.431762,15.70143],[79.432779,15.701332],[79.433239,15.701266],[79.433921,15.70122],[79.433955,15.700789],[79.434203,15.700651],[79.434194,15.700468],[79.431833,15.700681],[79.431762,15.70143]]]},"properties":{"lp":"196","ac":"4.763"}},{"type":"Feature","geometry":{"type":"Polygon","coordinates":[[[79.431833,15.700681],[79.434194,15.700468],[79.434177,15.700139],[79.434227,15.700003],[79.431878,15.700204],[79.431833,15.700681]]]},"properties":{"lp":"197","ac":"3.201"}},{"type":"Feature","geometry":{"type":"Polygon","coordinates":[[[79.431878,15.700204],[79.434227,15.700003],[79.434351,15.699666],[79.433204,15.699738],[79.433211,15.699325],[79.433185,15.698905],[79.432234,15.699023],[79.43212,15.699041],[79.432158,15.699824],[79.4319,15.699971],[79.431878,15.700204]]]},"properties":{"lp":"198","ac":"4.931"}},{"type":"Feature","geometry":{"type":"Polygon","coordinates":[[[79.434155,15.696546],[79.434144,15.696836],[79.433892,15.696908],[79.433887,15.696949],[79.434089,15.696931],[79.434161,15.697239],[79.43362,15.69735],[79.43359,15.697589],[79.433582,15.697715],[79.434209,15.697529],[79.434155,15.696546]]]},"properties":{"lp":"199","ac":"0.701"}},{"type":"Feature","geometry":{"type":"Polygon","coordinates":[[[79.434209,15.697529],[79.433582,15.697715],[79.43359,15.697589],[79.433155,15.697675],[79.4332,15.698053],[79.433347,15.698107],[79.433268,15.698899],[79.433185,15.698905],[79.433211,15.699325],[79.434392,15.69917],[79.434381,15.699142],[79.434285,15.698903],[79.434257,15.698407],[79.434227,15.697863],[79.434209,15.697529]]]},"properties":{"lp":"200","ac":"4.866"}},{"type":"Feature","geometry":{"type":"Polygon","coordinates":[[[79.433211,15.699325],[79.433204,15.699738],[79.434351,15.699666],[79.434556,15.699664],[79.434392,15.69917],[79.433211,15.699325]]]},"properties":{"lp":"201","ac":"1.689"}},{"type":"Feature","geometry":{"type":"Polygon","coordinates":[[[79.434381,15.699142],[79.435548,15.698687],[79.435483,15.698438],[79.434285,15.698903],[79.434381,15.699142]]]},"properties":{"lp":"202","ac":"0.954"}},{"type":"Feature","geometry":{"type":"Polygon","coordinates":[[[79.435548,15.698687],[79.435589,15.698671],[79.43553,15.69842],[79.435483,15.698438],[79.435548,15.698687]]]},"properties":{"lp":"203","ac":"0.035"}},{"type":"Feature","geometry":{"type":"Polygon","coordinates":[[[79.435618,15.698799],[79.435589,15.698671],[79.435548,15.698687],[79.434381,15.699142],[79.434392,15.69917],[79.434556,15.699664],[79.434351,15.699666],[79.434227,15.700003],[79.434177,15.700139],[79.434194,15.700468],[79.434203,15.700651],[79.435644,15.700135],[79.435292,15.699139],[79.435618,15.698799]]]},"properties":{"lp":"204","ac":"5.002"}},{"type":"Feature","geometry":{"type":"Polygon","coordinates":[[[79.435644,15.700135],[79.434203,15.700651],[79.433955,15.700789],[79.433921,15.70122],[79.433903,15.701454],[79.433924,15.701619],[79.435861,15.70103],[79.435644,15.700135]]]},"properties":{"lp":"205","ac":"4.889"}},{"type":"Feature","geometry":{"type":"Polygon","coordinates":[[[79.434124,15.702514],[79.436038,15.701942],[79.435983,15.701577],[79.435926,15.701596],[79.43404,15.702206],[79.434124,15.702514]]]},"properties":{"lp":"150","ac":"2.026"}},{"type":"Feature","geometry":{"type":"Polygon","coordinates":[[[79.434344,15.703323],[79.436178,15.702855],[79.436087,15.702262],[79.436038,15.701942],[79.434124,15.702514],[79.434147,15.7026],[79.434244,15.702955],[79.434267,15.703039],[79.434344,15.703323]]]},"properties":{"lp":"151","ac":"4.999"}},{"type":"Feature","geometry":{"type":"Polygon","coordinates":[[[79.434389,15.703485],[79.436197,15.70298],[79.436178,15.702855],[79.434344,15.703323],[79.434389,15.703485]]]},"properties":{"lp":"152","ac":"0.815"}},{"type":"Feature","geometry":{"type":"Polygon","coordinates":[[[79.43464,15.704406],[79.435323,15.704207],[79.435509,15.704153],[79.436196,15.703954],[79.436183,15.703901],[79.436314,15.70375],[79.436205,15.703037],[79.436197,15.70298],[79.434389,15.703485],[79.434434,15.703653],[79.434608,15.704291],[79.43464,15.704406]]]},"properties":{"lp":"153","ac":"4.999"}},{"type":"Feature","geometry":{"type":"Polygon","coordinates":[[[79.435861,15.701116],[79.435861,15.70103],[79.433924,15.701619],[79.433932,15.70169],[79.435861,15.701116]]]},"properties":{"lp":"206","ac":"0.453"}},{"type":"Feature","geometry":{"type":"Polygon","coordinates":[[[79.433903,15.701454],[79.433334,15.701466],[79.433239,15.701266],[79.432779,15.701332],[79.432614,15.701489],[79.432561,15.701892],[79.432753,15.70233],[79.43282,15.7026],[79.432958,15.702555],[79.433264,15.702457],[79.43404,15.702206],[79.433932,15.70169],[79.433924,15.701619],[79.433903,15.701454]]]},"properties":{"lp":"207","ac":"4.002"}},{"type":"Feature","geometry":{"type":"Polygon","coordinates":[[[79.43404,15.702206],[79.435926,15.701596],[79.435861,15.701116],[79.433932,15.70169],[79.43404,15.702206]]]},"properties":{"lp":"208","ac":"2.933"}},{"type":"Feature","geometry":{"type":"Polygon","coordinates":[[[79.436183,15.703901],[79.438544,15.703084],[79.438318,15.702469],[79.436205,15.703037],[79.436314,15.70375],[79.436183,15.703901]]]},"properties":{"lp":"209","ac":"4.893"}},{"type":"Feature","geometry":{"type":"Polygon","coordinates":[[[79.436205,15.703037],[79.438318,15.702469],[79.438134,15.701969],[79.438031,15.70169],[79.436087,15.702262],[79.436178,15.702855],[79.436197,15.70298],[79.436205,15.703037]]]},"properties":{"lp":"210","ac":"4.958"}},{"type":"Feature","geometry":{"type":"Polygon","coordinates":[[[79.436087,15.702262],[79.438031,15.70169],[79.437728,15.700865],[79.435983,15.701577],[79.436038,15.701942],[79.436087,15.702262]]]},"properties":{"lp":"211","ac":"4.462"}},{"type":"Feature","geometry":{"type":"Polygon","coordinates":[[[79.438134,15.701969],[79.43881,15.701763],[79.438336,15.70064],[79.437728,15.700865],[79.438031,15.70169],[79.438134,15.701969]]]},"properties":{"lp":"212","ac":"2.375"}},{"type":"Feature","geometry":{"type":"Polygon","coordinates":[[[79.43881,15.701763],[79.438897,15.701722],[79.439622,15.701523],[79.439551,15.701348],[79.439286,15.700552],[79.439803,15.700334],[79.439614,15.699775],[79.439208,15.699878],[79.438716,15.700031],[79.438425,15.700607],[79.438336,15.70064],[79.43881,15.701763]]]},"properties":{"lp":"213","ac":"5.001"}},{"type":"Feature","geometry":{"type":"Polygon","coordinates":[[[79.439551,15.701348],[79.440294,15.701109],[79.439975,15.700261],[79.439803,15.700334],[79.439286,15.700552],[79.439551,15.701348]]]},"properties":{"lp":"217","ac":"1.95"}},{"type":"Feature","geometry":{"type":"Polygon","coordinates":[[[79.439551,15.701348],[79.439622,15.701523],[79.439775,15.701925],[79.439868,15.702167],[79.441582,15.701573],[79.441654,15.701547],[79.441552,15.701263],[79.441371,15.700771],[79.440894,15.70092],[79.440465,15.701054],[79.440294,15.701109],[79.439551,15.701348]]]},"properties":{"lp":"218","ac":"4.752"}},{"type":"Feature","geometry":{"type":"Polygon","coordinates":[[[79.439775,15.701925],[79.439622,15.701523],[79.438897,15.701722],[79.439062,15.702156],[79.439775,15.701925]]]},"properties":{"lp":"219","ac":"0.981"}},{"type":"Feature","geometry":{"type":"Polygon","coordinates":[[[79.439395,15.70303],[79.439339,15.702884],[79.439062,15.702156],[79.438897,15.701722],[79.43881,15.701763],[79.438134,15.701969],[79.438318,15.702469],[79.438544,15.703084],[79.439395,15.70303]]]},"properties":{"lp":"220","ac":"3.051"}},{"type":"Feature","geometry":{"type":"Polygon","coordinates":[[[79.439339,15.702884],[79.439756,15.702859],[79.440077,15.702716],[79.440038,15.702612],[79.439868,15.702167],[79.439775,15.701925],[79.439062,15.702156],[79.439339,15.702884]]]},"properties":{"lp":"221","ac":"1.86"}},{"type":"Feature","geometry":{"type":"Polygon","coordinates":[[[79.439395,15.70303],[79.439801,15.703005],[79.440972,15.702931],[79.440798,15.702372],[79.440038,15.702612],[79.440077,15.702716],[79.439756,15.702859],[79.439339,15.702884],[79.439395,15.70303]]]},"properties":{"lp":"223","ac":"1.532"}},{"type":"Feature","geometry":{"type":"Polygon","coordinates":[[[79.440038,15.702612],[79.440798,15.702372],[79.44177,15.702109],[79.441582,15.701573],[79.439868,15.702167],[79.440038,15.702612]]]},"properties":{"lp":"222","ac":"2.717"}},{"type":"Feature","geometry":{"type":"Polygon","coordinates":[[[79.440972,15.702931],[79.441162,15.702919],[79.441603,15.702691],[79.441954,15.702511],[79.44177,15.702109],[79.440798,15.702372],[79.440972,15.702931]]]},"properties":{"lp":"224","ac":"1.653"}},{"type":"Feature","geometry":{"type":"Polygon","coordinates":[[[79.44177,15.702109],[79.441954,15.702511],[79.442275,15.702345],[79.442688,15.702131],[79.443043,15.701948],[79.442901,15.701771],[79.44177,15.702109]]]},"properties":{"lp":"225","ac":"1.156"}},{"type":"Feature","geometry":{"type":"Polygon","coordinates":[[[79.44177,15.702109],[79.442901,15.701771],[79.442774,15.701614],[79.442595,15.701391],[79.442484,15.700994],[79.441552,15.701263],[79.441654,15.701547],[79.441582,15.701573],[79.44177,15.702109]]]},"properties":{"lp":"226","ac":"2.647"}},{"type":"Feature","geometry":{"type":"Polygon","coordinates":[[[79.439803,15.700334],[79.439975,15.700261],[79.440149,15.700188],[79.439965,15.699688],[79.439614,15.699775],[79.439803,15.700334]]]},"properties":{"lp":"214","ac":"0.604"}},{"type":"Feature","geometry":{"type":"Polygon","coordinates":[[[79.440294,15.701109],[79.440465,15.701054],[79.440149,15.700188],[79.439975,15.700261],[79.440294,15.701109]]]},"properties":{"lp":"216","ac":"0.493"}},{"type":"Feature","geometry":{"type":"Polygon","coordinates":[[[79.441552,15.701263],[79.442484,15.700994],[79.442089,15.699593],[79.442092,15.699559],[79.441602,15.699649],[79.440995,15.699784],[79.441371,15.700771],[79.441552,15.701263]]]},"properties":{"lp":"227","ac":"4.659"}},{"type":"Feature","geometry":{"type":"Polygon","coordinates":[[[79.441371,15.700771],[79.440995,15.699784],[79.440875,15.699459],[79.440381,15.699583],[79.440894,15.70092],[79.441371,15.700771]]]},"properties":{"lp":"228","ac":"2.077"}},{"type":"Feature","geometry":{"type":"Polygon","coordinates":[[[79.440465,15.701054],[79.440894,15.70092],[79.440381,15.699583],[79.439965,15.699688],[79.440149,15.700188],[79.440465,15.701054]]]},"properties":{"lp":"215","ac":"1.85"}},{"type":"Feature","geometry":{"type":"Polygon","coordinates":[[[79.440995,15.699784],[79.441602,15.699649],[79.441499,15.699301],[79.440875,15.699459],[79.440995,15.699784]]]},"properties":{"lp":"229","ac":"0.655"}},{"type":"Feature","geometry":{"type":"Polygon","coordinates":[[[79.441602,15.699649],[79.442092,15.699559],[79.442123,15.699105],[79.441499,15.699301],[79.441602,15.699649]]]},"properties":{"lp":"230","ac":"0.669"}},{"type":"Feature","geometry":{"type":"Polygon","coordinates":[[[79.441499,15.699301],[79.442123,15.699105],[79.441394,15.69685],[79.441274,15.696809],[79.440708,15.696794],[79.441352,15.698834],[79.441499,15.699301]]]},"properties":{"lp":"231","ac":"4.753"}},{"type":"Feature","geometry":{"type":"Polygon","coordinates":[[[79.441352,15.698834],[79.440708,15.696794],[79.439936,15.696981],[79.440593,15.69901],[79.441352,15.698834]]]},"properties":{"lp":"232","ac":"4.911"}},{"type":"Feature","geometry":{"type":"Polygon","coordinates":[[[79.440593,15.69901],[79.439936,15.696981],[79.43961,15.697061],[79.440285,15.699082],[79.440593,15.69901]]]},"properties":{"lp":"233","ac":"2.03"}},{"type":"Feature","geometry":{"type":"Polygon","coordinates":[[[79.440285,15.699082],[79.43961,15.697061],[79.439301,15.697135],[79.439972,15.699155],[79.440285,15.699082]]]},"properties":{"lp":"234","ac":"1.988"}},{"type":"Feature","geometry":{"type":"Polygon","coordinates":[[[79.439972,15.699155],[79.439301,15.697135],[79.438991,15.697211],[79.439659,15.699227],[79.439972,15.699155]]]},"properties":{"lp":"235","ac":"1.988"}},{"type":"Feature","geometry":{"type":"Polygon","coordinates":[[[79.439659,15.699227],[79.438991,15.697211],[79.438392,15.697356],[79.438593,15.697943],[79.438609,15.697993],[79.438692,15.698252],[79.439047,15.69937],[79.439659,15.699227]]]},"properties":{"lp":"236","ac":"3.822"}},{"type":"Feature","geometry":{"type":"Polygon","coordinates":[[[79.439208,15.699878],[79.439614,15.699775],[79.439965,15.699688],[79.440381,15.699583],[79.440875,15.699459],[79.441499,15.699301],[79.441352,15.698834],[79.440593,15.69901],[79.440285,15.699082],[79.439972,15.699155],[79.439659,15.699227],[79.439047,15.69937],[79.439075,15.699457],[79.439208,15.699878]]]},"properties":{"lp":"237","ac":"3.539"}},{"type":"Feature","geometry":{"type":"Polygon","coordinates":[[[79.437466,15.698449],[79.438609,15.697993],[79.438593,15.697943],[79.437896,15.698221],[79.437828,15.698126],[79.438025,15.697922],[79.437934,15.697675],[79.437652,15.697821],[79.437186,15.698063],[79.437039,15.698214],[79.436822,15.698436],[79.437437,15.69833],[79.437466,15.698449]]]},"properties":{"lp":"244","ac":"1.353"}},{"type":"Feature","geometry":{"type":"Polygon","coordinates":[[[79.436822,15.698436],[79.437295,15.699882],[79.437406,15.699874],[79.43745,15.700011],[79.437689,15.699932],[79.437445,15.698894],[79.437587,15.698824],[79.437553,15.698719],[79.437466,15.698449],[79.437437,15.69833],[79.436822,15.698436]]]},"properties":{"lp":"245","ac":"2.248"}},{"type":"Feature","geometry":{"type":"Polygon","coordinates":[[[79.43745,15.700011],[79.43679,15.700239],[79.435801,15.700581],[79.435882,15.701024],[79.435897,15.701105],[79.435983,15.701577],[79.437728,15.700865],[79.43745,15.700011]]]},"properties":{"lp":"246","ac":"5.033"}},{"type":"Feature","geometry":{"type":"Polygon","coordinates":[[[79.435801,15.700581],[79.43679,15.700239],[79.43671,15.699998],[79.436517,15.700032],[79.436185,15.700105],[79.435733,15.700204],[79.435801,15.700581]]]},"properties":{"lp":"247","ac":"0.96"}},{"type":"Feature","geometry":{"type":"Polygon","coordinates":[[[79.435733,15.700204],[79.436185,15.700105],[79.435838,15.698733],[79.435618,15.698799],[79.43554,15.699002],[79.435437,15.699127],[79.43538,15.699238],[79.435686,15.700167],[79.435733,15.700204]]]},"properties":{"lp":"248","ac":"2.021"}},{"type":"Feature","geometry":{"type":"Polygon","coordinates":[[[79.436185,15.700105],[79.436517,15.700032],[79.436198,15.698624],[79.435838,15.698733],[79.436185,15.700105]]]},"properties":{"lp":"249","ac":"1.498"}},{"type":"Feature","geometry":{"type":"Polygon","coordinates":[[[79.436198,15.698624],[79.436517,15.700032],[79.43671,15.699998],[79.43679,15.700239],[79.43745,15.700011],[79.437406,15.699874],[79.437295,15.699882],[79.436822,15.698436],[79.436198,15.698624]]]},"properties":{"lp":"250","ac":"3.548"}},{"type":"Feature","geometry":{"type":"Polygon","coordinates":[[[79.437828,15.698126],[79.437896,15.698221],[79.438593,15.697943],[79.438392,15.697356],[79.438022,15.696516],[79.437327,15.696745],[79.437652,15.697821],[79.437934,15.697675],[79.438025,15.697922],[79.437828,15.698126]]]},"properties":{"lp":"251","ac":"3.393"}},{"type":"Feature","geometry":{"type":"Polygon","coordinates":[[[79.437039,15.698214],[79.437186,15.698063],[79.437652,15.697821],[79.437327,15.696745],[79.437253,15.696548],[79.436598,15.696761],[79.436603,15.696868],[79.436574,15.696876],[79.437039,15.698214]]]},"properties":{"lp":"252","ac":"2.999"}},{"type":"Feature","geometry":{"type":"Polygon","coordinates":[[[79.435618,15.698799],[79.435838,15.698733],[79.436198,15.698624],[79.436822,15.698436],[79.437039,15.698214],[79.436574,15.696876],[79.436376,15.696933],[79.436491,15.697303],[79.436023,15.697423],[79.435877,15.697891],[79.435465,15.69797],[79.435513,15.698218],[79.435501,15.698282],[79.43553,15.69842],[79.435589,15.698671],[79.435618,15.698799]]]},"properties":{"lp":"253","ac":"4.639"}},{"type":"Feature","geometry":{"type":"Polygon","coordinates":[[[79.435501,15.698282],[79.435513,15.698218],[79.435465,15.69797],[79.435371,15.697586],[79.435323,15.697386],[79.435263,15.69719],[79.43523,15.697196],[79.435347,15.697591],[79.435354,15.697589],[79.435442,15.698005],[79.435475,15.69816],[79.435501,15.698282]]]},"properties":{"lp":"254","ac":"0.087"}},{"type":"Feature","geometry":{"type":"Polygon","coordinates":[[[79.435465,15.69797],[79.435877,15.697891],[79.436023,15.697423],[79.435982,15.697047],[79.435263,15.69719],[79.435323,15.697386],[79.435371,15.697586],[79.435465,15.69797]]]},"properties":{"lp":"255","ac":"1.461"}},{"type":"Feature","geometry":{"type":"Polygon","coordinates":[[[79.435046,15.697682],[79.435347,15.697591],[79.43523,15.697196],[79.434931,15.697255],[79.435046,15.697682]]]},"properties":{"lp":"256","ac":"0.387"}},{"type":"Feature","geometry":{"type":"Polygon","coordinates":[[[79.434209,15.697529],[79.434931,15.697255],[79.434155,15.696546],[79.434209,15.697529]]]},"properties":{"lp":"262","ac":"1.062"}},{"type":"Feature","geometry":{"type":"Polygon","coordinates":[[[79.434155,15.696546],[79.434931,15.697255],[79.43523,15.697196],[79.435263,15.69719],[79.435982,15.697047],[79.436023,15.697423],[79.436491,15.697303],[79.436376,15.696933],[79.436574,15.696876],[79.436603,15.696868],[79.436598,15.696761],[79.437253,15.696548],[79.437327,15.696745],[79.438022,15.696516],[79.438392,15.697356],[79.438991,15.697211],[79.439301,15.697135],[79.43961,15.697061],[79.439936,15.696981],[79.440708,15.696794],[79.441274,15.696809],[79.438264,15.694183],[79.434155,15.696546]]]},"properties":{"lp":"263","ac":"32.24"}},{"type":"Feature","geometry":{"type":"Polygon","coordinates":[[[79.438264,15.694183],[79.441274,15.696809],[79.441394,15.69685],[79.44325,15.696596],[79.44336,15.697043],[79.443645,15.696994],[79.443511,15.695278],[79.443192,15.694654],[79.442417,15.694958],[79.441463,15.694665],[79.43994,15.694197],[79.439497,15.694061],[79.438264,15.694183]]]},"properties":{"lp":"264","ac":"24.061"}},{"type":"Feature","geometry":{"type":"Polygon","coordinates":[[[79.445211,15.697088],[79.445244,15.69802],[79.445906,15.698866],[79.446332,15.698675],[79.446662,15.698527],[79.446444,15.697468],[79.445211,15.697088]]]},"properties":{"lp":"267","ac":"4.972"}},{"type":"Feature","geometry":{"type":"Polygon","coordinates":[[[79.445906,15.698866],[79.445244,15.69802],[79.444647,15.698025],[79.444576,15.697721],[79.444061,15.697945],[79.444884,15.699637],[79.44583,15.6989],[79.445906,15.698866]]]},"properties":{"lp":"268","ac":"4.999"}},{"type":"Feature","geometry":{"type":"Polygon","coordinates":[[[79.444061,15.697945],[79.443928,15.698003],[79.443872,15.698113],[79.44414,15.699122],[79.44477,15.699726],[79.444884,15.699637],[79.444061,15.697945]]]},"properties":{"lp":"269","ac":"1.77"}},{"type":"Feature","geometry":{"type":"Polygon","coordinates":[[[79.443856,15.69912],[79.443875,15.699764],[79.443998,15.699705],[79.444213,15.700407],[79.444558,15.700315],[79.445016,15.700192],[79.44477,15.699726],[79.44414,15.699122],[79.443856,15.69912]]]},"properties":{"lp":"270","ac":"2.437"}},{"type":"Feature","geometry":{"type":"Polygon","coordinates":[[[79.443875,15.699764],[79.443856,15.69912],[79.442123,15.699105],[79.442092,15.699559],[79.442089,15.699593],[79.442424,15.699608],[79.443236,15.699643],[79.443182,15.700095],[79.443875,15.699764]]]},"properties":{"lp":"271","ac":"3.197"}},{"type":"Feature","geometry":{"type":"Polygon","coordinates":[[[79.442424,15.699608],[79.442089,15.699593],[79.442484,15.700994],[79.442595,15.701391],[79.442906,15.701244],[79.442424,15.699608]]]},"properties":{"lp":"272","ac":"1.717"}},{"type":"Feature","geometry":{"type":"Polygon","coordinates":[[[79.442906,15.701244],[79.443415,15.701003],[79.444213,15.700407],[79.443998,15.699705],[79.443875,15.699764],[79.443182,15.700095],[79.443236,15.699643],[79.442424,15.699608],[79.442906,15.701244]]]},"properties":{"lp":"273","ac":"5.002"}},{"type":"Feature","geometry":{"type":"Polygon","coordinates":[[[79.44477,15.699726],[79.445016,15.700192],[79.445111,15.700435],[79.445189,15.700391],[79.445325,15.700368],[79.44553,15.700332],[79.445893,15.700269],[79.446289,15.7002],[79.446663,15.700135],[79.446857,15.700101],[79.446332,15.698675],[79.445906,15.698866],[79.44583,15.6989],[79.444884,15.699637],[79.44477,15.699726]]]},"properties":{"lp":"277","ac":"6.214"}},{"type":"Feature","geometry":{"type":"Polygon","coordinates":[[[79.446857,15.700101],[79.447241,15.700035],[79.446662,15.698527],[79.446332,15.698675],[79.446857,15.700101]]]},"properties":{"lp":"278","ac":"1.709"}},{"type":"Feature","geometry":{"type":"Polygon","coordinates":[[[79.447297,15.700017],[79.447739,15.701293],[79.448334,15.701048],[79.448339,15.700919],[79.448303,15.700807],[79.448242,15.700621],[79.447975,15.6998],[79.44765,15.699904],[79.447297,15.700017]]]},"properties":{"lp":"279","ac":"2.702"}},{"type":"Feature","geometry":{"type":"Polygon","coordinates":[[[79.447739,15.701293],[79.447297,15.700017],[79.447241,15.700035],[79.446857,15.700101],[79.446663,15.700135],[79.447111,15.701553],[79.447739,15.701293]]]},"properties":{"lp":"280","ac":"2.729"}},{"type":"Feature","geometry":{"type":"Polygon","coordinates":[[[79.446663,15.700135],[79.446289,15.7002],[79.446748,15.701689],[79.446847,15.701662],[79.447111,15.701553],[79.446663,15.700135]]]},"properties":{"lp":"281","ac":"1.711"}},{"type":"Feature","geometry":{"type":"Polygon","coordinates":[[[79.446748,15.701689],[79.446289,15.7002],[79.445893,15.700269],[79.44641,15.701781],[79.446457,15.701768],[79.446748,15.701689]]]},"properties":{"lp":"282","ac":"1.73"}},{"type":"Feature","geometry":{"type":"Polygon","coordinates":[[[79.445893,15.700269],[79.44553,15.700332],[79.446055,15.701878],[79.44641,15.701781],[79.445893,15.700269]]]},"properties":{"lp":"283","ac":"1.73"}},{"type":"Feature","geometry":{"type":"Polygon","coordinates":[[[79.446055,15.701878],[79.44553,15.700332],[79.445325,15.700368],[79.445856,15.701932],[79.446055,15.701878]]]},"properties":{"lp":"284","ac":"0.989"}},{"type":"Feature","geometry":{"type":"Polygon","coordinates":[[[79.445325,15.700368],[79.445189,15.700391],[79.445503,15.701372],[79.445723,15.701968],[79.445856,15.701932],[79.445325,15.700368]]]},"properties":{"lp":"285","ac":"0.709"}},{"type":"Feature","geometry":{"type":"Polygon","coordinates":[[[79.445723,15.701968],[79.446128,15.703247],[79.446841,15.703107],[79.446854,15.703102],[79.446457,15.701768],[79.44641,15.701781],[79.446055,15.701878],[79.445856,15.701932],[79.445723,15.701968]]]},"properties":{"lp":"286","ac":"3.0"}},{"type":"Feature","geometry":{"type":"Polygon","coordinates":[[[79.445503,15.701372],[79.444994,15.701522],[79.444357,15.70171],[79.444661,15.702535],[79.444967,15.70344],[79.44519,15.703403],[79.44565,15.703327],[79.446128,15.703247],[79.445723,15.701968],[79.445503,15.701372]]]},"properties":{"lp":"287","ac":"6.601"}},{"type":"Feature","geometry":{"type":"Polygon","coordinates":[[[79.443413,15.702919],[79.444661,15.702535],[79.444357,15.70171],[79.443118,15.702075],[79.443413,15.702919]]]},"properties":{"lp":"288","ac":"3.369"}},{"type":"Feature","geometry":{"type":"Polygon","coordinates":[[[79.443413,15.702919],[79.443671,15.703656],[79.444417,15.703532],[79.444967,15.70344],[79.444661,15.702535],[79.443413,15.702919]]]},"properties":{"lp":"289","ac":"3.309"}},{"type":"Feature","geometry":{"type":"Polygon","coordinates":[[[79.443671,15.703656],[79.443874,15.703845],[79.444805,15.706084],[79.445417,15.705685],[79.445203,15.705224],[79.445015,15.704819],[79.444675,15.704087],[79.444417,15.703532],[79.443671,15.703656]]]},"properties":{"lp":"290","ac":"4.972"}},{"type":"Feature","geometry":{"type":"Polygon","coordinates":[[[79.444417,15.703532],[79.444675,15.704087],[79.445404,15.703851],[79.44519,15.703403],[79.444967,15.70344],[79.444417,15.703532]]]},"properties":{"lp":"291","ac":"1.23"}},{"type":"Feature","geometry":{"type":"Polygon","coordinates":[[[79.44519,15.703403],[79.445404,15.703851],[79.445725,15.704524],[79.445914,15.704919],[79.446075,15.705256],[79.446439,15.705018],[79.446501,15.704979],[79.44565,15.703327],[79.44519,15.703403]]]},"properties":{"lp":"292","ac":"2.723"}},{"type":"Feature","geometry":{"type":"Polygon","coordinates":[[[79.44565,15.703327],[79.446501,15.704979],[79.447163,15.704556],[79.446932,15.704114],[79.446313,15.703855],[79.446128,15.703247],[79.44565,15.703327]]]},"properties":{"lp":"293","ac":"2.917"}},{"type":"Feature","geometry":{"type":"Polygon","coordinates":[[[79.448788,15.703488],[79.449209,15.702981],[79.449222,15.702973],[79.449152,15.702747],[79.449151,15.702484],[79.448881,15.702558],[79.448427,15.702838],[79.448721,15.703367],[79.448788,15.703488]]]},"properties":{"lp":"298","ac":"1.272"}},{"type":"Feature","geometry":{"type":"Polygon","coordinates":[[[79.449151,15.702484],[79.449152,15.702747],[79.449222,15.702973],[79.449965,15.702499],[79.449875,15.702284],[79.449151,15.702484]]]},"properties":{"lp":"299","ac":"0.863"}},{"type":"Feature","geometry":{"type":"Polygon","coordinates":[[[79.449875,15.702284],[79.449739,15.701959],[79.449839,15.701482],[79.449173,15.70171],[79.449122,15.702008],[79.449171,15.702265],[79.449151,15.702484],[79.449875,15.702284]]]},"properties":{"lp":"300","ac":"1.493"}},{"type":"Feature","geometry":{"type":"Polygon","coordinates":[[[79.448881,15.702558],[79.449151,15.702484],[79.449171,15.702265],[79.449122,15.702008],[79.449173,15.70171],[79.448882,15.701809],[79.448926,15.702023],[79.448691,15.702101],[79.448807,15.702412],[79.448881,15.702558]]]},"properties":{"lp":"301","ac":"0.738"}},{"type":"Feature","geometry":{"type":"Polygon","coordinates":[[[79.448882,15.701809],[79.449173,15.70171],[79.449183,15.701602],[79.449473,15.701467],[79.449397,15.70131],[79.448885,15.701368],[79.448668,15.701506],[79.448502,15.70152],[79.448545,15.70166],[79.448827,15.701536],[79.448882,15.701809]]]},"properties":{"lp":"302","ac":"0.676"}},{"type":"Feature","geometry":{"type":"Polygon","coordinates":[[[79.449173,15.70171],[79.449839,15.701482],[79.449881,15.701285],[79.449397,15.70131],[79.449473,15.701467],[79.449183,15.701602],[79.449173,15.70171]]]},"properties":{"lp":"303","ac":"0.401"}},{"type":"Feature","geometry":{"type":"Polygon","coordinates":[[[79.449881,15.701285],[79.449951,15.70095],[79.449225,15.701246],[79.448841,15.70131],[79.448564,15.70145],[79.44848,15.701303],[79.448438,15.701316],[79.448502,15.70152],[79.448668,15.701506],[79.448885,15.701368],[79.449397,15.70131],[79.449881,15.701285]]]},"properties":{"lp":"304","ac":"0.6"}},{"type":"Feature","geometry":{"type":"Polygon","coordinates":[[[79.44848,15.701303],[79.448564,15.70145],[79.448841,15.70131],[79.449225,15.701246],[79.449951,15.70095],[79.44997,15.700862],[79.44848,15.701303]]]},"properties":{"lp":"305","ac":"0.556"}},{"type":"Feature","geometry":{"type":"Polygon","coordinates":[[[79.44997,15.700862],[79.449995,15.700126],[79.44947,15.700274],[79.44935,15.700486],[79.448946,15.700543],[79.448303,15.700807],[79.448339,15.700919],[79.448334,15.701048],[79.448438,15.701316],[79.44848,15.701303],[79.44997,15.700862]]]},"properties":{"lp":"306","ac":"3.038"}},{"type":"Feature","geometry":{"type":"Polygon","coordinates":[[[79.44947,15.700274],[79.448242,15.700621],[79.448303,15.700807],[79.448946,15.700543],[79.44935,15.700486],[79.44947,15.700274]]]},"properties":{"lp":"307","ac":"0.532"}},{"type":"Feature","geometry":{"type":"Polygon","coordinates":[[[79.448242,15.700621],[79.44947,15.700274],[79.449995,15.700126],[79.45001,15.69967],[79.448714,15.699866],[79.448581,15.6996],[79.447975,15.6998],[79.448242,15.700621]]]},"properties":{"lp":"308","ac":"3.598"}},{"type":"Feature","geometry":{"type":"Polygon","coordinates":[[[79.447241,15.700035],[79.447297,15.700017],[79.44765,15.699904],[79.447282,15.698697],[79.447239,15.698708],[79.446662,15.698527],[79.447241,15.700035]]]},"properties":{"lp":"309","ac":"1.999"}},{"type":"Feature","geometry":{"type":"Polygon","coordinates":[[[79.44765,15.699904],[79.447975,15.6998],[79.448581,15.6996],[79.448336,15.698562],[79.448015,15.698521],[79.447282,15.698697],[79.44765,15.699904]]]},"properties":{"lp":"310","ac":"3.592"}},{"type":"Feature","geometry":{"type":"Polygon","coordinates":[[[79.448015,15.698521],[79.447889,15.697477],[79.447757,15.696394],[79.447265,15.695858],[79.447077,15.695925],[79.446465,15.695566],[79.446437,15.695629],[79.445427,15.695236],[79.444983,15.695064],[79.444916,15.695037],[79.44494,15.695292],[79.44461,15.695518],[79.44434,15.695514],[79.444158,15.695512],[79.443511,15.695278],[79.443645,15.696994],[79.444134,15.696672],[79.444654,15.696865],[79.444658,15.697157],[79.445211,15.697088],[79.446444,15.697468],[79.446662,15.698527],[79.447239,15.698708],[79.447282,15.698697],[79.448015,15.698521]]]},"properties":{"lp":"311","ac":"25.065"}},{"type":"Feature","geometry":{"type":"Polygon","coordinates":[[[79.441394,15.69685],[79.442123,15.699105],[79.443856,15.69912],[79.44414,15.699122],[79.443872,15.698113],[79.443928,15.698003],[79.443792,15.697588],[79.443854,15.697425],[79.443645,15.696994],[79.44336,15.697043],[79.44325,15.696596],[79.441394,15.69685]]]},"properties":{"lp":"265","ac":"14.687"}},{"type":"Feature","geometry":{"type":"Polygon","coordinates":[[[79.443645,15.696994],[79.443854,15.697425],[79.443792,15.697588],[79.443928,15.698003],[79.444061,15.697945],[79.444576,15.697721],[79.444647,15.698025],[79.445244,15.69802],[79.445211,15.697088],[79.444658,15.697157],[79.444654,15.696865],[79.444134,15.696672],[79.443645,15.696994]]]},"properties":{"lp":"266","ac":"4.3"}},{"type":"Feature","geometry":{"type":"Polygon","coordinates":[[[79.453784,15.699383],[79.454398,15.700303],[79.455095,15.699879],[79.454799,15.699586],[79.453784,15.699383]]]},"properties":{"lp":"328","ac":"1.668"}},{"type":"Feature","geometry":{"type":"Polygon","coordinates":[[[79.453784,15.699383],[79.453611,15.699463],[79.454256,15.700389],[79.454398,15.700303],[79.453784,15.699383]]]},"properties":{"lp":"329","ac":"0.58"}},{"type":"Feature","geometry":{"type":"Polygon","coordinates":[[[79.453611,15.699463],[79.453036,15.699728],[79.453102,15.699923],[79.453442,15.700892],[79.454011,15.700538],[79.454256,15.700389],[79.453611,15.699463]]]},"properties":{"lp":"330","ac":"2.717"}},{"type":"Feature","geometry":{"type":"Polygon","coordinates":[[[79.453442,15.700892],[79.453102,15.699923],[79.452759,15.700064],[79.451684,15.700504],[79.451534,15.700506],[79.451363,15.70058],[79.451695,15.700919],[79.451753,15.700979],[79.452206,15.701442],[79.453442,15.700892]]]},"properties":{"lp":"331","ac":"4.936"}},{"type":"Feature","geometry":{"type":"Polygon","coordinates":[[[79.451363,15.70058],[79.450819,15.700815],[79.451695,15.700919],[79.451363,15.70058]]]},"properties":{"lp":"332","ac":"0.385"}},{"type":"Feature","geometry":{"type":"Polygon","coordinates":[[[79.450721,15.700858],[79.451753,15.700979],[79.451695,15.700919],[79.450819,15.700815],[79.450721,15.700858]]]},"properties":{"lp":"333","ac":"0.15"}},{"type":"Feature","geometry":{"type":"Polygon","coordinates":[[[79.450721,15.700858],[79.450654,15.700887],[79.450446,15.701131],[79.450877,15.702069],[79.452206,15.701442],[79.451753,15.700979],[79.450721,15.700858]]]},"properties":{"lp":"334","ac":"3.684"}},{"type":"Feature","geometry":{"type":"Polygon","coordinates":[[[79.450446,15.701131],[79.449739,15.701959],[79.449875,15.702284],[79.449965,15.702499],[79.450877,15.702069],[79.450446,15.701131]]]},"properties":{"lp":"335","ac":"2.358"}},{"type":"Feature","geometry":{"type":"Polygon","coordinates":[[[79.450193,15.702541],[79.450514,15.7024],[79.450795,15.702276],[79.451143,15.702123],[79.451368,15.702023],[79.451608,15.701917],[79.452173,15.701669],[79.452206,15.701442],[79.450877,15.702069],[79.449965,15.702499],[79.450193,15.702541]]]},"properties":{"lp":"336","ac":"1.108"}},{"type":"Feature","geometry":{"type":"Polygon","coordinates":[[[79.452989,15.703188],[79.45383,15.702897],[79.453932,15.702657],[79.454797,15.702425],[79.455101,15.702603],[79.455582,15.702442],[79.454565,15.701213],[79.454115,15.700668],[79.454011,15.700538],[79.453442,15.700892],[79.452206,15.701442],[79.452173,15.701669],[79.452989,15.703188]]]},"properties":{"lp":"337","ac":"13.936"}},{"type":"Feature","geometry":{"type":"Polygon","coordinates":[[[79.45383,15.702897],[79.452989,15.703188],[79.452192,15.70349],[79.451898,15.703601],[79.452066,15.70406],[79.452152,15.704293],[79.4522,15.704423],[79.452256,15.704566],[79.453266,15.704195],[79.45383,15.702897]]]},"properties":{"lp":"338","ac":"4.766"}},{"type":"Feature","geometry":{"type":"Polygon","coordinates":[[[79.452505,15.705204],[79.452798,15.705116],[79.453072,15.704644],[79.453266,15.704195],[79.452256,15.704566],[79.452505,15.705204]]]},"properties":{"lp":"339","ac":"1.461"}},{"type":"Feature","geometry":{"type":"Polygon","coordinates":[[[79.452603,15.705454],[79.452798,15.705116],[79.452505,15.705204],[79.452603,15.705454]]]},"properties":{"lp":"340","ac":"0.12"}},{"type":"Feature","geometry":{"type":"Polygon","coordinates":[[[79.452603,15.705454],[79.452733,15.705421],[79.45279,15.705407],[79.453591,15.703822],[79.453974,15.703065],[79.454091,15.702833],[79.45383,15.702897],[79.453266,15.704195],[79.453072,15.704644],[79.452798,15.705116],[79.452603,15.705454]]]},"properties":{"lp":"341","ac":"1.178"}},{"type":"Feature","geometry":{"type":"Polygon","coordinates":[[[79.453974,15.703065],[79.454976,15.702814],[79.454788,15.702662],[79.454091,15.702833],[79.453974,15.703065]]]},"properties":{"lp":"342","ac":"0.5"}},{"type":"Feature","geometry":{"type":"Polygon","coordinates":[[[79.453974,15.703065],[79.453591,15.703822],[79.454097,15.704876],[79.454732,15.704292],[79.454674,15.703308],[79.45531,15.703084],[79.454976,15.702814],[79.453974,15.703065]]]},"properties":{"lp":"343","ac":"4.909"}},{"type":"Feature","geometry":{"type":"Polygon","coordinates":[[[79.453591,15.703822],[79.45279,15.705407],[79.452936,15.70577],[79.454089,15.705207],[79.454018,15.704949],[79.454097,15.704876],[79.453591,15.703822]]]},"properties":{"lp":"344","ac":"3.738"}},{"type":"Feature","geometry":{"type":"Polygon","coordinates":[[[79.452989,15.705902],[79.453649,15.706564],[79.453902,15.70629],[79.45369,15.705746],[79.452989,15.705902]]]},"properties":{"lp":"345","ac":"1.117"}},{"type":"Feature","geometry":{"type":"Polygon","coordinates":[[[79.452733,15.705421],[79.451916,15.706377],[79.452894,15.707382],[79.453649,15.706564],[79.452989,15.705902],[79.452936,15.70577],[79.45279,15.705407],[79.452733,15.705421]]]},"properties":{"lp":"346","ac":"4.764"}},{"type":"Feature","geometry":{"type":"Polygon","coordinates":[[[79.452603,15.705454],[79.451877,15.706337],[79.451916,15.706377],[79.452733,15.705421],[79.452603,15.705454]]]},"properties":{"lp":"347","ac":"0.234"}},{"type":"Feature","geometry":{"type":"Polygon","coordinates":[[[79.451877,15.706337],[79.451133,15.707242],[79.450973,15.707506],[79.450777,15.707829],[79.450787,15.707855],[79.451916,15.706377],[79.451877,15.706337]]]},"properties":{"lp":"348","ac":"0.38"}},{"type":"Feature","geometry":{"type":"Polygon","coordinates":[[[79.450973,15.707506],[79.450622,15.707921],[79.450777,15.707829],[79.450973,15.707506]]]},"properties":{"lp":"78","ac":"0.047"}},{"type":"Feature","geometry":{"type":"Polygon","coordinates":[[[79.450863,15.708043],[79.452894,15.707382],[79.451916,15.706377],[79.450787,15.707855],[79.450863,15.708043]]]},"properties":{"lp":"349","ac":"4.412"}},{"type":"Feature","geometry":{"type":"Polygon","coordinates":[[[79.450863,15.708043],[79.454155,15.711343],[79.454382,15.711117],[79.454501,15.710998],[79.454948,15.710552],[79.455082,15.710418],[79.455151,15.71035],[79.454974,15.710069],[79.454708,15.709649],[79.454383,15.709135],[79.454833,15.708319],[79.455472,15.708034],[79.455558,15.707577],[79.455654,15.707074],[79.45603,15.706974],[79.455949,15.705898],[79.45685,15.705721],[79.456767,15.705523],[79.45703,15.705046],[79.457213,15.704713],[79.45729,15.70468],[79.457127,15.703892],[79.456982,15.703419],[79.456452,15.703419],[79.45569,15.702376],[79.455582,15.702442],[79.455101,15.702603],[79.454797,15.702425],[79.453932,15.702657],[79.45383,15.702897],[79.454091,15.702833],[79.454788,15.702662],[79.454976,15.702814],[79.45531,15.703084],[79.454674,15.703308],[79.454732,15.704292],[79.454097,15.704876],[79.454018,15.704949],[79.454089,15.705207],[79.452936,15.70577],[79.452989,15.705902],[79.45369,15.705746],[79.453902,15.70629],[79.453649,15.706564],[79.452894,15.707382],[79.450863,15.708043]]]},"properties":{"lp":"352","ac":"63.065"}},{"type":"Feature","geometry":{"type":"Polygon","coordinates":[[[79.446313,15.703855],[79.446932,15.704114],[79.446994,15.704014],[79.447081,15.703877],[79.446841,15.703107],[79.446128,15.703247],[79.446313,15.703855]]]},"properties":{"lp":"294","ac":"1.803"}},{"type":"Feature","geometry":{"type":"Polygon","coordinates":[[[79.447163,15.704556],[79.447232,15.704514],[79.446994,15.704014],[79.446932,15.704114],[79.447163,15.704556]]]},"properties":{"lp":"295","ac":"0.14"}},{"type":"Feature","geometry":{"type":"Polygon","coordinates":[[[79.447077,15.695925],[79.447265,15.695858],[79.447935,15.695704],[79.448688,15.695775],[79.449194,15.695581],[79.448512,15.694332],[79.447862,15.694599],[79.447751,15.694367],[79.447014,15.694559],[79.44712,15.694861],[79.446786,15.694986],[79.446465,15.695566],[79.447077,15.695925]]]},"properties":{"lp":"312","ac":"8.158"}},{"type":"Feature","geometry":{"type":"Polygon","coordinates":[[[79.449568,15.695172],[79.45043,15.694971],[79.450154,15.694497],[79.449694,15.694086],[79.449463,15.694066],[79.449568,15.695172]]]},"properties":{"lp":"314","ac":"1.859"}},{"type":"Feature","geometry":{"type":"Polygon","coordinates":[[[79.448512,15.694332],[79.449034,15.69403],[79.448967,15.693312],[79.448295,15.692211],[79.447446,15.692524],[79.447586,15.692761],[79.447876,15.693254],[79.448157,15.693731],[79.448512,15.694332]]]},"properties":{"lp":"315","ac":"5.054"}},{"type":"Feature","geometry":{"type":"Polygon","coordinates":[[[79.447446,15.692524],[79.448295,15.692211],[79.448108,15.691905],[79.447263,15.692215],[79.447446,15.692524]]]},"properties":{"lp":"316","ac":"0.933"}},{"type":"Feature","geometry":{"type":"Polygon","coordinates":[[[79.448108,15.691905],[79.448295,15.692211],[79.448967,15.693312],[79.449034,15.69403],[79.450831,15.693706],[79.450305,15.69356],[79.45018,15.693364],[79.450131,15.693286],[79.449822,15.6928],[79.449522,15.692327],[79.448108,15.691905]]]},"properties":{"lp":"317","ac":"6.536"}},{"type":"Feature","geometry":{"type":"Polygon","coordinates":[[[79.449034,15.69403],[79.449463,15.694066],[79.449694,15.694086],[79.450154,15.694497],[79.45043,15.694971],[79.451448,15.695063],[79.451157,15.694836],[79.450879,15.693874],[79.450831,15.693706],[79.449034,15.69403]]]},"properties":{"lp":"318","ac":"3.758"}},{"type":"Feature","geometry":{"type":"Polygon","coordinates":[[[79.447757,15.696394],[79.449716,15.69639],[79.449194,15.695581],[79.448688,15.695775],[79.447935,15.695704],[79.447265,15.695858],[79.447757,15.696394]]]},"properties":{"lp":"319","ac":"3.936"}},{"type":"Feature","geometry":{"type":"Polygon","coordinates":[[[79.45001,15.69967],[79.450031,15.698415],[79.447889,15.697477],[79.448015,15.698521],[79.448336,15.698562],[79.448581,15.6996],[79.448714,15.699866],[79.45001,15.69967]]]},"properties":{"lp":"320","ac":"9.08"}},{"type":"Feature","geometry":{"type":"Polygon","coordinates":[[[79.447889,15.697477],[79.450031,15.698415],[79.45001,15.69967],[79.449995,15.700126],[79.44997,15.700862],[79.449951,15.70095],[79.449881,15.701285],[79.449839,15.701482],[79.449739,15.701959],[79.450446,15.701131],[79.450654,15.700887],[79.450721,15.700858],[79.450819,15.700815],[79.451363,15.70058],[79.451534,15.700506],[79.451684,15.700504],[79.452759,15.700064],[79.452802,15.699833],[79.452882,15.699409],[79.452912,15.699252],[79.453262,15.697401],[79.453285,15.69728],[79.453418,15.696574],[79.45303,15.696555],[79.452507,15.696159],[79.451882,15.695585],[79.451448,15.695063],[79.45043,15.694971],[79.449568,15.695172],[79.449194,15.695581],[79.449716,15.69639],[79.447757,15.696394],[79.447889,15.697477]]]},"properties":{"lp":"321","ac":"58.434"}},{"type":"Feature","geometry":{"type":"Polygon","coordinates":[[[79.453418,15.696574],[79.453285,15.69728],[79.453771,15.697359],[79.454075,15.69729],[79.45403,15.697193],[79.453958,15.697035],[79.453754,15.69659],[79.453418,15.696574]]]},"properties":{"lp":"322","ac":"1.24"}},{"type":"Feature","geometry":{"type":"Polygon","coordinates":[[[79.453262,15.697401],[79.453802,15.69748],[79.454138,15.697426],[79.454075,15.69729],[79.453771,15.697359],[79.453285,15.69728],[79.453262,15.697401]]]},"properties":{"lp":"323","ac":"0.31"}},{"type":"Feature","geometry":{"type":"Polygon","coordinates":[[[79.454138,15.697426],[79.453802,15.69748],[79.453262,15.697401],[79.452912,15.699252],[79.453784,15.699383],[79.454799,15.699586],[79.455155,15.698394],[79.454739,15.698153],[79.454474,15.697864],[79.454202,15.697566],[79.454138,15.697426]]]},"properties":{"lp":"324","ac":"9.887"}},{"type":"Feature","geometry":{"type":"Polygon","coordinates":[[[79.452882,15.699409],[79.453611,15.699463],[79.453784,15.699383],[79.452912,15.699252],[79.452882,15.699409]]]},"properties":{"lp":"325","ac":"0.305"}},{"type":"Feature","geometry":{"type":"Polygon","coordinates":[[[79.452802,15.699833],[79.453036,15.699728],[79.453611,15.699463],[79.452882,15.699409],[79.452802,15.699833]]]},"properties":{"lp":"326","ac":"0.461"}},{"type":"Feature","geometry":{"type":"Polygon","coordinates":[[[79.452759,15.700064],[79.453102,15.699923],[79.453036,15.699728],[79.452802,15.699833],[79.452759,15.700064]]]},"properties":{"lp":"327","ac":"0.184"}},{"type":"Feature","geometry":{"type":"Polygon","coordinates":[[[79.456982,15.703419],[79.456944,15.703293],[79.456537,15.703293],[79.455418,15.70174],[79.455382,15.701882],[79.455704,15.702367],[79.45569,15.702376],[79.456452,15.703419],[79.456982,15.703419]]]},"properties":{"lp":"351","ac":"0.941"}},{"type":"Feature","geometry":{"type":"Polygon","coordinates":[[[79.455418,15.70174],[79.456537,15.703293],[79.456944,15.703293],[79.456733,15.702607],[79.456587,15.70226],[79.457087,15.7016],[79.457109,15.70157],[79.456562,15.70129],[79.456288,15.701149],[79.455985,15.701254],[79.455498,15.701422],[79.455418,15.70174]]]},"properties":{"lp":"350","ac":"5.628"}},{"type":"Feature","geometry":{"type":"Polygon","coordinates":[[[79.455472,15.708034],[79.454833,15.708319],[79.454383,15.709135],[79.455679,15.708718],[79.455643,15.708601],[79.455472,15.708034]]]},"properties":{"lp":"358","ac":"2.0"}},{"type":"Feature","geometry":{"type":"Polygon","coordinates":[[[79.454708,15.709649],[79.455847,15.709273],[79.455679,15.708718],[79.454383,15.709135],[79.454708,15.709649]]]},"properties":{"lp":"359","ac":"2.193"}},{"type":"Feature","geometry":{"type":"Polygon","coordinates":[[[79.454974,15.710069],[79.45601,15.709781],[79.456834,15.709541],[79.45663,15.70902],[79.455847,15.709273],[79.454708,15.709649],[79.454974,15.710069]]]},"properties":{"lp":"360","ac":"3.032"}},{"type":"Feature","geometry":{"type":"Polygon","coordinates":[[[79.454974,15.710069],[79.455151,15.71035],[79.455232,15.71056],[79.456175,15.710293],[79.457043,15.710072],[79.456834,15.709541],[79.45601,15.709781],[79.454974,15.710069]]]},"properties":{"lp":"361","ac":"3.024"}},{"type":"Feature","geometry":{"type":"Polygon","coordinates":[[[79.455232,15.71056],[79.455628,15.71158],[79.456502,15.711312],[79.457419,15.711022],[79.457249,15.710597],[79.457043,15.710072],[79.456175,15.710293],[79.455232,15.71056]]]},"properties":{"lp":"362","ac":"5.836"}},{"type":"Feature","geometry":{"type":"Polygon","coordinates":[[[79.457249,15.710597],[79.457785,15.71039],[79.45725,15.708828],[79.45663,15.70902],[79.456834,15.709541],[79.457043,15.710072],[79.457249,15.710597]]]},"properties":{"lp":"363","ac":"2.998"}},{"type":"Feature","geometry":{"type":"Polygon","coordinates":[[[79.457785,15.71039],[79.458411,15.710149],[79.458325,15.709851],[79.458062,15.709209],[79.457833,15.708647],[79.45725,15.708828],[79.457785,15.71039]]]},"properties":{"lp":"364","ac":"3.12"}},{"type":"Feature","geometry":{"type":"Polygon","coordinates":[[[79.455847,15.709273],[79.45663,15.70902],[79.45725,15.708828],[79.457833,15.708647],[79.457639,15.70821],[79.457612,15.708071],[79.456684,15.708326],[79.455643,15.708601],[79.455679,15.708718],[79.455847,15.709273]]]},"properties":{"lp":"365","ac":"3.919"}},{"type":"Feature","geometry":{"type":"Polygon","coordinates":[[[79.455643,15.708601],[79.456684,15.708326],[79.457612,15.708071],[79.457561,15.707815],[79.457432,15.707451],[79.455472,15.708034],[79.455643,15.708601]]]},"properties":{"lp":"366","ac":"3.739"}},{"type":"Feature","geometry":{"type":"Polygon","coordinates":[[[79.455472,15.708034],[79.457432,15.707451],[79.457328,15.707067],[79.455558,15.707577],[79.455472,15.708034]]]},"properties":{"lp":"367","ac":"2.312"}},{"type":"Feature","geometry":{"type":"Polygon","coordinates":[[[79.455558,15.707577],[79.457328,15.707067],[79.457216,15.706657],[79.45603,15.706974],[79.455654,15.707074],[79.455558,15.707577]]]},"properties":{"lp":"368","ac":"2.24"}},{"type":"Feature","geometry":{"type":"Polygon","coordinates":[[[79.45603,15.706974],[79.457216,15.706657],[79.457162,15.706507],[79.45702,15.706112],[79.45685,15.705721],[79.455949,15.705898],[79.45603,15.706974]]]},"properties":{"lp":"369","ac":"3.261"}},{"type":"Feature","geometry":{"type":"Polygon","coordinates":[[[79.45702,15.706112],[79.457401,15.705958],[79.45703,15.705046],[79.456767,15.705523],[79.45685,15.705721],[79.45702,15.706112]]]},"properties":{"lp":"370","ac":"0.998"}},{"type":"Feature","geometry":{"type":"Polygon","coordinates":[[[79.45703,15.705046],[79.457401,15.705958],[79.45769,15.705841],[79.457213,15.704713],[79.45703,15.705046]]]},"properties":{"lp":"371","ac":"0.987"}},{"type":"Feature","geometry":{"type":"Polygon","coordinates":[[[79.457213,15.704713],[79.45769,15.705841],[79.457841,15.70578],[79.458064,15.70569],[79.457852,15.705141],[79.4576,15.704573],[79.45729,15.70468],[79.457213,15.704713]]]},"properties":{"lp":"372","ac":"1.481"}},{"type":"Feature","geometry":{"type":"Polygon","coordinates":[[[79.457852,15.705141],[79.458064,15.70569],[79.457841,15.70578],[79.457916,15.705993],[79.457976,15.706245],[79.458105,15.706769],[79.458432,15.706676],[79.458186,15.705655],[79.45824,15.705677],[79.458551,15.705598],[79.45887,15.705515],[79.458763,15.704785],[79.458316,15.70496],[79.457852,15.705141]]]},"properties":{"lp":"373","ac":"2.807"}},{"type":"Feature","geometry":{"type":"Polygon","coordinates":[[[79.457162,15.706507],[79.457584,15.706371],[79.457976,15.706245],[79.457916,15.705993],[79.457841,15.70578],[79.45769,15.705841],[79.457401,15.705958],[79.45702,15.706112],[79.457162,15.706507]]]},"properties":{"lp":"376","ac":"1.159"}},{"type":"Feature","geometry":{"type":"Polygon","coordinates":[[[79.457162,15.706507],[79.457216,15.706657],[79.457328,15.707067],[79.457432,15.707451],[79.457561,15.707815],[79.457931,15.707709],[79.457584,15.706371],[79.457162,15.706507]]]},"properties":{"lp":"377","ac":"1.687"}},{"type":"Feature","geometry":{"type":"Polygon","coordinates":[[[79.457584,15.706371],[79.457931,15.707709],[79.458237,15.707622],[79.458304,15.707603],[79.458105,15.706769],[79.457976,15.706245],[79.457584,15.706371]]]},"properties":{"lp":"378","ac":"1.631"}},{"type":"Feature","geometry":{"type":"Polygon","coordinates":[[[79.458432,15.706676],[79.458545,15.706644],[79.458711,15.706596],[79.458551,15.705598],[79.45824,15.705677],[79.458186,15.705655],[79.458432,15.706676]]]},"properties":{"lp":"375","ac":"0.979"}},{"type":"Feature","geometry":{"type":"Polygon","coordinates":[[[79.458551,15.705598],[79.458711,15.706596],[79.459015,15.70651],[79.45887,15.705515],[79.458551,15.705598]]]},"properties":{"lp":"374","ac":"0.947"}},{"type":"Feature","geometry":{"type":"Polygon","coordinates":[[[79.458304,15.707603],[79.458714,15.707486],[79.458545,15.706644],[79.458432,15.706676],[79.458105,15.706769],[79.458304,15.707603]]]},"properties":{"lp":"379","ac":"1.108"}},{"type":"Feature","geometry":{"type":"Polygon","coordinates":[[[79.458714,15.707486],[79.459092,15.707378],[79.459066,15.706852],[79.459015,15.70651],[79.458711,15.706596],[79.458545,15.706644],[79.458714,15.707486]]]},"properties":{"lp":"380","ac":"1.133"}},{"type":"Feature","geometry":{"type":"Polygon","coordinates":[[[79.459092,15.707378],[79.458714,15.707486],[79.458304,15.707603],[79.458237,15.707622],[79.458446,15.708378],[79.459108,15.708236],[79.459092,15.707378]]]},"properties":{"lp":"381","ac":"1.856"}},{"type":"Feature","geometry":{"type":"Polygon","coordinates":[[[79.458237,15.707622],[79.457931,15.707709],[79.457561,15.707815],[79.457612,15.708071],[79.457639,15.70821],[79.457833,15.708647],[79.458062,15.709209],[79.458458,15.709312],[79.458722,15.70938],[79.458446,15.708378],[79.458237,15.707622]]]},"properties":{"lp":"382","ac":"3.219"}},{"type":"Feature","geometry":{"type":"Polygon","coordinates":[[[79.459132,15.709624],[79.459186,15.709609],[79.459185,15.709501],[79.459131,15.709487],[79.459132,15.709624]]]},"properties":{"lp":"386","ac":"0.019"}},{"type":"Feature","geometry":{"type":"Polygon","coordinates":[[[79.459132,15.709624],[79.458741,15.709731],[79.45929,15.711003],[79.459375,15.710964],[79.459266,15.710714],[79.458873,15.709805],[79.4592,15.709723],[79.459186,15.709609],[79.459132,15.709624]]]},"properties":{"lp":"387","ac":"0.486"}},{"type":"Feature","geometry":{"type":"Polygon","coordinates":[[[79.458741,15.709731],[79.458591,15.709774],[79.458325,15.709851],[79.458411,15.710149],[79.457785,15.71039],[79.457249,15.710597],[79.457419,15.711022],[79.457598,15.711469],[79.457705,15.711737],[79.457765,15.71187],[79.457935,15.712243],[79.45948,15.711394],[79.45929,15.711003],[79.458741,15.709731]]]},"properties":{"lp":"388","ac":"8.863"}},{"type":"Feature","geometry":{"type":"Polygon","coordinates":[[[79.45929,15.711003],[79.45948,15.711394],[79.459741,15.711931],[79.459859,15.711818],[79.459375,15.710964],[79.45929,15.711003]]]},"properties":{"lp":"389","ac":"0.367"}},{"type":"Feature","geometry":{"type":"Polygon","coordinates":[[[79.459741,15.711931],[79.45948,15.711394],[79.457935,15.712243],[79.457975,15.71233],[79.45822,15.712867],[79.459741,15.711931]]]},"properties":{"lp":"390","ac":"3.32"}},{"type":"Feature","geometry":{"type":"Polygon","coordinates":[[[79.456094,15.71264],[79.457765,15.71187],[79.457705,15.711737],[79.457598,15.711469],[79.456686,15.71179],[79.45585,15.712085],[79.456094,15.71264]]]},"properties":{"lp":"393","ac":"2.811"}},{"type":"Feature","geometry":{"type":"Polygon","coordinates":[[[79.45631,15.713133],[79.457975,15.71233],[79.457935,15.712243],[79.457765,15.71187],[79.456094,15.71264],[79.45631,15.713133]]]},"properties":{"lp":"394","ac":"2.82"}},{"type":"Feature","geometry":{"type":"Polygon","coordinates":[[[79.45822,15.712867],[79.457975,15.71233],[79.45631,15.713133],[79.456589,15.713769],[79.456597,15.713787],[79.45822,15.712867]]]},"properties":{"lp":"395","ac":"3.541"}},{"type":"Feature","geometry":{"type":"Polygon","coordinates":[[[79.456638,15.713949],[79.457446,15.713518],[79.458371,15.713023],[79.45822,15.712867],[79.456597,15.713787],[79.456638,15.713949]]]},"properties":{"lp":"396","ac":"1.042"}},{"type":"Feature","geometry":{"type":"Polygon","coordinates":[[[79.456654,15.714017],[79.457477,15.713583],[79.457446,15.713518],[79.456638,15.713949],[79.456654,15.714017]]]},"properties":{"lp":"397","ac":"0.19"}},{"type":"Feature","geometry":{"type":"Polygon","coordinates":[[[79.457446,15.713518],[79.457477,15.713583],[79.457679,15.714015],[79.457881,15.714446],[79.458116,15.714319],[79.458806,15.713945],[79.458371,15.713023],[79.457446,15.713518]]]},"properties":{"lp":"399","ac":"3.144"}},{"type":"Feature","geometry":{"type":"Polygon","coordinates":[[[79.457364,15.716185],[79.457717,15.715925],[79.457392,15.715006],[79.457017,15.715166],[79.457258,15.715874],[79.457364,15.716185]]]},"properties":{"lp":"400","ac":"1.241"}},{"type":"Feature","geometry":{"type":"Polygon","coordinates":[[[79.458583,15.715285],[79.458116,15.714319],[79.457881,15.714446],[79.458017,15.71474],[79.457972,15.714759],[79.458307,15.715489],[79.458583,15.715285]]]},"properties":{"lp":"401","ac":"1.003"}},{"type":"Feature","geometry":{"type":"Polygon","coordinates":[[[79.458583,15.715285],[79.459194,15.714834],[79.45909,15.714606],[79.458806,15.713945],[79.458116,15.714319],[79.458583,15.715285]]]},"properties":{"lp":"402","ac":"2.277"}},{"type":"Feature","geometry":{"type":"Polygon","coordinates":[[[79.45909,15.714606],[79.459575,15.714328],[79.458872,15.712727],[79.458371,15.713023],[79.458806,15.713945],[79.45909,15.714606]]]},"properties":{"lp":"403","ac":"2.862"}},{"type":"Feature","geometry":{"type":"Polygon","coordinates":[[[79.459575,15.714328],[79.460146,15.714001],[79.459905,15.713463],[79.459544,15.712656],[79.459531,15.712653],[79.458994,15.712654],[79.458872,15.712727],[79.459575,15.714328]]]},"properties":{"lp":"404","ac":"3.121"}},{"type":"Feature","geometry":{"type":"Polygon","coordinates":[[[79.460146,15.714001],[79.460409,15.713851],[79.460656,15.713545],[79.460483,15.713187],[79.459905,15.713463],[79.460146,15.714001]]]},"properties":{"lp":"405","ac":"1.0"}},{"type":"Feature","geometry":{"type":"Polygon","coordinates":[[[79.460656,15.713545],[79.46126,15.7128],[79.461073,15.7124],[79.45989,15.712739],[79.459544,15.712656],[79.459905,15.713463],[79.460483,15.713187],[79.460656,15.713545]]]},"properties":{"lp":"406","ac":"3.125"}},{"type":"Feature","geometry":{"type":"Polygon","coordinates":[[[79.458371,15.713023],[79.458872,15.712727],[79.458994,15.712654],[79.459531,15.712653],[79.459544,15.712656],[79.45989,15.712739],[79.46006,15.712481],[79.45991,15.711941],[79.459859,15.711818],[79.459741,15.711931],[79.45822,15.712867],[79.458371,15.713023]]]},"properties":{"lp":"407","ac":"2.206"}},{"type":"Feature","geometry":{"type":"Polygon","coordinates":[[[79.45989,15.712739],[79.461073,15.7124],[79.461489,15.712218],[79.461588,15.712107],[79.46006,15.712481],[79.45989,15.712739]]]},"properties":{"lp":"408","ac":"0.775"}},{"type":"Feature","geometry":{"type":"Polygon","coordinates":[[[79.46006,15.712481],[79.461588,15.712107],[79.461184,15.711314],[79.45991,15.711941],[79.46006,15.712481]]]},"properties":{"lp":"409","ac":"3.144"}},{"type":"Feature","geometry":{"type":"Polygon","coordinates":[[[79.461588,15.712107],[79.462373,15.711258],[79.462277,15.710953],[79.461426,15.711194],[79.461184,15.711314],[79.461588,15.712107]]]},"properties":{"lp":"410","ac":"2.017"}},{"type":"Feature","geometry":{"type":"Polygon","coordinates":[[[79.45991,15.711941],[79.461184,15.711314],[79.461426,15.711194],[79.461101,15.711021],[79.460559,15.711369],[79.460286,15.711544],[79.459859,15.711818],[79.45991,15.711941]]]},"properties":{"lp":"411","ac":"1.026"}},{"type":"Feature","geometry":{"type":"Polygon","coordinates":[[[79.449194,15.695581],[79.449568,15.695172],[79.449463,15.694066],[79.449034,15.69403],[79.448512,15.694332],[79.449194,15.695581]]]},"properties":{"lp":"313","ac":"2.894"}},{"type":"Feature","geometry":{"type":"Polygon","coordinates":[[[79.461426,15.711194],[79.462277,15.710953],[79.462373,15.711258],[79.462816,15.710547],[79.461981,15.710836],[79.461101,15.711021],[79.461426,15.711194]]]},"properties":{"lp":"412","ac":"1.129"}},{"type":"Feature","geometry":{"type":"Polygon","coordinates":[[[79.461981,15.710836],[79.462816,15.710547],[79.463016,15.709959],[79.461819,15.710387],[79.461981,15.710836]]]},"properties":{"lp":"413","ac":"1.525"}},{"type":"Feature","geometry":{"type":"Polygon","coordinates":[[[79.461819,15.710387],[79.463016,15.709959],[79.46313,15.709942],[79.463078,15.709847],[79.462478,15.710033],[79.461776,15.710379],[79.461819,15.710387]]]},"properties":{"lp":"414","ac":"0.335"}},{"type":"Feature","geometry":{"type":"Polygon","coordinates":[[[79.463102,15.709291],[79.461204,15.709972],[79.461338,15.710299],[79.461776,15.710379],[79.462478,15.710033],[79.463078,15.709847],[79.463291,15.709811],[79.463102,15.709291]]]},"properties":{"lp":"416","ac":"2.999"}},{"type":"Feature","geometry":{"type":"Polygon","coordinates":[[[79.461204,15.709972],[79.463102,15.709291],[79.462953,15.708883],[79.46289,15.708709],[79.461241,15.7093],[79.46097,15.709397],[79.461204,15.709972]]]},"properties":{"lp":"417","ac":"3.686"}},{"type":"Feature","geometry":{"type":"Polygon","coordinates":[[[79.453754,15.712328],[79.45382,15.712298],[79.454174,15.712132],[79.454341,15.712055],[79.454481,15.712003],[79.45464,15.711945],[79.454382,15.711117],[79.454155,15.711343],[79.453754,15.712328]]]},"properties":{"lp":"353","ac":"1.389"}},{"type":"Feature","geometry":{"type":"Polygon","coordinates":[[[79.454501,15.710998],[79.454382,15.711117],[79.45464,15.711945],[79.4548,15.711886],[79.454501,15.710998]]]},"properties":{"lp":"354","ac":"0.423"}},{"type":"Feature","geometry":{"type":"Polygon","coordinates":[[[79.4548,15.711886],[79.455131,15.711764],[79.455307,15.711699],[79.454948,15.710552],[79.454501,15.710998],[79.4548,15.711886]]]},"properties":{"lp":"355","ac":"1.728"}},{"type":"Feature","geometry":{"type":"Polygon","coordinates":[[[79.455082,15.710418],[79.454948,15.710552],[79.455307,15.711699],[79.455469,15.711639],[79.455082,15.710418]]]},"properties":{"lp":"356","ac":"0.62"}},{"type":"Feature","geometry":{"type":"Polygon","coordinates":[[[79.455628,15.71158],[79.455232,15.71056],[79.455151,15.71035],[79.455082,15.710418],[79.455469,15.711639],[79.455628,15.71158]]]},"properties":{"lp":"357","ac":"0.489"}},{"type":"Feature","geometry":{"type":"Polygon","coordinates":[[[79.458722,15.70938],[79.459131,15.709487],[79.459108,15.708236],[79.458446,15.708378],[79.458722,15.70938]]]},"properties":{"lp":"383","ac":"1.776"}},{"type":"Feature","geometry":{"type":"Polygon","coordinates":[[[79.460559,15.711369],[79.461101,15.711021],[79.461981,15.710836],[79.461819,15.710387],[79.461776,15.710379],[79.461338,15.710299],[79.461204,15.709972],[79.46097,15.709397],[79.460804,15.709428],[79.460717,15.709241],[79.4592,15.709723],[79.458873,15.709805],[79.459266,15.710714],[79.459857,15.710519],[79.460157,15.710417],[79.460559,15.711369]]]},"properties":{"lp":"420","ac":"9.496"}},{"type":"Feature","geometry":{"type":"Polygon","coordinates":[[[79.460559,15.711369],[79.460157,15.710417],[79.459857,15.710519],[79.460286,15.711544],[79.460559,15.711369]]]},"properties":{"lp":"421","ac":"1.0"}},{"type":"Feature","geometry":{"type":"Polygon","coordinates":[[[79.460286,15.711544],[79.459857,15.710519],[79.459266,15.710714],[79.459375,15.710964],[79.459859,15.711818],[79.460286,15.711544]]]},"properties":{"lp":"422","ac":"1.981"}},{"type":"Feature","geometry":{"type":"Polygon","coordinates":[[[79.46313,15.709942],[79.463401,15.709902],[79.463291,15.709811],[79.463078,15.709847],[79.46313,15.709942]]]},"properties":{"lp":"415","ac":"0.075"}},{"type":"Feature","geometry":{"type":"Polygon","coordinates":[[[79.4592,15.709723],[79.460717,15.709241],[79.460347,15.708333],[79.459161,15.708625],[79.459185,15.709501],[79.459186,15.709609],[79.4592,15.709723]]]},"properties":{"lp":"425","ac":"4.217"}},{"type":"Feature","geometry":{"type":"Polygon","coordinates":[[[79.459131,15.709487],[79.459185,15.709501],[79.459161,15.708625],[79.459145,15.708045],[79.45913,15.707483],[79.459112,15.706839],[79.459066,15.706852],[79.459092,15.707378],[79.459108,15.708236],[79.459131,15.709487]]]},"properties":{"lp":"426","ac":"0.341"}},{"type":"Feature","geometry":{"type":"Polygon","coordinates":[[[79.45913,15.707483],[79.460415,15.707085],[79.460334,15.706507],[79.460146,15.706558],[79.459534,15.706724],[79.459112,15.706839],[79.45913,15.707483]]]},"properties":{"lp":"427","ac":"2.297"}},{"type":"Feature","geometry":{"type":"Polygon","coordinates":[[[79.45913,15.707483],[79.459145,15.708045],[79.4605,15.707683],[79.460415,15.707085],[79.45913,15.707483]]]},"properties":{"lp":"428","ac":"2.301"}},{"type":"Feature","geometry":{"type":"Polygon","coordinates":[[[79.459161,15.708625],[79.460347,15.708333],[79.460577,15.70826],[79.4605,15.707683],[79.459145,15.708045],[79.459161,15.708625]]]},"properties":{"lp":"429","ac":"2.426"}},{"type":"Feature","geometry":{"type":"Polygon","coordinates":[[[79.460347,15.708333],[79.460717,15.709241],[79.460804,15.709428],[79.46097,15.709397],[79.461241,15.7093],[79.460768,15.708203],[79.460577,15.70826],[79.460347,15.708333]]]},"properties":{"lp":"430","ac":"1.579"}},{"type":"Feature","geometry":{"type":"Polygon","coordinates":[[[79.461241,15.7093],[79.46289,15.708709],[79.463072,15.708232],[79.463098,15.708167],[79.462996,15.707541],[79.460768,15.708203],[79.461241,15.7093]]]},"properties":{"lp":"431","ac":"7.037"}},{"type":"Feature","geometry":{"type":"Polygon","coordinates":[[[79.460577,15.70826],[79.460768,15.708203],[79.462996,15.707541],[79.463054,15.707505],[79.463024,15.707432],[79.462877,15.706952],[79.4605,15.707683],[79.460577,15.70826]]]},"properties":{"lp":"432","ac":"4.356"}},{"type":"Feature","geometry":{"type":"Polygon","coordinates":[[[79.4605,15.707683],[79.462877,15.706952],[79.462735,15.706461],[79.462723,15.706418],[79.460415,15.707085],[79.4605,15.707683]]]},"properties":{"lp":"433","ac":"4.133"}},{"type":"Feature","geometry":{"type":"Polygon","coordinates":[[[79.460415,15.707085],[79.462723,15.706418],[79.462564,15.705831],[79.462523,15.705679],[79.462118,15.70577],[79.461589,15.705889],[79.461612,15.706163],[79.461263,15.706254],[79.460488,15.706465],[79.460334,15.706507],[79.460415,15.707085]]]},"properties":{"lp":"434","ac":"4.584"}},{"type":"Feature","geometry":{"type":"Polygon","coordinates":[[[79.452443,15.717921],[79.453007,15.717872],[79.452711,15.717046],[79.452162,15.717344],[79.452443,15.717921]]]},"properties":{"lp":"27","ac":"1.291"}},{"type":"Feature","geometry":{"type":"Polygon","coordinates":[[[79.451876,15.717456],[79.452162,15.717344],[79.452711,15.717046],[79.452458,15.716339],[79.451625,15.71676],[79.451876,15.717456]]]},"properties":{"lp":"26","ac":"2.057"}},{"type":"Feature","geometry":{"type":"Polygon","coordinates":[[[79.460488,15.706465],[79.461263,15.706254],[79.460639,15.704613],[79.460448,15.704074],[79.460294,15.703959],[79.460048,15.703978],[79.459831,15.704043],[79.46016,15.705255],[79.460262,15.705632],[79.460488,15.706465]]]},"properties":{"lp":"435","ac":"4.97"}},{"type":"Feature","geometry":{"type":"Polygon","coordinates":[[[79.46037,15.703844],[79.459784,15.702009],[79.458631,15.702241],[79.458633,15.702644],[79.458908,15.702529],[79.459293,15.702471],[79.459788,15.702562],[79.46015,15.703737],[79.46037,15.703844]]]},"properties":{"lp":"436","ac":"2.149"}},{"type":"Feature","geometry":{"type":"Polygon","coordinates":[[[79.460294,15.703959],[79.460404,15.703951],[79.46037,15.703844],[79.46015,15.703737],[79.459788,15.702562],[79.459293,15.702471],[79.458908,15.702529],[79.458633,15.702644],[79.458634,15.702772],[79.458851,15.702644],[79.459298,15.702591],[79.459697,15.702648],[79.46005,15.703767],[79.460294,15.703959]]]},"properties":{"lp":"437","ac":"0.848"}},{"type":"Feature","geometry":{"type":"Polygon","coordinates":[[[79.460048,15.703978],[79.460294,15.703959],[79.46005,15.703767],[79.459697,15.702648],[79.459298,15.702591],[79.458851,15.702644],[79.458634,15.702772],[79.458638,15.703598],[79.459752,15.703325],[79.459935,15.703728],[79.460048,15.703978]]]},"properties":{"lp":"438","ac":"3.072"}},{"type":"Feature","geometry":{"type":"Polygon","coordinates":[[[79.459935,15.703728],[79.459752,15.703325],[79.458638,15.703598],[79.45868,15.703884],[79.459935,15.703728]]]},"properties":{"lp":"439","ac":"1.266"}},{"type":"Feature","geometry":{"type":"Polygon","coordinates":[[[79.45868,15.703884],[79.458923,15.705543],[79.46016,15.705255],[79.459831,15.704043],[79.460048,15.703978],[79.459935,15.703728],[79.45868,15.703884]]]},"properties":{"lp":"440","ac":"5.722"}},{"type":"Feature","geometry":{"type":"Polygon","coordinates":[[[79.45898,15.705936],[79.459345,15.705849],[79.459943,15.705708],[79.460262,15.705632],[79.46016,15.705255],[79.458923,15.705543],[79.45898,15.705936]]]},"properties":{"lp":"441","ac":"1.491"}},{"type":"Feature","geometry":{"type":"Polygon","coordinates":[[[79.460488,15.706465],[79.460262,15.705632],[79.459943,15.705708],[79.460146,15.706558],[79.460334,15.706507],[79.460488,15.706465]]]},"properties":{"lp":"442","ac":"0.868"}},{"type":"Feature","geometry":{"type":"Polygon","coordinates":[[[79.460146,15.706558],[79.459943,15.705708],[79.459345,15.705849],[79.459534,15.706724],[79.460146,15.706558]]]},"properties":{"lp":"443","ac":"1.618"}},{"type":"Feature","geometry":{"type":"Polygon","coordinates":[[[79.459112,15.706839],[79.459534,15.706724],[79.459345,15.705849],[79.45898,15.705936],[79.459112,15.706839]]]},"properties":{"lp":"444","ac":"1.072"}},{"type":"Feature","geometry":{"type":"Polygon","coordinates":[[[79.459112,15.706839],[79.45898,15.705936],[79.458923,15.705543],[79.45868,15.703884],[79.458638,15.703598],[79.458581,15.703616],[79.458665,15.704155],[79.458763,15.704785],[79.45887,15.705515],[79.459015,15.70651],[79.459066,15.706852],[79.459112,15.706839]]]},"properties":{"lp":"445","ac":"0.484"}},{"type":"Feature","geometry":{"type":"Polygon","coordinates":[[[79.458763,15.704785],[79.458665,15.704155],[79.458115,15.704341],[79.458316,15.70496],[79.458763,15.704785]]]},"properties":{"lp":"446","ac":"0.991"}},{"type":"Feature","geometry":{"type":"Polygon","coordinates":[[[79.458316,15.70496],[79.458115,15.704341],[79.457565,15.704527],[79.4576,15.704573],[79.457852,15.705141],[79.458316,15.70496]]]},"properties":{"lp":"447","ac":"1.034"}},{"type":"Feature","geometry":{"type":"Polygon","coordinates":[[[79.458115,15.704341],[79.457885,15.703562],[79.457127,15.703892],[79.45729,15.70468],[79.4576,15.704573],[79.457565,15.704527],[79.458115,15.704341]]]},"properties":{"lp":"448","ac":"1.986"}},{"type":"Feature","geometry":{"type":"Polygon","coordinates":[[[79.458115,15.704341],[79.458665,15.704155],[79.458581,15.703616],[79.458524,15.703283],[79.457885,15.703562],[79.458115,15.704341]]]},"properties":{"lp":"449","ac":"1.568"}},{"type":"Feature","geometry":{"type":"Polygon","coordinates":[[[79.457127,15.703892],[79.457885,15.703562],[79.458524,15.703283],[79.458581,15.703616],[79.458638,15.703598],[79.458634,15.702772],[79.457549,15.703399],[79.456982,15.703419],[79.457127,15.703892]]]},"properties":{"lp":"450","ac":"1.906"}},{"type":"Feature","geometry":{"type":"Polygon","coordinates":[[[79.456982,15.703419],[79.457549,15.703399],[79.458634,15.702772],[79.458633,15.702644],[79.457494,15.703299],[79.456944,15.703293],[79.456982,15.703419]]]},"properties":{"lp":"451","ac":"0.612"}},{"type":"Feature","geometry":{"type":"Polygon","coordinates":[[[79.456944,15.703293],[79.457494,15.703299],[79.458633,15.702644],[79.458631,15.702241],[79.458549,15.701974],[79.458427,15.702011],[79.458426,15.701897],[79.458534,15.701867],[79.458454,15.701684],[79.458404,15.701569],[79.457528,15.701304],[79.457548,15.701343],[79.457997,15.702205],[79.45778,15.702274],[79.457593,15.702333],[79.456733,15.702607],[79.456944,15.703293]]]},"properties":{"lp":"452","ac":"5.569"}},{"type":"Feature","geometry":{"type":"Polygon","coordinates":[[[79.456733,15.702607],[79.457593,15.702333],[79.457165,15.701617],[79.457117,15.701651],[79.457087,15.7016],[79.456587,15.70226],[79.456733,15.702607]]]},"properties":{"lp":"453","ac":"1.589"}},{"type":"Feature","geometry":{"type":"Polygon","coordinates":[[[79.457593,15.702333],[79.45778,15.702274],[79.457349,15.701485],[79.457165,15.701617],[79.457593,15.702333]]]},"properties":{"lp":"454","ac":"0.53"}},{"type":"Feature","geometry":{"type":"Polygon","coordinates":[[[79.45778,15.702274],[79.457997,15.702205],[79.457548,15.701343],[79.457349,15.701485],[79.45778,15.702274]]]},"properties":{"lp":"455","ac":"0.639"}},{"type":"Feature","geometry":{"type":"Polygon","coordinates":[[[79.457117,15.701651],[79.457165,15.701617],[79.457349,15.701485],[79.457548,15.701343],[79.457528,15.701304],[79.456888,15.701115],[79.4568,15.701163],[79.457109,15.70157],[79.457087,15.7016],[79.457117,15.701651]]]},"properties":{"lp":"456","ac":"0.53"}},{"type":"Feature","geometry":{"type":"Polygon","coordinates":[[[79.456562,15.70129],[79.4568,15.701163],[79.456888,15.701115],[79.455903,15.700259],[79.455361,15.701089],[79.45543,15.701256],[79.455881,15.701059],[79.455963,15.70118],[79.455985,15.701254],[79.456288,15.701149],[79.456562,15.70129]]]},"properties":{"lp":"457","ac":"2.255"}},{"type":"Feature","geometry":{"type":"Polygon","coordinates":[[[79.455361,15.701089],[79.455903,15.700259],[79.455311,15.699989],[79.455109,15.700103],[79.455284,15.700789],[79.455361,15.701089]]]},"properties":{"lp":"458","ac":"1.268"}},{"type":"Feature","geometry":{"type":"Polygon","coordinates":[[[79.455284,15.700789],[79.455109,15.700103],[79.454521,15.700438],[79.454913,15.701008],[79.455284,15.700789]]]},"properties":{"lp":"459","ac":"1.113"}},{"type":"Feature","geometry":{"type":"Polygon","coordinates":[[[79.454913,15.701008],[79.455418,15.70174],[79.455498,15.701422],[79.455361,15.701089],[79.455284,15.700789],[79.454913,15.701008]]]},"properties":{"lp":"460","ac":"0.711"}},{"type":"Feature","geometry":{"type":"Polygon","coordinates":[[[79.454521,15.700438],[79.454361,15.700528],[79.454768,15.701093],[79.45569,15.702376],[79.455704,15.702367],[79.455382,15.701882],[79.455418,15.70174],[79.454913,15.701008],[79.454521,15.700438]]]},"properties":{"lp":"461","ac":"0.849"}},{"type":"Feature","geometry":{"type":"Polygon","coordinates":[[[79.454768,15.701093],[79.454565,15.701213],[79.455582,15.702442],[79.45569,15.702376],[79.454768,15.701093]]]},"properties":{"lp":"462","ac":"0.834"}},{"type":"Feature","geometry":{"type":"Polygon","coordinates":[[[79.454565,15.701213],[79.454768,15.701093],[79.454361,15.700528],[79.454115,15.700668],[79.454565,15.701213]]]},"properties":{"lp":"463","ac":"0.527"}},{"type":"Feature","geometry":{"type":"Polygon","coordinates":[[[79.454115,15.700668],[79.454361,15.700528],[79.454256,15.700389],[79.454011,15.700538],[79.454115,15.700668]]]},"properties":{"lp":"464","ac":"0.141"}},{"type":"Feature","geometry":{"type":"Polygon","coordinates":[[[79.454361,15.700528],[79.454521,15.700438],[79.454398,15.700303],[79.454256,15.700389],[79.454361,15.700528]]]},"properties":{"lp":"465","ac":"0.09"}},{"type":"Feature","geometry":{"type":"Polygon","coordinates":[[[79.454521,15.700438],[79.455109,15.700103],[79.455311,15.699989],[79.455095,15.699879],[79.454398,15.700303],[79.454521,15.700438]]]},"properties":{"lp":"466","ac":"0.484"}},{"type":"Feature","geometry":{"type":"Polygon","coordinates":[[[79.455095,15.699879],[79.455311,15.699989],[79.455903,15.700259],[79.456888,15.701115],[79.456866,15.700363],[79.456804,15.700192],[79.456689,15.699873],[79.456543,15.69973],[79.455095,15.699879]]]},"properties":{"lp":"467","ac":"2.962"}},{"type":"Feature","geometry":{"type":"Polygon","coordinates":[[[79.456888,15.701115],[79.457528,15.701304],[79.458404,15.701569],[79.458244,15.700841],[79.458138,15.70077],[79.458044,15.700769],[79.457789,15.700766],[79.457273,15.700338],[79.456866,15.700363],[79.456888,15.701115]]]},"properties":{"lp":"468","ac":"3.152"}},{"type":"Feature","geometry":{"type":"Polygon","coordinates":[[[79.458404,15.701569],[79.458797,15.70118],[79.45905,15.701146],[79.459363,15.701274],[79.459993,15.701359],[79.460001,15.701308],[79.460096,15.700746],[79.459624,15.699866],[79.458782,15.700698],[79.458244,15.700841],[79.458404,15.701569]]]},"properties":{"lp":"469","ac":"4.534"}},{"type":"Feature","geometry":{"type":"Polygon","coordinates":[[[79.458454,15.701684],[79.459471,15.701463],[79.459363,15.701274],[79.45905,15.701146],[79.458797,15.70118],[79.458404,15.701569],[79.458454,15.701684]]]},"properties":{"lp":"470","ac":"0.94"}},{"type":"Feature","geometry":{"type":"Polygon","coordinates":[[[79.458534,15.701867],[79.458426,15.701897],[79.458427,15.702011],[79.458549,15.701974],[79.458534,15.701867]]]},"properties":{"lp":"471","ac":"0.038"}},{"type":"Feature","geometry":{"type":"Polygon","coordinates":[[[79.458631,15.702241],[79.459784,15.702009],[79.459471,15.701463],[79.458454,15.701684],[79.458534,15.701867],[79.458549,15.701974],[79.458631,15.702241]]]},"properties":{"lp":"472","ac":"1.907"}},{"type":"Feature","geometry":{"type":"Polygon","coordinates":[[[79.459784,15.702009],[79.460689,15.702439],[79.460988,15.701877],[79.461647,15.701911],[79.461111,15.701715],[79.460541,15.701506],[79.460001,15.701308],[79.459993,15.701359],[79.459363,15.701274],[79.459471,15.701463],[79.459784,15.702009]]]},"properties":{"lp":"473","ac":"3.246"}},{"type":"Feature","geometry":{"type":"Polygon","coordinates":[[[79.460001,15.701308],[79.460541,15.701506],[79.460734,15.700968],[79.460096,15.700746],[79.460001,15.701308]]]},"properties":{"lp":"474","ac":"1.038"}},{"type":"Feature","geometry":{"type":"Polygon","coordinates":[[[79.460541,15.701506],[79.461111,15.701715],[79.46131,15.701168],[79.460734,15.700968],[79.460541,15.701506]]]},"properties":{"lp":"475","ac":"1.029"}},{"type":"Feature","geometry":{"type":"Polygon","coordinates":[[[79.461111,15.701715],[79.461647,15.701911],[79.461904,15.701374],[79.46131,15.701168],[79.461111,15.701715]]]},"properties":{"lp":"476","ac":"1.033"}},{"type":"Feature","geometry":{"type":"Polygon","coordinates":[[[79.460689,15.702439],[79.460846,15.702494],[79.460997,15.701989],[79.461427,15.70203],[79.46183,15.702068],[79.461949,15.702213],[79.462036,15.702121],[79.461647,15.701911],[79.460988,15.701877],[79.460689,15.702439]]]},"properties":{"lp":"477","ac":"0.531"}},{"type":"Feature","geometry":{"type":"Polygon","coordinates":[[[79.460689,15.702439],[79.461309,15.70331],[79.461359,15.702674],[79.461245,15.702634],[79.461281,15.702514],[79.461427,15.70203],[79.460997,15.701989],[79.460846,15.702494],[79.460689,15.702439]]]},"properties":{"lp":"478","ac":"1.36"}},{"type":"Feature","geometry":{"type":"Polygon","coordinates":[[[79.461309,15.70331],[79.461557,15.70366],[79.462169,15.703592],[79.461996,15.702897],[79.463027,15.702952],[79.463051,15.702793],[79.462221,15.702546],[79.461949,15.702213],[79.461666,15.7026],[79.461401,15.702553],[79.461281,15.702514],[79.461245,15.702634],[79.461359,15.702674],[79.461309,15.70331]]]},"properties":{"lp":"479","ac":"3.328"}},{"type":"Feature","geometry":{"type":"Polygon","coordinates":[[[79.462169,15.703592],[79.46262,15.703541],[79.462957,15.703429],[79.463027,15.702952],[79.461996,15.702897],[79.462169,15.703592]]]},"properties":{"lp":"481","ac":"1.618"}},{"type":"Feature","geometry":{"type":"Polygon","coordinates":[[[79.46262,15.703541],[79.463009,15.703519],[79.463213,15.702776],[79.462289,15.7025],[79.462036,15.702121],[79.461949,15.702213],[79.462221,15.702546],[79.463051,15.702793],[79.463027,15.702952],[79.462957,15.703429],[79.46262,15.703541]]]},"properties":{"lp":"480","ac":"0.59"}},{"type":"Feature","geometry":{"type":"Polygon","coordinates":[[[79.462169,15.703592],[79.462201,15.703704],[79.46235,15.704242],[79.462677,15.704172],[79.46262,15.703541],[79.462169,15.703592]]]},"properties":{"lp":"482","ac":"0.75"}},{"type":"Feature","geometry":{"type":"Polygon","coordinates":[[[79.462201,15.703704],[79.462169,15.703592],[79.461557,15.70366],[79.460497,15.703928],[79.46066,15.704036],[79.462201,15.703704]]]},"properties":{"lp":"484","ac":"0.75"}},{"type":"Feature","geometry":{"type":"Polygon","coordinates":[[[79.46235,15.704242],[79.462201,15.703704],[79.46066,15.704036],[79.461313,15.704467],[79.461721,15.704378],[79.46235,15.704242]]]},"properties":{"lp":"483","ac":"2.157"}},{"type":"Feature","geometry":{"type":"Polygon","coordinates":[[[79.46037,15.703844],[79.460497,15.703928],[79.461557,15.70366],[79.461309,15.70331],[79.460689,15.702439],[79.459784,15.702009],[79.46037,15.703844]]]},"properties":{"lp":"485","ac":"4.602"}},{"type":"Feature","geometry":{"type":"Polygon","coordinates":[[[79.46037,15.703844],[79.460404,15.703951],[79.460294,15.703959],[79.460448,15.704074],[79.461123,15.704508],[79.461313,15.704467],[79.46066,15.704036],[79.460497,15.703928],[79.46037,15.703844]]]},"properties":{"lp":"486","ac":"0.429"}},{"type":"Feature","geometry":{"type":"Polygon","coordinates":[[[79.460448,15.704074],[79.460639,15.704613],[79.461096,15.704514],[79.461123,15.704508],[79.460448,15.704074]]]},"properties":{"lp":"487","ac":"0.411"}},{"type":"Feature","geometry":{"type":"Polygon","coordinates":[[[79.461263,15.706254],[79.461612,15.706163],[79.461096,15.704514],[79.460639,15.704613],[79.461263,15.706254]]]},"properties":{"lp":"488","ac":"2.1"}},{"type":"Feature","geometry":{"type":"Polygon","coordinates":[[[79.461096,15.704514],[79.461612,15.706163],[79.461589,15.705889],[79.462118,15.70577],[79.461892,15.70502],[79.461123,15.704508],[79.461096,15.704514]]]},"properties":{"lp":"489","ac":"2.038"}},{"type":"Feature","geometry":{"type":"Polygon","coordinates":[[[79.461313,15.704467],[79.461905,15.704891],[79.461721,15.704378],[79.461313,15.704467]]]},"properties":{"lp":"490","ac":"0.331"}},{"type":"Feature","geometry":{"type":"Polygon","coordinates":[[[79.461905,15.704891],[79.46208,15.705014],[79.462977,15.705469],[79.463384,15.705103],[79.463286,15.704758],[79.462856,15.704854],[79.462808,15.704734],[79.46269,15.704734],[79.462677,15.704172],[79.46235,15.704242],[79.461721,15.704378],[79.461905,15.704891]]]},"properties":{"lp":"491","ac":"3.189"}},{"type":"Feature","geometry":{"type":"Polygon","coordinates":[[[79.462875,15.705529],[79.462942,15.7055],[79.462977,15.705469],[79.46208,15.705014],[79.461905,15.704891],[79.461313,15.704467],[79.461123,15.704508],[79.461892,15.70502],[79.462022,15.705105],[79.462875,15.705529]]]},"properties":{"lp":"492","ac":"0.668"}},{"type":"Feature","geometry":{"type":"Polygon","coordinates":[[[79.462118,15.70577],[79.462523,15.705679],[79.462875,15.705529],[79.462022,15.705105],[79.461892,15.70502],[79.462118,15.70577]]]},"properties":{"lp":"493","ac":"0.928"}},{"type":"Feature","geometry":{"type":"Polygon","coordinates":[[[79.462523,15.705679],[79.462564,15.705831],[79.462983,15.705574],[79.462875,15.705529],[79.462523,15.705679]]]},"properties":{"lp":"494","ac":"0.156"}},{"type":"Feature","geometry":{"type":"Polygon","coordinates":[[[79.462983,15.705574],[79.463092,15.705507],[79.462977,15.705469],[79.462942,15.7055],[79.462875,15.705529],[79.462983,15.705574]]]},"properties":{"lp":"495","ac":"0.032"}},{"type":"Feature","geometry":{"type":"Polygon","coordinates":[[[79.463092,15.705507],[79.463729,15.705117],[79.463697,15.705044],[79.463384,15.705103],[79.462977,15.705469],[79.463092,15.705507]]]},"properties":{"lp":"496","ac":"0.331"}},{"type":"Feature","geometry":{"type":"Polygon","coordinates":[[[79.464079,15.705934],[79.463729,15.705117],[79.463092,15.705507],[79.463537,15.705657],[79.464079,15.705934]]]},"properties":{"lp":"497","ac":"0.901"}},{"type":"Feature","geometry":{"type":"Polygon","coordinates":[[[79.464118,15.706045],[79.464114,15.706014],[79.464079,15.705934],[79.463537,15.705657],[79.463092,15.705507],[79.462983,15.705574],[79.463224,15.705674],[79.464118,15.706045]]]},"properties":{"lp":"498","ac":"0.385"}},{"type":"Feature","geometry":{"type":"Polygon","coordinates":[[[79.463399,15.706292],[79.464128,15.706131],[79.464118,15.706045],[79.463224,15.705674],[79.463399,15.706292]]]},"properties":{"lp":"499","ac":"0.809"}},{"type":"Feature","geometry":{"type":"Polygon","coordinates":[[[79.462983,15.705574],[79.462564,15.705831],[79.462723,15.706418],[79.462735,15.706461],[79.463399,15.706292],[79.463224,15.705674],[79.462983,15.705574]]]},"properties":{"lp":"500","ac":"1.447"}},{"type":"Feature","geometry":{"type":"Polygon","coordinates":[[[79.463024,15.707432],[79.46329,15.707344],[79.463632,15.707231],[79.463399,15.706292],[79.462735,15.706461],[79.462877,15.706952],[79.463024,15.707432]]]},"properties":{"lp":"501","ac":"1.927"}},{"type":"Feature","geometry":{"type":"Polygon","coordinates":[[[79.463632,15.707231],[79.46389,15.707145],[79.46424,15.707029],[79.464223,15.706894],[79.464128,15.706131],[79.463399,15.706292],[79.463632,15.707231]]]},"properties":{"lp":"502","ac":"1.892"}},{"type":"Feature","geometry":{"type":"Polygon","coordinates":[[[79.46389,15.707145],[79.464275,15.708462],[79.464619,15.708354],[79.464542,15.708169],[79.46443,15.707746],[79.464375,15.707538],[79.46424,15.707029],[79.46389,15.707145]]]},"properties":{"lp":"503","ac":"1.42"}},{"type":"Feature","geometry":{"type":"Polygon","coordinates":[[[79.463696,15.708644],[79.464275,15.708462],[79.46389,15.707145],[79.463632,15.707231],[79.46329,15.707344],[79.463696,15.708644]]]},"properties":{"lp":"504","ac":"2.482"}},{"type":"Feature","geometry":{"type":"Polygon","coordinates":[[[79.463253,15.708785],[79.463381,15.708743],[79.463696,15.708644],[79.46329,15.707344],[79.463024,15.707432],[79.463054,15.707505],[79.462996,15.707541],[79.463098,15.708167],[79.463072,15.708232],[79.463253,15.708785]]]},"properties":{"lp":"505","ac":"1.657"}},{"type":"Feature","geometry":{"type":"Polygon","coordinates":[[[79.462953,15.708883],[79.463253,15.708785],[79.463072,15.708232],[79.46289,15.708709],[79.462953,15.708883]]]},"properties":{"lp":"506","ac":"0.36"}},{"type":"Feature","geometry":{"type":"Polygon","coordinates":[[[79.462953,15.708883],[79.463102,15.709291],[79.463291,15.709811],[79.463401,15.709902],[79.463733,15.709765],[79.463559,15.709259],[79.46347,15.709001],[79.463381,15.708743],[79.463253,15.708785],[79.462953,15.708883]]]},"properties":{"lp":"507","ac":"1.402"}},{"type":"Feature","geometry":{"type":"Polygon","coordinates":[[[79.46347,15.709001],[79.46471,15.708571],[79.464619,15.708354],[79.464275,15.708462],[79.463696,15.708644],[79.463381,15.708743],[79.46347,15.709001]]]},"properties":{"lp":"508","ac":"0.97"}},{"type":"Feature","geometry":{"type":"Polygon","coordinates":[[[79.463733,15.709765],[79.464231,15.709557],[79.464682,15.709307],[79.46493,15.709095],[79.464801,15.708788],[79.463559,15.709259],[79.463733,15.709765]]]},"properties":{"lp":"509","ac":"1.88"}},{"type":"Feature","geometry":{"type":"Polygon","coordinates":[[[79.46493,15.709095],[79.465585,15.708558],[79.46522,15.70749],[79.46443,15.707746],[79.464542,15.708169],[79.464619,15.708354],[79.46471,15.708571],[79.464801,15.708788],[79.46493,15.709095]]]},"properties":{"lp":"510","ac":"3.149"}},{"type":"Feature","geometry":{"type":"Polygon","coordinates":[[[79.464375,15.707538],[79.465157,15.707304],[79.46513,15.707225],[79.464987,15.706806],[79.464976,15.706776],[79.464952,15.706705],[79.464569,15.706804],[79.464223,15.706894],[79.46424,15.707029],[79.464375,15.707538]]]},"properties":{"lp":"511","ac":"1.5"}},{"type":"Feature","geometry":{"type":"Polygon","coordinates":[[[79.464223,15.706894],[79.464569,15.706804],[79.4644,15.706058],[79.464118,15.706045],[79.464128,15.706131],[79.464223,15.706894]]]},"properties":{"lp":"514","ac":"0.75"}},{"type":"Feature","geometry":{"type":"Polygon","coordinates":[[[79.464569,15.706804],[79.464952,15.706705],[79.464737,15.706074],[79.4644,15.706058],[79.464569,15.706804]]]},"properties":{"lp":"515","ac":"0.75"}},{"type":"Feature","geometry":{"type":"Polygon","coordinates":[[[79.464118,15.706045],[79.4644,15.706058],[79.464737,15.706074],[79.464702,15.705971],[79.464193,15.705941],[79.464079,15.705934],[79.464114,15.706014],[79.464118,15.706045]]]},"properties":{"lp":"516","ac":"0.19"}},{"type":"Feature","geometry":{"type":"Polygon","coordinates":[[[79.464737,15.706074],[79.465379,15.706031],[79.4654,15.706029],[79.465356,15.7059],[79.464702,15.705971],[79.464737,15.706074]]]},"properties":{"lp":"517","ac":"0.231"}},{"type":"Feature","geometry":{"type":"Polygon","coordinates":[[[79.465379,15.706031],[79.464737,15.706074],[79.464952,15.706705],[79.464976,15.706776],[79.465526,15.706632],[79.465379,15.706031]]]},"properties":{"lp":"519","ac":"1.191"}},{"type":"Feature","geometry":{"type":"Polygon","coordinates":[[[79.464987,15.706806],[79.465402,15.70669],[79.465585,15.706848],[79.465572,15.7068],[79.465526,15.706632],[79.464976,15.706776],[79.464987,15.706806]]]},"properties":{"lp":"520","ac":"0.085"}},{"type":"Feature","geometry":{"type":"Polygon","coordinates":[[[79.46513,15.707225],[79.465647,15.707091],[79.465585,15.706848],[79.465402,15.70669],[79.464987,15.706806],[79.46513,15.707225]]]},"properties":{"lp":"521","ac":"0.682"}},{"type":"Feature","geometry":{"type":"Polygon","coordinates":[[[79.465585,15.706848],[79.465663,15.706885],[79.465784,15.706884],[79.465927,15.706857],[79.466051,15.706814],[79.466163,15.706885],[79.466144,15.706827],[79.46602,15.706774],[79.465932,15.706825],[79.465725,15.70686],[79.465662,15.706853],[79.465572,15.7068],[79.465585,15.706848]]]},"properties":{"lp":"522","ac":"0.058"}},{"type":"Feature","geometry":{"type":"Polygon","coordinates":[[[79.465647,15.707091],[79.465701,15.707108],[79.466021,15.707017],[79.466201,15.707001],[79.466193,15.706975],[79.466163,15.706885],[79.466051,15.706814],[79.465927,15.706857],[79.465784,15.706884],[79.465663,15.706885],[79.465585,15.706848],[79.465647,15.707091]]]},"properties":{"lp":"523","ac":"0.315"}},{"type":"Feature","geometry":{"type":"Polygon","coordinates":[[[79.466201,15.707001],[79.466021,15.707017],[79.465701,15.707108],[79.465647,15.707091],[79.46513,15.707225],[79.465157,15.707304],[79.46522,15.70749],[79.465585,15.708558],[79.465798,15.708373],[79.4665,15.708014],[79.466393,15.707591],[79.466201,15.707001]]]},"properties":{"lp":"524","ac":"3.824"}},{"type":"Feature","geometry":{"type":"Polygon","coordinates":[[[79.466393,15.707591],[79.466853,15.707372],[79.466979,15.706801],[79.466259,15.706961],[79.466193,15.706975],[79.466201,15.707001],[79.466393,15.707591]]]},"properties":{"lp":"525","ac":"1.106"}},{"type":"Feature","geometry":{"type":"Polygon","coordinates":[[[79.466259,15.706961],[79.466979,15.706801],[79.467006,15.706679],[79.466657,15.706735],[79.466484,15.706804],[79.466259,15.706961]]]},"properties":{"lp":"526","ac":"0.221"}},{"type":"Feature","geometry":{"type":"Polygon","coordinates":[[[79.467006,15.706679],[79.467015,15.706636],[79.466632,15.706707],[79.466461,15.706779],[79.466267,15.706917],[79.466223,15.706909],[79.466178,15.706829],[79.466144,15.706827],[79.466163,15.706885],[79.466193,15.706975],[79.466259,15.706961],[79.466484,15.706804],[79.466657,15.706735],[79.467006,15.706679]]]},"properties":{"lp":"527","ac":"0.106"}},{"type":"Feature","geometry":{"type":"Polygon","coordinates":[[[79.466076,15.706617],[79.466144,15.706827],[79.466178,15.706829],[79.466223,15.706909],[79.466267,15.706917],[79.466461,15.706779],[79.466632,15.706707],[79.467015,15.706636],[79.467157,15.705994],[79.466467,15.706078],[79.466527,15.706527],[79.466076,15.706617]]]},"properties":{"lp":"528","ac":"1.422"}},{"type":"Feature","geometry":{"type":"Polygon","coordinates":[[[79.466076,15.706617],[79.466527,15.706527],[79.466467,15.706078],[79.466323,15.705352],[79.465767,15.705546],[79.465826,15.705848],[79.466076,15.706617]]]},"properties":{"lp":"530","ac":"1.841"}},{"type":"Feature","geometry":{"type":"Polygon","coordinates":[[[79.466467,15.706078],[79.467157,15.705994],[79.467239,15.705621],[79.467296,15.705309],[79.467098,15.705353],[79.466969,15.705381],[79.466871,15.70516],[79.466323,15.705352],[79.466467,15.706078]]]},"properties":{"lp":"529","ac":"1.848"}},{"type":"Feature","geometry":{"type":"Polygon","coordinates":[[[79.464193,15.705941],[79.464702,15.705971],[79.465356,15.7059],[79.465826,15.705848],[79.465772,15.705701],[79.464471,15.705899],[79.464193,15.705941]]]},"properties":{"lp":"531","ac":"0.499"}},{"type":"Feature","geometry":{"type":"Polygon","coordinates":[[[79.464471,15.705899],[79.465772,15.705701],[79.46564,15.705336],[79.464585,15.705274],[79.464454,15.705614],[79.464382,15.705618],[79.464471,15.705899]]]},"properties":{"lp":"532","ac":"1.804"}},{"type":"Feature","geometry":{"type":"Polygon","coordinates":[[[79.464193,15.705941],[79.464471,15.705899],[79.464382,15.705618],[79.464239,15.705541],[79.464011,15.705005],[79.463838,15.704999],[79.464193,15.705941]]]},"properties":{"lp":"533","ac":"0.615"}},{"type":"Feature","geometry":{"type":"Polygon","coordinates":[[[79.464079,15.705934],[79.464193,15.705941],[79.463838,15.704999],[79.463803,15.704906],[79.463697,15.705044],[79.463729,15.705117],[79.464079,15.705934]]]},"properties":{"lp":"534","ac":"0.383"}},{"type":"Feature","geometry":{"type":"Polygon","coordinates":[[[79.463803,15.704906],[79.463838,15.704999],[79.464011,15.705005],[79.464681,15.705027],[79.464723,15.704944],[79.464902,15.704722],[79.464679,15.704587],[79.4647,15.704483],[79.46409,15.70453],[79.463803,15.704906]]]},"properties":{"lp":"535","ac":"1.254"}},{"type":"Feature","geometry":{"type":"Polygon","coordinates":[[[79.464585,15.705274],[79.46564,15.705336],[79.465555,15.705101],[79.465582,15.704812],[79.465561,15.70473],[79.465371,15.703977],[79.4647,15.704483],[79.464679,15.704587],[79.464902,15.704722],[79.464723,15.704944],[79.464681,15.705027],[79.464011,15.705005],[79.464239,15.705541],[79.464382,15.705618],[79.464454,15.705614],[79.464585,15.705274]]]},"properties":{"lp":"536","ac":"3.361"}},{"type":"Feature","geometry":{"type":"Polygon","coordinates":[[[79.465582,15.704812],[79.465555,15.705101],[79.46564,15.705336],[79.465772,15.705701],[79.465826,15.705848],[79.465767,15.705546],[79.465692,15.705248],[79.465617,15.704951],[79.465582,15.704812]]]},"properties":{"lp":"537","ac":"0.163"}},{"type":"Feature","geometry":{"type":"Polygon","coordinates":[[[79.465767,15.705546],[79.466323,15.705352],[79.466225,15.705065],[79.465692,15.705248],[79.465767,15.705546]]]},"properties":{"lp":"538","ac":"0.515"}},{"type":"Feature","geometry":{"type":"Polygon","coordinates":[[[79.466323,15.705352],[79.466871,15.70516],[79.467009,15.705114],[79.467346,15.705002],[79.467261,15.704765],[79.466882,15.704848],[79.466571,15.704947],[79.466225,15.705065],[79.466323,15.705352]]]},"properties":{"lp":"539","ac":"0.916"}},{"type":"Feature","geometry":{"type":"Polygon","coordinates":[[[79.466969,15.705381],[79.467098,15.705353],[79.467009,15.705114],[79.466871,15.70516],[79.466969,15.705381]]]},"properties":{"lp":"540","ac":"0.1"}},{"type":"Feature","geometry":{"type":"Polygon","coordinates":[[[79.467098,15.705353],[79.467296,15.705309],[79.467421,15.705273],[79.467346,15.705002],[79.467009,15.705114],[79.467098,15.705353]]]},"properties":{"lp":"541","ac":"0.272"}},{"type":"Feature","geometry":{"type":"Polygon","coordinates":[[[79.467421,15.705273],[79.467795,15.705164],[79.467972,15.704962],[79.467943,15.704778],[79.467346,15.705002],[79.467421,15.705273]]]},"properties":{"lp":"542","ac":"0.506"}},{"type":"Feature","geometry":{"type":"Polygon","coordinates":[[[79.467346,15.705002],[79.467943,15.704778],[79.467913,15.704594],[79.467863,15.70454],[79.467261,15.704765],[79.467346,15.705002]]]},"properties":{"lp":"543","ac":"0.483"}},{"type":"Feature","geometry":{"type":"Polygon","coordinates":[[[79.467261,15.704765],[79.467863,15.70454],[79.4676,15.704259],[79.467138,15.704421],[79.467261,15.704765]]]},"properties":{"lp":"544","ac":"0.596"}},{"type":"Feature","geometry":{"type":"Polygon","coordinates":[[[79.467138,15.704421],[79.4676,15.704259],[79.46739,15.704036],[79.466963,15.703935],[79.467138,15.704421]]]},"properties":{"lp":"545","ac":"0.48"}},{"type":"Feature","geometry":{"type":"Polygon","coordinates":[[[79.466882,15.704848],[79.467261,15.704765],[79.467138,15.704421],[79.466963,15.703935],[79.466724,15.703879],[79.466811,15.704412],[79.466882,15.704848]]]},"properties":{"lp":"546","ac":"0.825"}},{"type":"Feature","geometry":{"type":"Polygon","coordinates":[[[79.466724,15.703879],[79.466454,15.703815],[79.466517,15.704463],[79.466811,15.704412],[79.466724,15.703879]]]},"properties":{"lp":"547","ac":"0.486"}},{"type":"Feature","geometry":{"type":"Polygon","coordinates":[[[79.466517,15.704463],[79.466454,15.703815],[79.466307,15.703781],[79.46624,15.703791],[79.466296,15.704467],[79.466327,15.7045],[79.466517,15.704463]]]},"properties":{"lp":"548","ac":"0.437"}},{"type":"Feature","geometry":{"type":"Polygon","coordinates":[[[79.465692,15.705248],[79.466225,15.705065],[79.466143,15.704808],[79.466003,15.704846],[79.465617,15.704951],[79.465692,15.705248]]]},"properties":{"lp":"550","ac":"0.467"}},{"type":"Feature","geometry":{"type":"Polygon","coordinates":[[[79.465617,15.704951],[79.466003,15.704846],[79.465902,15.704415],[79.465774,15.704533],[79.465561,15.70473],[79.465582,15.704812],[79.465617,15.704951]]]},"properties":{"lp":"551","ac":"0.396"}},{"type":"Feature","geometry":{"type":"Polygon","coordinates":[[[79.466003,15.704846],[79.466143,15.704808],[79.466479,15.704717],[79.466327,15.7045],[79.466296,15.704467],[79.466237,15.704405],[79.466015,15.704411],[79.465902,15.704415],[79.466003,15.704846]]]},"properties":{"lp":"552","ac":"0.484"}},{"type":"Feature","geometry":{"type":"Polygon","coordinates":[[[79.466015,15.704411],[79.466237,15.704405],[79.466296,15.704467],[79.46624,15.703791],[79.466074,15.703816],[79.466046,15.703994],[79.465989,15.703998],[79.466015,15.704411]]]},"properties":{"lp":"553","ac":"0.439"}},{"type":"Feature","geometry":{"type":"Polygon","coordinates":[[[79.465797,15.704012],[79.465989,15.703998],[79.466046,15.703994],[79.466074,15.703816],[79.465784,15.70386],[79.465797,15.704012]]]},"properties":{"lp":"554","ac":"0.129"}},{"type":"Feature","geometry":{"type":"Polygon","coordinates":[[[79.465784,15.70386],[79.465636,15.703883],[79.465774,15.704533],[79.465902,15.704415],[79.466015,15.704411],[79.465989,15.703998],[79.465797,15.704012],[79.465784,15.70386]]]},"properties":{"lp":"555","ac":"0.438"}},{"type":"Feature","geometry":{"type":"Polygon","coordinates":[[[79.465561,15.70473],[79.465774,15.704533],[79.465636,15.703883],[79.465565,15.703894],[79.465371,15.703977],[79.465561,15.70473]]]},"properties":{"lp":"556","ac":"0.566"}},{"type":"Feature","geometry":{"type":"Polygon","coordinates":[[[79.465526,15.706632],[79.465572,15.7068],[79.465662,15.706853],[79.465725,15.70686],[79.465932,15.706825],[79.46602,15.706774],[79.466144,15.706827],[79.466076,15.706617],[79.465826,15.705848],[79.465356,15.7059],[79.4654,15.706029],[79.465379,15.706031],[79.465526,15.706632]]]},"properties":{"lp":"518","ac":"1.476"}},{"type":"Feature","geometry":{"type":"Polygon","coordinates":[[[79.466225,15.705065],[79.466571,15.704947],[79.466882,15.704848],[79.466811,15.704412],[79.466517,15.704463],[79.466327,15.7045],[79.466479,15.704717],[79.466143,15.704808],[79.466225,15.705065]]]},"properties":{"lp":"549","ac":"0.805"}},{"type":"Feature","geometry":{"type":"Polygon","coordinates":[[[79.466307,15.703781],[79.464313,15.701737],[79.461904,15.701374],[79.461647,15.701911],[79.462036,15.702121],[79.462289,15.7025],[79.463213,15.702776],[79.463009,15.703519],[79.46262,15.703541],[79.462677,15.704172],[79.46269,15.704734],[79.462808,15.704734],[79.462856,15.704854],[79.463286,15.704758],[79.463384,15.705103],[79.463697,15.705044],[79.463803,15.704906],[79.46409,15.70453],[79.4647,15.704483],[79.465371,15.703977],[79.465565,15.703894],[79.465636,15.703883],[79.465784,15.70386],[79.466074,15.703816],[79.46624,15.703791],[79.466307,15.703781]]]},"properties":{"lp":"557","ac":"24.631"}},{"type":"Feature","geometry":{"type":"Polygon","coordinates":[[[79.464074,15.701195],[79.464313,15.701737],[79.466307,15.703781],[79.466454,15.703815],[79.466724,15.703879],[79.466963,15.703935],[79.46739,15.704036],[79.4676,15.704259],[79.467863,15.70454],[79.467913,15.704594],[79.467943,15.704778],[79.467972,15.704962],[79.468897,15.704303],[79.469091,15.703445],[79.469002,15.70258],[79.468703,15.702935],[79.468303,15.702862],[79.46738,15.702696],[79.467009,15.701658],[79.466986,15.700955],[79.466404,15.701042],[79.466347,15.701048],[79.466398,15.701954],[79.466348,15.701938],[79.465833,15.701777],[79.464826,15.701444],[79.464074,15.701195]]]},"properties":{"lp":"558","ac":"22.775"}},{"type":"Feature","geometry":{"type":"Polygon","coordinates":[[[79.467009,15.701658],[79.46738,15.702696],[79.467512,15.70179],[79.467571,15.701388],[79.46742,15.701416],[79.467333,15.701676],[79.467009,15.701658]]]},"properties":{"lp":"559","ac":"0.912"}},{"type":"Feature","geometry":{"type":"Polygon","coordinates":[[[79.466986,15.700955],[79.467009,15.701658],[79.467333,15.701676],[79.46742,15.701416],[79.467571,15.701388],[79.467512,15.70179],[79.468082,15.701688],[79.467914,15.700798],[79.467399,15.700885],[79.466986,15.700955]]]},"properties":{"lp":"560","ac":"2.321"}},{"type":"Feature","geometry":{"type":"Polygon","coordinates":[[[79.46738,15.702696],[79.468303,15.702862],[79.468082,15.701688],[79.467512,15.70179],[79.46738,15.702696]]]},"properties":{"lp":"561","ac":"2.271"}},{"type":"Feature","geometry":{"type":"Polygon","coordinates":[[[79.468303,15.702862],[79.468703,15.702935],[79.469002,15.70258],[79.468411,15.700714],[79.468135,15.700761],[79.467914,15.700798],[79.468082,15.701688],[79.468303,15.702862]]]},"properties":{"lp":"562","ac":"3.948"}},{"type":"Feature","geometry":{"type":"Polygon","coordinates":[[[79.468968,15.699954],[79.468695,15.700048],[79.46855,15.700112],[79.468698,15.700675],[79.468411,15.700714],[79.469002,15.70258],[79.469091,15.703445],[79.469633,15.703919],[79.4695,15.702466],[79.469369,15.701734],[79.469108,15.700616],[79.468968,15.699954]]]},"properties":{"lp":"563","ac":"5.971"}},{"type":"Feature","geometry":{"type":"Polygon","coordinates":[[[79.469286,15.699845],[79.468968,15.699954],[79.469108,15.700616],[79.469604,15.700462],[79.46957,15.700315],[79.469471,15.699883],[79.469286,15.699845]]]},"properties":{"lp":"564","ac":"0.999"}},{"type":"Feature","geometry":{"type":"Polygon","coordinates":[[[79.469108,15.700616],[79.469369,15.701734],[79.469878,15.701633],[79.469875,15.701619],[79.469687,15.700821],[79.469604,15.700462],[79.469108,15.700616]]]},"properties":{"lp":"565","ac":"1.782"}},{"type":"Feature","geometry":{"type":"Polygon","coordinates":[[[79.469946,15.702365],[79.4695,15.702466],[79.469633,15.703919],[79.469908,15.704161],[79.470068,15.704126],[79.469946,15.702365]]]},"properties":{"lp":"566","ac":"2.126"}},{"type":"Feature","geometry":{"type":"Polygon","coordinates":[[[79.470068,15.704126],[79.47009,15.704121],[79.470295,15.704077],[79.47077,15.70189],[79.47017,15.701988],[79.469946,15.702365],[79.470068,15.704126]]]},"properties":{"lp":"567","ac":"3.207"}},{"type":"Feature","geometry":{"type":"Polygon","coordinates":[[[79.47077,15.70189],[79.470295,15.704077],[79.470352,15.704065],[79.470552,15.703173],[79.470664,15.702646],[79.47068,15.702569],[79.470826,15.701881],[79.47077,15.70189]]]},"properties":{"lp":"568","ac":"0.367"}},{"type":"Feature","geometry":{"type":"Polygon","coordinates":[[[79.470352,15.704065],[79.470678,15.703995],[79.470552,15.703173],[79.470352,15.704065]]]},"properties":{"lp":"569","ac":"0.405"}},{"type":"Feature","geometry":{"type":"Polygon","coordinates":[[[79.468897,15.704303],[79.46999,15.70467],[79.47009,15.704121],[79.470068,15.704126],[79.469908,15.704161],[79.469633,15.703919],[79.469091,15.703445],[79.468897,15.704303]]]},"properties":{"lp":"570","ac":"2.144"}},{"type":"Feature","geometry":{"type":"Polygon","coordinates":[[[79.46999,15.70467],[79.471256,15.705095],[79.471141,15.703918],[79.470678,15.703995],[79.470352,15.704065],[79.470295,15.704077],[79.47009,15.704121],[79.46999,15.70467]]]},"properties":{"lp":"571","ac":"2.948"}},{"type":"Feature","geometry":{"type":"Polygon","coordinates":[[[79.471256,15.705095],[79.471938,15.705325],[79.471701,15.703826],[79.471141,15.703918],[79.471256,15.705095]]]},"properties":{"lp":"572","ac":"2.398"}},{"type":"Feature","geometry":{"type":"Polygon","coordinates":[[[79.471938,15.705325],[79.472256,15.705431],[79.471994,15.704583],[79.472017,15.703774],[79.471701,15.703826],[79.471938,15.705325]]]},"properties":{"lp":"573","ac":"1.108"}},{"type":"Feature","geometry":{"type":"Polygon","coordinates":[[[79.470678,15.703995],[79.471141,15.703918],[79.471701,15.703826],[79.472017,15.703774],[79.471938,15.70343],[79.471715,15.702454],[79.470664,15.702646],[79.470552,15.703173],[79.470678,15.703995]]]},"properties":{"lp":"574","ac":"5.002"}},{"type":"Feature","geometry":{"type":"Polygon","coordinates":[[[79.470664,15.702646],[79.471715,15.702454],[79.471698,15.702378],[79.47068,15.702569],[79.470664,15.702646]]]},"properties":{"lp":"575","ac":"0.231"}},{"type":"Feature","geometry":{"type":"Polygon","coordinates":[[[79.47068,15.702569],[79.471698,15.702378],[79.471653,15.702181],[79.471279,15.702255],[79.471203,15.701815],[79.470826,15.701881],[79.47068,15.702569]]]},"properties":{"lp":"576","ac":"1.2"}},{"type":"Feature","geometry":{"type":"Polygon","coordinates":[[[79.472017,15.703774],[79.473448,15.703563],[79.473375,15.703193],[79.471938,15.70343],[79.472017,15.703774]]]},"properties":{"lp":"577","ac":"1.55"}},{"type":"Feature","geometry":{"type":"Polygon","coordinates":[[[79.471938,15.70343],[79.473375,15.703193],[79.473227,15.702438],[79.473127,15.70189],[79.471653,15.702181],[79.471698,15.702378],[79.471715,15.702454],[79.471938,15.70343]]]},"properties":{"lp":"578","ac":"5.637"}},{"type":"Feature","geometry":{"type":"Polygon","coordinates":[[[79.471279,15.702255],[79.471653,15.702181],[79.473127,15.70189],[79.472979,15.701126],[79.472116,15.701309],[79.471154,15.701512],[79.471203,15.701815],[79.471279,15.702255]]]},"properties":{"lp":"579","ac":"4.21"}},{"type":"Feature","geometry":{"type":"Polygon","coordinates":[[[79.472116,15.701309],[79.472979,15.701126],[79.472896,15.700697],[79.472018,15.700877],[79.472116,15.701309]]]},"properties":{"lp":"580","ac":"1.145"}},{"type":"Feature","geometry":{"type":"Polygon","coordinates":[[[79.472018,15.700877],[79.472896,15.700697],[79.472832,15.700367],[79.472108,15.700531],[79.471948,15.700567],[79.472018,15.700877]]]},"properties":{"lp":"581","ac":"0.864"}},{"type":"Feature","geometry":{"type":"Polygon","coordinates":[[[79.471081,15.701069],[79.472018,15.700877],[79.471948,15.700567],[79.471187,15.700739],[79.471133,15.700751],[79.471033,15.700774],[79.471081,15.701069]]]},"properties":{"lp":"582","ac":"0.856"}},{"type":"Feature","geometry":{"type":"Polygon","coordinates":[[[79.471154,15.701512],[79.472116,15.701309],[79.472018,15.700877],[79.471081,15.701069],[79.471107,15.701226],[79.471154,15.701512]]]},"properties":{"lp":"583","ac":"1.266"}},{"type":"Feature","geometry":{"type":"Polygon","coordinates":[[[79.469924,15.701828],[79.471154,15.701512],[79.471107,15.701226],[79.469875,15.701619],[79.469878,15.701633],[79.469924,15.701828]]]},"properties":{"lp":"585","ac":"0.941"}},{"type":"Feature","geometry":{"type":"Polygon","coordinates":[[[79.469875,15.701619],[79.471107,15.701226],[79.471081,15.701069],[79.471033,15.700774],[79.470963,15.700445],[79.470632,15.700543],[79.469687,15.700821],[79.469875,15.701619]]]},"properties":{"lp":"586","ac":"3.1"}},{"type":"Feature","geometry":{"type":"Polygon","coordinates":[[[79.46997,15.702021],[79.47017,15.701988],[79.47077,15.70189],[79.470826,15.701881],[79.471203,15.701815],[79.471154,15.701512],[79.469924,15.701828],[79.46997,15.702021]]]},"properties":{"lp":"584","ac":"0.937"}},{"type":"Feature","geometry":{"type":"Polygon","coordinates":[[[79.469687,15.700821],[79.470632,15.700543],[79.470523,15.700152],[79.470248,15.700081],[79.46957,15.700315],[79.469604,15.700462],[79.469687,15.700821]]]},"properties":{"lp":"587","ac":"1.485"}},{"type":"Feature","geometry":{"type":"Polygon","coordinates":[[[79.470523,15.700152],[79.470632,15.700543],[79.470963,15.700445],[79.471033,15.700774],[79.471133,15.700751],[79.471321,15.700356],[79.470523,15.700152]]]},"properties":{"lp":"590","ac":"0.65"}},{"type":"Feature","geometry":{"type":"Polygon","coordinates":[[[79.469471,15.699883],[79.46957,15.700315],[79.470248,15.700081],[79.469471,15.699883]]]},"properties":{"lp":"588","ac":"0.463"}},{"type":"Feature","geometry":{"type":"Polygon","coordinates":[[[79.469471,15.699883],[79.470248,15.700081],[79.470523,15.700152],[79.471321,15.700356],[79.471369,15.700364],[79.472095,15.700483],[79.472832,15.700367],[79.472812,15.700284],[79.472069,15.700385],[79.471413,15.700273],[79.471371,15.700266],[79.47044,15.700018],[79.469501,15.699768],[79.469449,15.699789],[79.469471,15.699883]]]},"properties":{"lp":"589","ac":"1.036"}},{"type":"Feature","geometry":{"type":"Polygon","coordinates":[[[79.471133,15.700751],[79.471187,15.700739],[79.471369,15.700364],[79.471321,15.700356],[79.471133,15.700751]]]},"properties":{"lp":"591","ac":"0.057"}},{"type":"Feature","geometry":{"type":"Polygon","coordinates":[[[79.471187,15.700739],[79.471948,15.700567],[79.472108,15.700531],[79.472095,15.700483],[79.471369,15.700364],[79.471187,15.700739]]]},"properties":{"lp":"592","ac":"0.499"}},{"type":"Feature","geometry":{"type":"Polygon","coordinates":[[[79.472108,15.700531],[79.472832,15.700367],[79.472095,15.700483],[79.472108,15.700531]]]},"properties":{"lp":"593","ac":"0.054"}},{"type":"Feature","geometry":{"type":"Polygon","coordinates":[[[79.472069,15.700385],[79.472812,15.700284],[79.472794,15.700206],[79.472575,15.699893],[79.471903,15.699258],[79.471821,15.699427],[79.472069,15.700385]]]},"properties":{"lp":"594","ac":"1.61"}},{"type":"Feature","geometry":{"type":"Polygon","coordinates":[[[79.471821,15.699427],[79.471741,15.699593],[79.472069,15.700385],[79.471821,15.699427]]]},"properties":{"lp":"595","ac":"0.173"}},{"type":"Feature","geometry":{"type":"Polygon","coordinates":[[[79.471413,15.700273],[79.472069,15.700385],[79.471741,15.699593],[79.471413,15.700273]]]},"properties":{"lp":"596","ac":"0.707"}},{"type":"Feature","geometry":{"type":"Polygon","coordinates":[[[79.471871,15.699227],[79.471693,15.699596],[79.471371,15.700266],[79.471413,15.700273],[79.471741,15.699593],[79.471821,15.699427],[79.471903,15.699258],[79.471871,15.699227]]]},"properties":{"lp":"597","ac":"0.138"}},{"type":"Feature","geometry":{"type":"Polygon","coordinates":[[[79.47044,15.700018],[79.471371,15.700266],[79.471693,15.699596],[79.47044,15.700018]]]},"properties":{"lp":"598","ac":"1.03"}},{"type":"Feature","geometry":{"type":"Polygon","coordinates":[[[79.47044,15.700018],[79.471693,15.699596],[79.471871,15.699227],[79.471659,15.699027],[79.470325,15.699481],[79.469579,15.699736],[79.469501,15.699768],[79.47044,15.700018]]]},"properties":{"lp":"599","ac":"3.061"}},{"type":"Feature","geometry":{"type":"Polygon","coordinates":[[[79.47026,15.699279],[79.471448,15.698791],[79.471399,15.698736],[79.471246,15.698582],[79.470171,15.699001],[79.47026,15.699279]]]},"properties":{"lp":"601","ac":"1.0"}},{"type":"Feature","geometry":{"type":"Polygon","coordinates":[[[79.470171,15.699001],[79.471246,15.698582],[79.471172,15.698508],[79.471064,15.698345],[79.470878,15.698064],[79.469984,15.698419],[79.470171,15.699001]]]},"properties":{"lp":"602","ac":"1.886"}},{"type":"Feature","geometry":{"type":"Polygon","coordinates":[[[79.469984,15.698419],[79.470878,15.698064],[79.470585,15.697619],[79.469903,15.697423],[79.469612,15.697258],[79.469984,15.698419]]]},"properties":{"lp":"603","ac":"2.111"}},{"type":"Feature","geometry":{"type":"Polygon","coordinates":[[[79.469579,15.699736],[79.470325,15.699481],[79.47026,15.699279],[79.470171,15.699001],[79.469984,15.698419],[79.469612,15.697258],[79.468645,15.696712],[79.469247,15.698652],[79.469579,15.699736]]]},"properties":{"lp":"604","ac":"6.222"}},{"type":"Feature","geometry":{"type":"Polygon","coordinates":[[[79.468695,15.700048],[79.468968,15.699954],[79.469286,15.699845],[79.468579,15.69959],[79.468695,15.700048]]]},"properties":{"lp":"605","ac":"0.431"}},{"type":"Feature","geometry":{"type":"Polygon","coordinates":[[[79.468579,15.69959],[79.469286,15.699845],[79.469471,15.699883],[79.469449,15.699789],[79.469501,15.699768],[79.468538,15.699429],[79.468552,15.699481],[79.468579,15.69959]]]},"properties":{"lp":"606","ac":"0.393"}},{"type":"Feature","geometry":{"type":"Polygon","coordinates":[[[79.468379,15.698922],[79.468538,15.699429],[79.469501,15.699768],[79.469579,15.699736],[79.469247,15.698652],[79.468408,15.698913],[79.468379,15.698922]]]},"properties":{"lp":"607","ac":"2.294"}},{"type":"Feature","geometry":{"type":"Polygon","coordinates":[[[79.466976,15.696762],[79.467437,15.698473],[79.467593,15.699102],[79.468369,15.698886],[79.468379,15.698922],[79.468408,15.698913],[79.46776,15.696593],[79.466976,15.696762]]]},"properties":{"lp":"608","ac":"5.72"}},{"type":"Feature","geometry":{"type":"Polygon","coordinates":[[[79.468369,15.698886],[79.467593,15.699102],[79.467644,15.699304],[79.468102,15.699538],[79.468538,15.699429],[79.468379,15.698922],[79.468369,15.698886]]]},"properties":{"lp":"609","ac":"1.147"}},{"type":"Feature","geometry":{"type":"Polygon","coordinates":[[[79.468579,15.69959],[79.468552,15.699481],[79.468538,15.699429],[79.468102,15.699538],[79.467644,15.699304],[79.46769,15.699489],[79.467978,15.699633],[79.468105,15.699667],[79.468579,15.69959]]]},"properties":{"lp":"610","ac":"0.398"}},{"type":"Feature","geometry":{"type":"Polygon","coordinates":[[[79.467978,15.699633],[79.46769,15.699489],[79.467742,15.699696],[79.467887,15.699657],[79.467978,15.699633]]]},"properties":{"lp":"611","ac":"0.076"}},{"type":"Feature","geometry":{"type":"Polygon","coordinates":[[[79.468135,15.700761],[79.468411,15.700714],[79.468698,15.700675],[79.46855,15.700112],[79.468695,15.700048],[79.468579,15.69959],[79.468105,15.699667],[79.467978,15.699633],[79.467887,15.699657],[79.468135,15.700761]]]},"properties":{"lp":"612","ac":"2.0"}},{"type":"Feature","geometry":{"type":"Polygon","coordinates":[[[79.468135,15.700761],[79.467887,15.699657],[79.467742,15.699696],[79.467313,15.699828],[79.467186,15.699867],[79.467399,15.700885],[79.467914,15.700798],[79.468135,15.700761]]]},"properties":{"lp":"613","ac":"2.35"}},{"type":"Feature","geometry":{"type":"Polygon","coordinates":[[[79.467399,15.700885],[79.467186,15.699867],[79.466905,15.699954],[79.466216,15.700169],[79.466404,15.701042],[79.466986,15.700955],[79.467399,15.700885]]]},"properties":{"lp":"614","ac":"2.865"}},{"type":"Feature","geometry":{"type":"Polygon","coordinates":[[[79.466216,15.700169],[79.466905,15.699954],[79.466571,15.698921],[79.466351,15.698825],[79.465958,15.698905],[79.466042,15.69936],[79.466216,15.700169]]]},"properties":{"lp":"615","ac":"2.374"}},{"type":"Feature","geometry":{"type":"Polygon","coordinates":[[[79.466905,15.699954],[79.467186,15.699867],[79.467313,15.699828],[79.467139,15.699209],[79.466571,15.698921],[79.466905,15.699954]]]},"properties":{"lp":"616","ac":"1.12"}},{"type":"Feature","geometry":{"type":"Polygon","coordinates":[[[79.467313,15.699828],[79.467742,15.699696],[79.46769,15.699489],[79.467139,15.699209],[79.467313,15.699828]]]},"properties":{"lp":"617","ac":"0.569"}},{"type":"Feature","geometry":{"type":"Polygon","coordinates":[[[79.46769,15.699489],[79.467644,15.699304],[79.467113,15.699045],[79.466611,15.698801],[79.466497,15.698759],[79.465921,15.698543],[79.465857,15.698519],[79.465892,15.698652],[79.466351,15.698825],[79.466571,15.698921],[79.467139,15.699209],[79.46769,15.699489]]]},"properties":{"lp":"618","ac":"0.735"}},{"type":"Feature","geometry":{"type":"Polygon","coordinates":[[[79.465958,15.698905],[79.466351,15.698825],[79.465892,15.698652],[79.465958,15.698905]]]},"properties":{"lp":"619","ac":"0.154"}},{"type":"Feature","geometry":{"type":"Polygon","coordinates":[[[79.465857,15.698519],[79.465921,15.698543],[79.465606,15.697139],[79.465607,15.697243],[79.465706,15.697945],[79.465857,15.698519]]]},"properties":{"lp":"624","ac":"0.229"}},{"type":"Feature","geometry":{"type":"Polygon","coordinates":[[[79.465606,15.697139],[79.465921,15.698543],[79.466497,15.698759],[79.46685,15.698651],[79.466362,15.696906],[79.465593,15.697086],[79.465606,15.697139]]]},"properties":{"lp":"623","ac":"4.227"}},{"type":"Feature","geometry":{"type":"Polygon","coordinates":[[[79.466497,15.698759],[79.466611,15.698801],[79.467113,15.699045],[79.466985,15.69861],[79.46685,15.698651],[79.466497,15.698759]]]},"properties":{"lp":"621","ac":"0.33"}},{"type":"Feature","geometry":{"type":"Polygon","coordinates":[[[79.466985,15.69861],[79.467113,15.699045],[79.467644,15.699304],[79.467593,15.699102],[79.467437,15.698473],[79.467234,15.698535],[79.467039,15.698594],[79.466985,15.69861]]]},"properties":{"lp":"620","ac":"0.882"}},{"type":"Feature","geometry":{"type":"Polygon","coordinates":[[[79.46685,15.698651],[79.466985,15.69861],[79.467039,15.698594],[79.46657,15.696857],[79.466362,15.696906],[79.46685,15.698651]]]},"properties":{"lp":"622","ac":"1.088"}},{"type":"Feature","geometry":{"type":"Polygon","coordinates":[[[79.465517,15.697258],[79.465799,15.698529],[79.465857,15.698519],[79.465706,15.697945],[79.465607,15.697243],[79.465517,15.697258]]]},"properties":{"lp":"625","ac":"0.215"}},{"type":"Feature","geometry":{"type":"Polygon","coordinates":[[[79.470325,15.699481],[79.471659,15.699027],[79.471448,15.698791],[79.47026,15.699279],[79.470325,15.699481]]]},"properties":{"lp":"600","ac":"1.0"}},{"type":"Feature","geometry":{"type":"Polygon","coordinates":[[[79.465799,15.698529],[79.465517,15.697258],[79.4639,15.697535],[79.46412,15.69818],[79.465172,15.698257],[79.465685,15.698472],[79.465799,15.698529]]]},"properties":{"lp":"626","ac":"4.243"}},{"type":"Feature","geometry":{"type":"Polygon","coordinates":[[[79.465892,15.698652],[79.465857,15.698519],[79.465799,15.698529],[79.465685,15.698472],[79.465172,15.698257],[79.46412,15.69818],[79.464168,15.698323],[79.464714,15.698354],[79.465057,15.698366],[79.465659,15.698587],[79.465713,15.698609],[79.465826,15.698654],[79.465892,15.698652]]]},"properties":{"lp":"627","ac":"0.672"}},{"type":"Feature","geometry":{"type":"Polygon","coordinates":[[[79.464168,15.698323],[79.464197,15.698407],[79.464211,15.698457],[79.464714,15.698354],[79.464168,15.698323]]]},"properties":{"lp":"628","ac":"0.105"}},{"type":"Feature","geometry":{"type":"Polygon","coordinates":[[[79.464714,15.698354],[79.464993,15.699575],[79.465085,15.699976],[79.465211,15.699701],[79.46525,15.699523],[79.465573,15.69899],[79.465713,15.698609],[79.465659,15.698587],[79.465057,15.698366],[79.464714,15.698354]]]},"properties":{"lp":"629","ac":"2.35"}},{"type":"Feature","geometry":{"type":"Polygon","coordinates":[[[79.465713,15.698609],[79.465573,15.69899],[79.46525,15.699523],[79.465211,15.699701],[79.466034,15.699594],[79.465986,15.699371],[79.465826,15.698654],[79.465713,15.698609]]]},"properties":{"lp":"630","ac":"1.379"}},{"type":"Feature","geometry":{"type":"Polygon","coordinates":[[[79.465085,15.699976],[79.465258,15.700731],[79.465608,15.700646],[79.465627,15.700742],[79.466245,15.700647],[79.46626,15.700644],[79.466034,15.699594],[79.465211,15.699701],[79.465085,15.699976]]]},"properties":{"lp":"633","ac":"3.04"}},{"type":"Feature","geometry":{"type":"Polygon","coordinates":[[[79.46626,15.700644],[79.466245,15.700647],[79.466328,15.701048],[79.466348,15.701938],[79.466398,15.701954],[79.466347,15.701048],[79.46626,15.700644]]]},"properties":{"lp":"634","ac":"0.111"}},{"type":"Feature","geometry":{"type":"Polygon","coordinates":[[[79.465627,15.700742],[79.465833,15.701777],[79.466348,15.701938],[79.466328,15.701048],[79.466245,15.700647],[79.465627,15.700742]]]},"properties":{"lp":"635","ac":"2.013"}},{"type":"Feature","geometry":{"type":"Polygon","coordinates":[[[79.465833,15.701777],[79.465627,15.700742],[79.465608,15.700646],[79.465258,15.700731],[79.464911,15.700736],[79.464855,15.70121],[79.464826,15.701444],[79.465833,15.701777]]]},"properties":{"lp":"636","ac":"2.229"}},{"type":"Feature","geometry":{"type":"Polygon","coordinates":[[[79.464826,15.701444],[79.464855,15.70121],[79.464398,15.701155],[79.464498,15.700471],[79.464011,15.700892],[79.464074,15.701195],[79.464826,15.701444]]]},"properties":{"lp":"637","ac":"0.895"}},{"type":"Feature","geometry":{"type":"Polygon","coordinates":[[[79.464398,15.701155],[79.464855,15.70121],[79.464911,15.700736],[79.464888,15.700382],[79.464487,15.70044],[79.464498,15.700471],[79.464398,15.701155]]]},"properties":{"lp":"638","ac":"1.0"}},{"type":"Feature","geometry":{"type":"Polygon","coordinates":[[[79.464487,15.70044],[79.464888,15.700382],[79.464911,15.700736],[79.465258,15.700731],[79.465085,15.699976],[79.464993,15.699575],[79.464714,15.698354],[79.464211,15.698457],[79.464197,15.698407],[79.464075,15.69843],[79.463953,15.699186],[79.464098,15.699314],[79.464487,15.70044]]]},"properties":{"lp":"639","ac":"4.941"}},{"type":"Feature","geometry":{"type":"Polygon","coordinates":[[[79.464075,15.69843],[79.464197,15.698407],[79.464168,15.698323],[79.46412,15.69818],[79.463885,15.698207],[79.463896,15.698324],[79.464075,15.69843]]]},"properties":{"lp":"640","ac":"0.156"}},{"type":"Feature","geometry":{"type":"Polygon","coordinates":[[[79.46412,15.69818],[79.4639,15.697535],[79.463921,15.697358],[79.463808,15.697384],[79.463885,15.698207],[79.46412,15.69818]]]},"properties":{"lp":"641","ac":"0.353"}},{"type":"Feature","geometry":{"type":"Polygon","coordinates":[[[79.463885,15.698207],[79.463808,15.697384],[79.46206,15.69779],[79.461823,15.697845],[79.461946,15.698205],[79.462301,15.698387],[79.463885,15.698207]]]},"properties":{"lp":"642","ac":"3.985"}},{"type":"Feature","geometry":{"type":"Polygon","coordinates":[[[79.461946,15.698205],[79.461991,15.698339],[79.462078,15.698593],[79.46296,15.698463],[79.463896,15.698324],[79.463885,15.698207],[79.462301,15.698387],[79.461946,15.698205]]]},"properties":{"lp":"643","ac":"0.902"}},{"type":"Feature","geometry":{"type":"Polygon","coordinates":[[[79.462276,15.699886],[79.462589,15.699789],[79.46242,15.699109],[79.46214,15.699445],[79.462177,15.699587],[79.462276,15.699886]]]},"properties":{"lp":"648","ac":"0.588"}},{"type":"Feature","geometry":{"type":"Polygon","coordinates":[[[79.46296,15.698463],[79.462078,15.698593],[79.461971,15.69943],[79.46214,15.699445],[79.46242,15.699109],[79.46296,15.698463]]]},"properties":{"lp":"649","ac":"1.323"}},{"type":"Feature","geometry":{"type":"Polygon","coordinates":[[[79.461945,15.699632],[79.462177,15.699587],[79.46214,15.699445],[79.461971,15.69943],[79.461945,15.699632]]]},"properties":{"lp":"650","ac":"0.101"}},{"type":"Feature","geometry":{"type":"Polygon","coordinates":[[[79.461945,15.699632],[79.461937,15.699702],[79.462001,15.699948],[79.462253,15.699903],[79.462276,15.699886],[79.462177,15.699587],[79.461945,15.699632]]]},"properties":{"lp":"651","ac":"0.254"}},{"type":"Feature","geometry":{"type":"Polygon","coordinates":[[[79.462068,15.700204],[79.462577,15.700177],[79.462589,15.699789],[79.462276,15.699886],[79.462253,15.699903],[79.462001,15.699948],[79.462068,15.700204]]]},"properties":{"lp":"652","ac":"0.51"}},{"type":"Feature","geometry":{"type":"Polygon","coordinates":[[[79.462176,15.700616],[79.46241,15.70064],[79.462566,15.700542],[79.462577,15.700177],[79.462068,15.700204],[79.462176,15.700616]]]},"properties":{"lp":"653","ac":"0.557"}},{"type":"Feature","geometry":{"type":"Polygon","coordinates":[[[79.462589,15.699789],[79.462577,15.700177],[79.462566,15.700542],[79.462675,15.700473],[79.462846,15.700436],[79.46269,15.699757],[79.462589,15.699789]]]},"properties":{"lp":"654","ac":"0.402"}},{"type":"Feature","geometry":{"type":"Polygon","coordinates":[[[79.462846,15.700436],[79.463053,15.700391],[79.46288,15.699699],[79.46269,15.699757],[79.462846,15.700436]]]},"properties":{"lp":"655","ac":"0.423"}},{"type":"Feature","geometry":{"type":"Polygon","coordinates":[[[79.463514,15.700818],[79.463208,15.700357],[79.463053,15.700391],[79.462846,15.700436],[79.462675,15.700473],[79.46271,15.70082],[79.462996,15.700741],[79.463095,15.700887],[79.463514,15.700818]]]},"properties":{"lp":"657","ac":"0.829"}},{"type":"Feature","geometry":{"type":"Polygon","coordinates":[[[79.462413,15.700832],[79.46271,15.70082],[79.462675,15.700473],[79.462566,15.700542],[79.46241,15.70064],[79.462413,15.700832]]]},"properties":{"lp":"658","ac":"0.227"}},{"type":"Feature","geometry":{"type":"Polygon","coordinates":[[[79.462415,15.700962],[79.462726,15.700974],[79.46271,15.70082],[79.462413,15.700832],[79.462415,15.700962]]]},"properties":{"lp":"659","ac":"0.127"}},{"type":"Feature","geometry":{"type":"Polygon","coordinates":[[[79.462726,15.700974],[79.46347,15.701004],[79.463789,15.701105],[79.464074,15.701195],[79.464011,15.700892],[79.464498,15.700471],[79.464243,15.700595],[79.464004,15.700711],[79.463924,15.70075],[79.463748,15.700779],[79.463514,15.700818],[79.463095,15.700887],[79.462996,15.700741],[79.46271,15.70082],[79.462726,15.700974]]]},"properties":{"lp":"660","ac":"1.019"}},{"type":"Feature","geometry":{"type":"Polygon","coordinates":[[[79.461904,15.701374],[79.464313,15.701737],[79.464074,15.701195],[79.463789,15.701105],[79.46347,15.701004],[79.462726,15.700974],[79.462415,15.700962],[79.462413,15.700832],[79.46241,15.70064],[79.462176,15.700616],[79.461904,15.701374]]]},"properties":{"lp":"661","ac":"3.733"}},{"type":"Feature","geometry":{"type":"Polygon","coordinates":[[[79.459624,15.699866],[79.460096,15.700746],[79.460734,15.700968],[79.46131,15.701168],[79.461904,15.701374],[79.462176,15.700616],[79.461739,15.700524],[79.461246,15.70042],[79.460614,15.700163],[79.46035,15.700032],[79.460049,15.699882],[79.459784,15.69988],[79.459624,15.699866]]]},"properties":{"lp":"662","ac":"4.995"}},{"type":"Feature","geometry":{"type":"Polygon","coordinates":[[[79.459784,15.69988],[79.460049,15.699882],[79.460065,15.699579],[79.459836,15.699432],[79.459784,15.69988]]]},"properties":{"lp":"663","ac":"0.279"}},{"type":"Feature","geometry":{"type":"Polygon","coordinates":[[[79.459836,15.699432],[79.460065,15.699579],[79.460049,15.699882],[79.46035,15.700032],[79.460365,15.699945],[79.460572,15.699994],[79.460813,15.699502],[79.460847,15.699433],[79.460205,15.699442],[79.460271,15.698988],[79.459882,15.699035],[79.459836,15.699432]]]},"properties":{"lp":"664","ac":"1.529"}},{"type":"Feature","geometry":{"type":"Polygon","coordinates":[[[79.46035,15.700032],[79.460614,15.700163],[79.460572,15.699994],[79.460365,15.699945],[79.46035,15.700032]]]},"properties":{"lp":"665","ac":"0.085"}},{"type":"Feature","geometry":{"type":"Polygon","coordinates":[[[79.460271,15.698988],[79.460205,15.699442],[79.460847,15.699433],[79.460991,15.699141],[79.461009,15.698898],[79.460271,15.698988]]]},"properties":{"lp":"667","ac":"1.027"}},{"type":"Feature","geometry":{"type":"Polygon","coordinates":[[[79.460614,15.700163],[79.461246,15.70042],[79.461739,15.700524],[79.461646,15.699826],[79.460813,15.699502],[79.460572,15.699994],[79.460614,15.700163]]]},"properties":{"lp":"666","ac":"2.183"}},{"type":"Feature","geometry":{"type":"Polygon","coordinates":[[[79.460813,15.699502],[79.461646,15.699826],[79.461514,15.698836],[79.461009,15.698898],[79.460991,15.699141],[79.460847,15.699433],[79.460813,15.699502]]]},"properties":{"lp":"668","ac":"1.52"}},{"type":"Feature","geometry":{"type":"Polygon","coordinates":[[[79.461514,15.698836],[79.461646,15.699826],[79.461739,15.700524],[79.462176,15.700616],[79.462068,15.700204],[79.462001,15.699948],[79.461937,15.699702],[79.461945,15.699632],[79.461971,15.69943],[79.462078,15.698593],[79.461514,15.698836]]]},"properties":{"lp":"669","ac":"2.18"}},{"type":"Feature","geometry":{"type":"Polygon","coordinates":[[[79.461514,15.698836],[79.462078,15.698593],[79.461991,15.698339],[79.461351,15.6982],[79.461514,15.698836]]]},"properties":{"lp":"670","ac":"0.804"}},{"type":"Feature","geometry":{"type":"Polygon","coordinates":[[[79.459795,15.698649],[79.461351,15.6982],[79.461991,15.698339],[79.461946,15.698205],[79.461305,15.698055],[79.460583,15.698269],[79.459763,15.698512],[79.459795,15.698649]]]},"properties":{"lp":"672","ac":"0.936"}},{"type":"Feature","geometry":{"type":"Polygon","coordinates":[[[79.461305,15.698055],[79.461946,15.698205],[79.461823,15.697845],[79.461289,15.697968],[79.461305,15.698055]]]},"properties":{"lp":"673","ac":"0.382"}},{"type":"Feature","geometry":{"type":"Polygon","coordinates":[[[79.459711,15.69829],[79.460557,15.698116],[79.461289,15.697968],[79.461823,15.697845],[79.461837,15.697545],[79.461845,15.697371],[79.461865,15.696942],[79.461881,15.696592],[79.461767,15.69678],[79.460543,15.697224],[79.459982,15.697364],[79.459642,15.698012],[79.459711,15.69829]]]},"properties":{"lp":"675","ac":"5.836"}},{"type":"Feature","geometry":{"type":"Polygon","coordinates":[[[79.461823,15.697845],[79.46206,15.69779],[79.461976,15.697554],[79.461837,15.697545],[79.461823,15.697845]]]},"properties":{"lp":"676","ac":"0.15"}},{"type":"Feature","geometry":{"type":"Polygon","coordinates":[[[79.46206,15.69779],[79.463808,15.697384],[79.463921,15.697358],[79.463878,15.697065],[79.46387,15.69701],[79.461845,15.697371],[79.461837,15.697545],[79.461976,15.697554],[79.46206,15.69779]]]},"properties":{"lp":"677","ac":"2.35"}},{"type":"Feature","geometry":{"type":"Polygon","coordinates":[[[79.461845,15.697371],[79.46387,15.69701],[79.463843,15.696822],[79.463814,15.696625],[79.461865,15.696942],[79.461845,15.697371]]]},"properties":{"lp":"678","ac":"2.389"}},{"type":"Feature","geometry":{"type":"Polygon","coordinates":[[[79.461865,15.696942],[79.463814,15.696625],[79.46381,15.696595],[79.463777,15.696373],[79.463768,15.69631],[79.463456,15.69635],[79.462855,15.696426],[79.462477,15.69649],[79.461881,15.696592],[79.461865,15.696942]]]},"properties":{"lp":"679","ac":"1.939"}},{"type":"Feature","geometry":{"type":"Polygon","coordinates":[[[79.4639,15.697535],[79.465517,15.697258],[79.465476,15.69708],[79.463921,15.697358],[79.4639,15.697535]]]},"properties":{"lp":"681","ac":"0.833"}},{"type":"Feature","geometry":{"type":"Polygon","coordinates":[[[79.465517,15.697258],[79.465607,15.697243],[79.465606,15.697139],[79.465593,15.697086],[79.465502,15.696719],[79.465346,15.696089],[79.465211,15.695542],[79.465134,15.695556],[79.465266,15.696143],[79.465311,15.696342],[79.465368,15.696597],[79.46542,15.69683],[79.465476,15.69708],[79.465517,15.697258]]]},"properties":{"lp":"682","ac":"0.49"}},{"type":"Feature","geometry":{"type":"Polygon","coordinates":[[[79.466962,15.696765],[79.466976,15.696762],[79.46776,15.696593],[79.468238,15.69649],[79.467487,15.696047],[79.466744,15.695879],[79.466875,15.696414],[79.466962,15.696765]]]},"properties":{"lp":"684","ac":"2.042"}},{"type":"Feature","geometry":{"type":"Polygon","coordinates":[[[79.465346,15.696089],[79.466744,15.695879],[79.4665,15.695823],[79.465338,15.69557],[79.465346,15.696089]]]},"properties":{"lp":"685","ac":"1.07"}},{"type":"Feature","geometry":{"type":"Polygon","coordinates":[[[79.465346,15.696089],[79.465338,15.69557],[79.465211,15.695542],[79.465346,15.696089]]]},"properties":{"lp":"687","ac":"0.097"}},{"type":"Feature","geometry":{"type":"Polygon","coordinates":[[[79.465338,15.69557],[79.4665,15.695823],[79.465562,15.695314],[79.465334,15.695254],[79.465209,15.695221],[79.465211,15.695542],[79.465338,15.69557]]]},"properties":{"lp":"686","ac":"0.741"}},{"type":"Feature","geometry":{"type":"Polygon","coordinates":[[[79.465134,15.695556],[79.465211,15.695542],[79.465209,15.695221],[79.465029,15.695241],[79.465134,15.695556]]]},"properties":{"lp":"688","ac":"0.122"}},{"type":"Feature","geometry":{"type":"Polygon","coordinates":[[[79.463724,15.695772],[79.465134,15.695556],[79.465029,15.695241],[79.464032,15.694837],[79.46392,15.695177],[79.463724,15.695772]]]},"properties":{"lp":"689","ac":"2.231"}},{"type":"Feature","geometry":{"type":"Polygon","coordinates":[[[79.46392,15.695177],[79.464032,15.694837],[79.463658,15.694686],[79.463476,15.694567],[79.463642,15.695215],[79.46392,15.695177]]]},"properties":{"lp":"690","ac":"0.569"}},{"type":"Feature","geometry":{"type":"Polygon","coordinates":[[[79.463456,15.69635],[79.463768,15.69631],[79.463845,15.69629],[79.463724,15.695772],[79.46392,15.695177],[79.463642,15.695215],[79.463476,15.694567],[79.463287,15.694445],[79.463243,15.69427],[79.462924,15.69416],[79.463051,15.694603],[79.463269,15.694946],[79.463349,15.695269],[79.463225,15.695292],[79.463456,15.69635]]]},"properties":{"lp":"691","ac":"2.502"}},{"type":"Feature","geometry":{"type":"Polygon","coordinates":[[[79.462855,15.696426],[79.463456,15.69635],[79.463225,15.695292],[79.462604,15.695407],[79.462855,15.696426]]]},"properties":{"lp":"692","ac":"1.928"}},{"type":"Feature","geometry":{"type":"Polygon","coordinates":[[[79.462604,15.695407],[79.463225,15.695292],[79.463349,15.695269],[79.463269,15.694946],[79.463051,15.694603],[79.462924,15.69416],[79.462237,15.693923],[79.462604,15.695407]]]},"properties":{"lp":"693","ac":"2.658"}},{"type":"Feature","geometry":{"type":"Polygon","coordinates":[[[79.462477,15.69649],[79.462855,15.696426],[79.462604,15.695407],[79.462237,15.693923],[79.46188,15.693738],[79.461812,15.693831],[79.462234,15.695516],[79.462263,15.695634],[79.462477,15.69649]]]},"properties":{"lp":"694","ac":"3.079"}},{"type":"Feature","geometry":{"type":"Polygon","coordinates":[[[79.462234,15.695516],[79.461812,15.693831],[79.461717,15.69396],[79.461694,15.694154],[79.462007,15.695561],[79.462234,15.695516]]]},"properties":{"lp":"695","ac":"1.0"}},{"type":"Feature","geometry":{"type":"Polygon","coordinates":[[[79.461907,15.695579],[79.461704,15.695613],[79.461881,15.696592],[79.462477,15.69649],[79.462263,15.695634],[79.461939,15.695713],[79.461907,15.695579]]]},"properties":{"lp":"696","ac":"1.543"}},{"type":"Feature","geometry":{"type":"Polygon","coordinates":[[[79.461469,15.695039],[79.461594,15.695002],[79.461694,15.694154],[79.461717,15.69396],[79.461417,15.69437],[79.461396,15.694599],[79.461469,15.695039]]]},"properties":{"lp":"697","ac":"0.548"}},{"type":"Feature","geometry":{"type":"Polygon","coordinates":[[[79.461301,15.695088],[79.461377,15.694986],[79.46133,15.694699],[79.461332,15.694486],[79.461272,15.694568],[79.461141,15.694869],[79.461007,15.695175],[79.461301,15.695088]]]},"properties":{"lp":"699","ac":"0.323"}},{"type":"Feature","geometry":{"type":"Polygon","coordinates":[[[79.461301,15.695088],[79.461469,15.695039],[79.461396,15.694599],[79.461417,15.69437],[79.461332,15.694486],[79.46133,15.694699],[79.461377,15.694986],[79.461301,15.695088]]]},"properties":{"lp":"698","ac":"0.154"}},{"type":"Feature","geometry":{"type":"Polygon","coordinates":[[[79.461272,15.694568],[79.461332,15.694486],[79.461417,15.69437],[79.461717,15.69396],[79.461812,15.693831],[79.46188,15.693738],[79.461757,15.693746],[79.461598,15.693981],[79.461316,15.694393],[79.461272,15.694568]]]},"properties":{"lp":"700","ac":"0.213"}},{"type":"Feature","geometry":{"type":"Polygon","coordinates":[[[79.461757,15.693746],[79.461475,15.693764],[79.461316,15.694393],[79.461598,15.693981],[79.461757,15.693746]]]},"properties":{"lp":"701","ac":"0.257"}},{"type":"Feature","geometry":{"type":"Polygon","coordinates":[[[79.460066,15.695289],[79.461007,15.695175],[79.461141,15.694869],[79.460964,15.694883],[79.460234,15.694939],[79.459976,15.694959],[79.460041,15.695176],[79.460066,15.695289]]]},"properties":{"lp":"705","ac":"0.972"}},{"type":"Feature","geometry":{"type":"Polygon","coordinates":[[[79.461007,15.695175],[79.460066,15.695289],[79.460041,15.695176],[79.459287,15.695418],[79.458698,15.695608],[79.458789,15.695862],[79.459071,15.696646],[79.459365,15.6973],[79.459779,15.697284],[79.459982,15.697364],[79.460543,15.697224],[79.461767,15.69678],[79.461881,15.696592],[79.461704,15.695613],[79.461594,15.695002],[79.461469,15.695039],[79.461301,15.695088],[79.461007,15.695175]]]},"properties":{"lp":"711","ac":"15.592"}},{"type":"Feature","geometry":{"type":"Polygon","coordinates":[[[79.459365,15.6973],[79.459539,15.697546],[79.459591,15.698578],[79.459687,15.698533],[79.459763,15.698512],[79.459738,15.6984],[79.459711,15.69829],[79.459642,15.698012],[79.459982,15.697364],[79.459779,15.697284],[79.459365,15.6973]]]},"properties":{"lp":"712","ac":"0.846"}},{"type":"Feature","geometry":{"type":"Polygon","coordinates":[[[79.459539,15.697546],[79.459365,15.6973],[79.459085,15.697526],[79.458538,15.697534],[79.457883,15.697337],[79.457808,15.69735],[79.457919,15.698083],[79.457963,15.69818],[79.458061,15.698198],[79.458537,15.697765],[79.459539,15.697546]]]},"properties":{"lp":"713","ac":"1.702"}},{"type":"Feature","geometry":{"type":"Polygon","coordinates":[[[79.458061,15.698198],[79.458643,15.698771],[79.458774,15.698847],[79.459591,15.698578],[79.459539,15.697546],[79.458537,15.697765],[79.458061,15.698198]]]},"properties":{"lp":"714","ac":"3.87"}},{"type":"Feature","geometry":{"type":"Polygon","coordinates":[[[79.458061,15.698198],[79.457963,15.69818],[79.457997,15.698256],[79.458148,15.698543],[79.458705,15.698989],[79.459597,15.698704],[79.459625,15.698692],[79.459795,15.698649],[79.459763,15.698512],[79.459687,15.698533],[79.459591,15.698578],[79.458774,15.698847],[79.458643,15.698771],[79.458061,15.698198]]]},"properties":{"lp":"715","ac":"0.827"}},{"type":"Feature","geometry":{"type":"Polygon","coordinates":[[[79.458148,15.698543],[79.458165,15.698573],[79.458233,15.698704],[79.458472,15.699156],[79.459064,15.699031],[79.4596,15.698759],[79.459597,15.698704],[79.458705,15.698989],[79.458148,15.698543]]]},"properties":{"lp":"716","ac":"0.641"}},{"type":"Feature","geometry":{"type":"Polygon","coordinates":[[[79.4596,15.698759],[79.459624,15.699866],[79.459784,15.69988],[79.459836,15.699432],[79.459882,15.699035],[79.459795,15.698649],[79.459625,15.698692],[79.459597,15.698704],[79.4596,15.698759]]]},"properties":{"lp":"717","ac":"0.79"}},{"type":"Feature","geometry":{"type":"Polygon","coordinates":[[[79.4596,15.698759],[79.459064,15.699031],[79.458472,15.699156],[79.458377,15.699418],[79.458095,15.699485],[79.458235,15.69993],[79.458322,15.699919],[79.458449,15.700258],[79.458782,15.700698],[79.459624,15.699866],[79.4596,15.698759]]]},"properties":{"lp":"718","ac":"5.067"}},{"type":"Feature","geometry":{"type":"Polygon","coordinates":[[[79.457979,15.69996],[79.458235,15.69993],[79.458095,15.699485],[79.457895,15.699532],[79.457979,15.69996]]]},"properties":{"lp":"720","ac":"0.304"}},{"type":"Feature","geometry":{"type":"Polygon","coordinates":[[[79.457979,15.69996],[79.458138,15.70077],[79.458244,15.700841],[79.458782,15.700698],[79.458449,15.700258],[79.458322,15.699919],[79.458235,15.69993],[79.457979,15.69996]]]},"properties":{"lp":"719","ac":"1.194"}},{"type":"Feature","geometry":{"type":"Polygon","coordinates":[[[79.457895,15.699532],[79.458095,15.699485],[79.458377,15.699418],[79.458472,15.699156],[79.458018,15.699273],[79.457886,15.699309],[79.457811,15.698902],[79.457943,15.698856],[79.457893,15.698693],[79.458165,15.698573],[79.458148,15.698543],[79.457949,15.698632],[79.457887,15.698432],[79.457764,15.698448],[79.457717,15.698327],[79.457477,15.698395],[79.456937,15.698613],[79.457087,15.699048],[79.457134,15.699166],[79.456859,15.699285],[79.456914,15.699419],[79.457176,15.69933],[79.457183,15.699356],[79.457696,15.699305],[79.457895,15.699532]]]},"properties":{"lp":"721","ac":"2.742"}},{"type":"Feature","geometry":{"type":"Polygon","coordinates":[[[79.457886,15.699309],[79.458018,15.699273],[79.457943,15.698856],[79.457811,15.698902],[79.457886,15.699309]]]},"properties":{"lp":"722","ac":"0.168"}},{"type":"Feature","geometry":{"type":"Polygon","coordinates":[[[79.458018,15.699273],[79.458472,15.699156],[79.458233,15.698704],[79.457943,15.698856],[79.458018,15.699273]]]},"properties":{"lp":"723","ac":"0.536"}},{"type":"Feature","geometry":{"type":"Polygon","coordinates":[[[79.457943,15.698856],[79.458233,15.698704],[79.458165,15.698573],[79.457893,15.698693],[79.457943,15.698856]]]},"properties":{"lp":"724","ac":"0.145"}},{"type":"Feature","geometry":{"type":"Polygon","coordinates":[[[79.457949,15.698632],[79.458148,15.698543],[79.457972,15.698324],[79.457861,15.69835],[79.457887,15.698432],[79.457949,15.698632]]]},"properties":{"lp":"725","ac":"0.136"}},{"type":"Feature","geometry":{"type":"Polygon","coordinates":[[[79.457887,15.698432],[79.457861,15.69835],[79.457972,15.698324],[79.457932,15.698274],[79.457717,15.698327],[79.457764,15.698448],[79.457887,15.698432]]]},"properties":{"lp":"726","ac":"0.067"}},{"type":"Feature","geometry":{"type":"Polygon","coordinates":[[[79.457919,15.698083],[79.457783,15.698179],[79.457963,15.69818],[79.457919,15.698083]]]},"properties":{"lp":"727","ac":"0.026"}},{"type":"Feature","geometry":{"type":"Polygon","coordinates":[[[79.458148,15.698543],[79.457997,15.698256],[79.457963,15.69818],[79.457783,15.698179],[79.457317,15.698317],[79.456393,15.698666],[79.45618,15.698655],[79.455764,15.698245],[79.455829,15.698518],[79.456205,15.698846],[79.456739,15.698693],[79.456937,15.698613],[79.457477,15.698395],[79.457717,15.698327],[79.457932,15.698274],[79.457972,15.698324],[79.458148,15.698543]]]},"properties":{"lp":"728","ac":"0.984"}},{"type":"Feature","geometry":{"type":"Polygon","coordinates":[[[79.456937,15.698613],[79.456739,15.698693],[79.456812,15.69917],[79.457087,15.699048],[79.456937,15.698613]]]},"properties":{"lp":"729","ac":"0.349"}},{"type":"Feature","geometry":{"type":"Polygon","coordinates":[[[79.456859,15.699285],[79.457134,15.699166],[79.457087,15.699048],[79.456812,15.69917],[79.456859,15.699285]]]},"properties":{"lp":"730","ac":"0.11"}},{"type":"Feature","geometry":{"type":"Polygon","coordinates":[[[79.457277,15.699721],[79.457454,15.699667],[79.457625,15.699615],[79.457806,15.699559],[79.457895,15.699532],[79.457696,15.699305],[79.457183,15.699356],[79.457272,15.699703],[79.457277,15.699721]]]},"properties":{"lp":"731","ac":"0.542"}},{"type":"Feature","geometry":{"type":"Polygon","coordinates":[[[79.457895,15.699532],[79.457806,15.699559],[79.4579,15.700037],[79.457958,15.700334],[79.458044,15.700769],[79.458138,15.70077],[79.457979,15.69996],[79.457895,15.699532]]]},"properties":{"lp":"732","ac":"0.337"}},{"type":"Feature","geometry":{"type":"Polygon","coordinates":[[[79.458044,15.700769],[79.457958,15.700334],[79.457747,15.700423],[79.457789,15.700766],[79.458044,15.700769]]]},"properties":{"lp":"733","ac":"0.273"}},{"type":"Feature","geometry":{"type":"Polygon","coordinates":[[[79.457273,15.700338],[79.457789,15.700766],[79.457747,15.700423],[79.457958,15.700334],[79.4579,15.700037],[79.457725,15.700085],[79.457539,15.700136],[79.457373,15.700181],[79.457273,15.700338]]]},"properties":{"lp":"734","ac":"0.719"}},{"type":"Feature","geometry":{"type":"Polygon","coordinates":[[[79.457725,15.700085],[79.4579,15.700037],[79.457806,15.699559],[79.457625,15.699615],[79.457725,15.700085]]]},"properties":{"lp":"735","ac":"0.262"}},{"type":"Feature","geometry":{"type":"Polygon","coordinates":[[[79.457539,15.700136],[79.457725,15.700085],[79.457625,15.699615],[79.457454,15.699667],[79.457511,15.699982],[79.457539,15.700136]]]},"properties":{"lp":"736","ac":"0.259"}},{"type":"Feature","geometry":{"type":"Polygon","coordinates":[[[79.456866,15.700363],[79.457273,15.700338],[79.457373,15.700181],[79.457539,15.700136],[79.457511,15.699982],[79.457359,15.700032],[79.456804,15.700192],[79.456866,15.700363]]]},"properties":{"lp":"737","ac":"0.433"}},{"type":"Feature","geometry":{"type":"Polygon","coordinates":[[[79.456804,15.700192],[79.457359,15.700032],[79.457277,15.699721],[79.457272,15.699703],[79.457052,15.69978],[79.456898,15.699819],[79.456689,15.699873],[79.456804,15.700192]]]},"properties":{"lp":"739","ac":"0.578"}},{"type":"Feature","geometry":{"type":"Polygon","coordinates":[[[79.457052,15.69978],[79.457272,15.699703],[79.457183,15.699356],[79.457176,15.69933],[79.456914,15.699419],[79.457052,15.69978]]]},"properties":{"lp":"740","ac":"0.288"}},{"type":"Feature","geometry":{"type":"Polygon","coordinates":[[[79.456689,15.699873],[79.456898,15.699819],[79.456785,15.699519],[79.456632,15.699636],[79.456689,15.699873]]]},"properties":{"lp":"741","ac":"0.164"}},{"type":"Feature","geometry":{"type":"Polygon","coordinates":[[[79.456689,15.699873],[79.456632,15.699636],[79.456785,15.699519],[79.456914,15.699419],[79.456859,15.699285],[79.456812,15.69917],[79.456591,15.699164],[79.456425,15.699045],[79.456543,15.69973],[79.456689,15.699873]]]},"properties":{"lp":"742","ac":"0.54"}},{"type":"Feature","geometry":{"type":"Polygon","coordinates":[[[79.455095,15.699879],[79.456543,15.69973],[79.456425,15.699045],[79.455894,15.698792],[79.455829,15.698518],[79.455526,15.698201],[79.455321,15.698308],[79.455155,15.698394],[79.454799,15.699586],[79.455095,15.699879]]]},"properties":{"lp":"743","ac":"5.454"}},{"type":"Feature","geometry":{"type":"Polygon","coordinates":[[[79.455829,15.698518],[79.455894,15.698792],[79.456425,15.699045],[79.456591,15.699164],[79.456812,15.69917],[79.456739,15.698693],[79.456205,15.698846],[79.455829,15.698518]]]},"properties":{"lp":"744","ac":"0.691"}},{"type":"Feature","geometry":{"type":"Polygon","coordinates":[[[79.455829,15.698518],[79.455764,15.698245],[79.455662,15.69813],[79.455526,15.698201],[79.455829,15.698518]]]},"properties":{"lp":"745","ac":"0.124"}},{"type":"Feature","geometry":{"type":"Polygon","coordinates":[[[79.455662,15.69813],[79.455764,15.698245],[79.455728,15.698096],[79.455662,15.69813]]]},"properties":{"lp":"746","ac":"0.016"}},{"type":"Feature","geometry":{"type":"Polygon","coordinates":[[[79.455728,15.698096],[79.455764,15.698245],[79.45618,15.698655],[79.456393,15.698666],[79.457317,15.698317],[79.457783,15.698179],[79.457919,15.698083],[79.457808,15.69735],[79.457185,15.697259],[79.456386,15.697602],[79.455728,15.698096]]]},"properties":{"lp":"747","ac":"5.688"}},{"type":"Feature","geometry":{"type":"Polygon","coordinates":[[[79.455321,15.698308],[79.455526,15.698201],[79.455368,15.69808],[79.455282,15.698241],[79.455321,15.698308]]]},"properties":{"lp":"748","ac":"0.079"}},{"type":"Feature","geometry":{"type":"Polygon","coordinates":[[[79.455321,15.698308],[79.455282,15.698241],[79.455368,15.69808],[79.454885,15.697711],[79.454759,15.69765],[79.45471,15.69773],[79.454474,15.697864],[79.454739,15.698153],[79.455155,15.698394],[79.455321,15.698308]]]},"properties":{"lp":"749","ac":"0.971"}},{"type":"Feature","geometry":{"type":"Polygon","coordinates":[[[79.454474,15.697864],[79.45471,15.69773],[79.454759,15.69765],[79.454378,15.697467],[79.454138,15.697426],[79.454202,15.697566],[79.454474,15.697864]]]},"properties":{"lp":"750","ac":"0.376"}},{"type":"Feature","geometry":{"type":"Polygon","coordinates":[[[79.454138,15.697426],[79.454378,15.697467],[79.454759,15.69765],[79.454885,15.697711],[79.455368,15.69808],[79.455526,15.698201],[79.455662,15.69813],[79.455439,15.697949],[79.454979,15.697578],[79.454846,15.697504],[79.454477,15.697298],[79.454075,15.69729],[79.454138,15.697426]]]},"properties":{"lp":"751","ac":"0.815"}},{"type":"Feature","geometry":{"type":"Polygon","coordinates":[[[79.453958,15.697035],[79.45509,15.697097],[79.455204,15.696906],[79.45493,15.696263],[79.454017,15.696469],[79.453754,15.69659],[79.453958,15.697035]]]},"properties":{"lp":"752","ac":"2.5"}},{"type":"Feature","geometry":{"type":"Polygon","coordinates":[[[79.454846,15.697504],[79.454979,15.697578],[79.455439,15.697949],[79.45557,15.697706],[79.456386,15.697602],[79.456148,15.697205],[79.455888,15.696772],[79.455572,15.696244],[79.455261,15.69631],[79.455159,15.696211],[79.45493,15.696263],[79.455204,15.696906],[79.45509,15.697097],[79.45497,15.697297],[79.454846,15.697504]]]},"properties":{"lp":"753","ac":"4.147"}},{"type":"Feature","geometry":{"type":"Polygon","coordinates":[[[79.455662,15.69813],[79.455728,15.698096],[79.456386,15.697602],[79.45557,15.697706],[79.455439,15.697949],[79.455662,15.69813]]]},"properties":{"lp":"754","ac":"0.65"}},{"type":"Feature","geometry":{"type":"Polygon","coordinates":[[[79.456386,15.697602],[79.457185,15.697259],[79.457808,15.69735],[79.457377,15.696768],[79.456148,15.697205],[79.456386,15.697602]]]},"properties":{"lp":"755","ac":"1.821"}},{"type":"Feature","geometry":{"type":"Polygon","coordinates":[[[79.456148,15.697205],[79.457377,15.696768],[79.457027,15.696295],[79.456506,15.696513],[79.456522,15.696545],[79.455888,15.696772],[79.456148,15.697205]]]},"properties":{"lp":"756","ac":"1.944"}},{"type":"Feature","geometry":{"type":"Polygon","coordinates":[[[79.456506,15.696513],[79.457027,15.696295],[79.456831,15.69603],[79.456796,15.69596],[79.456325,15.69615],[79.456506,15.696513]]]},"properties":{"lp":"757","ac":"0.624"}},{"type":"Feature","geometry":{"type":"Polygon","coordinates":[[[79.456796,15.69596],[79.456513,15.695382],[79.456081,15.695663],[79.456325,15.69615],[79.456796,15.69596]]]},"properties":{"lp":"758","ac":"0.888"}},{"type":"Feature","geometry":{"type":"Polygon","coordinates":[[[79.455888,15.696772],[79.456522,15.696545],[79.456506,15.696513],[79.456325,15.69615],[79.456081,15.695663],[79.455774,15.695955],[79.455734,15.695865],[79.455116,15.696096],[79.455159,15.696211],[79.455261,15.69631],[79.455572,15.696244],[79.455888,15.696772]]]},"properties":{"lp":"759","ac":"2.127"}},{"type":"Feature","geometry":{"type":"Polygon","coordinates":[[[79.455116,15.696096],[79.455734,15.695865],[79.455272,15.694803],[79.454707,15.695007],[79.455116,15.696096]]]},"properties":{"lp":"760","ac":"2.143"}},{"type":"Feature","geometry":{"type":"Polygon","coordinates":[[[79.455272,15.694803],[79.455734,15.695865],[79.455774,15.695955],[79.456081,15.695663],[79.456513,15.695382],[79.456085,15.694508],[79.455272,15.694803]]]},"properties":{"lp":"761","ac":"2.839"}},{"type":"Feature","geometry":{"type":"Polygon","coordinates":[[[79.456157,15.694482],[79.456085,15.694508],[79.456513,15.695382],[79.456796,15.69596],[79.456831,15.69603],[79.457027,15.696295],[79.457377,15.696768],[79.457808,15.69735],[79.457883,15.697337],[79.457227,15.69646],[79.457024,15.696143],[79.456826,15.695835],[79.456643,15.695548],[79.456157,15.694482]]]},"properties":{"lp":"762","ac":"0.661"}},{"type":"Feature","geometry":{"type":"Polygon","coordinates":[[[79.457227,15.69646],[79.457883,15.697337],[79.458538,15.697534],[79.459085,15.697526],[79.459365,15.6973],[79.459071,15.696646],[79.458789,15.695862],[79.457227,15.69646]]]},"properties":{"lp":"763","ac":"6.31"}},{"type":"Feature","geometry":{"type":"Polygon","coordinates":[[[79.457227,15.69646],[79.458789,15.695862],[79.458698,15.695608],[79.458667,15.695527],[79.457024,15.696143],[79.457227,15.69646]]]},"properties":{"lp":"764","ac":"1.821"}},{"type":"Feature","geometry":{"type":"Polygon","coordinates":[[[79.457024,15.696143],[79.458667,15.695527],[79.458547,15.695221],[79.456826,15.695835],[79.457024,15.696143]]]},"properties":{"lp":"765","ac":"1.8"}},{"type":"Feature","geometry":{"type":"Polygon","coordinates":[[[79.461475,15.693764],[79.461344,15.693772],[79.460685,15.69361],[79.460964,15.694883],[79.461141,15.694869],[79.461272,15.694568],[79.461316,15.694393],[79.461475,15.693764]]]},"properties":{"lp":"702","ac":"1.716"}},{"type":"Feature","geometry":{"type":"Polygon","coordinates":[[[79.460234,15.694939],[79.460964,15.694883],[79.460685,15.69361],[79.459989,15.693437],[79.459837,15.693504],[79.460234,15.694939]]]},"properties":{"lp":"703","ac":"3.213"}},{"type":"Feature","geometry":{"type":"Polygon","coordinates":[[[79.459976,15.694959],[79.460234,15.694939],[79.459837,15.693504],[79.459178,15.693791],[79.459331,15.694169],[79.459514,15.694285],[79.459838,15.694492],[79.459976,15.694959]]]},"properties":{"lp":"704","ac":"1.916"}},{"type":"Feature","geometry":{"type":"Polygon","coordinates":[[[79.460041,15.695176],[79.459976,15.694959],[79.459691,15.695016],[79.459353,15.695085],[79.459214,15.695113],[79.459287,15.695418],[79.460041,15.695176]]]},"properties":{"lp":"706","ac":"0.62"}},{"type":"Feature","geometry":{"type":"Polygon","coordinates":[[[79.458849,15.693534],[79.45883,15.693539],[79.458546,15.693612],[79.459038,15.695148],[79.459214,15.695113],[79.459353,15.695085],[79.458849,15.693534]]]},"properties":{"lp":"709","ac":"1.5"}},{"type":"Feature","geometry":{"type":"Polygon","coordinates":[[[79.458698,15.695608],[79.459287,15.695418],[79.459214,15.695113],[79.459038,15.695148],[79.458546,15.693612],[79.4584,15.69365],[79.458337,15.693666],[79.458396,15.693914],[79.458198,15.693988],[79.458428,15.694915],[79.458547,15.695221],[79.458667,15.695527],[79.458698,15.695608]]]},"properties":{"lp":"710","ac":"2.724"}},{"type":"Feature","geometry":{"type":"Polygon","coordinates":[[[79.458428,15.694915],[79.458198,15.693988],[79.458102,15.694009],[79.457349,15.694174],[79.457631,15.695197],[79.458428,15.694915]]]},"properties":{"lp":"766","ac":"2.529"}},{"type":"Feature","geometry":{"type":"Polygon","coordinates":[[[79.457121,15.695378],[79.457631,15.695197],[79.457349,15.694174],[79.45691,15.694287],[79.456814,15.694312],[79.457121,15.695378]]]},"properties":{"lp":"767","ac":"1.737"}},{"type":"Feature","geometry":{"type":"Polygon","coordinates":[[[79.456643,15.695548],[79.457121,15.695378],[79.456814,15.694312],[79.456581,15.694372],[79.456157,15.694482],[79.456643,15.695548]]]},"properties":{"lp":"768","ac":"1.971"}},{"type":"Feature","geometry":{"type":"Polygon","coordinates":[[[79.456157,15.694482],[79.456581,15.694372],[79.456171,15.693074],[79.455746,15.693204],[79.455835,15.693673],[79.456157,15.694482]]]},"properties":{"lp":"769","ac":"1.862"}},{"type":"Feature","geometry":{"type":"Polygon","coordinates":[[[79.456581,15.694372],[79.456814,15.694312],[79.45691,15.694287],[79.456547,15.692959],[79.456171,15.693074],[79.456581,15.694372]]]},"properties":{"lp":"770","ac":"1.47"}},{"type":"Feature","geometry":{"type":"Polygon","coordinates":[[[79.45691,15.694287],[79.457349,15.694174],[79.456999,15.692821],[79.456547,15.692959],[79.45691,15.694287]]]},"properties":{"lp":"771","ac":"1.88"}},{"type":"Feature","geometry":{"type":"Polygon","coordinates":[[[79.457349,15.694174],[79.458102,15.694009],[79.457656,15.69235],[79.456919,15.692527],[79.456999,15.692821],[79.457349,15.694174]]]},"properties":{"lp":"772","ac":"3.82"}},{"type":"Feature","geometry":{"type":"Polygon","coordinates":[[[79.458102,15.694009],[79.458198,15.693988],[79.458396,15.693914],[79.458337,15.693666],[79.4584,15.69365],[79.45798,15.692271],[79.457881,15.692296],[79.457656,15.69235],[79.458102,15.694009]]]},"properties":{"lp":"773","ac":"1.756"}},{"type":"Feature","geometry":{"type":"Polygon","coordinates":[[[79.45798,15.692271],[79.4584,15.69365],[79.458546,15.693612],[79.45883,15.693539],[79.458419,15.692363],[79.45836,15.692177],[79.45798,15.692271]]]},"properties":{"lp":"774","ac":"1.75"}},{"type":"Feature","geometry":{"type":"Polygon","coordinates":[[[79.45883,15.693539],[79.458849,15.693534],[79.459099,15.69347],[79.459178,15.693791],[79.459837,15.693504],[79.459989,15.693437],[79.459561,15.69277],[79.459119,15.692161],[79.458419,15.692363],[79.45883,15.693539]]]},"properties":{"lp":"775","ac":"4.021"}},{"type":"Feature","geometry":{"type":"Polygon","coordinates":[[[79.457782,15.691979],[79.457793,15.692016],[79.457881,15.692296],[79.45798,15.692271],[79.45836,15.692177],[79.458419,15.692363],[79.459119,15.692161],[79.458928,15.691651],[79.457782,15.691979]]]},"properties":{"lp":"776","ac":"1.63"}},{"type":"Feature","geometry":{"type":"Polygon","coordinates":[[[79.457782,15.691979],[79.458928,15.691651],[79.458756,15.691195],[79.457645,15.691543],[79.457697,15.691708],[79.457782,15.691979]]]},"properties":{"lp":"777","ac":"1.629"}},{"type":"Feature","geometry":{"type":"Polygon","coordinates":[[[79.457645,15.691543],[79.458756,15.691195],[79.458584,15.690736],[79.457502,15.691087],[79.457613,15.691441],[79.457645,15.691543]]]},"properties":{"lp":"778","ac":"1.629"}},{"type":"Feature","geometry":{"type":"Polygon","coordinates":[[[79.457324,15.690639],[79.457403,15.690957],[79.457466,15.690971],[79.457502,15.691087],[79.458584,15.690736],[79.458416,15.690287],[79.457324,15.690639]]]},"properties":{"lp":"779","ac":"1.629"}},{"type":"Feature","geometry":{"type":"Polygon","coordinates":[[[79.457324,15.690639],[79.458416,15.690287],[79.458262,15.689878],[79.458169,15.689827],[79.457207,15.690172],[79.457266,15.690409],[79.457311,15.690586],[79.457324,15.690639]]]},"properties":{"lp":"780","ac":"1.625"}},{"type":"Feature","geometry":{"type":"Polygon","coordinates":[[[79.457207,15.690172],[79.458169,15.689827],[79.458007,15.689389],[79.457998,15.689372],[79.457038,15.68973],[79.4571,15.689892],[79.457207,15.690172]]]},"properties":{"lp":"781","ac":"1.44"}},{"type":"Feature","geometry":{"type":"Polygon","coordinates":[[[79.457038,15.68973],[79.457998,15.689372],[79.457787,15.688937],[79.456868,15.689289],[79.456898,15.689366],[79.457031,15.689712],[79.457038,15.68973]]]},"properties":{"lp":"782","ac":"1.404"}},{"type":"Feature","geometry":{"type":"Polygon","coordinates":[[[79.456868,15.689289],[79.457787,15.688937],[79.457565,15.688479],[79.456694,15.688836],[79.456868,15.689289]]]},"properties":{"lp":"783","ac":"1.4"}},{"type":"Feature","geometry":{"type":"Polygon","coordinates":[[[79.456898,15.689366],[79.456868,15.689289],[79.456694,15.688836],[79.455797,15.689077],[79.45569,15.689108],[79.455872,15.689646],[79.456898,15.689366]]]},"properties":{"lp":"784","ac":"1.747"}},{"type":"Feature","geometry":{"type":"Polygon","coordinates":[[[79.455989,15.689993],[79.457031,15.689712],[79.456898,15.689366],[79.455872,15.689646],[79.455968,15.689932],[79.455989,15.689993]]]},"properties":{"lp":"785","ac":"1.152"}},{"type":"Feature","geometry":{"type":"Polygon","coordinates":[[[79.456048,15.690169],[79.4571,15.689892],[79.457038,15.68973],[79.457031,15.689712],[79.455989,15.689993],[79.456048,15.690169]]]},"properties":{"lp":"786","ac":"0.6"}},{"type":"Feature","geometry":{"type":"Polygon","coordinates":[[[79.45622,15.690679],[79.457266,15.690409],[79.457207,15.690172],[79.4571,15.689892],[79.456048,15.690169],[79.45622,15.690679]]]},"properties":{"lp":"788","ac":"1.725"}},{"type":"Feature","geometry":{"type":"Polygon","coordinates":[[[79.456276,15.690844],[79.457311,15.690586],[79.457266,15.690409],[79.45622,15.690679],[79.456246,15.690757],[79.456276,15.690844]]]},"properties":{"lp":"789","ac":"0.56"}},{"type":"Feature","geometry":{"type":"Polygon","coordinates":[[[79.456276,15.690844],[79.456372,15.691128],[79.456539,15.691198],[79.457403,15.690957],[79.457324,15.690639],[79.457311,15.690586],[79.456276,15.690844]]]},"properties":{"lp":"790","ac":"1.2"}},{"type":"Feature","geometry":{"type":"Polygon","coordinates":[[[79.455642,15.691294],[79.456372,15.691128],[79.456276,15.690844],[79.456246,15.690757],[79.455513,15.690933],[79.455642,15.691294]]]},"properties":{"lp":"791","ac":"0.849"}},{"type":"Feature","geometry":{"type":"Polygon","coordinates":[[[79.455513,15.690933],[79.456246,15.690757],[79.45622,15.690679],[79.456048,15.690169],[79.455989,15.689993],[79.455968,15.689932],[79.455311,15.690151],[79.455248,15.690189],[79.455434,15.69071],[79.455513,15.690933]]]},"properties":{"lp":"792","ac":"1.857"}},{"type":"Feature","geometry":{"type":"Polygon","coordinates":[[[79.455311,15.690151],[79.455968,15.689932],[79.455872,15.689646],[79.45569,15.689108],[79.45504,15.689297],[79.455311,15.690151]]]},"properties":{"lp":"794","ac":"1.772"}},{"type":"Feature","geometry":{"type":"Polygon","coordinates":[[[79.45504,15.689297],[79.45436,15.689494],[79.454443,15.689771],[79.454567,15.690186],[79.454625,15.690386],[79.455248,15.690189],[79.455311,15.690151],[79.45504,15.689297]]]},"properties":{"lp":"795","ac":"1.932"}},{"type":"Feature","geometry":{"type":"Polygon","coordinates":[[[79.454,15.690372],[79.454846,15.691312],[79.454522,15.690201],[79.454,15.690372]]]},"properties":{"lp":"796","ac":"0.931"}},{"type":"Feature","geometry":{"type":"Polygon","coordinates":[[[79.454522,15.690201],[79.454846,15.691312],[79.454916,15.691391],[79.454777,15.690911],[79.454625,15.690386],[79.454567,15.690186],[79.454522,15.690201]]]},"properties":{"lp":"797","ac":"0.165"}},{"type":"Feature","geometry":{"type":"Polygon","coordinates":[[[79.454968,15.691448],[79.455642,15.691294],[79.455513,15.690933],[79.455434,15.69071],[79.454777,15.690911],[79.454916,15.691391],[79.454968,15.691448]]]},"properties":{"lp":"798","ac":"1.221"}},{"type":"Feature","geometry":{"type":"Polygon","coordinates":[[[79.455133,15.691919],[79.456616,15.691467],[79.456539,15.691198],[79.456372,15.691128],[79.455642,15.691294],[79.454968,15.691448],[79.455099,15.691844],[79.455133,15.691919]]]},"properties":{"lp":"799","ac":"2.01"}},{"type":"Feature","geometry":{"type":"Polygon","coordinates":[[[79.456687,15.691715],[79.457613,15.691441],[79.457502,15.691087],[79.457466,15.690971],[79.457403,15.690957],[79.456539,15.691198],[79.456616,15.691467],[79.456687,15.691715]]]},"properties":{"lp":"800","ac":"1.488"}},{"type":"Feature","geometry":{"type":"Polygon","coordinates":[[[79.456759,15.691969],[79.457697,15.691708],[79.457645,15.691543],[79.457613,15.691441],[79.456687,15.691715],[79.456759,15.691969]]]},"properties":{"lp":"801","ac":"0.772"}},{"type":"Feature","geometry":{"type":"Polygon","coordinates":[[[79.456843,15.692263],[79.457793,15.692016],[79.457782,15.691979],[79.457697,15.691708],[79.456759,15.691969],[79.456804,15.692125],[79.456843,15.692263]]]},"properties":{"lp":"802","ac":"0.901"}},{"type":"Feature","geometry":{"type":"Polygon","coordinates":[[[79.456919,15.692527],[79.457656,15.69235],[79.457881,15.692296],[79.457793,15.692016],[79.456843,15.692263],[79.456919,15.692527]]]},"properties":{"lp":"803","ac":"0.82"}},{"type":"Feature","geometry":{"type":"Polygon","coordinates":[[[79.455746,15.693204],[79.456171,15.693074],[79.456547,15.692959],[79.456999,15.692821],[79.456919,15.692527],[79.456843,15.692263],[79.456804,15.692125],[79.455414,15.692539],[79.455458,15.692635],[79.455746,15.693204]]]},"properties":{"lp":"804","ac":"2.95"}},{"type":"Feature","geometry":{"type":"Polygon","coordinates":[[[79.455414,15.692539],[79.456804,15.692125],[79.456759,15.691969],[79.456687,15.691715],[79.456616,15.691467],[79.455133,15.691919],[79.455414,15.692539]]]},"properties":{"lp":"805","ac":"2.985"}},{"type":"Feature","geometry":{"type":"Polygon","coordinates":[[[79.455029,15.69187],[79.455168,15.692193],[79.455375,15.692672],[79.455458,15.692635],[79.455414,15.692539],[79.455133,15.691919],[79.455099,15.691844],[79.455029,15.69187]]]},"properties":{"lp":"806","ac":"0.211"}},{"type":"Feature","geometry":{"type":"Polygon","coordinates":[[[79.454146,15.692539],[79.455168,15.692193],[79.455029,15.69187],[79.454328,15.69214],[79.454057,15.692329],[79.454146,15.692539]]]},"properties":{"lp":"807","ac":"1.0"}},{"type":"Feature","geometry":{"type":"Polygon","coordinates":[[[79.455168,15.692193],[79.454146,15.692539],[79.454375,15.693164],[79.455082,15.692925],[79.455043,15.692818],[79.455375,15.692672],[79.455168,15.692193]]]},"properties":{"lp":"808","ac":"2.002"}},{"type":"Feature","geometry":{"type":"Polygon","coordinates":[[[79.454057,15.692329],[79.453897,15.692441],[79.453602,15.692525],[79.454107,15.693811],[79.454183,15.693783],[79.454563,15.693634],[79.454375,15.693164],[79.454146,15.692539],[79.454057,15.692329]]]},"properties":{"lp":"809","ac":"1.979"}},{"type":"Feature","geometry":{"type":"Polygon","coordinates":[[[79.454107,15.693811],[79.453602,15.692525],[79.453351,15.692597],[79.453867,15.693901],[79.454107,15.693811]]]},"properties":{"lp":"810","ac":"1.05"}},{"type":"Feature","geometry":{"type":"Polygon","coordinates":[[[79.453351,15.692597],[79.453125,15.692662],[79.453634,15.693988],[79.453867,15.693901],[79.453351,15.692597]]]},"properties":{"lp":"811","ac":"0.999"}},{"type":"Feature","geometry":{"type":"Polygon","coordinates":[[[79.454563,15.693634],[79.455079,15.693433],[79.45518,15.693193],[79.455082,15.692925],[79.454375,15.693164],[79.454563,15.693634]]]},"properties":{"lp":"812","ac":"1.01"}},{"type":"Feature","geometry":{"type":"Polygon","coordinates":[[[79.45518,15.693193],[79.455398,15.693094],[79.45549,15.693262],[79.455592,15.693234],[79.455375,15.692672],[79.455043,15.692818],[79.455082,15.692925],[79.45518,15.693193]]]},"properties":{"lp":"813","ac":"0.495"}},{"type":"Feature","geometry":{"type":"Polygon","coordinates":[[[79.455375,15.692672],[79.455592,15.693234],[79.455884,15.693989],[79.455979,15.694233],[79.456085,15.694508],[79.456157,15.694482],[79.455835,15.693673],[79.455746,15.693204],[79.455458,15.692635],[79.455375,15.692672]]]},"properties":{"lp":"814","ac":"0.564"}},{"type":"Feature","geometry":{"type":"Polygon","coordinates":[[[79.45449,15.694499],[79.455884,15.693989],[79.455592,15.693234],[79.45549,15.693262],[79.455398,15.693094],[79.45518,15.693193],[79.455079,15.693433],[79.454563,15.693634],[79.454183,15.693783],[79.45449,15.694499]]]},"properties":{"lp":"815","ac":"3.684"}},{"type":"Feature","geometry":{"type":"Polygon","coordinates":[[[79.45449,15.694499],[79.454563,15.69467],[79.454597,15.694751],[79.455979,15.694233],[79.455884,15.693989],[79.45449,15.694499]]]},"properties":{"lp":"816","ac":"1.161"}},{"type":"Feature","geometry":{"type":"Polygon","coordinates":[[[79.454707,15.695007],[79.455272,15.694803],[79.456085,15.694508],[79.455979,15.694233],[79.454597,15.694751],[79.454707,15.695007]]]},"properties":{"lp":"817","ac":"1.235"}},{"type":"Feature","geometry":{"type":"Polygon","coordinates":[[[79.454017,15.696469],[79.45493,15.696263],[79.455159,15.696211],[79.455116,15.696096],[79.454707,15.695007],[79.454597,15.694751],[79.454563,15.69467],[79.453491,15.695064],[79.453566,15.695265],[79.453839,15.695995],[79.45395,15.69629],[79.454017,15.696469]]]},"properties":{"lp":"818","ac":"5.345"}},{"type":"Feature","geometry":{"type":"Polygon","coordinates":[[[79.453023,15.695096],[79.453466,15.694998],[79.453491,15.695064],[79.454563,15.69467],[79.45449,15.694499],[79.454183,15.693783],[79.454107,15.693811],[79.453867,15.693901],[79.453634,15.693988],[79.453264,15.69449],[79.453023,15.695096]]]},"properties":{"lp":"819","ac":"3.273"}},{"type":"Feature","geometry":{"type":"Polygon","coordinates":[[[79.453264,15.69449],[79.453219,15.694431],[79.453036,15.694756],[79.452725,15.695312],[79.453023,15.695096],[79.453264,15.69449]]]},"properties":{"lp":"820","ac":"0.29"}},{"type":"Feature","geometry":{"type":"Polygon","coordinates":[[[79.453418,15.696574],[79.453754,15.69659],[79.454017,15.696469],[79.45395,15.69629],[79.453442,15.696361],[79.453418,15.696574]]]},"properties":{"lp":"821","ac":"0.389"}},{"type":"Feature","geometry":{"type":"Polygon","coordinates":[[[79.453418,15.696574],[79.453442,15.696361],[79.453479,15.696035],[79.453566,15.695265],[79.453491,15.695064],[79.453466,15.694998],[79.453023,15.695096],[79.452725,15.695312],[79.451882,15.695585],[79.452507,15.696159],[79.45303,15.696555],[79.453418,15.696574]]]},"properties":{"lp":"822","ac":"4.467"}},{"type":"Feature","geometry":{"type":"Polygon","coordinates":[[[79.453036,15.694756],[79.452264,15.695222],[79.450879,15.693874],[79.451157,15.694836],[79.451448,15.695063],[79.451882,15.695585],[79.452725,15.695312],[79.453036,15.694756]]]},"properties":{"lp":"823","ac":"2.841"}},{"type":"Feature","geometry":{"type":"Polygon","coordinates":[[[79.453036,15.694756],[79.453219,15.694431],[79.453264,15.69449],[79.453634,15.693988],[79.453125,15.692662],[79.452881,15.692147],[79.451247,15.69273],[79.451285,15.692868],[79.451448,15.693466],[79.450831,15.693706],[79.450879,15.693874],[79.452264,15.695222],[79.453036,15.694756]]]},"properties":{"lp":"824","ac":"14.915"}},{"type":"Feature","geometry":{"type":"Polygon","coordinates":[[[79.457359,15.700032],[79.457511,15.699982],[79.457454,15.699667],[79.457277,15.699721],[79.457359,15.700032]]]},"properties":{"lp":"738","ac":"0.162"}},{"type":"Feature","geometry":{"type":"Polygon","coordinates":[[[79.466347,15.701048],[79.466404,15.701042],[79.466216,15.700169],[79.466042,15.69936],[79.465986,15.699371],[79.466034,15.699594],[79.46626,15.700644],[79.466347,15.701048]]]},"properties":{"lp":"632","ac":"0.289"}},{"type":"Feature","geometry":{"type":"Polygon","coordinates":[[[79.465986,15.699371],[79.466042,15.69936],[79.465958,15.698905],[79.465892,15.698652],[79.465826,15.698654],[79.465986,15.699371]]]},"properties":{"lp":"631","ac":"0.143"}},{"type":"Feature","geometry":{"type":"Polygon","coordinates":[[[79.45018,15.693364],[79.450305,15.69356],[79.450831,15.693706],[79.451448,15.693466],[79.451285,15.692868],[79.45018,15.693364]]]},"properties":{"lp":"825","ac":"1.749"}},{"type":"Feature","geometry":{"type":"Polygon","coordinates":[[[79.450131,15.693286],[79.45018,15.693364],[79.451285,15.692868],[79.451247,15.69273],[79.451228,15.69269],[79.450131,15.693286]]]},"properties":{"lp":"826","ac":"0.5"}},{"type":"Feature","geometry":{"type":"Polygon","coordinates":[[[79.450131,15.693286],[79.451228,15.69269],[79.451007,15.692247],[79.449822,15.6928],[79.450131,15.693286]]]},"properties":{"lp":"827","ac":"2.0"}},{"type":"Feature","geometry":{"type":"Polygon","coordinates":[[[79.449822,15.6928],[79.451007,15.692247],[79.45074,15.691711],[79.450051,15.69191],[79.449522,15.692327],[79.449822,15.6928]]]},"properties":{"lp":"828","ac":"2.527"}},{"type":"Feature","geometry":{"type":"Polygon","coordinates":[[[79.442444,15.704054],[79.44268,15.704058],[79.442792,15.704038],[79.442275,15.702345],[79.441954,15.702511],[79.442444,15.704054]]]},"properties":{"lp":"121","ac":"1.73"}},{"type":"Feature","geometry":{"type":"Polygon","coordinates":[[[79.442792,15.704038],[79.442826,15.704032],[79.443292,15.703949],[79.442688,15.702131],[79.442275,15.702345],[79.442792,15.704038]]]},"properties":{"lp":"120","ac":"2.599"}},{"type":"Feature","geometry":{"type":"Polygon","coordinates":[[[79.443938,15.70667],[79.444357,15.706387],[79.443331,15.703942],[79.443292,15.703949],[79.442826,15.704032],[79.443938,15.70667]]]},"properties":{"lp":"117","ac":"4.026"}},{"type":"Feature","geometry":{"type":"Polygon","coordinates":[[[79.441954,15.702511],[79.441603,15.702691],[79.442041,15.704049],[79.442444,15.704054],[79.441954,15.702511]]]},"properties":{"lp":"122","ac":"1.719"}},{"type":"Feature","geometry":{"type":"Polygon","coordinates":[[[79.44162,15.704044],[79.442041,15.704049],[79.441603,15.702691],[79.441162,15.702919],[79.44162,15.704044]]]},"properties":{"lp":"123","ac":"1.713"}},{"type":"Feature","geometry":{"type":"Polygon","coordinates":[[[79.441872,15.706023],[79.4423,15.70741],[79.442929,15.707411],[79.442378,15.705929],[79.442106,15.705979],[79.441872,15.706023]]]},"properties":{"lp":"133","ac":"2.45"}},{"type":"Feature","geometry":{"type":"Polygon","coordinates":[[[79.441716,15.707409],[79.4423,15.70741],[79.441872,15.706023],[79.441254,15.706138],[79.441242,15.706141],[79.441716,15.707409]]]},"properties":{"lp":"134","ac":"2.441"}},{"type":"Feature","geometry":{"type":"Polygon","coordinates":[[[79.435312,15.706923],[79.436799,15.706316],[79.43666,15.705844],[79.436102,15.706126],[79.435948,15.706204],[79.435202,15.706581],[79.435248,15.706725],[79.435312,15.706923]]]},"properties":{"lp":"148","ac":"2.0"}},{"type":"Feature","geometry":{"type":"Polygon","coordinates":[[[79.435312,15.706923],[79.435334,15.706992],[79.43578,15.70838],[79.437029,15.707098],[79.43697,15.706898],[79.436799,15.706316],[79.435312,15.706923]]]},"properties":{"lp":"147","ac":"5.453"}},{"type":"Feature","geometry":{"type":"Polygon","coordinates":[[[79.431701,15.704076],[79.434267,15.703039],[79.434244,15.702955],[79.431664,15.704004],[79.431701,15.704076]]]},"properties":{"lp":"187","ac":"0.68"}},{"type":"Feature","geometry":{"type":"Polygon","coordinates":[[[79.439075,15.699457],[79.438773,15.699561],[79.43844,15.699674],[79.438097,15.699792],[79.437689,15.699932],[79.43745,15.700011],[79.437728,15.700865],[79.438336,15.70064],[79.438425,15.700607],[79.438716,15.700031],[79.439208,15.699878],[79.439075,15.699457]]]},"properties":{"lp":"238","ac":"3.458"}},{"type":"Feature","geometry":{"type":"Polygon","coordinates":[[[79.439075,15.699457],[79.439047,15.69937],[79.438692,15.698252],[79.438357,15.698389],[79.438773,15.699561],[79.439075,15.699457]]]},"properties":{"lp":"239","ac":"1.249"}},{"type":"Feature","geometry":{"type":"Polygon","coordinates":[[[79.438357,15.698389],[79.438037,15.698521],[79.43844,15.699674],[79.438773,15.699561],[79.438357,15.698389]]]},"properties":{"lp":"240","ac":"1.26"}},{"type":"Feature","geometry":{"type":"Polygon","coordinates":[[[79.43844,15.699674],[79.438037,15.698521],[79.437715,15.698653],[79.438097,15.699792],[79.43844,15.699674]]]},"properties":{"lp":"241","ac":"1.259"}},{"type":"Feature","geometry":{"type":"Polygon","coordinates":[[[79.438097,15.699792],[79.437715,15.698653],[79.437553,15.698719],[79.437587,15.698824],[79.437445,15.698894],[79.437689,15.699932],[79.438097,15.699792]]]},"properties":{"lp":"242","ac":"1.263"}},{"type":"Feature","geometry":{"type":"Polygon","coordinates":[[[79.437553,15.698719],[79.437715,15.698653],[79.438037,15.698521],[79.438357,15.698389],[79.438692,15.698252],[79.438609,15.697993],[79.437466,15.698449],[79.437553,15.698719]]]},"properties":{"lp":"243","ac":"1.0"}},{"type":"Feature","geometry":{"type":"Polygon","coordinates":[[[79.444994,15.701522],[79.445503,15.701372],[79.445189,15.700391],[79.445111,15.700435],[79.445016,15.700192],[79.444558,15.700315],[79.444724,15.700775],[79.444994,15.701522]]]},"properties":{"lp":"276","ac":"2.0"}},{"type":"Feature","geometry":{"type":"Polygon","coordinates":[[[79.434257,15.698407],[79.435442,15.698005],[79.435354,15.697589],[79.435347,15.697591],[79.435046,15.697682],[79.434756,15.697708],[79.434227,15.697863],[79.434257,15.698407]]]},"properties":{"lp":"259","ac":"1.7"}},{"type":"Feature","geometry":{"type":"Polygon","coordinates":[[[79.434227,15.697863],[79.434756,15.697708],[79.435046,15.697682],[79.434931,15.697255],[79.434209,15.697529],[79.434227,15.697863]]]},"properties":{"lp":"260","ac":"0.857"}},{"type":"Feature","geometry":{"type":"Polygon","coordinates":[[[79.442774,15.701614],[79.444724,15.700775],[79.444558,15.700315],[79.444213,15.700407],[79.443415,15.701003],[79.442906,15.701244],[79.442595,15.701391],[79.442774,15.701614]]]},"properties":{"lp":"274","ac":"2.46"}},{"type":"Feature","geometry":{"type":"Polygon","coordinates":[[[79.443118,15.702075],[79.444357,15.70171],[79.444994,15.701522],[79.444724,15.700775],[79.442774,15.701614],[79.442901,15.701771],[79.443043,15.701948],[79.443118,15.702075]]]},"properties":{"lp":"275","ac":"3.997"}},{"type":"Feature","geometry":{"type":"Polygon","coordinates":[[[79.447232,15.704514],[79.448036,15.704018],[79.448788,15.703488],[79.448721,15.703367],[79.447081,15.703877],[79.446994,15.704014],[79.447232,15.704514]]]},"properties":{"lp":"296","ac":"2.21"}},{"type":"Feature","geometry":{"type":"Polygon","coordinates":[[[79.447081,15.703877],[79.448721,15.703367],[79.448427,15.702838],[79.448881,15.702558],[79.448807,15.702412],[79.448691,15.702101],[79.448926,15.702023],[79.448882,15.701809],[79.448827,15.701536],[79.448545,15.70166],[79.448502,15.70152],[79.448438,15.701316],[79.448334,15.701048],[79.447739,15.701293],[79.447111,15.701553],[79.446847,15.701662],[79.446748,15.701689],[79.446457,15.701768],[79.446854,15.703102],[79.446841,15.703107],[79.447081,15.703877]]]},"properties":{"lp":"297","ac":"13.08"}},{"type":"Feature","geometry":{"type":"Polygon","coordinates":[[[79.435483,15.698438],[79.43553,15.69842],[79.435501,15.698282],[79.435475,15.69816],[79.435475,15.69829],[79.435471,15.698385],[79.435483,15.698438]]]},"properties":{"lp":"257","ac":"0.023"}},{"type":"Feature","geometry":{"type":"Polygon","coordinates":[[[79.434257,15.698407],[79.434285,15.698903],[79.435483,15.698438],[79.435471,15.698385],[79.435475,15.69829],[79.435475,15.69816],[79.435442,15.698005],[79.434257,15.698407]]]},"properties":{"lp":"258","ac":"1.676"}},{"type":"Feature","geometry":{"type":"Polygon","coordinates":[[[79.458591,15.709774],[79.458741,15.709731],[79.459132,15.709624],[79.459131,15.709487],[79.458722,15.70938],[79.458458,15.709312],[79.458591,15.709774]]]},"properties":{"lp":"385","ac":"0.53"}},{"type":"Feature","geometry":{"type":"Polygon","coordinates":[[[79.458325,15.709851],[79.458591,15.709774],[79.458458,15.709312],[79.458062,15.709209],[79.458325,15.709851]]]},"properties":{"lp":"384","ac":"0.528"}},{"type":"Feature","geometry":{"type":"Polygon","coordinates":[[[79.456686,15.71179],[79.457598,15.711469],[79.457419,15.711022],[79.456502,15.711312],[79.456686,15.71179]]]},"properties":{"lp":"391","ac":"1.4"}},{"type":"Feature","geometry":{"type":"Polygon","coordinates":[[[79.456686,15.71179],[79.456502,15.711312],[79.455628,15.71158],[79.45585,15.712085],[79.456686,15.71179]]]},"properties":{"lp":"392","ac":"1.399"}},{"type":"Feature","geometry":{"type":"Polygon","coordinates":[[[79.45677,15.714415],[79.457679,15.714015],[79.457477,15.713583],[79.456654,15.714017],[79.456698,15.714195],[79.45677,15.714415]]]},"properties":{"lp":"261","ac":"1.251"}},{"type":"Feature","geometry":{"type":"Polygon","coordinates":[[[79.45677,15.714415],[79.456854,15.714672],[79.457017,15.715166],[79.457392,15.715006],[79.457972,15.714759],[79.458017,15.71474],[79.457881,15.714446],[79.457679,15.714015],[79.45677,15.714415]]]},"properties":{"lp":"398","ac":"2.42"}},{"type":"Feature","geometry":{"type":"Polygon","coordinates":[[[79.449522,15.692327],[79.450051,15.69191],[79.45074,15.691711],[79.451007,15.692247],[79.451228,15.69269],[79.451247,15.69273],[79.452881,15.692147],[79.453125,15.692662],[79.453351,15.692597],[79.453602,15.692525],[79.453897,15.692441],[79.454057,15.692329],[79.454328,15.69214],[79.455029,15.69187],[79.454893,15.691476],[79.453916,15.690401],[79.452886,15.690753],[79.452697,15.690329],[79.452273,15.689381],[79.451834,15.689523],[79.451546,15.689617],[79.451328,15.689688],[79.451058,15.689776],[79.450819,15.689854],[79.450879,15.68999],[79.449729,15.690615],[79.449229,15.690962],[79.449115,15.691258],[79.449522,15.692327]]]},"properties":{"lp":"829","ac":"32.42"}},{"type":"Feature","geometry":{"type":"Polygon","coordinates":[[[79.455029,15.69187],[79.455099,15.691844],[79.454968,15.691448],[79.454916,15.691391],[79.454846,15.691312],[79.454,15.690372],[79.453916,15.690401],[79.454893,15.691476],[79.455029,15.69187]]]},"properties":{"lp":"830","ac":"0.427"}},{"type":"Feature","geometry":{"type":"Polygon","coordinates":[[[79.452886,15.690753],[79.453916,15.690401],[79.453553,15.690055],[79.452697,15.690329],[79.452886,15.690753]]]},"properties":{"lp":"831","ac":"1.316"}},{"type":"Feature","geometry":{"type":"Polygon","coordinates":[[[79.454,15.690372],[79.454522,15.690201],[79.454567,15.690186],[79.454443,15.689771],[79.453633,15.69003],[79.454,15.690372]]]},"properties":{"lp":"834","ac":"0.924"}},{"type":"Feature","geometry":{"type":"Polygon","coordinates":[[[79.452697,15.690329],[79.453553,15.690055],[79.452034,15.688609],[79.451961,15.688636],[79.452273,15.689381],[79.452697,15.690329]]]},"properties":{"lp":"832","ac":"2.66"}},{"type":"Feature","geometry":{"type":"Polygon","coordinates":[[[79.452034,15.688609],[79.453553,15.690055],[79.453916,15.690401],[79.454,15.690372],[79.453633,15.69003],[79.45209,15.688589],[79.452034,15.688609]]]},"properties":{"lp":"833","ac":"0.505"}},{"type":"Feature","geometry":{"type":"Polygon","coordinates":[[[79.45209,15.688589],[79.453633,15.69003],[79.454443,15.689771],[79.45436,15.689494],[79.45431,15.689096],[79.45428,15.688853],[79.454248,15.68859],[79.454213,15.688311],[79.454158,15.68786],[79.453808,15.687958],[79.45209,15.688589]]]},"properties":{"lp":"835","ac":"8.349"}},{"type":"Feature","geometry":{"type":"Polygon","coordinates":[[[79.451961,15.688636],[79.452034,15.688609],[79.45209,15.688589],[79.453808,15.687958],[79.453564,15.687168],[79.453555,15.687139],[79.452921,15.687329],[79.452738,15.686949],[79.452608,15.686463],[79.45325,15.686156],[79.453234,15.685701],[79.453211,15.68564],[79.453059,15.685164],[79.453018,15.685035],[79.45257,15.685188],[79.452114,15.685343],[79.451281,15.685642],[79.451542,15.686245],[79.451626,15.686493],[79.451758,15.68688],[79.450591,15.687357],[79.451153,15.687693],[79.451089,15.687723],[79.451842,15.688423],[79.451961,15.688636]]]},"properties":{"lp":"851","ac":"16.618"}},{"type":"Feature","geometry":{"type":"Polygon","coordinates":[[[79.453555,15.687139],[79.453423,15.686714],[79.45325,15.686156],[79.452608,15.686463],[79.452738,15.686949],[79.452921,15.687329],[79.453555,15.687139]]]},"properties":{"lp":"850","ac":"2.01"}},{"type":"Feature","geometry":{"type":"Polygon","coordinates":[[[79.453808,15.687958],[79.454158,15.68786],[79.454873,15.687677],[79.45469,15.687141],[79.45455,15.68673],[79.453878,15.686895],[79.453564,15.687168],[79.453808,15.687958]]]},"properties":{"lp":"849","ac":"3.093"}},{"type":"Feature","geometry":{"type":"Polygon","coordinates":[[[79.453878,15.686895],[79.45455,15.68673],[79.454495,15.686567],[79.454454,15.686394],[79.453878,15.686895]]]},"properties":{"lp":"846","ac":"0.35"}},{"type":"Feature","geometry":{"type":"Polygon","coordinates":[[[79.454454,15.686394],[79.453423,15.686714],[79.453555,15.687139],[79.453564,15.687168],[79.453878,15.686895],[79.454454,15.686394]]]},"properties":{"lp":"848","ac":"0.753"}},{"type":"Feature","geometry":{"type":"Polygon","coordinates":[[[79.453423,15.686714],[79.454454,15.686394],[79.454318,15.68581],[79.45424,15.685473],[79.453234,15.685701],[79.45325,15.686156],[79.453423,15.686714]]]},"properties":{"lp":"847","ac":"3.15"}},{"type":"Feature","geometry":{"type":"Polygon","coordinates":[[[79.453059,15.685164],[79.453211,15.68564],[79.453234,15.685701],[79.45424,15.685473],[79.454104,15.684912],[79.453601,15.685034],[79.453059,15.685164]]]},"properties":{"lp":"921","ac":"1.761"}},{"type":"Feature","geometry":{"type":"Polygon","coordinates":[[[79.453601,15.685034],[79.454104,15.684912],[79.454033,15.684619],[79.453509,15.684723],[79.453601,15.685034]]]},"properties":{"lp":"920","ac":"0.482"}},{"type":"Feature","geometry":{"type":"Polygon","coordinates":[[[79.453059,15.685164],[79.453601,15.685034],[79.453509,15.684723],[79.453039,15.684824],[79.453018,15.685035],[79.453059,15.685164]]]},"properties":{"lp":"919","ac":"0.518"}},{"type":"Feature","geometry":{"type":"Polygon","coordinates":[[[79.45257,15.685188],[79.453018,15.685035],[79.453039,15.684824],[79.452969,15.684722],[79.452471,15.68489],[79.45257,15.685188]]]},"properties":{"lp":"918","ac":"0.483"}},{"type":"Feature","geometry":{"type":"Polygon","coordinates":[[[79.452471,15.68489],[79.451997,15.68505],[79.452114,15.685343],[79.45257,15.685188],[79.452471,15.68489]]]},"properties":{"lp":"916","ac":"0.452"}},{"type":"Feature","geometry":{"type":"Polygon","coordinates":[[[79.451997,15.68505],[79.452471,15.68489],[79.452969,15.684722],[79.452708,15.684343],[79.452391,15.684387],[79.451791,15.684533],[79.451997,15.68505]]]},"properties":{"lp":"917","ac":"1.445"}},{"type":"Feature","geometry":{"type":"Polygon","coordinates":[[[79.45023,15.684996],[79.450919,15.68675],[79.451626,15.686493],[79.451542,15.686245],[79.451281,15.685642],[79.452114,15.685343],[79.451997,15.68505],[79.451791,15.684533],[79.451071,15.684706],[79.45023,15.684996]]]},"properties":{"lp":"915","ac":"6.495"}},{"type":"Feature","geometry":{"type":"Polygon","coordinates":[[[79.45033,15.686964],[79.450919,15.68675],[79.45023,15.684996],[79.449029,15.685405],[79.450061,15.686559],[79.45033,15.686964]]]},"properties":{"lp":"913","ac":"5.096"}},{"type":"Feature","geometry":{"type":"Polygon","coordinates":[[[79.450591,15.687357],[79.451758,15.68688],[79.451626,15.686493],[79.450919,15.68675],[79.45033,15.686964],[79.450591,15.687357]]]},"properties":{"lp":"914","ac":"1.682"}},{"type":"Feature","geometry":{"type":"Polygon","coordinates":[[[79.452273,15.689381],[79.451961,15.688636],[79.451842,15.688423],[79.451089,15.687723],[79.450728,15.687498],[79.451834,15.689523],[79.452273,15.689381]]]},"properties":{"lp":"853","ac":"2.669"}},{"type":"Feature","geometry":{"type":"Polygon","coordinates":[[[79.451834,15.689523],[79.450728,15.687498],[79.450539,15.68738],[79.450369,15.687451],[79.451546,15.689617],[79.451834,15.689523]]]},"properties":{"lp":"854","ac":"2.116"}},{"type":"Feature","geometry":{"type":"Polygon","coordinates":[[[79.450369,15.687451],[79.450192,15.687525],[79.451328,15.689688],[79.451546,15.689617],[79.450369,15.687451]]]},"properties":{"lp":"855","ac":"1.5"}},{"type":"Feature","geometry":{"type":"Polygon","coordinates":[[[79.449023,15.689228],[79.450352,15.688808],[79.450203,15.688474],[79.449844,15.687671],[79.44876,15.688128],[79.448467,15.688261],[79.448745,15.688745],[79.449023,15.689228]]]},"properties":{"lp":"859","ac":"4.972"}},{"type":"Feature","geometry":{"type":"Polygon","coordinates":[[[79.449294,15.689761],[79.450151,15.689433],[79.450004,15.689115],[79.450418,15.688955],[79.450352,15.688808],[79.449023,15.689228],[79.449294,15.689761]]]},"properties":{"lp":"858","ac":"1.771"}},{"type":"Feature","geometry":{"type":"Polygon","coordinates":[[[79.449729,15.690615],[79.450879,15.68999],[79.450819,15.689854],[79.45065,15.689475],[79.450244,15.689634],[79.450151,15.689433],[79.449294,15.689761],[79.449729,15.690615]]]},"properties":{"lp":"856","ac":"3.107"}},{"type":"Feature","geometry":{"type":"Polygon","coordinates":[[[79.450244,15.689634],[79.45065,15.689475],[79.450526,15.689198],[79.450418,15.688955],[79.450004,15.689115],[79.450151,15.689433],[79.450244,15.689634]]]},"properties":{"lp":"857","ac":"0.734"}},{"type":"Feature","geometry":{"type":"Polygon","coordinates":[[[79.449522,15.692327],[79.449115,15.691258],[79.449229,15.690962],[79.449729,15.690615],[79.449294,15.689761],[79.449023,15.689228],[79.44762,15.689751],[79.447493,15.689947],[79.448001,15.691223],[79.448108,15.691905],[79.449522,15.692327]]]},"properties":{"lp":"862","ac":"11.834"}},{"type":"Feature","geometry":{"type":"Polygon","coordinates":[[[79.448108,15.691905],[79.448001,15.691223],[79.447493,15.689947],[79.447137,15.690431],[79.447121,15.691204],[79.448108,15.691905]]]},"properties":{"lp":"863","ac":"2.897"}},{"type":"Feature","geometry":{"type":"Polygon","coordinates":[[[79.448512,15.694332],[79.448157,15.693731],[79.44689,15.694248],[79.446978,15.69447],[79.447014,15.694559],[79.447751,15.694367],[79.447862,15.694599],[79.448512,15.694332]]]},"properties":{"lp":"868","ac":"2.2"}},{"type":"Feature","geometry":{"type":"Polygon","coordinates":[[[79.44689,15.694248],[79.448157,15.693731],[79.447876,15.693254],[79.446681,15.693723],[79.446879,15.69422],[79.44689,15.694248]]]},"properties":{"lp":"867","ac":"2.161"}},{"type":"Feature","geometry":{"type":"Polygon","coordinates":[[[79.446681,15.693723],[79.447876,15.693254],[79.447586,15.692761],[79.446463,15.693199],[79.446667,15.693689],[79.446681,15.693723]]]},"properties":{"lp":"866","ac":"2.064"}},{"type":"Feature","geometry":{"type":"Polygon","coordinates":[[[79.446463,15.693199],[79.447586,15.692761],[79.447446,15.692524],[79.447263,15.692215],[79.446461,15.692492],[79.446206,15.692583],[79.446463,15.693199]]]},"properties":{"lp":"865","ac":"2.201"}},{"type":"Feature","geometry":{"type":"Polygon","coordinates":[[[79.44666,15.695027],[79.446786,15.694986],[79.44712,15.694861],[79.447014,15.694559],[79.446978,15.69447],[79.446159,15.69475],[79.44666,15.695027]]]},"properties":{"lp":"869","ac":"0.841"}},{"type":"Feature","geometry":{"type":"Polygon","coordinates":[[[79.446159,15.69475],[79.446978,15.69447],[79.44689,15.694248],[79.446879,15.69422],[79.446367,15.694442],[79.446085,15.693878],[79.445499,15.694068],[79.445664,15.694477],[79.446159,15.69475]]]},"properties":{"lp":"870","ac":"1.805"}},{"type":"Feature","geometry":{"type":"Polygon","coordinates":[[[79.446367,15.694442],[79.446879,15.69422],[79.446681,15.693723],[79.446667,15.693689],[79.446085,15.693878],[79.446367,15.694442]]]},"properties":{"lp":"871","ac":"1.026"}},{"type":"Feature","geometry":{"type":"Polygon","coordinates":[[[79.445499,15.694068],[79.446085,15.693878],[79.446667,15.693689],[79.446463,15.693199],[79.446206,15.692583],[79.446461,15.692492],[79.446287,15.692169],[79.444806,15.692688],[79.445499,15.694068]]]},"properties":{"lp":"872","ac":"6.067"}},{"type":"Feature","geometry":{"type":"Polygon","coordinates":[[[79.444806,15.692688],[79.446287,15.692169],[79.445952,15.691547],[79.445907,15.691497],[79.444449,15.692144],[79.444489,15.692241],[79.444686,15.692726],[79.444806,15.692688]]]},"properties":{"lp":"873","ac":"3.38"}},{"type":"Feature","geometry":{"type":"Polygon","coordinates":[[[79.444449,15.692144],[79.445907,15.691497],[79.445478,15.690629],[79.444261,15.691056],[79.444021,15.691141],[79.444177,15.691505],[79.444367,15.691952],[79.444449,15.692144]]]},"properties":{"lp":"899","ac":"4.726"}},{"type":"Feature","geometry":{"type":"Polygon","coordinates":[[[79.444261,15.691056],[79.445478,15.690629],[79.444364,15.689012],[79.443502,15.689416],[79.444261,15.691056]]]},"properties":{"lp":"900","ac":"6.102"}},{"type":"Feature","geometry":{"type":"Polygon","coordinates":[[[79.445952,15.691547],[79.447121,15.691204],[79.447137,15.690431],[79.446564,15.689962],[79.446452,15.69003],[79.445478,15.690629],[79.445907,15.691497],[79.445952,15.691547]]]},"properties":{"lp":"901","ac":"5.02"}},{"type":"Feature","geometry":{"type":"Polygon","coordinates":[[[79.444364,15.689012],[79.445478,15.690629],[79.446452,15.69003],[79.444647,15.688599],[79.444364,15.689012]]]},"properties":{"lp":"902","ac":"4.973"}},{"type":"Feature","geometry":{"type":"Polygon","coordinates":[[[79.446564,15.689962],[79.444738,15.688466],[79.444647,15.688599],[79.446452,15.69003],[79.446564,15.689962]]]},"properties":{"lp":"903","ac":"0.97"}},{"type":"Feature","geometry":{"type":"Polygon","coordinates":[[[79.444738,15.688466],[79.446564,15.689962],[79.447137,15.690431],[79.447493,15.689947],[79.44762,15.689751],[79.446849,15.687925],[79.446317,15.688131],[79.445986,15.687502],[79.445515,15.687929],[79.445126,15.68812],[79.444738,15.688466]]]},"properties":{"lp":"904","ac":"11.432"}},{"type":"Feature","geometry":{"type":"Polygon","coordinates":[[[79.44762,15.689751],[79.447507,15.689183],[79.447359,15.688432],[79.447861,15.688355],[79.447502,15.687938],[79.447104,15.688109],[79.446849,15.687925],[79.44762,15.689751]]]},"properties":{"lp":"861","ac":"1.442"}},{"type":"Feature","geometry":{"type":"Polygon","coordinates":[[[79.447359,15.688432],[79.447507,15.689183],[79.448745,15.688745],[79.448467,15.688261],[79.447861,15.688355],[79.447359,15.688432]]]},"properties":{"lp":"860","ac":"2.312"}},{"type":"Feature","geometry":{"type":"Polygon","coordinates":[[[79.446317,15.688131],[79.446849,15.687925],[79.44671,15.687563],[79.44652,15.687071],[79.44609,15.68741],[79.445986,15.687502],[79.446317,15.688131]]]},"properties":{"lp":"905","ac":"1.472"}},{"type":"Feature","geometry":{"type":"Polygon","coordinates":[[[79.446849,15.687925],[79.447104,15.688109],[79.447502,15.687938],[79.447337,15.687506],[79.447272,15.687334],[79.44671,15.687563],[79.446849,15.687925]]]},"properties":{"lp":"906","ac":"1.09"}},{"type":"Feature","geometry":{"type":"Polygon","coordinates":[[[79.44671,15.687563],[79.447272,15.687334],[79.44692,15.686605],[79.446818,15.686839],[79.44652,15.687071],[79.44671,15.687563]]]},"properties":{"lp":"907","ac":"1.068"}},{"type":"Feature","geometry":{"type":"Polygon","coordinates":[[[79.447337,15.687506],[79.447502,15.687938],[79.447861,15.688355],[79.448467,15.688261],[79.44876,15.688128],[79.448338,15.68716],[79.447337,15.687506]]]},"properties":{"lp":"909","ac":"3.13"}},{"type":"Feature","geometry":{"type":"Polygon","coordinates":[[[79.445664,15.694477],[79.445499,15.694068],[79.444806,15.692688],[79.444686,15.692726],[79.444269,15.692818],[79.444883,15.694078],[79.445114,15.694196],[79.445543,15.694415],[79.445664,15.694477]]]},"properties":{"lp":"874","ac":"2.727"}},{"type":"Feature","geometry":{"type":"Polygon","coordinates":[[[79.444269,15.692818],[79.444113,15.692738],[79.443108,15.693171],[79.443711,15.69348],[79.444295,15.693778],[79.444367,15.693815],[79.444883,15.694078],[79.444269,15.692818]]]},"properties":{"lp":"875","ac":"2.68"}},{"type":"Feature","geometry":{"type":"Polygon","coordinates":[[[79.441992,15.692577],[79.443424,15.691874],[79.444177,15.691505],[79.444021,15.691141],[79.443153,15.691498],[79.443183,15.691569],[79.442374,15.691967],[79.441948,15.692176],[79.44158,15.692357],[79.441777,15.692462],[79.441992,15.692577]]]},"properties":{"lp":"893","ac":"2.999"}},{"type":"Feature","geometry":{"type":"Polygon","coordinates":[[[79.440864,15.691884],[79.441009,15.69198],[79.44158,15.692357],[79.441948,15.692176],[79.441526,15.691518],[79.441367,15.691607],[79.440864,15.691884]]]},"properties":{"lp":"886","ac":"1.309"}},{"type":"Feature","geometry":{"type":"Polygon","coordinates":[[[79.440864,15.691884],[79.441367,15.691607],[79.440943,15.690944],[79.440796,15.691047],[79.440314,15.69152],[79.440864,15.691884]]]},"properties":{"lp":"885","ac":"1.49"}},{"type":"Feature","geometry":{"type":"Polygon","coordinates":[[[79.440943,15.690944],[79.441367,15.691607],[79.441526,15.691518],[79.441948,15.692176],[79.442374,15.691967],[79.442064,15.691507],[79.441746,15.691036],[79.441446,15.69059],[79.441121,15.690818],[79.440943,15.690944]]]},"properties":{"lp":"887","ac":"2.577"}},{"type":"Feature","geometry":{"type":"Polygon","coordinates":[[[79.441446,15.69059],[79.441746,15.691036],[79.442685,15.690574],[79.442404,15.689982],[79.442027,15.690186],[79.441446,15.69059]]]},"properties":{"lp":"888","ac":"1.947"}},{"type":"Feature","geometry":{"type":"Polygon","coordinates":[[[79.442427,15.68997],[79.442404,15.689982],[79.442685,15.690574],[79.442708,15.690562],[79.442427,15.68997]]]},"properties":{"lp":"889","ac":"0.05"}},{"type":"Feature","geometry":{"type":"Polygon","coordinates":[[[79.442064,15.691507],[79.442944,15.691059],[79.442708,15.690562],[79.442685,15.690574],[79.441746,15.691036],[79.442064,15.691507]]]},"properties":{"lp":"890","ac":"1.68"}},{"type":"Feature","geometry":{"type":"Polygon","coordinates":[[[79.442374,15.691967],[79.443183,15.691569],[79.443153,15.691498],[79.442944,15.691059],[79.442064,15.691507],[79.442374,15.691967]]]},"properties":{"lp":"891","ac":"1.542"}},{"type":"Feature","geometry":{"type":"Polygon","coordinates":[[[79.443153,15.691498],[79.444021,15.691141],[79.444261,15.691056],[79.443502,15.689416],[79.443278,15.68952],[79.442427,15.68997],[79.442708,15.690562],[79.442944,15.691059],[79.443153,15.691498]]]},"properties":{"lp":"892","ac":"6.152"}},{"type":"Feature","geometry":{"type":"Polygon","coordinates":[[[79.440314,15.69152],[79.438997,15.692548],[79.43913,15.69295],[79.441009,15.69198],[79.440864,15.691884],[79.440314,15.69152]]]},"properties":{"lp":"884","ac":"3.231"}},{"type":"Feature","geometry":{"type":"Polygon","coordinates":[[[79.439361,15.693652],[79.441777,15.692462],[79.44158,15.692357],[79.441009,15.69198],[79.43913,15.69295],[79.439361,15.693652]]]},"properties":{"lp":"883","ac":"5.285"}},{"type":"Feature","geometry":{"type":"Polygon","coordinates":[[[79.441463,15.694665],[79.443711,15.69348],[79.443108,15.693171],[79.442815,15.693016],[79.442563,15.692881],[79.43994,15.694197],[79.441463,15.694665]]]},"properties":{"lp":"881","ac":"8.689"}},{"type":"Feature","geometry":{"type":"Polygon","coordinates":[[[79.441463,15.694665],[79.442417,15.694958],[79.443192,15.694654],[79.443512,15.694248],[79.444295,15.693778],[79.443711,15.69348],[79.441463,15.694665]]]},"properties":{"lp":"880","ac":"4.71"}},{"type":"Feature","geometry":{"type":"Polygon","coordinates":[[[79.44434,15.695514],[79.444367,15.693815],[79.444295,15.693778],[79.443512,15.694248],[79.443192,15.694654],[79.443511,15.695278],[79.444158,15.695512],[79.44434,15.695514]]]},"properties":{"lp":"879","ac":"4.0"}},{"type":"Feature","geometry":{"type":"Polygon","coordinates":[[[79.444686,15.692726],[79.444489,15.692241],[79.442815,15.693016],[79.443108,15.693171],[79.444113,15.692738],[79.444269,15.692818],[79.444686,15.692726]]]},"properties":{"lp":"898","ac":"1.688"}},{"type":"Feature","geometry":{"type":"Polygon","coordinates":[[[79.442815,15.693016],[79.444489,15.692241],[79.444449,15.692144],[79.444367,15.691952],[79.443643,15.692307],[79.442506,15.692851],[79.442563,15.692881],[79.442815,15.693016]]]},"properties":{"lp":"897","ac":"1.689"}},{"type":"Feature","geometry":{"type":"Polygon","coordinates":[[[79.442506,15.692851],[79.443643,15.692307],[79.443584,15.692191],[79.442362,15.692774],[79.442506,15.692851]]]},"properties":{"lp":"895","ac":"0.501"}},{"type":"Feature","geometry":{"type":"Polygon","coordinates":[[[79.442237,15.692707],[79.443526,15.692075],[79.443424,15.691874],[79.441992,15.692577],[79.442237,15.692707]]]},"properties":{"lp":"894","ac":"0.999"}},{"type":"Feature","geometry":{"type":"Polygon","coordinates":[[[79.444367,15.691952],[79.444177,15.691505],[79.443424,15.691874],[79.443526,15.692075],[79.443643,15.692307],[79.444367,15.691952]]]},"properties":{"lp":"896","ac":"1.171"}},{"type":"Feature","geometry":{"type":"Polygon","coordinates":[[[79.445952,15.691547],[79.446287,15.692169],[79.446461,15.692492],[79.447263,15.692215],[79.448108,15.691905],[79.447121,15.691204],[79.445952,15.691547]]]},"properties":{"lp":"864","ac":"4.438"}},{"type":"Feature","geometry":{"type":"Polygon","coordinates":[[[79.44876,15.688128],[79.449844,15.687671],[79.450015,15.6876],[79.450192,15.687525],[79.450369,15.687451],[79.450539,15.68738],[79.449984,15.686548],[79.448338,15.68716],[79.44876,15.688128]]]},"properties":{"lp":"910","ac":"5.488"}},{"type":"Feature","geometry":{"type":"Polygon","coordinates":[[[79.448338,15.68716],[79.449984,15.686548],[79.44893,15.685423],[79.447818,15.685971],[79.448338,15.68716]]]},"properties":{"lp":"911","ac":"6.015"}},{"type":"Feature","geometry":{"type":"Polygon","coordinates":[[[79.447337,15.687506],[79.448338,15.68716],[79.447818,15.685971],[79.44697,15.686386],[79.446989,15.686449],[79.44692,15.686605],[79.447272,15.687334],[79.447337,15.687506]]]},"properties":{"lp":"908","ac":"3.793"}},{"type":"Feature","geometry":{"type":"Polygon","coordinates":[[[79.44893,15.685423],[79.449984,15.686548],[79.450539,15.68738],[79.450591,15.687357],[79.45033,15.686964],[79.450061,15.686559],[79.449029,15.685405],[79.44893,15.685423]]]},"properties":{"lp":"912","ac":"0.469"}},{"type":"Feature","geometry":{"type":"Polygon","coordinates":[[[79.451089,15.687723],[79.451153,15.687693],[79.450591,15.687357],[79.450539,15.68738],[79.450728,15.687498],[79.451089,15.687723]]]},"properties":{"lp":"852","ac":"0.1"}},{"type":"Feature","geometry":{"type":"Polygon","coordinates":[[[79.45436,15.689494],[79.45504,15.689297],[79.45569,15.689108],[79.455797,15.689077],[79.455682,15.688758],[79.45431,15.689096],[79.45436,15.689494]]]},"properties":{"lp":"836","ac":"1.568"}},{"type":"Feature","geometry":{"type":"Polygon","coordinates":[[[79.45431,15.689096],[79.455682,15.688758],[79.455595,15.688517],[79.454938,15.688685],[79.45428,15.688853],[79.45431,15.689096]]]},"properties":{"lp":"837","ac":"1.01"}},{"type":"Feature","geometry":{"type":"Polygon","coordinates":[[[79.454938,15.688685],[79.455595,15.688517],[79.455532,15.688344],[79.455505,15.688269],[79.454876,15.688429],[79.454938,15.688685]]]},"properties":{"lp":"838","ac":"0.511"}},{"type":"Feature","geometry":{"type":"Polygon","coordinates":[[[79.454248,15.68859],[79.454876,15.688429],[79.455505,15.688269],[79.455413,15.688013],[79.454213,15.688311],[79.454248,15.68859]]]},"properties":{"lp":"839","ac":"1.02"}},{"type":"Feature","geometry":{"type":"Polygon","coordinates":[[[79.454213,15.688311],[79.455413,15.688013],[79.45527,15.687616],[79.454897,15.687737],[79.454873,15.687677],[79.454158,15.68786],[79.454213,15.688311]]]},"properties":{"lp":"840","ac":"1.522"}},{"type":"Feature","geometry":{"type":"Polygon","coordinates":[[[79.455797,15.689077],[79.456694,15.688836],[79.457565,15.688479],[79.457365,15.6882],[79.45729,15.688165],[79.457002,15.687882],[79.455532,15.688344],[79.455595,15.688517],[79.455682,15.688758],[79.455797,15.689077]]]},"properties":{"lp":"841","ac":"3.999"}},{"type":"Feature","geometry":{"type":"Polygon","coordinates":[[[79.455532,15.688344],[79.457002,15.687882],[79.456997,15.687878],[79.456566,15.687182],[79.45627,15.687281],[79.45527,15.687616],[79.455413,15.688013],[79.455505,15.688269],[79.455532,15.688344]]]},"properties":{"lp":"842","ac":"3.351"}},{"type":"Feature","geometry":{"type":"Polygon","coordinates":[[[79.45469,15.687141],[79.455806,15.686813],[79.455638,15.686235],[79.454495,15.686567],[79.45455,15.68673],[79.45469,15.687141]]]},"properties":{"lp":"845","ac":"2.083"}},{"type":"Feature","geometry":{"type":"Polygon","coordinates":[[[79.454897,15.687737],[79.45527,15.687616],[79.45627,15.687281],[79.455733,15.685559],[79.455458,15.685669],[79.455638,15.686235],[79.455806,15.686813],[79.45469,15.687141],[79.454873,15.687677],[79.454897,15.687737]]]},"properties":{"lp":"844","ac":"3.641"}},{"type":"Feature","geometry":{"type":"Polygon","coordinates":[[[79.45627,15.687281],[79.456566,15.687182],[79.456321,15.686253],[79.456051,15.685433],[79.455733,15.685559],[79.45627,15.687281]]]},"properties":{"lp":"843","ac":"1.809"}},{"type":"Feature","geometry":{"type":"Polygon","coordinates":[[[79.454495,15.686567],[79.455638,15.686235],[79.455458,15.685669],[79.455733,15.685559],[79.456051,15.685433],[79.456002,15.685289],[79.454318,15.68581],[79.454454,15.686394],[79.454495,15.686567]]]},"properties":{"lp":"922","ac":"2.999"}},{"type":"Feature","geometry":{"type":"Polygon","coordinates":[[[79.444983,15.695064],[79.445114,15.694196],[79.444883,15.694078],[79.444367,15.693815],[79.44434,15.695514],[79.44461,15.695518],[79.44494,15.695292],[79.444916,15.695037],[79.444983,15.695064]]]},"properties":{"lp":"878","ac":"2.86"}},{"type":"Feature","geometry":{"type":"Polygon","coordinates":[[[79.444983,15.695064],[79.445427,15.695236],[79.445543,15.694415],[79.445114,15.694196],[79.444983,15.695064]]]},"properties":{"lp":"877","ac":"1.15"}},{"type":"Feature","geometry":{"type":"Polygon","coordinates":[[[79.445543,15.694415],[79.445427,15.695236],[79.446437,15.695629],[79.446465,15.695566],[79.446786,15.694986],[79.44666,15.695027],[79.446159,15.69475],[79.445664,15.694477],[79.445543,15.694415]]]},"properties":{"lp":"876","ac":"2.566"}},{"type":"Feature","geometry":{"type":"Polygon","coordinates":[[[79.45424,15.685473],[79.454318,15.68581],[79.456002,15.685289],[79.455847,15.684836],[79.455237,15.684676],[79.454382,15.684564],[79.454033,15.684619],[79.454104,15.684912],[79.45424,15.685473]]]},"properties":{"lp":"923","ac":"4.664"}},{"type":"Feature","geometry":{"type":"Polygon","coordinates":[[[79.45497,15.697297],[79.45403,15.697193],[79.454075,15.69729],[79.454477,15.697298],[79.454846,15.697504],[79.45497,15.697297]]]},"properties":{"lp":"925","ac":"0.284"}},{"type":"Feature","geometry":{"type":"Polygon","coordinates":[[[79.45497,15.697297],[79.45509,15.697097],[79.453958,15.697035],[79.45403,15.697193],[79.45497,15.697297]]]},"properties":{"lp":"924","ac":"0.55"}},{"type":"Feature","geometry":{"type":"Polygon","coordinates":[[[79.442506,15.692851],[79.442362,15.692774],[79.442237,15.692707],[79.441992,15.692577],[79.441777,15.692462],[79.439361,15.693652],[79.439497,15.694061],[79.43994,15.694197],[79.442563,15.692881],[79.442506,15.692851]]]},"properties":{"lp":"882","ac":"6.306"}},{"type":"Feature","geometry":{"type":"Polygon","coordinates":[[[79.442362,15.692774],[79.443584,15.692191],[79.443643,15.692307],[79.443526,15.692075],[79.442237,15.692707],[79.442362,15.692774]]]},"properties":{"lp":"926","ac":"0.5"}},{"type":"Feature","geometry":{"type":"Polygon","coordinates":[[[79.459882,15.699035],[79.460271,15.698988],[79.461009,15.698898],[79.461514,15.698836],[79.461351,15.6982],[79.459795,15.698649],[79.459882,15.699035]]]},"properties":{"lp":"671","ac":"2.505"}},{"type":"Feature","geometry":{"type":"Polygon","coordinates":[[[79.459763,15.698512],[79.460583,15.698269],[79.460557,15.698116],[79.459711,15.69829],[79.459738,15.6984],[79.459763,15.698512]]]},"properties":{"lp":"674","ac":"0.481"}},{"type":"Feature","geometry":{"type":"Polygon","coordinates":[[[79.460583,15.698269],[79.461305,15.698055],[79.461289,15.697968],[79.460557,15.698116],[79.460583,15.698269]]]},"properties":{"lp":"928","ac":"0.267"}},{"type":"Feature","geometry":{"type":"Polygon","coordinates":[[[79.459691,15.695016],[79.459976,15.694959],[79.459838,15.694492],[79.459514,15.694285],[79.459691,15.695016]]]},"properties":{"lp":"707","ac":"0.5"}},{"type":"Feature","geometry":{"type":"Polygon","coordinates":[[[79.459353,15.695085],[79.459691,15.695016],[79.459514,15.694285],[79.459331,15.694169],[79.459178,15.693791],[79.459099,15.69347],[79.458849,15.693534],[79.459353,15.695085]]]},"properties":{"lp":"708","ac":"1.5"}},{"type":"Feature","geometry":{"type":"Polygon","coordinates":[[[79.463342,15.699553],[79.463069,15.69964],[79.463249,15.700348],[79.463208,15.700357],[79.463514,15.700818],[79.463748,15.700779],[79.463342,15.699553]]]},"properties":{"lp":"656","ac":"1.153"}},{"type":"Feature","geometry":{"type":"Polygon","coordinates":[[[79.463342,15.699553],[79.463748,15.700779],[79.463924,15.70075],[79.464004,15.700711],[79.463588,15.699475],[79.463342,15.699553]]]},"properties":{"lp":"933","ac":"1.0"}},{"type":"Feature","geometry":{"type":"Polygon","coordinates":[[[79.464004,15.700711],[79.464243,15.700595],[79.463843,15.699395],[79.463588,15.699475],[79.464004,15.700711]]]},"properties":{"lp":"934","ac":"1.0"}},{"type":"Feature","geometry":{"type":"Polygon","coordinates":[[[79.463843,15.699395],[79.464243,15.700595],[79.464498,15.700471],[79.464487,15.70044],[79.464098,15.699314],[79.463843,15.699395]]]},"properties":{"lp":"935","ac":"1.0"}},{"type":"Feature","geometry":{"type":"Polygon","coordinates":[[[79.463921,15.697358],[79.465476,15.69708],[79.46542,15.69683],[79.463878,15.697065],[79.463921,15.697358]]]},"properties":{"lp":"929","ac":"1.269"}},{"type":"Feature","geometry":{"type":"Polygon","coordinates":[[[79.463878,15.697065],[79.46542,15.69683],[79.465368,15.696597],[79.463843,15.696822],[79.46387,15.69701],[79.463878,15.697065]]]},"properties":{"lp":"930","ac":"1.1"}},{"type":"Feature","geometry":{"type":"Polygon","coordinates":[[[79.463843,15.696822],[79.465368,15.696597],[79.465311,15.696342],[79.46381,15.696595],[79.463814,15.696625],[79.463843,15.696822]]]},"properties":{"lp":"931","ac":"1.1"}},{"type":"Feature","geometry":{"type":"Polygon","coordinates":[[[79.46381,15.696595],[79.465311,15.696342],[79.465266,15.696143],[79.463777,15.696373],[79.46381,15.696595]]]},"properties":{"lp":"932","ac":"0.95"}},{"type":"Feature","geometry":{"type":"Polygon","coordinates":[[[79.463777,15.696373],[79.465266,15.696143],[79.465134,15.695556],[79.463724,15.695772],[79.463845,15.69629],[79.463768,15.69631],[79.463777,15.696373]]]},"properties":{"lp":"680","ac":"2.524"}},{"type":"Feature","geometry":{"type":"Polygon","coordinates":[[[79.465502,15.696719],[79.466875,15.696414],[79.466744,15.695879],[79.465346,15.696089],[79.465502,15.696719]]]},"properties":{"lp":"683","ac":"2.475"}},{"type":"Feature","geometry":{"type":"Polygon","coordinates":[[[79.465502,15.696719],[79.465593,15.697086],[79.466362,15.696906],[79.46657,15.696857],[79.466775,15.696809],[79.466962,15.696765],[79.466875,15.696414],[79.465502,15.696719]]]},"properties":{"lp":"936","ac":"1.525"}},{"type":"Feature","geometry":{"type":"Polygon","coordinates":[[[79.44762,15.689751],[79.449023,15.689228],[79.448745,15.688745],[79.447507,15.689183],[79.44762,15.689751]]]},"properties":{"lp":"937","ac":"2.309"}},{"type":"Feature","geometry":{"type":"Polygon","coordinates":[[[79.453442,15.696361],[79.45395,15.69629],[79.453839,15.695995],[79.453479,15.696035],[79.453442,15.696361]]]},"properties":{"lp":"938","ac":"0.401"}},{"type":"Feature","geometry":{"type":"Polygon","coordinates":[[[79.453479,15.696035],[79.453839,15.695995],[79.453566,15.695265],[79.453479,15.696035]]]},"properties":{"lp":"939","ac":"0.402"}},{"type":"Feature","geometry":{"type":"Polygon","coordinates":[[[79.450272,15.705221],[79.4522,15.704423],[79.452152,15.704293],[79.450217,15.705101],[79.450272,15.705221]]]},"properties":{"lp":"940","ac":"0.829"}},{"type":"Feature","geometry":{"type":"Polygon","coordinates":[[[79.467039,15.698594],[79.467234,15.698535],[79.466775,15.696809],[79.46657,15.696857],[79.467039,15.698594]]]},"properties":{"lp":"941","ac":"1.088"}},{"type":"Feature","geometry":{"type":"Polygon","coordinates":[[[79.466775,15.696809],[79.467234,15.698535],[79.467437,15.698473],[79.466976,15.696762],[79.466962,15.696765],[79.466775,15.696809]]]},"properties":{"lp":"942","ac":"1.088"}},{"type":"Feature","geometry":{"type":"Polygon","coordinates":[[[79.469369,15.701734],[79.4695,15.702466],[79.469946,15.702365],[79.47017,15.701988],[79.46997,15.702021],[79.469924,15.701828],[79.469878,15.701633],[79.469369,15.701734]]]},"properties":{"lp":"943","ac":"1.212"}},{"type":"Feature","geometry":{"type":"Polygon","coordinates":[[[79.456898,15.699819],[79.457052,15.69978],[79.456914,15.699419],[79.456785,15.699519],[79.456898,15.699819]]]},"properties":{"lp":"645","ac":"0.163"}},{"type":"Feature","geometry":{"type":"Polygon","coordinates":[[[79.462589,15.699789],[79.46269,15.699757],[79.46288,15.699699],[79.463069,15.69964],[79.463342,15.699553],[79.463588,15.699475],[79.463843,15.699395],[79.464098,15.699314],[79.463953,15.699186],[79.464075,15.69843],[79.463896,15.698324],[79.46296,15.698463],[79.46242,15.699109],[79.462589,15.699789]]]},"properties":{"lp":"644","ac":"4.82"}},{"type":"Feature","geometry":{"type":"Polygon","coordinates":[[[79.463053,15.700391],[79.463208,15.700357],[79.463249,15.700348],[79.463069,15.69964],[79.46288,15.699699],[79.463053,15.700391]]]},"properties":{"lp":"646","ac":"0.423"}},{"type":"Feature","geometry":{"type":"Polygon","coordinates":[[[79.44168,15.716615],[79.442793,15.715893],[79.442634,15.715668],[79.441717,15.716082],[79.44168,15.716615]]]},"properties":{"lp":"944","ac":"1.229"}},{"type":"Feature","geometry":{"type":"Polygon","coordinates":[[[79.441717,15.716082],[79.442634,15.715668],[79.442508,15.715492],[79.441735,15.715811],[79.441717,15.716082]]]},"properties":{"lp":"945","ac":"0.61"}},{"type":"Feature","geometry":{"type":"Polygon","coordinates":[[[79.456826,15.695835],[79.458547,15.695221],[79.458428,15.694915],[79.457631,15.695197],[79.457121,15.695378],[79.456643,15.695548],[79.456826,15.695835]]]},"properties":{"lp":"647","ac":"1.8"}},{"type":"Feature","geometry":{"type":"Polygon","coordinates":[[[79.456562,15.70129],[79.457109,15.70157],[79.4568,15.701163],[79.456562,15.70129]]]},"properties":{"lp":"946","ac":"0.2"}},{"type":"Feature","geometry":{"type":"Polygon","coordinates":[[[79.455498,15.701422],[79.455985,15.701254],[79.455963,15.70118],[79.455881,15.701059],[79.45543,15.701256],[79.455498,15.701422]]]},"properties":{"lp":"947","ac":"0.3"}},{"type":"Feature","geometry":{"type":"Polygon","coordinates":[[[79.454777,15.690911],[79.455434,15.69071],[79.455248,15.690189],[79.454625,15.690386],[79.454777,15.690911]]]},"properties":{"lp":"793","ac":"1.08"}},{"type":"Feature","geometry":{"type":"Polygon","coordinates":[[[79.462263,15.695634],[79.462234,15.695516],[79.462007,15.695561],[79.461694,15.694154],[79.461594,15.695002],[79.461704,15.695613],[79.461907,15.695579],[79.461939,15.695713],[79.462263,15.695634]]]},"properties":{"lp":"787","ac":"1.0"}},{"type":"Feature","geometry":{"type":"Polygon","coordinates":[[[79.431664,15.704004],[79.434244,15.702955],[79.434147,15.7026],[79.433456,15.702883],[79.433159,15.703004],[79.431502,15.703681],[79.431664,15.704004]]]},"properties":{"lp":"165","ac":"3.0"}},{"type":"Feature","geometry":{"type":"Polygon","coordinates":[[[79.447531,15.706078],[79.447935,15.705936],[79.447785,15.705603],[79.4474,15.705754],[79.447531,15.706078]]]},"properties":{"lp":"93","ac":"0.44"}},{"type":"Feature","geometry":{"type":"Polygon","coordinates":[[[79.4474,15.705754],[79.447785,15.705603],[79.447587,15.705163],[79.447357,15.705298],[79.447311,15.705532],[79.4474,15.705754]]]},"properties":{"lp":"94","ac":"0.5"}},{"type":"Feature","geometry":{"type":"Polygon","coordinates":[[[79.447178,15.706202],[79.447531,15.706078],[79.4474,15.705754],[79.447311,15.705532],[79.447178,15.706202]]]},"properties":{"lp":"95","ac":"0.322"}},{"type":"Feature","geometry":{"type":"Polygon","coordinates":[[[79.451328,15.689688],[79.450192,15.687525],[79.450015,15.6876],[79.450399,15.688402],[79.450741,15.689115],[79.451058,15.689776],[79.451328,15.689688]]]},"properties":{"lp":"948","ac":"1.68"}},{"type":"Feature","geometry":{"type":"Polygon","coordinates":[[[79.450819,15.689854],[79.451058,15.689776],[79.450741,15.689115],[79.450526,15.689198],[79.45065,15.689475],[79.450819,15.689854]]]},"properties":{"lp":"424","ac":"0.51"}},{"type":"Feature","geometry":{"type":"Polygon","coordinates":[[[79.450526,15.689198],[79.450741,15.689115],[79.450399,15.688402],[79.450203,15.688474],[79.450352,15.688808],[79.450418,15.688955],[79.450526,15.689198]]]},"properties":{"lp":"423","ac":"0.509"}},{"type":"Feature","geometry":{"type":"Polygon","coordinates":[[[79.450203,15.688474],[79.450399,15.688402],[79.450015,15.6876],[79.449844,15.687671],[79.450203,15.688474]]]},"properties":{"lp":"418","ac":"0.51"}},{"type":"Feature","geometry":{"type":"Polygon","coordinates":[[[79.454938,15.688685],[79.454876,15.688429],[79.454248,15.68859],[79.45428,15.688853],[79.454938,15.688685]]]},"properties":{"lp":"419","ac":"0.511"}},{"type":"Feature","geometry":{"type":"Polygon","coordinates":[[[79.429573,15.702718],[79.431711,15.702198],[79.431717,15.702037],[79.429575,15.702512],[79.429537,15.702565],[79.429573,15.702718]]]},"properties":{"lp":"96","ac":"1.16"}},{"type":"Feature","geometry":{"type":"Polygon","coordinates":[[[79.431717,15.702037],[79.431723,15.701848],[79.429771,15.702268],[79.4297,15.702338],[79.429575,15.702512],[79.431717,15.702037]]]},"properties":{"lp":"97","ac":"1.17"}},{"type":"Feature","geometry":{"type":"Polygon","coordinates":[[[79.461281,15.702514],[79.461401,15.702553],[79.461666,15.7026],[79.461949,15.702213],[79.46183,15.702068],[79.461427,15.70203],[79.461281,15.702514]]]},"properties":{"lp":"162","ac":"0.75"}},{"type":"Feature","geometry":{"type":"Polygon","coordinates":[[[79.46443,15.707746],[79.46522,15.70749],[79.465157,15.707304],[79.464375,15.707538],[79.46443,15.707746]]]},"properties":{"lp":"512","ac":"0.496"}},{"type":"Feature","geometry":{"type":"Polygon","coordinates":[[[79.445015,15.704819],[79.445725,15.704524],[79.445404,15.703851],[79.444675,15.704087],[79.445015,15.704819]]]},"properties":{"lp":"949","ac":"1.739"}},{"type":"Feature","geometry":{"type":"Polygon","coordinates":[[[79.445203,15.705224],[79.445914,15.704919],[79.445725,15.704524],[79.445015,15.704819],[79.445203,15.705224]]]},"properties":{"lp":"950","ac":"0.999"}},{"type":"Feature","geometry":{"type":"Polygon","coordinates":[[[79.445417,15.705685],[79.446075,15.705256],[79.445914,15.704919],[79.445203,15.705224],[79.445417,15.705685]]]},"properties":{"lp":"951","ac":"1.0"}},{"type":"Feature","geometry":{"type":"Polygon","coordinates":[[[79.463559,15.709259],[79.464801,15.708788],[79.46471,15.708571],[79.46347,15.709001],[79.463559,15.709259]]]},"properties":{"lp":"513","ac":"0.983"}},{"type":"Feature","geometry":{"type":"Polygon","coordinates":[[[79.433159,15.703004],[79.433456,15.702883],[79.433264,15.702457],[79.432958,15.702555],[79.433159,15.703004]]]},"properties":{"lp":"952","ac":"0.45"}},{"type":"Feature","geometry":{"type":"Polygon","coordinates":[[[79.433456,15.702883],[79.434147,15.7026],[79.434124,15.702514],[79.43404,15.702206],[79.433264,15.702457],[79.433456,15.702883]]]},"properties":{"lp":"953","ac":"0.999"}},{"type":"Feature","geometry":{"type":"Polygon","coordinates":[[[79.457717,15.715925],[79.458307,15.715489],[79.457972,15.714759],[79.457392,15.715006],[79.457717,15.715925]]]},"properties":{"lp":"954","ac":"1.742"}},{"type":"Feature","geometry":{"type":"Polygon","coordinates":[[[79.468645,15.696712],[79.468238,15.69649],[79.46776,15.696593],[79.468408,15.698913],[79.469247,15.698652],[79.468645,15.696712]]]},"properties":{"lp":"955","ac":"5.73"}},{"type":"Feature","geometry":{"type":"Polygon","coordinates":[[[79.435618,15.698799],[79.435292,15.699139],[79.435644,15.700135],[79.435686,15.700167],[79.43538,15.699238],[79.435437,15.699127],[79.43554,15.699002],[79.435618,15.698799]]]},"properties":{"lp":"956","ac":"0.225"}},{"type":"Feature","geometry":{"type":"Polygon","coordinates":[[[79.435644,15.700135],[79.435861,15.70103],[79.435882,15.701024],[79.435801,15.700581],[79.435733,15.700204],[79.435686,15.700167],[79.435644,15.700135]]]},"properties":{"lp":"957","ac":"0.121"}},{"type":"Feature","geometry":{"type":"Polygon","coordinates":[[[79.435861,15.701116],[79.435897,15.701105],[79.435882,15.701024],[79.435861,15.70103],[79.435861,15.701116]]]},"properties":{"lp":"958","ac":"0.007"}},{"type":"Feature","geometry":{"type":"Polygon","coordinates":[[[79.435926,15.701596],[79.435983,15.701577],[79.435897,15.701105],[79.435861,15.701116],[79.435926,15.701596]]]},"properties":{"lp":"959","ac":"0.068"}},{"type":"Feature","geometry":{"type":"Polygon","coordinates":[[[79.430357,15.70823],[79.432235,15.708551],[79.432298,15.708176],[79.430433,15.707898],[79.430357,15.70823]]]},"properties":{"lp":"927","ac":"2.0"}}]}