{"type":"FeatureCollection","village":"CHINTHAGUNTA","features":[{"type":"Feature","geometry":{"type":"Polygon","coordinates":[[[79.48729,15.683384],[79.487368,15.683443],[79.487493,15.683536],[79.487592,15.683611],[79.487787,15.683757],[79.487914,15.683853],[79.488391,15.684212],[79.489099,15.684512],[79.489193,15.684407],[79.488379,15.684072],[79.488173,15.683913],[79.488011,15.683787],[79.487865,15.683674],[79.487364,15.683287],[79.48729,15.683384]]]},"properties":{"lp":"262","ac":"0.751","chaltha":"262"}},{"type":"Feature","geometry":{"type":"Polygon","coordinates":[[[79.493333,15.664345],[79.493861,15.665627],[79.494171,15.665485],[79.494539,15.665317],[79.494566,15.665305],[79.494035,15.664027],[79.493484,15.66426],[79.493333,15.664345]]]},"properties":{"lp":"939","ac":"3.152","chaltha":"939"}},{"type":"Feature","geometry":{"type":"Polygon","coordinates":[[[79.489622,15.661964],[79.489943,15.662664],[79.491001,15.662202],[79.490871,15.661885],[79.490806,15.661729],[79.491168,15.661613],[79.491229,15.661594],[79.491145,15.661387],[79.490969,15.660956],[79.490725,15.660357],[79.490238,15.660663],[79.489787,15.660948],[79.489784,15.66095],[79.490142,15.661744],[79.489622,15.661964]]]},"properties":{"lp":"979","ac":"6.002","chaltha":"979"}},{"type":"Feature","geometry":{"type":"Polygon","coordinates":[[[79.488733,15.66221],[79.488771,15.662301],[79.489237,15.662116],[79.489622,15.661964],[79.490142,15.661744],[79.489784,15.66095],[79.489303,15.661144],[79.488798,15.661609],[79.488851,15.661725],[79.488733,15.66221]]]},"properties":{"lp":"980","ac":"3.047","chaltha":"980"}},{"type":"Feature","geometry":{"type":"Polygon","coordinates":[[[79.485269,15.669687],[79.48576,15.67102],[79.485925,15.670857],[79.486549,15.670241],[79.486785,15.670006],[79.486479,15.669247],[79.485837,15.66948],[79.485269,15.669687]]]},"properties":{"lp":"1092","ac":"4.28","chaltha":"1092"}},{"type":"Feature","geometry":{"type":"Polygon","coordinates":[[[79.485655,15.669022],[79.485837,15.66948],[79.486479,15.669247],[79.486287,15.668771],[79.485815,15.668964],[79.485655,15.669022]]]},"properties":{"lp":"1086","ac":"1.0","chaltha":"1086"}},{"type":"Feature","geometry":{"type":"Polygon","coordinates":[[[79.481875,15.680837],[79.482258,15.680833],[79.482972,15.680824],[79.483317,15.681011],[79.483494,15.680948],[79.483143,15.680563],[79.481824,15.680677],[79.481875,15.680837]]]},"properties":{"lp":"1284","ac":"1.046","chaltha":"1284"}},{"type":"Feature","geometry":{"type":"Polygon","coordinates":[[[79.480552,15.681212],[79.480588,15.681202],[79.480706,15.681169],[79.481155,15.681042],[79.481667,15.680896],[79.481875,15.680837],[79.481824,15.680677],[79.481827,15.68065],[79.48185,15.680469],[79.481815,15.680474],[79.481346,15.68054],[79.481204,15.68056],[79.48102,15.680587],[79.480865,15.680609],[79.48065,15.680639],[79.480484,15.680743],[79.480552,15.681212]]]},"properties":{"lp":"1285","ac":"1.814","chaltha":"1285"}},{"type":"Feature","geometry":{"type":"Polygon","coordinates":[[[79.485314,15.663965],[79.484999,15.664076],[79.483955,15.664613],[79.484048,15.664837],[79.48466,15.66451],[79.48504,15.664249],[79.485314,15.663965]]]},"properties":{"lp":"1163","ac":"0.842","chaltha":"1163"}},{"type":"Feature","geometry":{"type":"Polygon","coordinates":[[[79.480358,15.672254],[79.480183,15.673038],[79.480139,15.673034],[79.480024,15.673024],[79.479861,15.673328],[79.479607,15.673799],[79.479576,15.673992],[79.479648,15.673897],[79.480043,15.673375],[79.480148,15.673287],[79.480315,15.673147],[79.480475,15.672381],[79.480485,15.672332],[79.480517,15.672179],[79.480358,15.672254]]]},"properties":{"lp":"1524","ac":"0.892","chaltha":"1524"}},{"type":"Feature","geometry":{"type":"Polygon","coordinates":[[[79.483654,15.67772],[79.483998,15.677746],[79.484354,15.677774],[79.484714,15.677802],[79.485993,15.677902],[79.485952,15.677798],[79.485481,15.67776],[79.485253,15.677741],[79.484988,15.677719],[79.484493,15.677679],[79.484053,15.677643],[79.48385,15.677587],[79.483654,15.67772]]]},"properties":{"lp":"1252","ac":"0.703","chaltha":"1252"}},{"type":"Feature","geometry":{"type":"Polygon","coordinates":[[[79.490836,15.667495],[79.490591,15.667592],[79.490326,15.667698],[79.490439,15.667961],[79.490565,15.668259],[79.490662,15.668487],[79.490752,15.668699],[79.490901,15.669049],[79.491161,15.669659],[79.491192,15.669737],[79.491719,15.669515],[79.491287,15.668496],[79.490836,15.667495]]]},"properties":{"lp":"1063","ac":"3.662","chaltha":"1063"}},{"type":"Feature","geometry":{"type":"Polygon","coordinates":[[[79.490836,15.667495],[79.491287,15.668496],[79.491554,15.668369],[79.491127,15.66738],[79.490849,15.66749],[79.490836,15.667495]]]},"properties":{"lp":"1062","ac":"0.969","chaltha":"1062"}},{"type":"Feature","geometry":{"type":"Polygon","coordinates":[[[79.491554,15.668369],[79.491287,15.668496],[79.491719,15.669515],[79.492005,15.669395],[79.491554,15.668369]]]},"properties":{"lp":"1061","ac":"0.988","chaltha":"1061"}},{"type":"Feature","geometry":{"type":"Polygon","coordinates":[[[79.491127,15.66738],[79.491554,15.668369],[79.492005,15.669395],[79.49226,15.669287],[79.491377,15.66728],[79.491127,15.66738]]]},"properties":{"lp":"1060","ac":"1.767","chaltha":"1060"}},{"type":"Feature","geometry":{"type":"Polygon","coordinates":[[[79.491377,15.66728],[79.49226,15.669287],[79.492544,15.669168],[79.491653,15.66717],[79.491386,15.667277],[79.491377,15.66728]]]},"properties":{"lp":"1059","ac":"1.941","chaltha":"1059"}},{"type":"Feature","geometry":{"type":"Polygon","coordinates":[[[79.491653,15.66717],[79.492544,15.669168],[79.492913,15.669012],[79.492473,15.668016],[79.492032,15.66702],[79.491896,15.667074],[79.491653,15.66717]]]},"properties":{"lp":"1058","ac":"2.589","chaltha":"1058"}},{"type":"Feature","geometry":{"type":"Polygon","coordinates":[[[79.492426,15.666863],[79.492197,15.666321],[79.492027,15.666386],[79.491687,15.666516],[79.491672,15.666522],[79.491896,15.667074],[79.492032,15.66702],[79.492426,15.666863]]]},"properties":{"lp":"1051","ac":"0.982","chaltha":"1051"}},{"type":"Feature","geometry":{"type":"Polygon","coordinates":[[[79.491896,15.667074],[79.491672,15.666522],[79.491401,15.666625],[79.491653,15.66717],[79.491896,15.667074]]]},"properties":{"lp":"1052","ac":"0.483","chaltha":"1052"}},{"type":"Feature","geometry":{"type":"Polygon","coordinates":[[[79.491401,15.666625],[79.491136,15.666726],[79.491386,15.667277],[79.491653,15.66717],[79.491401,15.666625]]]},"properties":{"lp":"1053","ac":"0.503","chaltha":"1053"}},{"type":"Feature","geometry":{"type":"Polygon","coordinates":[[[79.490081,15.667129],[79.490326,15.667698],[79.490591,15.667592],[79.490348,15.667027],[79.490081,15.667129]]]},"properties":{"lp":"1056","ac":"0.516","chaltha":"1056"}},{"type":"Feature","geometry":{"type":"Polygon","coordinates":[[[79.491136,15.666726],[79.491034,15.666765],[79.490725,15.666883],[79.490605,15.666929],[79.490849,15.66749],[79.491127,15.66738],[79.491377,15.66728],[79.491386,15.667277],[79.491136,15.666726]]]},"properties":{"lp":"1054","ac":"1.02","chaltha":"1054"}},{"type":"Feature","geometry":{"type":"Polygon","coordinates":[[[79.490591,15.667592],[79.490836,15.667495],[79.490849,15.66749],[79.490605,15.666929],[79.490581,15.666938],[79.4904,15.667007],[79.490348,15.667027],[79.490591,15.667592]]]},"properties":{"lp":"1055","ac":"0.497","chaltha":"1055"}},{"type":"Feature","geometry":{"type":"Polygon","coordinates":[[[79.492897,15.667435],[79.492708,15.667501],[79.492866,15.667857],[79.493297,15.66883],[79.493305,15.668847],[79.493475,15.668767],[79.493176,15.668079],[79.492897,15.667435]]]},"properties":{"lp":"930","ac":"0.829","chaltha":"930"}},{"type":"Feature","geometry":{"type":"Polygon","coordinates":[[[79.493816,15.668606],[79.493534,15.667947],[79.493176,15.668079],[79.493475,15.668767],[79.493816,15.668606]]]},"properties":{"lp":"929","ac":"0.814","chaltha":"929"}},{"type":"Feature","geometry":{"type":"Polygon","coordinates":[[[79.495339,15.664935],[79.495934,15.664665],[79.496073,15.664601],[79.495819,15.664005],[79.495556,15.663421],[79.495296,15.663525],[79.494976,15.663652],[79.4948,15.663722],[79.494783,15.663729],[79.495339,15.664935]]]},"properties":{"lp":"942","ac":"3.152","chaltha":"942"}},{"type":"Feature","geometry":{"type":"Polygon","coordinates":[[[79.492888,15.66605],[79.492363,15.664912],[79.492217,15.664977],[79.492085,15.665035],[79.492595,15.666169],[79.49279,15.666091],[79.492888,15.66605]]]},"properties":{"lp":"937","ac":"1.134","chaltha":"937"}},{"type":"Feature","geometry":{"type":"Polygon","coordinates":[[[79.493534,15.667947],[79.493278,15.667304],[79.492989,15.667403],[79.492897,15.667435],[79.493176,15.668079],[79.493534,15.667947]]]},"properties":{"lp":"931","ac":"0.8","chaltha":"931"}},{"type":"Feature","geometry":{"type":"Polygon","coordinates":[[[79.493278,15.667304],[79.493027,15.666682],[79.49279,15.666091],[79.492595,15.666169],[79.492497,15.666207],[79.492989,15.667403],[79.493278,15.667304]]]},"properties":{"lp":"933","ac":"1.18","chaltha":"933"}},{"type":"Feature","geometry":{"type":"Polygon","coordinates":[[[79.492708,15.667501],[79.492897,15.667435],[79.492989,15.667403],[79.492497,15.666207],[79.492318,15.666274],[79.492197,15.666321],[79.492426,15.666863],[79.492708,15.667501]]]},"properties":{"lp":"932","ac":"1.178","chaltha":"932"}},{"type":"Feature","geometry":{"type":"Polygon","coordinates":[[[79.490725,15.666883],[79.490267,15.665844],[79.490102,15.665911],[79.490581,15.666938],[79.490605,15.666929],[79.490725,15.666883]]]},"properties":{"lp":"1046","ac":"0.551","chaltha":"1046"}},{"type":"Feature","geometry":{"type":"Polygon","coordinates":[[[79.490725,15.666883],[79.491034,15.666765],[79.49055,15.665723],[79.490389,15.665795],[79.490267,15.665844],[79.490725,15.666883]]]},"properties":{"lp":"1047","ac":"1.067","chaltha":"1047"}},{"type":"Feature","geometry":{"type":"Polygon","coordinates":[[[79.491034,15.666765],[79.491136,15.666726],[79.491401,15.666625],[79.491672,15.666522],[79.491687,15.666516],[79.491199,15.665432],[79.490959,15.665539],[79.490665,15.665671],[79.49055,15.665723],[79.491034,15.666765]]]},"properties":{"lp":"1048","ac":"2.413","chaltha":"1048"}},{"type":"Feature","geometry":{"type":"Polygon","coordinates":[[[79.490581,15.666938],[79.490102,15.665911],[79.489935,15.665979],[79.4904,15.667007],[79.490581,15.666938]]]},"properties":{"lp":"1045","ac":"0.619","chaltha":"1045"}},{"type":"Feature","geometry":{"type":"Polygon","coordinates":[[[79.490081,15.667129],[79.490348,15.667027],[79.4904,15.667007],[79.489935,15.665979],[79.489844,15.666015],[79.489624,15.666103],[79.489672,15.666211],[79.49004,15.667038],[79.490081,15.667129]]]},"properties":{"lp":"1044","ac":"1.116","chaltha":"1044"}},{"type":"Feature","geometry":{"type":"Polygon","coordinates":[[[79.489294,15.665288],[79.489386,15.665513],[79.489624,15.666103],[79.489844,15.666015],[79.489483,15.665206],[79.489294,15.665288]]]},"properties":{"lp":"996","ac":"0.573","chaltha":"996"}},{"type":"Feature","geometry":{"type":"Polygon","coordinates":[[[79.489483,15.665206],[79.489844,15.666015],[79.489935,15.665979],[79.490102,15.665911],[79.490267,15.665844],[79.490389,15.665795],[79.489995,15.665005],[79.489931,15.665016],[79.489927,15.665018],[79.489483,15.665206]]]},"properties":{"lp":"995","ac":"1.482","chaltha":"995"}},{"type":"Feature","geometry":{"type":"Polygon","coordinates":[[[79.490287,15.664877],[79.490216,15.664904],[79.489995,15.665005],[79.490389,15.665795],[79.49055,15.665723],[79.490665,15.665671],[79.490287,15.664877]]]},"properties":{"lp":"994","ac":"0.803","chaltha":"994"}},{"type":"Feature","geometry":{"type":"Polygon","coordinates":[[[79.490593,15.664755],[79.490287,15.664877],[79.490665,15.665671],[79.490959,15.665539],[79.490593,15.664755]]]},"properties":{"lp":"993","ac":"0.833","chaltha":"993"}},{"type":"Feature","geometry":{"type":"Polygon","coordinates":[[[79.491276,15.665397],[79.49093,15.664653],[79.490803,15.664702],[79.490791,15.664672],[79.490593,15.664755],[79.490959,15.665539],[79.491199,15.665432],[79.491276,15.665397]]]},"properties":{"lp":"992","ac":"0.866","chaltha":"992"}},{"type":"Feature","geometry":{"type":"Polygon","coordinates":[[[79.49093,15.664653],[79.491276,15.665397],[79.491522,15.665287],[79.491588,15.665257],[79.491413,15.664856],[79.491261,15.664509],[79.49093,15.664653]]]},"properties":{"lp":"991","ac":"0.843","chaltha":"991"}},{"type":"Feature","geometry":{"type":"Polygon","coordinates":[[[79.492217,15.664977],[79.492363,15.664912],[79.492322,15.664818],[79.492454,15.664756],[79.492905,15.664544],[79.492992,15.664502],[79.492866,15.664218],[79.49205,15.664573],[79.492217,15.664977]]]},"properties":{"lp":"989","ac":"0.898","chaltha":"989"}},{"type":"Feature","geometry":{"type":"Polygon","coordinates":[[[79.492709,15.663862],[79.491261,15.664509],[79.491413,15.664856],[79.49205,15.664573],[79.492866,15.664218],[79.492709,15.663862]]]},"properties":{"lp":"988","ac":"1.779","chaltha":"988"}},{"type":"Feature","geometry":{"type":"Polygon","coordinates":[[[79.493426,15.662501],[79.493636,15.662972],[79.493791,15.663318],[79.493947,15.663669],[79.494096,15.664001],[79.494629,15.663776],[79.49397,15.662224],[79.493391,15.662415],[79.493426,15.662501]]]},"properties":{"lp":"969","ac":"2.982","chaltha":"969"}},{"type":"Feature","geometry":{"type":"Polygon","coordinates":[[[79.492851,15.662688],[79.493426,15.662501],[79.493391,15.662415],[79.49397,15.662224],[79.493887,15.662018],[79.493796,15.662048],[79.493609,15.661574],[79.493545,15.661411],[79.49303,15.661587],[79.492799,15.661033],[79.492319,15.661209],[79.492263,15.66123],[79.492315,15.661359],[79.492399,15.661567],[79.492673,15.662248],[79.492851,15.662688]]]},"properties":{"lp":"968","ac":"4.177","chaltha":"968"}},{"type":"Feature","geometry":{"type":"Polygon","coordinates":[[[79.492851,15.662688],[79.493045,15.66317],[79.493636,15.662972],[79.493426,15.662501],[79.492851,15.662688]]]},"properties":{"lp":"973","ac":"0.928","chaltha":"973"}},{"type":"Feature","geometry":{"type":"Polygon","coordinates":[[[79.493484,15.66426],[79.494035,15.664027],[79.494096,15.664001],[79.493947,15.663669],[79.493341,15.663902],[79.493484,15.66426]]]},"properties":{"lp":"970","ac":"0.72","chaltha":"970"}},{"type":"Feature","geometry":{"type":"Polygon","coordinates":[[[79.493341,15.663902],[79.493947,15.663669],[79.493791,15.663318],[79.493199,15.663546],[79.493341,15.663902]]]},"properties":{"lp":"971","ac":"0.722","chaltha":"971"}},{"type":"Feature","geometry":{"type":"Polygon","coordinates":[[[79.493045,15.66317],[79.493199,15.663546],[79.493791,15.663318],[79.493636,15.662972],[79.493045,15.66317]]]},"properties":{"lp":"972","ac":"0.721","chaltha":"972"}},{"type":"Feature","geometry":{"type":"Polygon","coordinates":[[[79.492106,15.662456],[79.492673,15.662248],[79.492399,15.661567],[79.491444,15.661922],[79.491361,15.661719],[79.491238,15.661764],[79.490871,15.661885],[79.491001,15.662202],[79.491477,15.661993],[79.491601,15.662303],[79.491707,15.66257],[79.492092,15.662423],[79.492106,15.662456]]]},"properties":{"lp":"975","ac":"2.621","chaltha":"975"}},{"type":"Feature","geometry":{"type":"Polygon","coordinates":[[[79.491361,15.661719],[79.491444,15.661922],[79.492399,15.661567],[79.492315,15.661359],[79.491361,15.661719]]]},"properties":{"lp":"976","ac":"0.662","chaltha":"976"}},{"type":"Feature","geometry":{"type":"Polygon","coordinates":[[[79.491168,15.661613],[79.491238,15.661764],[79.491361,15.661719],[79.492315,15.661359],[79.492263,15.66123],[79.491242,15.661627],[79.491229,15.661594],[79.491168,15.661613]]]},"properties":{"lp":"977","ac":"0.459","chaltha":"977"}},{"type":"Feature","geometry":{"type":"Polygon","coordinates":[[[79.490806,15.661729],[79.490871,15.661885],[79.491238,15.661764],[79.491168,15.661613],[79.490806,15.661729]]]},"properties":{"lp":"978","ac":"0.187","chaltha":"978"}},{"type":"Feature","geometry":{"type":"Polygon","coordinates":[[[79.496073,15.664601],[79.496431,15.664437],[79.496188,15.663848],[79.495819,15.664005],[79.496073,15.664601]]]},"properties":{"lp":"943","ac":"0.749","chaltha":"943"}},{"type":"Feature","geometry":{"type":"Polygon","coordinates":[[[79.496431,15.664437],[79.496675,15.664326],[79.496798,15.664269],[79.496572,15.663697],[79.496188,15.663848],[79.496431,15.664437]]]},"properties":{"lp":"944","ac":"0.748","chaltha":"944"}},{"type":"Feature","geometry":{"type":"Polygon","coordinates":[[[79.496319,15.663118],[79.49605,15.663225],[79.495807,15.663321],[79.495586,15.663409],[79.495556,15.663421],[79.495819,15.664005],[79.496188,15.663848],[79.496572,15.663697],[79.496535,15.663621],[79.496399,15.663306],[79.496319,15.663118]]]},"properties":{"lp":"945","ac":"1.513","chaltha":"945"}},{"type":"Feature","geometry":{"type":"Polygon","coordinates":[[[79.496798,15.664269],[79.497378,15.663987],[79.497119,15.663384],[79.496535,15.663621],[79.496572,15.663697],[79.496798,15.664269]]]},"properties":{"lp":"905","ac":"1.26","chaltha":"905"}},{"type":"Feature","geometry":{"type":"Polygon","coordinates":[[[79.497378,15.663987],[79.497429,15.663964],[79.497488,15.664098],[79.497954,15.663905],[79.497641,15.663172],[79.497119,15.663384],[79.497378,15.663987]]]},"properties":{"lp":"904","ac":"1.293","chaltha":"904"}},{"type":"Feature","geometry":{"type":"Polygon","coordinates":[[[79.49713,15.662346],[79.49709,15.662362],[79.496709,15.662516],[79.496539,15.662586],[79.49668,15.662866],[79.496814,15.663129],[79.496831,15.663163],[79.497516,15.662877],[79.497359,15.662507],[79.497219,15.662561],[79.49713,15.662346]]]},"properties":{"lp":"900","ac":"1.335","chaltha":"900"}},{"type":"Feature","geometry":{"type":"Polygon","coordinates":[[[79.496168,15.662735],[79.496285,15.663032],[79.49668,15.662866],[79.496539,15.662586],[79.496168,15.662735]]]},"properties":{"lp":"901","ac":"0.383","chaltha":"901"}},{"type":"Feature","geometry":{"type":"Polygon","coordinates":[[[79.496285,15.663032],[79.496319,15.663118],[79.496399,15.663306],[79.496814,15.663129],[79.49668,15.662866],[79.496285,15.663032]]]},"properties":{"lp":"902","ac":"0.382","chaltha":"902"}},{"type":"Feature","geometry":{"type":"Polygon","coordinates":[[[79.497516,15.662877],[79.496831,15.663163],[79.496814,15.663129],[79.496399,15.663306],[79.496535,15.663621],[79.497119,15.663384],[79.497641,15.663172],[79.497545,15.662945],[79.497516,15.662877]]]},"properties":{"lp":"903","ac":"1.148","chaltha":"903"}},{"type":"Feature","geometry":{"type":"Polygon","coordinates":[[[79.497488,15.664098],[79.497429,15.663964],[79.497378,15.663987],[79.496798,15.664269],[79.496675,15.664326],[79.496943,15.664902],[79.497712,15.664584],[79.497643,15.664434],[79.497488,15.664098]]]},"properties":{"lp":"906","ac":"1.608","chaltha":"906"}},{"type":"Feature","geometry":{"type":"Polygon","coordinates":[[[79.495339,15.664935],[79.495482,15.665243],[79.495596,15.665485],[79.49611,15.665257],[79.496211,15.665212],[79.495934,15.664665],[79.495339,15.664935]]]},"properties":{"lp":"908","ac":"1.186","chaltha":"908"}},{"type":"Feature","geometry":{"type":"Polygon","coordinates":[[[79.495934,15.664665],[79.496211,15.665212],[79.496929,15.664908],[79.496943,15.664902],[79.496675,15.664326],[79.496431,15.664437],[79.496073,15.664601],[79.495934,15.664665]]]},"properties":{"lp":"907","ac":"1.473","chaltha":"907"}},{"type":"Feature","geometry":{"type":"Polygon","coordinates":[[[79.495736,15.66578],[79.495864,15.666033],[79.496357,15.66582],[79.49611,15.665257],[79.495596,15.665485],[79.495736,15.66578]]]},"properties":{"lp":"909","ac":"0.991","chaltha":"909"}},{"type":"Feature","geometry":{"type":"Polygon","coordinates":[[[79.496357,15.66582],[79.497179,15.665473],[79.496929,15.664908],[79.496211,15.665212],[79.49611,15.665257],[79.496357,15.66582]]]},"properties":{"lp":"910","ac":"1.611","chaltha":"910"}},{"type":"Feature","geometry":{"type":"Polygon","coordinates":[[[79.497179,15.665473],[79.497983,15.665145],[79.497905,15.664985],[79.497712,15.664584],[79.496943,15.664902],[79.496929,15.664908],[79.497179,15.665473]]]},"properties":{"lp":"911","ac":"1.558","chaltha":"911"}},{"type":"Feature","geometry":{"type":"Polygon","coordinates":[[[79.495864,15.666033],[79.496055,15.666391],[79.496398,15.666241],[79.497444,15.665785],[79.498139,15.665481],[79.497987,15.665155],[79.497983,15.665145],[79.497179,15.665473],[79.496357,15.66582],[79.495864,15.666033]]]},"properties":{"lp":"912","ac":"2.628","chaltha":"912"}},{"type":"Feature","geometry":{"type":"Polygon","coordinates":[[[79.494673,15.665586],[79.494852,15.665965],[79.494943,15.66616],[79.495219,15.666027],[79.495736,15.66578],[79.495596,15.665485],[79.495482,15.665243],[79.494673,15.665586]]]},"properties":{"lp":"940","ac":"1.581","chaltha":"940"}},{"type":"Feature","geometry":{"type":"Polygon","coordinates":[[[79.494171,15.665485],[79.494445,15.666121],[79.494852,15.665965],[79.494673,15.665586],[79.494539,15.665317],[79.494171,15.665485]]]},"properties":{"lp":"922","ac":"0.871","chaltha":"922"}},{"type":"Feature","geometry":{"type":"Polygon","coordinates":[[[79.494445,15.666121],[79.494535,15.666346],[79.4949,15.667257],[79.495192,15.667988],[79.495612,15.667806],[79.495621,15.667802],[79.495401,15.667261],[79.495183,15.666709],[79.494943,15.66616],[79.494852,15.665965],[79.494445,15.666121]]]},"properties":{"lp":"921","ac":"2.7","chaltha":"921"}},{"type":"Feature","geometry":{"type":"Polygon","coordinates":[[[79.495621,15.667802],[79.495981,15.667634],[79.495219,15.666027],[79.494943,15.66616],[79.495183,15.666709],[79.495401,15.667261],[79.495621,15.667802]]]},"properties":{"lp":"920","ac":"1.806","chaltha":"920"}},{"type":"Feature","geometry":{"type":"Polygon","coordinates":[[[79.495192,15.667988],[79.4949,15.667257],[79.494515,15.667401],[79.494818,15.668151],[79.495192,15.667988]]]},"properties":{"lp":"925","ac":"0.958","chaltha":"925"}},{"type":"Feature","geometry":{"type":"Polygon","coordinates":[[[79.493813,15.665649],[79.494134,15.666478],[79.494136,15.66648],[79.494535,15.666346],[79.494445,15.666121],[79.494171,15.665485],[79.493861,15.665627],[79.493813,15.665649]]]},"properties":{"lp":"923","ac":"1.097","chaltha":"923"}},{"type":"Feature","geometry":{"type":"Polygon","coordinates":[[[79.494136,15.66648],[79.494515,15.667401],[79.4949,15.667257],[79.494535,15.666346],[79.494136,15.66648]]]},"properties":{"lp":"924","ac":"1.205","chaltha":"924"}},{"type":"Feature","geometry":{"type":"Polygon","coordinates":[[[79.493584,15.665751],[79.493492,15.665791],[79.493374,15.665844],[79.493611,15.666481],[79.494082,15.667749],[79.494312,15.66837],[79.494568,15.668259],[79.493584,15.665751]]]},"properties":{"lp":"927","ac":"2.005","chaltha":"927"}},{"type":"Feature","geometry":{"type":"Polygon","coordinates":[[[79.494568,15.668259],[79.494818,15.668151],[79.494515,15.667401],[79.494136,15.66648],[79.494134,15.666478],[79.493813,15.665649],[79.493584,15.665751],[79.494568,15.668259]]]},"properties":{"lp":"926","ac":"2.031","chaltha":"926"}},{"type":"Feature","geometry":{"type":"Polygon","coordinates":[[[79.498159,15.66269],[79.498367,15.662613],[79.498561,15.662542],[79.498771,15.662464],[79.498792,15.662457],[79.498462,15.661654],[79.498315,15.661707],[79.497813,15.661888],[79.498159,15.66269]]]},"properties":{"lp":"824","ac":"1.737","chaltha":"824"}},{"type":"Feature","geometry":{"type":"Polygon","coordinates":[[[79.498792,15.662457],[79.498984,15.662385],[79.499411,15.662228],[79.499105,15.661422],[79.498685,15.661574],[79.498462,15.661654],[79.498792,15.662457]]]},"properties":{"lp":"823","ac":"1.702","chaltha":"823"}},{"type":"Feature","geometry":{"type":"Polygon","coordinates":[[[79.497545,15.662945],[79.497838,15.66284],[79.498162,15.662723],[79.498149,15.662694],[79.498159,15.66269],[79.497813,15.661888],[79.497656,15.661939],[79.497064,15.662184],[79.49713,15.662346],[79.497219,15.662561],[79.497359,15.662507],[79.497516,15.662877],[79.497545,15.662945]]]},"properties":{"lp":"827","ac":"1.927","chaltha":"827"}},{"type":"Feature","geometry":{"type":"Polygon","coordinates":[[[79.498255,15.663783],[79.498567,15.663657],[79.498162,15.662723],[79.497838,15.66284],[79.498255,15.663783]]]},"properties":{"lp":"825","ac":"1.022","chaltha":"825"}},{"type":"Feature","geometry":{"type":"Polygon","coordinates":[[[79.499013,15.664128],[79.499229,15.66404],[79.498561,15.662542],[79.498367,15.662613],[79.499013,15.664128]]]},"properties":{"lp":"817","ac":"1.061","chaltha":"817"}},{"type":"Feature","geometry":{"type":"Polygon","coordinates":[[[79.499229,15.66404],[79.499432,15.663957],[79.498771,15.662464],[79.498561,15.662542],[79.499229,15.66404]]]},"properties":{"lp":"818","ac":"1.061","chaltha":"818"}},{"type":"Feature","geometry":{"type":"Polygon","coordinates":[[[79.500424,15.662764],[79.499307,15.663137],[79.499633,15.663874],[79.500027,15.663714],[79.499829,15.66323],[79.500505,15.662971],[79.500449,15.662828],[79.500424,15.662764]]]},"properties":{"lp":"820","ac":"1.518","chaltha":"820"}},{"type":"Feature","geometry":{"type":"Polygon","coordinates":[[[79.499177,15.662833],[79.499307,15.663137],[79.500424,15.662764],[79.5003,15.662462],[79.499177,15.662833]]]},"properties":{"lp":"821","ac":"1.133","chaltha":"821"}},{"type":"Feature","geometry":{"type":"Polygon","coordinates":[[[79.5003,15.662462],[79.500238,15.662295],[79.500178,15.662157],[79.499484,15.6624],[79.499411,15.662228],[79.498984,15.662385],[79.499177,15.662833],[79.5003,15.662462]]]},"properties":{"lp":"822","ac":"1.35","chaltha":"822"}},{"type":"Feature","geometry":{"type":"Polygon","coordinates":[[[79.499432,15.663957],[79.499456,15.663947],[79.499633,15.663874],[79.499307,15.663137],[79.499177,15.662833],[79.498984,15.662385],[79.498792,15.662457],[79.498771,15.662464],[79.499432,15.663957]]]},"properties":{"lp":"819","ac":"1.051","chaltha":"819"}},{"type":"Feature","geometry":{"type":"Polygon","coordinates":[[[79.497643,15.664434],[79.498732,15.66399],[79.498567,15.663657],[79.498255,15.663783],[79.497954,15.663905],[79.497488,15.664098],[79.497643,15.664434]]]},"properties":{"lp":"815","ac":"1.274","chaltha":"815"}},{"type":"Feature","geometry":{"type":"Polygon","coordinates":[[[79.499107,15.664703],[79.499014,15.664525],[79.497905,15.664985],[79.497983,15.665145],[79.497987,15.665155],[79.498524,15.664938],[79.499107,15.664703]]]},"properties":{"lp":"813","ac":"0.684","chaltha":"813"}},{"type":"Feature","geometry":{"type":"Polygon","coordinates":[[[79.499337,15.665164],[79.499592,15.665675],[79.500166,15.665393],[79.499922,15.664894],[79.499337,15.665164]]]},"properties":{"lp":"811","ac":"1.06","chaltha":"811"}},{"type":"Feature","geometry":{"type":"Polygon","coordinates":[[[79.501667,15.664621],[79.502384,15.664211],[79.502077,15.663255],[79.502027,15.663099],[79.501191,15.66347],[79.501667,15.664621]]]},"properties":{"lp":"807","ac":"3.05","chaltha":"807"}},{"type":"Feature","geometry":{"type":"Polygon","coordinates":[[[79.500505,15.662971],[79.500624,15.663221],[79.501901,15.662709],[79.501773,15.662313],[79.500449,15.662828],[79.500505,15.662971]]]},"properties":{"lp":"804","ac":"1.739","chaltha":"804"}},{"type":"Feature","geometry":{"type":"Polygon","coordinates":[[[79.500238,15.662295],[79.501604,15.661811],[79.501474,15.661477],[79.500798,15.661722],[79.500651,15.66134],[79.500618,15.661256],[79.499917,15.661512],[79.500178,15.662157],[79.500238,15.662295]]]},"properties":{"lp":"802","ac":"2.59","chaltha":"802"}},{"type":"Feature","geometry":{"type":"Polygon","coordinates":[[[79.500238,15.662295],[79.5003,15.662462],[79.500424,15.662764],[79.500449,15.662828],[79.501773,15.662313],[79.501758,15.662266],[79.501604,15.661811],[79.500238,15.662295]]]},"properties":{"lp":"803","ac":"2.32","chaltha":"803"}},{"type":"Feature","geometry":{"type":"Polygon","coordinates":[[[79.499337,15.665164],[79.499922,15.664894],[79.499456,15.663947],[79.499432,15.663957],[79.499229,15.66404],[79.499013,15.664128],[79.498836,15.6642],[79.499014,15.664525],[79.499107,15.664703],[79.499337,15.665164]]]},"properties":{"lp":"810","ac":"2.042","chaltha":"810"}},{"type":"Feature","geometry":{"type":"Polygon","coordinates":[[[79.500624,15.663221],[79.500505,15.662971],[79.499829,15.66323],[79.500027,15.663714],[79.50012,15.663953],[79.500824,15.663636],[79.500624,15.663221]]]},"properties":{"lp":"805","ac":"1.656","chaltha":"805"}},{"type":"Feature","geometry":{"type":"Polygon","coordinates":[[[79.500824,15.663636],[79.501191,15.66347],[79.502027,15.663099],[79.501923,15.662776],[79.501901,15.662709],[79.500624,15.663221],[79.500824,15.663636]]]},"properties":{"lp":"806","ac":"1.71","chaltha":"806"}},{"type":"Feature","geometry":{"type":"Polygon","coordinates":[[[79.502077,15.663255],[79.502384,15.664211],[79.503702,15.663546],[79.503437,15.66281],[79.502077,15.663255]]]},"properties":{"lp":"756","ac":"3.784","chaltha":"756"}},{"type":"Feature","geometry":{"type":"Polygon","coordinates":[[[79.503437,15.66281],[79.503263,15.662325],[79.501923,15.662776],[79.502027,15.663099],[79.502077,15.663255],[79.503437,15.66281]]]},"properties":{"lp":"757","ac":"2.123","chaltha":"757"}},{"type":"Feature","geometry":{"type":"Polygon","coordinates":[[[79.501758,15.662266],[79.501773,15.662313],[79.501901,15.662709],[79.501923,15.662776],[79.503263,15.662325],[79.503247,15.662281],[79.503055,15.661814],[79.501758,15.662266]]]},"properties":{"lp":"758","ac":"2.223","chaltha":"758"}},{"type":"Feature","geometry":{"type":"Polygon","coordinates":[[[79.497241,15.660966],[79.497878,15.660706],[79.497744,15.660378],[79.496422,15.660877],[79.496546,15.661215],[79.496608,15.661193],[79.497241,15.660966]]]},"properties":{"lp":"831","ac":"1.518","chaltha":"831"}},{"type":"Feature","geometry":{"type":"Polygon","coordinates":[[[79.497744,15.660378],[79.497674,15.660204],[79.497597,15.660047],[79.496293,15.660524],[79.496363,15.660715],[79.496422,15.660877],[79.497744,15.660378]]]},"properties":{"lp":"832","ac":"1.518","chaltha":"832"}},{"type":"Feature","geometry":{"type":"Polygon","coordinates":[[[79.496133,15.660087],[79.496293,15.660524],[79.497597,15.660047],[79.497384,15.659618],[79.496133,15.660087]]]},"properties":{"lp":"833","ac":"1.879","chaltha":"833"}},{"type":"Feature","geometry":{"type":"Polygon","coordinates":[[[79.497878,15.660706],[79.497241,15.660966],[79.497656,15.661939],[79.497813,15.661888],[79.498315,15.661707],[79.497878,15.660706]]]},"properties":{"lp":"828","ac":"2.185","chaltha":"828"}},{"type":"Feature","geometry":{"type":"Polygon","coordinates":[[[79.498315,15.661707],[79.498462,15.661654],[79.498685,15.661574],[79.498102,15.660034],[79.497904,15.660113],[79.497674,15.660204],[79.497744,15.660378],[79.497878,15.660706],[79.498315,15.661707]]]},"properties":{"lp":"829","ac":"2.076","chaltha":"829"}},{"type":"Feature","geometry":{"type":"Polygon","coordinates":[[[79.499105,15.661422],[79.498991,15.661109],[79.498753,15.660457],[79.498547,15.659858],[79.498164,15.66001],[79.498102,15.660034],[79.498685,15.661574],[79.499105,15.661422]]]},"properties":{"lp":"830","ac":"2.223","chaltha":"830"}},{"type":"Feature","geometry":{"type":"Polygon","coordinates":[[[79.498753,15.660457],[79.498991,15.661109],[79.499953,15.660785],[79.49973,15.660085],[79.498753,15.660457]]]},"properties":{"lp":"799","ac":"2.158","chaltha":"799"}},{"type":"Feature","geometry":{"type":"Polygon","coordinates":[[[79.498547,15.659858],[79.498753,15.660457],[79.49973,15.660085],[79.499532,15.659461],[79.498547,15.659858]]]},"properties":{"lp":"798","ac":"1.984","chaltha":"798"}},{"type":"Feature","geometry":{"type":"Polygon","coordinates":[[[79.499105,15.661422],[79.499411,15.662228],[79.499484,15.6624],[79.500178,15.662157],[79.499917,15.661512],[79.499783,15.66123],[79.499105,15.661422]]]},"properties":{"lp":"801","ac":"2.19","chaltha":"801"}},{"type":"Feature","geometry":{"type":"Polygon","coordinates":[[[79.500618,15.661256],[79.500574,15.661152],[79.500353,15.66064],[79.500269,15.660671],[79.499953,15.660785],[79.498991,15.661109],[79.499105,15.661422],[79.499783,15.66123],[79.499917,15.661512],[79.500618,15.661256]]]},"properties":{"lp":"800","ac":"2.198","chaltha":"800"}},{"type":"Feature","geometry":{"type":"Polygon","coordinates":[[[79.496319,15.663118],[79.496285,15.663032],[79.496168,15.662735],[79.495613,15.661343],[79.495376,15.661436],[79.49605,15.663225],[79.496319,15.663118]]]},"properties":{"lp":"946","ac":"1.529","chaltha":"946"}},{"type":"Feature","geometry":{"type":"Polygon","coordinates":[[[79.495807,15.663321],[79.49605,15.663225],[79.495376,15.661436],[79.495083,15.661551],[79.495807,15.663321]]]},"properties":{"lp":"947","ac":"1.613","chaltha":"947"}},{"type":"Feature","geometry":{"type":"Polygon","coordinates":[[[79.495083,15.661551],[79.494833,15.661648],[79.495586,15.663409],[79.495807,15.663321],[79.495083,15.661551]]]},"properties":{"lp":"948","ac":"1.417","chaltha":"948"}},{"type":"Feature","geometry":{"type":"Polygon","coordinates":[[[79.493609,15.661574],[79.493796,15.662048],[79.493887,15.662018],[79.494075,15.661945],[79.494252,15.661876],[79.494573,15.66175],[79.494833,15.661648],[79.495083,15.661551],[79.495376,15.661436],[79.495613,15.661343],[79.496072,15.661171],[79.495943,15.660873],[79.495861,15.660682],[79.493609,15.661574]]]},"properties":{"lp":"953","ac":"3.71","chaltha":"953"}},{"type":"Feature","geometry":{"type":"Polygon","coordinates":[[[79.493865,15.660206],[79.494651,15.659913],[79.494902,15.659819],[79.494755,15.659469],[79.494346,15.659634],[79.493718,15.659866],[79.493865,15.660206]]]},"properties":{"lp":"959","ac":"1.205","chaltha":"959"}},{"type":"Feature","geometry":{"type":"Polygon","coordinates":[[[79.493865,15.660206],[79.49398,15.660464],[79.494552,15.660244],[79.494754,15.660167],[79.494651,15.659913],[79.493865,15.660206]]]},"properties":{"lp":"957","ac":"0.679","chaltha":"957"}},{"type":"Feature","geometry":{"type":"Polygon","coordinates":[[[79.489237,15.662116],[79.489719,15.663292],[79.489817,15.663528],[79.489942,15.663483],[79.490243,15.663376],[79.490175,15.663214],[79.490068,15.662959],[79.489943,15.662664],[79.489622,15.661964],[79.489237,15.662116]]]},"properties":{"lp":"1001","ac":"1.978","chaltha":"1001"}},{"type":"Feature","geometry":{"type":"Polygon","coordinates":[[[79.488771,15.662301],[79.489268,15.663471],[79.489719,15.663292],[79.489237,15.662116],[79.488771,15.662301]]]},"properties":{"lp":"1002","ac":"1.834","chaltha":"1002"}},{"type":"Feature","geometry":{"type":"Polygon","coordinates":[[[79.489268,15.663471],[79.489367,15.663703],[79.489646,15.663603],[79.489817,15.663528],[79.489719,15.663292],[79.489268,15.663471]]]},"properties":{"lp":"1003","ac":"0.365","chaltha":"1003"}},{"type":"Feature","geometry":{"type":"Polygon","coordinates":[[[79.488733,15.66221],[79.488479,15.66244],[79.48905,15.663817],[79.489367,15.663703],[79.489268,15.663471],[79.488771,15.662301],[79.488733,15.66221]]]},"properties":{"lp":"1004","ac":"1.504","chaltha":"1004"}},{"type":"Feature","geometry":{"type":"Polygon","coordinates":[[[79.488479,15.66244],[79.488275,15.662626],[79.487909,15.66288],[79.488304,15.663692],[79.488635,15.664469],[79.488916,15.664353],[79.488728,15.663934],[79.48905,15.663817],[79.488479,15.66244]]]},"properties":{"lp":"1005","ac":"3.065","chaltha":"1005"}},{"type":"Feature","geometry":{"type":"Polygon","coordinates":[[[79.487909,15.66288],[79.487677,15.663042],[79.488009,15.663801],[79.488304,15.663692],[79.487909,15.66288]]]},"properties":{"lp":"1006","ac":"0.752","chaltha":"1006"}},{"type":"Feature","geometry":{"type":"Polygon","coordinates":[[[79.488009,15.663801],[79.488039,15.663881],[79.488194,15.664246],[79.488348,15.664588],[79.488635,15.664469],[79.488304,15.663692],[79.488009,15.663801]]]},"properties":{"lp":"1007","ac":"0.79","chaltha":"1007"}},{"type":"Feature","geometry":{"type":"Polygon","coordinates":[[[79.487388,15.664535],[79.487535,15.664925],[79.488348,15.664588],[79.488194,15.664246],[79.487798,15.664391],[79.487388,15.664535]]]},"properties":{"lp":"1008","ac":"1.004","chaltha":"1008"}},{"type":"Feature","geometry":{"type":"Polygon","coordinates":[[[79.487388,15.664535],[79.487798,15.664391],[79.487638,15.664029],[79.48725,15.664171],[79.487388,15.664535]]]},"properties":{"lp":"1009","ac":"0.488","chaltha":"1009"}},{"type":"Feature","geometry":{"type":"Polygon","coordinates":[[[79.487638,15.664029],[79.487798,15.664391],[79.488194,15.664246],[79.488039,15.663881],[79.487652,15.664023],[79.487638,15.664029]]]},"properties":{"lp":"1010","ac":"0.493","chaltha":"1010"}},{"type":"Feature","geometry":{"type":"Polygon","coordinates":[[[79.48725,15.664171],[79.487638,15.664029],[79.487652,15.664023],[79.487309,15.663241],[79.486948,15.663375],[79.48725,15.664171]]]},"properties":{"lp":"1012","ac":"1.015","chaltha":"1012"}},{"type":"Feature","geometry":{"type":"Polygon","coordinates":[[[79.487677,15.663042],[79.487481,15.663178],[79.487309,15.663241],[79.487652,15.664023],[79.488039,15.663881],[79.488009,15.663801],[79.487677,15.663042]]]},"properties":{"lp":"1011","ac":"1.063","chaltha":"1011"}},{"type":"Feature","geometry":{"type":"Polygon","coordinates":[[[79.489367,15.663703],[79.489554,15.66415],[79.489746,15.664599],[79.489927,15.665018],[79.489931,15.665016],[79.489995,15.665005],[79.490216,15.664904],[79.489933,15.664253],[79.489646,15.663603],[79.489367,15.663703]]]},"properties":{"lp":"997","ac":"1.285","chaltha":"997"}},{"type":"Feature","geometry":{"type":"Polygon","coordinates":[[[79.489933,15.664253],[79.490216,15.664904],[79.490287,15.664877],[79.490593,15.664755],[79.490791,15.664672],[79.490671,15.664389],[79.490531,15.664064],[79.490519,15.664034],[79.49022,15.664146],[79.489933,15.664253]]]},"properties":{"lp":"998","ac":"1.283","chaltha":"998"}},{"type":"Feature","geometry":{"type":"Polygon","coordinates":[[[79.489942,15.663483],[79.49022,15.664146],[79.490519,15.664034],[79.490395,15.663741],[79.490258,15.663419],[79.490243,15.663376],[79.489942,15.663483]]]},"properties":{"lp":"1000","ac":"0.667","chaltha":"1000"}},{"type":"Feature","geometry":{"type":"Polygon","coordinates":[[[79.489646,15.663603],[79.489933,15.664253],[79.49022,15.664146],[79.489942,15.663483],[79.489817,15.663528],[79.489646,15.663603]]]},"properties":{"lp":"999","ac":"0.656","chaltha":"999"}},{"type":"Feature","geometry":{"type":"Polygon","coordinates":[[[79.487817,15.667888],[79.488231,15.667681],[79.487868,15.666863],[79.487475,15.667034],[79.487817,15.667888]]]},"properties":{"lp":"1143","ac":"1.184","chaltha":"1143"}},{"type":"Feature","geometry":{"type":"Polygon","coordinates":[[[79.487891,15.666854],[79.488074,15.666775],[79.488262,15.666693],[79.488006,15.666157],[79.487842,15.66581],[79.487827,15.665779],[79.487585,15.665876],[79.487453,15.665929],[79.487891,15.666854]]]},"properties":{"lp":"1146","ac":"1.202","chaltha":"1146"}},{"type":"Feature","geometry":{"type":"Polygon","coordinates":[[[79.488231,15.667681],[79.48835,15.667621],[79.488423,15.667583],[79.488074,15.666775],[79.487891,15.666854],[79.487868,15.666863],[79.488231,15.667681]]]},"properties":{"lp":"1144","ac":"0.57","chaltha":"1144"}},{"type":"Feature","geometry":{"type":"Polygon","coordinates":[[[79.488423,15.667583],[79.488637,15.667475],[79.488312,15.666798],[79.488262,15.666693],[79.488074,15.666775],[79.488423,15.667583]]]},"properties":{"lp":"1145","ac":"0.569","chaltha":"1145"}},{"type":"Feature","geometry":{"type":"Polygon","coordinates":[[[79.487475,15.667034],[79.487868,15.666863],[79.487891,15.666854],[79.487453,15.665929],[79.48739,15.665953],[79.48709,15.66607],[79.487128,15.666185],[79.487134,15.666201],[79.487211,15.66639],[79.487297,15.666599],[79.48746,15.666996],[79.487475,15.667034]]]},"properties":{"lp":"1147","ac":"1.285","chaltha":"1147"}},{"type":"Feature","geometry":{"type":"Polygon","coordinates":[[[79.487521,15.668324],[79.487726,15.668247],[79.48793,15.66817],[79.487817,15.667888],[79.487475,15.667034],[79.48746,15.666996],[79.487049,15.667183],[79.487318,15.667833],[79.487521,15.668324]]]},"properties":{"lp":"1079","ac":"1.625","chaltha":"1079"}},{"type":"Feature","geometry":{"type":"Polygon","coordinates":[[[79.48842,15.669371],[79.48841,15.669347],[79.488319,15.669125],[79.488205,15.668847],[79.488097,15.668587],[79.48793,15.66817],[79.487726,15.668247],[79.488217,15.669452],[79.48842,15.669371]]]},"properties":{"lp":"1078","ac":"0.826","chaltha":"1078"}},{"type":"Feature","geometry":{"type":"Polygon","coordinates":[[[79.488217,15.669452],[79.487726,15.668247],[79.487521,15.668324],[79.487629,15.668588],[79.488015,15.669533],[79.488217,15.669452]]]},"properties":{"lp":"1077","ac":"0.834","chaltha":"1077"}},{"type":"Feature","geometry":{"type":"Polygon","coordinates":[[[79.486653,15.667368],[79.48689,15.667988],[79.487318,15.667833],[79.487049,15.667183],[79.486653,15.667368]]]},"properties":{"lp":"1080","ac":"0.893","chaltha":"1080"}},{"type":"Feature","geometry":{"type":"Polygon","coordinates":[[[79.487546,15.669703],[79.487555,15.669699],[79.487574,15.669692],[79.488015,15.669533],[79.487629,15.668588],[79.487192,15.668777],[79.487546,15.669703]]]},"properties":{"lp":"1082","ac":"1.436","chaltha":"1082"}},{"type":"Feature","geometry":{"type":"Polygon","coordinates":[[[79.48689,15.667988],[79.487192,15.668777],[79.487629,15.668588],[79.487521,15.668324],[79.487318,15.667833],[79.48689,15.667988]]]},"properties":{"lp":"1081","ac":"1.134","chaltha":"1081"}},{"type":"Feature","geometry":{"type":"Polygon","coordinates":[[[79.48717,15.669853],[79.487546,15.669703],[79.487192,15.668777],[79.48689,15.667988],[79.486653,15.667368],[79.486488,15.667443],[79.486258,15.667549],[79.48717,15.669853]]]},"properties":{"lp":"1083","ac":"3.058","chaltha":"1083"}},{"type":"Feature","geometry":{"type":"Polygon","coordinates":[[[79.486258,15.667549],[79.485936,15.667697],[79.485876,15.667726],[79.486287,15.668771],[79.486479,15.669247],[79.486785,15.670006],[79.48717,15.669853],[79.486258,15.667549]]]},"properties":{"lp":"1084","ac":"3.038","chaltha":"1084"}},{"type":"Feature","geometry":{"type":"Polygon","coordinates":[[[79.490387,15.669998],[79.491161,15.669659],[79.490901,15.669049],[79.49013,15.669341],[79.490387,15.669998]]]},"properties":{"lp":"1071","ac":"1.674","chaltha":"1071"}},{"type":"Feature","geometry":{"type":"Polygon","coordinates":[[[79.488319,15.669125],[79.48841,15.669347],[79.48958,15.668901],[79.489471,15.668682],[79.488319,15.669125]]]},"properties":{"lp":"1068","ac":"0.882","chaltha":"1068"}},{"type":"Feature","geometry":{"type":"Polygon","coordinates":[[[79.489471,15.668682],[79.48958,15.668901],[79.490662,15.668487],[79.490565,15.668259],[79.489471,15.668682]]]},"properties":{"lp":"1067","ac":"0.838","chaltha":"1067"}},{"type":"Feature","geometry":{"type":"Polygon","coordinates":[[[79.488097,15.668587],[79.488205,15.668847],[79.488863,15.668586],[79.488764,15.668321],[79.488687,15.668352],[79.488097,15.668587]]]},"properties":{"lp":"1065","ac":"0.59","chaltha":"1065"}},{"type":"Feature","geometry":{"type":"Polygon","coordinates":[[[79.488863,15.668586],[79.490439,15.667961],[79.490326,15.667698],[79.489739,15.667932],[79.489169,15.668159],[79.488764,15.668321],[79.488863,15.668586]]]},"properties":{"lp":"1064","ac":"1.409","chaltha":"1064"}},{"type":"Feature","geometry":{"type":"Polygon","coordinates":[[[79.488205,15.668847],[79.488319,15.669125],[79.489471,15.668682],[79.490565,15.668259],[79.490439,15.667961],[79.488863,15.668586],[79.488205,15.668847]]]},"properties":{"lp":"1066","ac":"2.201","chaltha":"1066"}},{"type":"Feature","geometry":{"type":"Polygon","coordinates":[[[79.487817,15.667888],[79.48793,15.66817],[79.488097,15.668587],[79.488687,15.668352],[79.488574,15.668106],[79.488464,15.667867],[79.48835,15.667621],[79.488231,15.667681],[79.487817,15.667888]]]},"properties":{"lp":"1036","ac":"1.404","chaltha":"1036"}},{"type":"Feature","geometry":{"type":"Polygon","coordinates":[[[79.488574,15.668106],[79.488687,15.668352],[79.488764,15.668321],[79.489169,15.668159],[79.489079,15.667963],[79.489053,15.667906],[79.488574,15.668106]]]},"properties":{"lp":"1038","ac":"0.418","chaltha":"1038"}},{"type":"Feature","geometry":{"type":"Polygon","coordinates":[[[79.488464,15.667867],[79.488574,15.668106],[79.489053,15.667906],[79.488989,15.667768],[79.488933,15.667644],[79.488464,15.667867]]]},"properties":{"lp":"1037","ac":"0.418","chaltha":"1037"}},{"type":"Feature","geometry":{"type":"Polygon","coordinates":[[[79.488818,15.667394],[79.488637,15.667475],[79.488423,15.667583],[79.48835,15.667621],[79.488464,15.667867],[79.488933,15.667644],[79.488818,15.667394]]]},"properties":{"lp":"1035","ac":"0.421","chaltha":"1035"}},{"type":"Feature","geometry":{"type":"Polygon","coordinates":[[[79.49793,15.659393],[79.499353,15.658935],[79.499076,15.658228],[79.498642,15.658389],[79.4982,15.658553],[79.497789,15.658705],[79.497684,15.658746],[79.49793,15.659393]]]},"properties":{"lp":"838","ac":"3.171","chaltha":"838"}},{"type":"Feature","geometry":{"type":"Polygon","coordinates":[[[79.496545,15.657817],[79.496746,15.658305],[79.496894,15.658667],[79.497022,15.65898],[79.497095,15.658974],[79.497329,15.658883],[79.496876,15.657695],[79.496875,15.657693],[79.496545,15.657817]]]},"properties":{"lp":"894","ac":"1.256","chaltha":"894"}},{"type":"Feature","geometry":{"type":"Polygon","coordinates":[[[79.496875,15.657693],[79.496773,15.657448],[79.496515,15.657542],[79.496264,15.657634],[79.49524,15.658052],[79.49534,15.658304],[79.496545,15.657817],[79.496875,15.657693]]]},"properties":{"lp":"886","ac":"1.313","chaltha":"886"}},{"type":"Feature","geometry":{"type":"Polygon","coordinates":[[[79.497356,15.657547],[79.49702,15.656646],[79.496891,15.656309],[79.496746,15.656377],[79.496395,15.656542],[79.496773,15.657448],[79.496875,15.657693],[79.496876,15.657695],[79.497356,15.657547]]]},"properties":{"lp":"892","ac":"1.978","chaltha":"892"}},{"type":"Feature","geometry":{"type":"Polygon","coordinates":[[[79.503055,15.661814],[79.502774,15.661031],[79.502766,15.660889],[79.501423,15.661357],[79.501474,15.661477],[79.501604,15.661811],[79.501758,15.662266],[79.503055,15.661814]]]},"properties":{"lp":"759","ac":"3.898","chaltha":"759"}},{"type":"Feature","geometry":{"type":"Polygon","coordinates":[[[79.494034,15.658897],[79.494106,15.659069],[79.494199,15.659288],[79.494919,15.659008],[79.495068,15.658961],[79.494878,15.658494],[79.494843,15.658509],[79.494709,15.658564],[79.494722,15.658605],[79.494266,15.658798],[79.494034,15.658897]]]},"properties":{"lp":"882","ac":"1.223","chaltha":"882"}},{"type":"Feature","geometry":{"type":"Polygon","coordinates":[[[79.494199,15.659288],[79.494231,15.659363],[79.494346,15.659634],[79.494755,15.659469],[79.494902,15.659819],[79.495228,15.659692],[79.495062,15.659325],[79.494919,15.659008],[79.494199,15.659288]]]},"properties":{"lp":"881","ac":"1.229","chaltha":"881"}},{"type":"Feature","geometry":{"type":"Polygon","coordinates":[[[79.494878,15.658494],[79.495068,15.658961],[79.496746,15.658305],[79.496545,15.657817],[79.49534,15.658304],[79.495004,15.658442],[79.494878,15.658494]]]},"properties":{"lp":"885","ac":"2.728","chaltha":"885"}},{"type":"Feature","geometry":{"type":"Polygon","coordinates":[[[79.495062,15.659325],[79.496894,15.658667],[79.496746,15.658305],[79.495068,15.658961],[79.494919,15.659008],[79.495062,15.659325]]]},"properties":{"lp":"884","ac":"2.084","chaltha":"884"}},{"type":"Feature","geometry":{"type":"Polygon","coordinates":[[[79.495228,15.659692],[79.495395,15.659609],[79.49546,15.659567],[79.497022,15.65898],[79.496894,15.658667],[79.495062,15.659325],[79.495228,15.659692]]]},"properties":{"lp":"883","ac":"2.017","chaltha":"883"}},{"type":"Feature","geometry":{"type":"Polygon","coordinates":[[[79.497329,15.658883],[79.497412,15.658851],[79.497684,15.658746],[79.497789,15.658705],[79.497395,15.657676],[79.497356,15.657547],[79.496876,15.657695],[79.497329,15.658883]]]},"properties":{"lp":"893","ac":"1.81","chaltha":"893"}},{"type":"Feature","geometry":{"type":"Polygon","coordinates":[[[79.497395,15.657676],[79.497825,15.657523],[79.497454,15.656507],[79.497423,15.656514],[79.497212,15.656583],[79.49702,15.656646],[79.497356,15.657547],[79.497395,15.657676]]]},"properties":{"lp":"840","ac":"1.446","chaltha":"840"}},{"type":"Feature","geometry":{"type":"Polygon","coordinates":[[[79.497395,15.657676],[79.497789,15.658705],[79.4982,15.658553],[79.497825,15.657523],[79.497395,15.657676]]]},"properties":{"lp":"839","ac":"1.441","chaltha":"839"}},{"type":"Feature","geometry":{"type":"Polygon","coordinates":[[[79.4982,15.658553],[79.498642,15.658389],[79.498489,15.657954],[79.498196,15.657119],[79.498049,15.6567],[79.497676,15.656813],[79.497559,15.656486],[79.497454,15.656507],[79.497825,15.657523],[79.4982,15.658553]]]},"properties":{"lp":"841","ac":"2.658","chaltha":"841"}},{"type":"Feature","geometry":{"type":"Polygon","coordinates":[[[79.499135,15.658206],[79.499505,15.658069],[79.499358,15.657553],[79.499215,15.657086],[79.498785,15.657219],[79.498994,15.657803],[79.499135,15.658206]]]},"properties":{"lp":"845","ac":"1.286","chaltha":"845"}},{"type":"Feature","geometry":{"type":"Polygon","coordinates":[[[79.498994,15.657803],[79.498489,15.657954],[79.498642,15.658389],[79.499076,15.658228],[79.499135,15.658206],[79.498994,15.657803]]]},"properties":{"lp":"844","ac":"0.684","chaltha":"844"}},{"type":"Feature","geometry":{"type":"Polygon","coordinates":[[[79.498785,15.657219],[79.498692,15.656941],[79.498196,15.657119],[79.498489,15.657954],[79.498994,15.657803],[79.498785,15.657219]]]},"properties":{"lp":"843","ac":"1.383","chaltha":"843"}},{"type":"Feature","geometry":{"type":"Polygon","coordinates":[[[79.498538,15.656559],[79.498049,15.6567],[79.498196,15.657119],[79.498692,15.656941],[79.498538,15.656559]]]},"properties":{"lp":"842","ac":"0.648","chaltha":"842"}},{"type":"Feature","geometry":{"type":"Polygon","coordinates":[[[79.498538,15.656559],[79.498692,15.656941],[79.498785,15.657219],[79.499215,15.657086],[79.499203,15.657046],[79.499373,15.656983],[79.499162,15.656366],[79.498538,15.656559]]]},"properties":{"lp":"846","ac":"1.29","chaltha":"846"}},{"type":"Feature","geometry":{"type":"Polygon","coordinates":[[[79.501607,15.659396],[79.501648,15.659636],[79.502802,15.659401],[79.502814,15.659173],[79.502817,15.659139],[79.501607,15.659396]]]},"properties":{"lp":"768","ac":"0.88","chaltha":"768"}},{"type":"Feature","geometry":{"type":"Polygon","coordinates":[[[79.501564,15.659166],[79.501607,15.659396],[79.502817,15.659139],[79.50284,15.658893],[79.501564,15.659166]]]},"properties":{"lp":"769","ac":"0.875","chaltha":"769"}},{"type":"Feature","geometry":{"type":"Polygon","coordinates":[[[79.499823,15.659339],[79.499532,15.659461],[79.49973,15.660085],[79.499953,15.660785],[79.500269,15.660671],[79.499823,15.659339]]]},"properties":{"lp":"797","ac":"1.33","chaltha":"797"}},{"type":"Feature","geometry":{"type":"Polygon","coordinates":[[[79.500269,15.660671],[79.500353,15.66064],[79.500538,15.660565],[79.500042,15.65911],[79.499914,15.659152],[79.49994,15.65929],[79.499823,15.659339],[79.500269,15.660671]]]},"properties":{"lp":"796","ac":"1.234","chaltha":"796"}},{"type":"Feature","geometry":{"type":"Polygon","coordinates":[[[79.500538,15.660565],[79.500861,15.660434],[79.50039,15.658996],[79.500332,15.659015],[79.500217,15.659052],[79.500126,15.659082],[79.500042,15.65911],[79.500538,15.660565]]]},"properties":{"lp":"795","ac":"1.596","chaltha":"795"}},{"type":"Feature","geometry":{"type":"Polygon","coordinates":[[[79.50039,15.658996],[79.500861,15.660434],[79.501034,15.660364],[79.501221,15.660301],[79.500743,15.658879],[79.500531,15.658949],[79.50039,15.658996]]]},"properties":{"lp":"794","ac":"1.666","chaltha":"794"}},{"type":"Feature","geometry":{"type":"Polygon","coordinates":[[[79.501221,15.660301],[79.501492,15.660209],[79.50109,15.658727],[79.500743,15.658879],[79.501221,15.660301]]]},"properties":{"lp":"793","ac":"1.469","chaltha":"793"}},{"type":"Feature","geometry":{"type":"Polygon","coordinates":[[[79.501492,15.660209],[79.501737,15.660125],[79.501718,15.660012],[79.50168,15.659825],[79.501648,15.659636],[79.501607,15.659396],[79.501564,15.659166],[79.501462,15.658642],[79.501162,15.65871],[79.50109,15.658727],[79.501492,15.660209]]]},"properties":{"lp":"792","ac":"1.436","chaltha":"792"}},{"type":"Feature","geometry":{"type":"Polygon","coordinates":[[[79.497559,15.656486],[79.497676,15.656813],[79.498049,15.6567],[79.498538,15.656559],[79.499162,15.656366],[79.499076,15.656062],[79.499023,15.656054],[79.498467,15.656218],[79.498127,15.656318],[79.497559,15.656486]]]},"properties":{"lp":"849","ac":"1.577","chaltha":"849"}},{"type":"Feature","geometry":{"type":"Polygon","coordinates":[[[79.499358,15.657553],[79.499853,15.657446],[79.499483,15.656134],[79.499218,15.656082],[79.499076,15.656062],[79.499162,15.656366],[79.499373,15.656983],[79.499203,15.657046],[79.499215,15.657086],[79.499358,15.657553]]]},"properties":{"lp":"847","ac":"1.762","chaltha":"847"}},{"type":"Feature","geometry":{"type":"Polygon","coordinates":[[[79.499853,15.657446],[79.500306,15.657347],[79.500342,15.657339],[79.500113,15.6566],[79.5,15.656237],[79.499483,15.656134],[79.499853,15.657446]]]},"properties":{"lp":"848","ac":"1.781","chaltha":"848"}},{"type":"Feature","geometry":{"type":"Polygon","coordinates":[[[79.501162,15.65871],[79.501462,15.658642],[79.50143,15.658554],[79.501388,15.658274],[79.501347,15.658004],[79.501291,15.657632],[79.500919,15.657725],[79.501033,15.65821],[79.501162,15.65871]]]},"properties":{"lp":"791","ac":"1.014","chaltha":"791"}},{"type":"Feature","geometry":{"type":"Polygon","coordinates":[[[79.500531,15.658949],[79.500743,15.658879],[79.50109,15.658727],[79.501162,15.65871],[79.501033,15.65821],[79.500678,15.65834],[79.500372,15.658445],[79.500531,15.658949]]]},"properties":{"lp":"790","ac":"1.049","chaltha":"790"}},{"type":"Feature","geometry":{"type":"Polygon","coordinates":[[[79.500678,15.65834],[79.501033,15.65821],[79.500919,15.657725],[79.500528,15.65784],[79.500678,15.65834]]]},"properties":{"lp":"789","ac":"0.586","chaltha":"789"}},{"type":"Feature","geometry":{"type":"Polygon","coordinates":[[[79.501235,15.657163],[79.501155,15.656601],[79.500113,15.6566],[79.500342,15.657339],[79.501235,15.657163]]]},"properties":{"lp":"782","ac":"1.885","chaltha":"782"}},{"type":"Feature","geometry":{"type":"Polygon","coordinates":[[[79.5,15.656237],[79.500113,15.6566],[79.501155,15.656601],[79.50114,15.656502],[79.500581,15.656331],[79.5,15.656237]]]},"properties":{"lp":"781","ac":"0.784","chaltha":"781"}},{"type":"Feature","geometry":{"type":"Polygon","coordinates":[[[79.499358,15.657553],[79.499505,15.658069],[79.499523,15.658128],[79.499779,15.658058],[79.499897,15.658025],[79.499989,15.658],[79.500213,15.657939],[79.500437,15.657878],[79.500306,15.657347],[79.499853,15.657446],[79.499358,15.657553]]]},"properties":{"lp":"783","ac":"1.607","chaltha":"783"}},{"type":"Feature","geometry":{"type":"Polygon","coordinates":[[[79.499505,15.658069],[79.499135,15.658206],[79.499076,15.658228],[79.499353,15.658935],[79.499799,15.658793],[79.49964,15.6583],[79.499577,15.658306],[79.499523,15.658128],[79.499505,15.658069]]]},"properties":{"lp":"837","ac":"1.065","chaltha":"837"}},{"type":"Feature","geometry":{"type":"Polygon","coordinates":[[[79.499914,15.659152],[79.500042,15.65911],[79.500126,15.659082],[79.499779,15.658058],[79.499523,15.658128],[79.499577,15.658306],[79.49964,15.6583],[79.499799,15.658793],[79.499914,15.659152]]]},"properties":{"lp":"784","ac":"0.718","chaltha":"784"}},{"type":"Feature","geometry":{"type":"Polygon","coordinates":[[[79.500126,15.659082],[79.500217,15.659052],[79.499897,15.658025],[79.499779,15.658058],[79.500126,15.659082]]]},"properties":{"lp":"785","ac":"0.345","chaltha":"785"}},{"type":"Feature","geometry":{"type":"Polygon","coordinates":[[[79.500332,15.659015],[79.50039,15.658996],[79.500531,15.658949],[79.500372,15.658445],[79.500213,15.657939],[79.499989,15.658],[79.500332,15.659015]]]},"properties":{"lp":"787","ac":"0.69","chaltha":"787"}},{"type":"Feature","geometry":{"type":"Polygon","coordinates":[[[79.500217,15.659052],[79.500332,15.659015],[79.499989,15.658],[79.499897,15.658025],[79.500217,15.659052]]]},"properties":{"lp":"786","ac":"0.339","chaltha":"786"}},{"type":"Feature","geometry":{"type":"Polygon","coordinates":[[[79.50143,15.658554],[79.502128,15.658394],[79.502075,15.658128],[79.501388,15.658274],[79.50143,15.658554]]]},"properties":{"lp":"771","ac":"0.576","chaltha":"771"}},{"type":"Feature","geometry":{"type":"Polygon","coordinates":[[[79.501347,15.658004],[79.501388,15.658274],[79.502075,15.658128],[79.502941,15.657954],[79.503089,15.657728],[79.502699,15.657788],[79.502248,15.657852],[79.502023,15.657893],[79.501789,15.657933],[79.501347,15.658004]]]},"properties":{"lp":"772","ac":"1.155","chaltha":"772"}},{"type":"Feature","geometry":{"type":"Polygon","coordinates":[[[79.501238,15.660947],[79.501144,15.66067],[79.501034,15.660364],[79.500861,15.660434],[79.500538,15.660565],[79.500353,15.66064],[79.500574,15.661152],[79.501238,15.660947]]]},"properties":{"lp":"765","ac":"1.232","chaltha":"765"}},{"type":"Feature","geometry":{"type":"Polygon","coordinates":[[[79.500651,15.66134],[79.500798,15.661722],[79.501474,15.661477],[79.501423,15.661357],[79.501304,15.661111],[79.500651,15.66134]]]},"properties":{"lp":"761","ac":"0.841","chaltha":"761"}},{"type":"Feature","geometry":{"type":"Polygon","coordinates":[[[79.492404,15.658467],[79.492515,15.658629],[79.492662,15.658474],[79.492746,15.658291],[79.493367,15.657856],[79.493263,15.657605],[79.492404,15.658467]]]},"properties":{"lp":"875","ac":"0.634","chaltha":"875"}},{"type":"Feature","geometry":{"type":"Polygon","coordinates":[[[79.492746,15.658291],[79.492662,15.658474],[79.492515,15.658629],[79.492729,15.658943],[79.493645,15.658597],[79.493603,15.658485],[79.493367,15.657856],[79.492746,15.658291]]]},"properties":{"lp":"876","ac":"1.909","chaltha":"876"}},{"type":"Feature","geometry":{"type":"Polygon","coordinates":[[[79.492729,15.658943],[79.492824,15.659086],[79.492915,15.659209],[79.493748,15.658899],[79.493645,15.658597],[79.492729,15.658943]]]},"properties":{"lp":"877","ac":"0.869","chaltha":"877"}},{"type":"Feature","geometry":{"type":"Polygon","coordinates":[[[79.493748,15.658899],[79.492915,15.659209],[79.493094,15.659464],[79.494106,15.659069],[79.494034,15.658897],[79.493795,15.658997],[79.493748,15.658899]]]},"properties":{"lp":"878","ac":"0.882","chaltha":"878"}},{"type":"Feature","geometry":{"type":"Polygon","coordinates":[[[79.493094,15.659464],[79.493301,15.659714],[79.494231,15.659363],[79.494199,15.659288],[79.494106,15.659069],[79.493094,15.659464]]]},"properties":{"lp":"879","ac":"0.957","chaltha":"879"}},{"type":"Feature","geometry":{"type":"Polygon","coordinates":[[[79.493301,15.659714],[79.493468,15.65993],[79.493718,15.659866],[79.494346,15.659634],[79.494231,15.659363],[79.493301,15.659714]]]},"properties":{"lp":"880","ac":"0.804","chaltha":"880"}},{"type":"Feature","geometry":{"type":"Polygon","coordinates":[[[79.493315,15.660854],[79.493192,15.660889],[79.492799,15.661033],[79.49303,15.661587],[79.493545,15.661411],[79.493418,15.661104],[79.493315,15.660854]]]},"properties":{"lp":"967","ac":"0.964","chaltha":"967"}},{"type":"Feature","geometry":{"type":"Polygon","coordinates":[[[79.495505,15.659862],[79.495395,15.659609],[79.495228,15.659692],[79.494902,15.659819],[79.494651,15.659913],[79.494754,15.660167],[79.495505,15.659862]]]},"properties":{"lp":"958","ac":"0.633","chaltha":"958"}},{"type":"Feature","geometry":{"type":"Polygon","coordinates":[[[79.493192,15.660889],[79.493315,15.660854],[79.494032,15.66058],[79.49398,15.660464],[79.493865,15.660206],[79.493718,15.659866],[79.493468,15.65993],[79.492848,15.660117],[79.493192,15.660889]]]},"properties":{"lp":"960","ac":"2.154","chaltha":"960"}},{"type":"Feature","geometry":{"type":"Polygon","coordinates":[[[79.49522,15.655123],[79.495593,15.656002],[79.495917,15.656766],[79.496143,15.65666],[79.496194,15.656637],[79.496089,15.656399],[79.496033,15.656424],[79.495402,15.654988],[79.495254,15.655082],[79.49522,15.655123]]]},"properties":{"lp":"861","ac":"1.28","chaltha":"861"}},{"type":"Feature","geometry":{"type":"Polygon","coordinates":[[[79.495615,15.654852],[79.495402,15.654988],[79.496033,15.656424],[79.496089,15.656399],[79.496194,15.656637],[79.496342,15.656567],[79.496214,15.656293],[79.496129,15.656092],[79.495876,15.655488],[79.495745,15.65517],[79.495615,15.654852]]]},"properties":{"lp":"860","ac":"1.2","chaltha":"860"}},{"type":"Feature","geometry":{"type":"Polygon","coordinates":[[[79.495615,15.654852],[79.495745,15.65517],[79.495876,15.655488],[79.496129,15.656092],[79.496214,15.656293],[79.496278,15.65643],[79.496342,15.656567],[79.496395,15.656542],[79.496746,15.656377],[79.496646,15.656166],[79.496506,15.655831],[79.496365,15.655496],[79.496199,15.655085],[79.496033,15.654675],[79.495872,15.654688],[79.495615,15.654852]]]},"properties":{"lp":"859","ac":"2.477","chaltha":"859"}},{"type":"Feature","geometry":{"type":"Polygon","coordinates":[[[79.497351,15.655514],[79.497564,15.656066],[79.497889,15.655979],[79.497655,15.655415],[79.497594,15.655437],[79.497534,15.655458],[79.497443,15.655486],[79.497351,15.655514]]]},"properties":{"lp":"855","ac":"0.572","chaltha":"855"}},{"type":"Feature","geometry":{"type":"Polygon","coordinates":[[[79.497655,15.655415],[79.49741,15.654825],[79.497064,15.654763],[79.497338,15.655478],[79.497351,15.655514],[79.497443,15.655486],[79.497534,15.655458],[79.497594,15.655437],[79.497655,15.655415]]]},"properties":{"lp":"854","ac":"0.654","chaltha":"854"}},{"type":"Feature","geometry":{"type":"Polygon","coordinates":[[[79.49686,15.655592],[79.497338,15.655478],[79.497064,15.654763],[79.497015,15.654754],[79.496541,15.654697],[79.49686,15.655592]]]},"properties":{"lp":"856","ac":"1.203","chaltha":"856"}},{"type":"Feature","geometry":{"type":"Polygon","coordinates":[[[79.497212,15.656583],[79.497423,15.656514],[79.497314,15.656149],[79.497564,15.656066],[79.497351,15.655514],[79.497338,15.655478],[79.49686,15.655592],[79.497212,15.656583]]]},"properties":{"lp":"857","ac":"1.204","chaltha":"857"}},{"type":"Feature","geometry":{"type":"Polygon","coordinates":[[[79.48842,15.669371],[79.488488,15.669566],[79.48849,15.669571],[79.490752,15.668699],[79.490662,15.668487],[79.48958,15.668901],[79.48841,15.669347],[79.48842,15.669371]]]},"properties":{"lp":"1069","ac":"1.656","chaltha":"1069"}},{"type":"Feature","geometry":{"type":"Polygon","coordinates":[[[79.48849,15.669571],[79.488631,15.669946],[79.49013,15.669341],[79.490901,15.669049],[79.490752,15.668699],[79.48849,15.669571]]]},"properties":{"lp":"1070","ac":"2.741","chaltha":"1070"}},{"type":"Feature","geometry":{"type":"Polygon","coordinates":[[[79.488488,15.669566],[79.48842,15.669371],[79.488217,15.669452],[79.488015,15.669533],[79.487574,15.669692],[79.487555,15.669699],[79.487633,15.669909],[79.488488,15.669566]]]},"properties":{"lp":"1076","ac":"0.571","chaltha":"1076"}},{"type":"Feature","geometry":{"type":"Polygon","coordinates":[[[79.486785,15.670006],[79.48688,15.670224],[79.487633,15.669909],[79.487555,15.669699],[79.487546,15.669703],[79.48717,15.669853],[79.486785,15.670006]]]},"properties":{"lp":"1075","ac":"0.556","chaltha":"1075"}},{"type":"Feature","geometry":{"type":"Polygon","coordinates":[[[79.48688,15.670224],[79.486987,15.670472],[79.487156,15.670864],[79.487325,15.670799],[79.487664,15.670655],[79.488734,15.670204],[79.488631,15.669946],[79.48849,15.669571],[79.488488,15.669566],[79.487633,15.669909],[79.48688,15.670224]]]},"properties":{"lp":"1074","ac":"3.512","chaltha":"1074"}},{"type":"Feature","geometry":{"type":"Polygon","coordinates":[[[79.489079,15.667963],[79.489169,15.668159],[79.489739,15.667932],[79.48964,15.667736],[79.489079,15.667963]]]},"properties":{"lp":"1039","ac":"0.387","chaltha":"1039"}},{"type":"Feature","geometry":{"type":"Polygon","coordinates":[[[79.488989,15.667768],[79.489053,15.667906],[79.489079,15.667963],[79.48964,15.667736],[79.489537,15.66753],[79.489259,15.667644],[79.488989,15.667768]]]},"properties":{"lp":"1040","ac":"0.398","chaltha":"1040"}},{"type":"Feature","geometry":{"type":"Polygon","coordinates":[[[79.488312,15.666798],[79.488637,15.667475],[79.488818,15.667394],[79.488933,15.667644],[79.488989,15.667768],[79.489259,15.667644],[79.489088,15.667266],[79.488983,15.667315],[79.488685,15.666643],[79.488312,15.666798]]]},"properties":{"lp":"1034","ac":"1.218","chaltha":"1034"}},{"type":"Feature","geometry":{"type":"Polygon","coordinates":[[[79.489537,15.66753],[79.489589,15.667633],[79.48964,15.667736],[79.489739,15.667932],[79.490326,15.667698],[79.490081,15.667129],[79.49004,15.667038],[79.48972,15.667167],[79.489425,15.667287],[79.489537,15.66753]]]},"properties":{"lp":"1041","ac":"1.37","chaltha":"1041"}},{"type":"Feature","geometry":{"type":"Polygon","coordinates":[[[79.489037,15.666499],[79.489018,15.666507],[79.488685,15.666643],[79.488983,15.667315],[79.489088,15.667266],[79.489259,15.667644],[79.489537,15.66753],[79.489425,15.667287],[79.489351,15.667143],[79.489194,15.666821],[79.489037,15.666499]]]},"properties":{"lp":"1033","ac":"1.203","chaltha":"1033"}},{"type":"Feature","geometry":{"type":"Polygon","coordinates":[[[79.489672,15.666211],[79.489366,15.666342],[79.48972,15.667167],[79.49004,15.667038],[79.489672,15.666211]]]},"properties":{"lp":"1043","ac":"0.896","chaltha":"1043"}},{"type":"Feature","geometry":{"type":"Polygon","coordinates":[[[79.489366,15.666342],[79.489206,15.666419],[79.489046,15.666496],[79.489037,15.666499],[79.489194,15.666821],[79.489351,15.667143],[79.489425,15.667287],[79.48972,15.667167],[79.489366,15.666342]]]},"properties":{"lp":"1042","ac":"0.892","chaltha":"1042"}},{"type":"Feature","geometry":{"type":"Polygon","coordinates":[[[79.489018,15.666507],[79.488682,15.665841],[79.488006,15.666157],[79.488262,15.666693],[79.488312,15.666798],[79.488685,15.666643],[79.489018,15.666507]]]},"properties":{"lp":"1032","ac":"1.607","chaltha":"1032"}},{"type":"Feature","geometry":{"type":"Polygon","coordinates":[[[79.488682,15.665841],[79.489018,15.666507],[79.489037,15.666499],[79.489046,15.666496],[79.489366,15.666342],[79.489672,15.666211],[79.489624,15.666103],[79.489386,15.665513],[79.488682,15.665841]]]},"properties":{"lp":"1031","ac":"1.63","chaltha":"1031"}},{"type":"Feature","geometry":{"type":"Polygon","coordinates":[[[79.48404,15.665068],[79.484094,15.66519],[79.484113,15.665233],[79.484122,15.665254],[79.484824,15.664929],[79.484741,15.664716],[79.48404,15.665068]]]},"properties":{"lp":"1161","ac":"0.492","chaltha":"1161"}},{"type":"Feature","geometry":{"type":"Polygon","coordinates":[[[79.484122,15.665254],[79.484148,15.665315],[79.484207,15.665448],[79.484729,15.6652],[79.484749,15.66519],[79.484879,15.66507],[79.484824,15.664929],[79.484122,15.665254]]]},"properties":{"lp":"1160","ac":"0.456","chaltha":"1160"}},{"type":"Feature","geometry":{"type":"Polygon","coordinates":[[[79.484207,15.665448],[79.484249,15.665543],[79.484268,15.665577],[79.484775,15.665343],[79.484752,15.665297],[79.484729,15.6652],[79.484207,15.665448]]]},"properties":{"lp":"1158","ac":"0.242","chaltha":"1158"}},{"type":"Feature","geometry":{"type":"Polygon","coordinates":[[[79.484268,15.665577],[79.484329,15.665685],[79.484366,15.665732],[79.484833,15.665463],[79.484775,15.665343],[79.484268,15.665577]]]},"properties":{"lp":"1157","ac":"0.256","chaltha":"1157"}},{"type":"Feature","geometry":{"type":"Polygon","coordinates":[[[79.484366,15.665732],[79.484399,15.665773],[79.484492,15.665986],[79.484531,15.666073],[79.484888,15.665888],[79.485216,15.665712],[79.485102,15.665522],[79.485012,15.665552],[79.484886,15.665512],[79.484833,15.665463],[79.484366,15.665732]]]},"properties":{"lp":"1156","ac":"0.787","chaltha":"1156"}},{"type":"Feature","geometry":{"type":"Polygon","coordinates":[[[79.484531,15.666073],[79.484613,15.666262],[79.484664,15.666378],[79.485392,15.666003],[79.485377,15.665978],[79.485216,15.665712],[79.484888,15.665888],[79.484531,15.666073]]]},"properties":{"lp":"1155","ac":"0.781","chaltha":"1155"}},{"type":"Feature","geometry":{"type":"Polygon","coordinates":[[[79.484664,15.666378],[79.484698,15.666456],[79.484787,15.666653],[79.4848,15.666662],[79.485315,15.666402],[79.485562,15.666284],[79.485488,15.666162],[79.485392,15.666003],[79.484664,15.666378]]]},"properties":{"lp":"1135","ac":"0.785","chaltha":"1135"}},{"type":"Feature","geometry":{"type":"Polygon","coordinates":[[[79.4848,15.666662],[79.484836,15.666687],[79.48499,15.667019],[79.485509,15.666751],[79.485315,15.666402],[79.4848,15.666662]]]},"properties":{"lp":"1134","ac":"0.672","chaltha":"1134"}},{"type":"Feature","geometry":{"type":"Polygon","coordinates":[[[79.48499,15.667019],[79.485031,15.667107],[79.485112,15.667281],[79.485141,15.667341],[79.485543,15.667135],[79.485671,15.667073],[79.485509,15.666751],[79.48499,15.667019]]]},"properties":{"lp":"1133","ac":"0.616","chaltha":"1133"}},{"type":"Feature","geometry":{"type":"Polygon","coordinates":[[[79.485141,15.667341],[79.485258,15.667586],[79.485683,15.667407],[79.485543,15.667135],[79.485141,15.667341]]]},"properties":{"lp":"1131","ac":"0.386","chaltha":"1131"}},{"type":"Feature","geometry":{"type":"Polygon","coordinates":[[[79.485683,15.667407],[79.485796,15.66736],[79.486098,15.667246],[79.485975,15.667008],[79.485941,15.666941],[79.485671,15.667073],[79.485543,15.667135],[79.485683,15.667407]]]},"properties":{"lp":"1132","ac":"0.419","chaltha":"1132"}},{"type":"Feature","geometry":{"type":"Polygon","coordinates":[[[79.485562,15.666284],[79.485315,15.666402],[79.485509,15.666751],[79.485671,15.667073],[79.485941,15.666941],[79.485723,15.666543],[79.485562,15.666284]]]},"properties":{"lp":"1137","ac":"0.64","chaltha":"1137"}},{"type":"Feature","geometry":{"type":"Polygon","coordinates":[[[79.485975,15.667008],[79.486257,15.666895],[79.486218,15.666807],[79.486128,15.666603],[79.486042,15.6664],[79.485723,15.666543],[79.485941,15.666941],[79.485975,15.667008]]]},"properties":{"lp":"1138","ac":"0.508","chaltha":"1138"}},{"type":"Feature","geometry":{"type":"Polygon","coordinates":[[[79.485377,15.665978],[79.485392,15.666003],[79.485488,15.666162],[79.485562,15.666284],[79.485723,15.666543],[79.486042,15.6664],[79.485879,15.666016],[79.485778,15.665782],[79.485377,15.665978]]]},"properties":{"lp":"1136","ac":"0.779","chaltha":"1136"}},{"type":"Feature","geometry":{"type":"Polygon","coordinates":[[[79.485778,15.665782],[79.485879,15.666016],[79.486042,15.6664],[79.486128,15.666603],[79.486369,15.666507],[79.486244,15.666213],[79.486077,15.665819],[79.486021,15.665688],[79.485778,15.665782]]]},"properties":{"lp":"1153","ac":"0.676","chaltha":"1153"}},{"type":"Feature","geometry":{"type":"Polygon","coordinates":[[[79.484879,15.66507],[79.484749,15.66519],[79.484729,15.6652],[79.484752,15.665297],[79.484775,15.665343],[79.484833,15.665463],[79.484886,15.665512],[79.485012,15.665552],[79.485102,15.665522],[79.485077,15.665481],[79.485041,15.665435],[79.485024,15.665441],[79.484879,15.66507]]]},"properties":{"lp":"1159","ac":"0.244","chaltha":"1159"}},{"type":"Feature","geometry":{"type":"Polygon","coordinates":[[[79.485041,15.665435],[79.485077,15.665481],[79.485102,15.665522],[79.485216,15.665712],[79.485377,15.665978],[79.485778,15.665782],[79.485554,15.665249],[79.485041,15.665435]]]},"properties":{"lp":"1154","ac":"0.871","chaltha":"1154"}},{"type":"Feature","geometry":{"type":"Polygon","coordinates":[[[79.48572,15.664803],[79.485434,15.664923],[79.485554,15.665249],[79.485778,15.665782],[79.486021,15.665688],[79.486082,15.665665],[79.48572,15.664803]]]},"properties":{"lp":"1021","ac":"0.88","chaltha":"1021"}},{"type":"Feature","geometry":{"type":"Polygon","coordinates":[[[79.486079,15.66405],[79.486577,15.663874],[79.486452,15.663554],[79.48595,15.663735],[79.486079,15.66405]]]},"properties":{"lp":"1014","ac":"0.531","chaltha":"1014"}},{"type":"Feature","geometry":{"type":"Polygon","coordinates":[[[79.486211,15.664369],[79.486701,15.664187],[79.486577,15.663874],[79.486079,15.66405],[79.486211,15.664369]]]},"properties":{"lp":"1015","ac":"0.524","chaltha":"1015"}},{"type":"Feature","geometry":{"type":"Polygon","coordinates":[[[79.486352,15.664713],[79.48684,15.664539],[79.486701,15.664187],[79.486211,15.664369],[79.486287,15.664553],[79.486352,15.664713]]]},"properties":{"lp":"1016","ac":"0.572","chaltha":"1016"}},{"type":"Feature","geometry":{"type":"Polygon","coordinates":[[[79.486498,15.665065],[79.486971,15.664872],[79.48684,15.664539],[79.486352,15.664713],[79.486498,15.665065]]]},"properties":{"lp":"1017","ac":"0.556","chaltha":"1017"}},{"type":"Feature","geometry":{"type":"Polygon","coordinates":[[[79.486656,15.665451],[79.486826,15.665399],[79.48682,15.665387],[79.487121,15.665269],[79.487067,15.665116],[79.486971,15.664872],[79.486498,15.665065],[79.486656,15.665451]]]},"properties":{"lp":"1022","ac":"0.629","chaltha":"1022"}},{"type":"Feature","geometry":{"type":"Polygon","coordinates":[[[79.487282,15.665042],[79.487067,15.665116],[79.487121,15.665269],[79.48739,15.665953],[79.487453,15.665929],[79.487585,15.665876],[79.487282,15.665042]]]},"properties":{"lp":"1024","ac":"0.578","chaltha":"1024"}},{"type":"Feature","geometry":{"type":"Polygon","coordinates":[[[79.48682,15.665387],[79.486826,15.665399],[79.48709,15.66607],[79.48739,15.665953],[79.487121,15.665269],[79.48682,15.665387]]]},"properties":{"lp":"1023","ac":"0.693","chaltha":"1023"}},{"type":"Feature","geometry":{"type":"Polygon","coordinates":[[[79.486369,15.666507],[79.486631,15.666402],[79.486511,15.666107],[79.486244,15.666213],[79.486369,15.666507]]]},"properties":{"lp":"1150","ac":"0.266","chaltha":"1150"}},{"type":"Feature","geometry":{"type":"Polygon","coordinates":[[[79.486339,15.665684],[79.486077,15.665819],[79.486244,15.666213],[79.486511,15.666107],[79.486339,15.665684]]]},"properties":{"lp":"1151","ac":"0.377","chaltha":"1151"}},{"type":"Feature","geometry":{"type":"Polygon","coordinates":[[[79.486631,15.666402],[79.486896,15.666289],[79.486619,15.665585],[79.486339,15.665684],[79.486511,15.666107],[79.486631,15.666402]]]},"properties":{"lp":"1149","ac":"0.656","chaltha":"1149"}},{"type":"Feature","geometry":{"type":"Polygon","coordinates":[[[79.486576,15.665476],[79.486619,15.665585],[79.486896,15.666289],[79.487128,15.666185],[79.48709,15.66607],[79.486826,15.665399],[79.486656,15.665451],[79.486576,15.665476]]]},"properties":{"lp":"1148","ac":"0.655","chaltha":"1148"}},{"type":"Feature","geometry":{"type":"Polygon","coordinates":[[[79.486218,15.666807],[79.487211,15.66639],[79.487134,15.666201],[79.487128,15.666185],[79.486896,15.666289],[79.486631,15.666402],[79.486369,15.666507],[79.486128,15.666603],[79.486218,15.666807]]]},"properties":{"lp":"1140","ac":"0.688","chaltha":"1140"}},{"type":"Feature","geometry":{"type":"Polygon","coordinates":[[[79.486218,15.666807],[79.486257,15.666895],[79.486306,15.667007],[79.487217,15.666625],[79.487297,15.666599],[79.487211,15.66639],[79.486218,15.666807]]]},"properties":{"lp":"1141","ac":"0.688","chaltha":"1141"}},{"type":"Feature","geometry":{"type":"Polygon","coordinates":[[[79.486306,15.667007],[79.486488,15.667443],[79.486653,15.667368],[79.487049,15.667183],[79.48746,15.666996],[79.487297,15.666599],[79.487217,15.666625],[79.486306,15.667007]]]},"properties":{"lp":"1142","ac":"1.423","chaltha":"1142"}},{"type":"Feature","geometry":{"type":"Polygon","coordinates":[[[79.488929,15.664385],[79.489554,15.66415],[79.489367,15.663703],[79.48905,15.663817],[79.488728,15.663934],[79.488916,15.664353],[79.488929,15.664385]]]},"properties":{"lp":"1027","ac":"0.963","chaltha":"1027"}},{"type":"Feature","geometry":{"type":"Polygon","coordinates":[[[79.489105,15.664837],[79.489746,15.664599],[79.489554,15.66415],[79.488929,15.664385],[79.489105,15.664837]]]},"properties":{"lp":"1028","ac":"0.965","chaltha":"1028"}},{"type":"Feature","geometry":{"type":"Polygon","coordinates":[[[79.489105,15.664837],[79.489116,15.664866],[79.48924,15.665183],[79.489294,15.665288],[79.489483,15.665206],[79.489927,15.665018],[79.489746,15.664599],[79.489105,15.664837]]]},"properties":{"lp":"1029","ac":"0.955","chaltha":"1029"}},{"type":"Feature","geometry":{"type":"Polygon","coordinates":[[[79.482586,15.673285],[79.483585,15.672907],[79.483512,15.672723],[79.482633,15.673067],[79.482586,15.673285]]]},"properties":{"lp":"1226","ac":"0.566","chaltha":"1226"}},{"type":"Feature","geometry":{"type":"Polygon","coordinates":[[[79.482445,15.672394],[79.482472,15.672474],[79.482595,15.672839],[79.482649,15.672998],[79.482633,15.673067],[79.483512,15.672723],[79.483266,15.672066],[79.482445,15.672394]]]},"properties":{"lp":"1225","ac":"1.837","chaltha":"1225"}},{"type":"Feature","geometry":{"type":"Polygon","coordinates":[[[79.504521,15.665779],[79.504379,15.66543],[79.504213,15.665164],[79.504065,15.664813],[79.503682,15.664944],[79.503711,15.665016],[79.504092,15.665954],[79.504521,15.665779]]]},"properties":{"lp":"753","ac":"1.375","chaltha":"753"}},{"type":"Feature","geometry":{"type":"Polygon","coordinates":[[[79.504065,15.664813],[79.50388,15.664372],[79.503743,15.663731],[79.503293,15.663968],[79.503682,15.664944],[79.504065,15.664813]]]},"properties":{"lp":"754","ac":"1.362","chaltha":"754"}},{"type":"Feature","geometry":{"type":"Polygon","coordinates":[[[79.502904,15.664172],[79.503265,15.665171],[79.503711,15.665016],[79.503682,15.664944],[79.503293,15.663968],[79.502904,15.664172]]]},"properties":{"lp":"751","ac":"1.458","chaltha":"751"}},{"type":"Feature","geometry":{"type":"Polygon","coordinates":[[[79.503265,15.665171],[79.503306,15.665284],[79.503489,15.665756],[79.503638,15.666138],[79.504092,15.665954],[79.503711,15.665016],[79.503265,15.665171]]]},"properties":{"lp":"752","ac":"1.448","chaltha":"752"}},{"type":"Feature","geometry":{"type":"Polygon","coordinates":[[[79.503306,15.665284],[79.503265,15.665171],[79.502904,15.664172],[79.502384,15.664452],[79.502803,15.66547],[79.503306,15.665284]]]},"properties":{"lp":"750","ac":"1.875","chaltha":"750"}},{"type":"Feature","geometry":{"type":"Polygon","coordinates":[[[79.500989,15.665201],[79.501499,15.665733],[79.501592,15.665908],[79.502006,15.665767],[79.501612,15.664866],[79.500989,15.665201]]]},"properties":{"lp":"745","ac":"1.51","chaltha":"745"}},{"type":"Feature","geometry":{"type":"Polygon","coordinates":[[[79.499733,15.665755],[79.500156,15.666401],[79.500534,15.666322],[79.500868,15.666252],[79.501116,15.6662],[79.50148,15.666124],[79.501603,15.66593],[79.501592,15.665908],[79.501499,15.665733],[79.500989,15.665201],[79.499733,15.665755]]]},"properties":{"lp":"731","ac":"3.894","chaltha":"731"}},{"type":"Feature","geometry":{"type":"Polygon","coordinates":[[[79.500814,15.667324],[79.500977,15.667734],[79.501078,15.667986],[79.501191,15.668267],[79.501301,15.668542],[79.501572,15.668422],[79.501759,15.668348],[79.501262,15.667143],[79.501205,15.667165],[79.500903,15.667288],[79.500814,15.667324]]]},"properties":{"lp":"736","ac":"1.877","chaltha":"736"}},{"type":"Feature","geometry":{"type":"Polygon","coordinates":[[[79.501572,15.668422],[79.501301,15.668542],[79.501094,15.668621],[79.501187,15.668878],[79.501694,15.668688],[79.501572,15.668422]]]},"properties":{"lp":"694","ac":"0.433","chaltha":"694"}},{"type":"Feature","geometry":{"type":"Polygon","coordinates":[[[79.501759,15.668348],[79.501572,15.668422],[79.501694,15.668688],[79.502229,15.668486],[79.50213,15.6682],[79.501759,15.668348]]]},"properties":{"lp":"693","ac":"0.51","chaltha":"693"}},{"type":"Feature","geometry":{"type":"Polygon","coordinates":[[[79.501245,15.670778],[79.501187,15.670796],[79.50081,15.670941],[79.50057,15.671031],[79.500671,15.671255],[79.500772,15.671482],[79.500929,15.671833],[79.501078,15.672166],[79.501113,15.672252],[79.501401,15.672138],[79.501536,15.672085],[79.501766,15.671993],[79.501784,15.671986],[79.501245,15.670778]]]},"properties":{"lp":"681","ac":"2.804","chaltha":"681"}},{"type":"Feature","geometry":{"type":"Polygon","coordinates":[[[79.503138,15.67019],[79.501868,15.670636],[79.501628,15.67072],[79.501756,15.671011],[79.503284,15.6704],[79.503138,15.67019]]]},"properties":{"lp":"689","ac":"1.342","chaltha":"689"}},{"type":"Feature","geometry":{"type":"Polygon","coordinates":[[[79.501245,15.670778],[79.501784,15.671986],[79.502126,15.671855],[79.502102,15.67178],[79.501999,15.671548],[79.501886,15.671292],[79.501756,15.671011],[79.501628,15.67072],[79.501599,15.670639],[79.501519,15.670667],[79.501245,15.670778]]]},"properties":{"lp":"682","ac":"1.452","chaltha":"682"}},{"type":"Feature","geometry":{"type":"Polygon","coordinates":[[[79.502338,15.672353],[79.502602,15.672911],[79.503346,15.672511],[79.503077,15.672018],[79.502338,15.672353]]]},"properties":{"lp":"683","ac":"1.429","chaltha":"683"}},{"type":"Feature","geometry":{"type":"Polygon","coordinates":[[[79.503077,15.672018],[79.503346,15.672511],[79.503746,15.672291],[79.504143,15.671981],[79.503977,15.671618],[79.503077,15.672018]]]},"properties":{"lp":"684","ac":"1.414","chaltha":"684"}},{"type":"Feature","geometry":{"type":"Polygon","coordinates":[[[79.502338,15.672353],[79.503077,15.672018],[79.503977,15.671618],[79.503754,15.671129],[79.502102,15.67178],[79.502126,15.671855],[79.502338,15.672353]]]},"properties":{"lp":"685","ac":"3.025","chaltha":"685"}},{"type":"Feature","geometry":{"type":"Polygon","coordinates":[[[79.498296,15.666461],[79.49887,15.668098],[79.499221,15.667956],[79.500568,15.667408],[79.500156,15.666401],[79.499733,15.665755],[79.498547,15.666339],[79.498296,15.666461]]]},"properties":{"lp":"729","ac":"9.233","chaltha":"729"}},{"type":"Feature","geometry":{"type":"Polygon","coordinates":[[[79.49887,15.668098],[79.498296,15.666461],[79.498257,15.66648],[79.498833,15.668119],[79.49887,15.668098]]]},"properties":{"lp":"728","ac":"0.216","chaltha":"728"}},{"type":"Feature","geometry":{"type":"Polygon","coordinates":[[[79.501519,15.670667],[79.501599,15.670639],[79.501628,15.67072],[79.501868,15.670636],[79.501501,15.669675],[79.501512,15.669671],[79.501499,15.669637],[79.501176,15.669746],[79.501519,15.670667]]]},"properties":{"lp":"697","ac":"1.023","chaltha":"697"}},{"type":"Feature","geometry":{"type":"Polygon","coordinates":[[[79.500774,15.668752],[79.500413,15.668903],[79.500788,15.669847],[79.501158,15.669702],[79.50096,15.669213],[79.500774,15.668752]]]},"properties":{"lp":"699","ac":"1.179","chaltha":"699"}},{"type":"Feature","geometry":{"type":"Polygon","coordinates":[[[79.500788,15.669847],[79.500931,15.670187],[79.501187,15.670796],[79.501245,15.670778],[79.501519,15.670667],[79.501176,15.669746],[79.501158,15.669702],[79.500788,15.669847]]]},"properties":{"lp":"698","ac":"1.141","chaltha":"698"}},{"type":"Feature","geometry":{"type":"Polygon","coordinates":[[[79.500076,15.669047],[79.500449,15.669992],[79.500571,15.670312],[79.500931,15.670187],[79.500788,15.669847],[79.500413,15.668903],[79.500076,15.669047]]]},"properties":{"lp":"700","ac":"1.482","chaltha":"700"}},{"type":"Feature","geometry":{"type":"Polygon","coordinates":[[[79.499741,15.669199],[79.499968,15.669757],[79.500099,15.670126],[79.500449,15.669992],[79.500076,15.669047],[79.499741,15.669199]]]},"properties":{"lp":"703","ac":"1.078","chaltha":"703"}},{"type":"Feature","geometry":{"type":"Polygon","coordinates":[[[79.500571,15.670312],[79.50081,15.670941],[79.501187,15.670796],[79.500931,15.670187],[79.500571,15.670312]]]},"properties":{"lp":"701","ac":"0.766","chaltha":"701"}},{"type":"Feature","geometry":{"type":"Polygon","coordinates":[[[79.501304,15.669121],[79.501407,15.669393],[79.502415,15.66899],[79.502353,15.668724],[79.501304,15.669121]]]},"properties":{"lp":"692","ac":"0.908","chaltha":"692"}},{"type":"Feature","geometry":{"type":"Polygon","coordinates":[[[79.501407,15.669393],[79.501499,15.669637],[79.501512,15.669671],[79.502481,15.669272],[79.502415,15.66899],[79.501407,15.669393]]]},"properties":{"lp":"691","ac":"0.911","chaltha":"691"}},{"type":"Feature","geometry":{"type":"Polygon","coordinates":[[[79.500099,15.670126],[79.500135,15.670228],[79.500235,15.670509],[79.50033,15.670777],[79.500436,15.671076],[79.50057,15.671031],[79.50081,15.670941],[79.500571,15.670312],[79.500449,15.669992],[79.500099,15.670126]]]},"properties":{"lp":"702","ac":"1.147","chaltha":"702"}},{"type":"Feature","geometry":{"type":"Polygon","coordinates":[[[79.497747,15.671367],[79.497906,15.671742],[79.498118,15.671646],[79.498337,15.671549],[79.498566,15.67145],[79.498402,15.671084],[79.497747,15.671367]]]},"properties":{"lp":"669","ac":"0.847","chaltha":"669"}},{"type":"Feature","geometry":{"type":"Polygon","coordinates":[[[79.493418,15.661104],[79.494701,15.660595],[79.494552,15.660244],[79.49398,15.660464],[79.494032,15.66058],[79.493315,15.660854],[79.493418,15.661104]]]},"properties":{"lp":"955","ac":"1.287","chaltha":"955"}},{"type":"Feature","geometry":{"type":"Polygon","coordinates":[[[79.494701,15.660595],[79.495659,15.660217],[79.495505,15.659862],[79.494754,15.660167],[79.494552,15.660244],[79.494701,15.660595]]]},"properties":{"lp":"956","ac":"1.15","chaltha":"956"}},{"type":"Feature","geometry":{"type":"Polygon","coordinates":[[[79.493418,15.661104],[79.493545,15.661411],[79.493609,15.661574],[79.495861,15.660682],[79.495659,15.660217],[79.494701,15.660595],[79.493418,15.661104]]]},"properties":{"lp":"954","ac":"3.594","chaltha":"954"}},{"type":"Feature","geometry":{"type":"Polygon","coordinates":[[[79.498402,15.671084],[79.498566,15.67145],[79.498568,15.671455],[79.499249,15.671174],[79.499142,15.670902],[79.499095,15.670783],[79.498402,15.671084]]]},"properties":{"lp":"672","ac":"0.905","chaltha":"672"}},{"type":"Feature","geometry":{"type":"Polygon","coordinates":[[[79.499968,15.672185],[79.499989,15.672233],[79.500084,15.672443],[79.500114,15.672509],[79.500932,15.672226],[79.501078,15.672166],[79.500929,15.671833],[79.499968,15.672185]]]},"properties":{"lp":"680","ac":"1.088","chaltha":"680"}},{"type":"Feature","geometry":{"type":"Polygon","coordinates":[[[79.499142,15.670902],[79.499249,15.671174],[79.50033,15.670777],[79.500235,15.670509],[79.499142,15.670902]]]},"properties":{"lp":"676","ac":"0.977","chaltha":"676"}},{"type":"Feature","geometry":{"type":"Polygon","coordinates":[[[79.500671,15.671255],[79.50057,15.671031],[79.500436,15.671076],[79.50033,15.670777],[79.499249,15.671174],[79.499392,15.671556],[79.499448,15.671704],[79.500671,15.671255]]]},"properties":{"lp":"677","ac":"2.012","chaltha":"677"}},{"type":"Feature","geometry":{"type":"Polygon","coordinates":[[[79.497491,15.670816],[79.497493,15.670819],[79.497747,15.671367],[79.498402,15.671084],[79.499095,15.670783],[79.499035,15.67063],[79.498879,15.670206],[79.498456,15.670392],[79.497491,15.670816]]]},"properties":{"lp":"673","ac":"2.673","chaltha":"673"}},{"type":"Feature","geometry":{"type":"Polygon","coordinates":[[[79.497906,15.671742],[79.498219,15.672561],[79.498461,15.672452],[79.498118,15.671646],[79.497906,15.671742]]]},"properties":{"lp":"666","ac":"0.638","chaltha":"666"}},{"type":"Feature","geometry":{"type":"Polygon","coordinates":[[[79.498461,15.672452],[79.498689,15.67235],[79.498337,15.671549],[79.498118,15.671646],[79.498461,15.672452]]]},"properties":{"lp":"667","ac":"0.629","chaltha":"667"}},{"type":"Feature","geometry":{"type":"Polygon","coordinates":[[[79.494706,15.670483],[79.494926,15.670996],[79.495092,15.671385],[79.495253,15.67176],[79.495525,15.671635],[79.495796,15.67151],[79.495256,15.670256],[79.494999,15.670366],[79.494706,15.670483]]]},"properties":{"lp":"625","ac":"2.404","chaltha":"625"}},{"type":"Feature","geometry":{"type":"Polygon","coordinates":[[[79.491687,15.666516],[79.492027,15.666386],[79.491522,15.665287],[79.491276,15.665397],[79.491199,15.665432],[79.491687,15.666516]]]},"properties":{"lp":"1049","ac":"1.262","chaltha":"1049"}},{"type":"Feature","geometry":{"type":"Polygon","coordinates":[[[79.492027,15.666386],[79.492197,15.666321],[79.492318,15.666274],[79.491807,15.665159],[79.491588,15.665257],[79.491522,15.665287],[79.492027,15.666386]]]},"properties":{"lp":"1050","ac":"1.115","chaltha":"1050"}},{"type":"Feature","geometry":{"type":"Polygon","coordinates":[[[79.491807,15.665159],[79.492318,15.666274],[79.492497,15.666207],[79.492595,15.666169],[79.492085,15.665035],[79.491807,15.665159]]]},"properties":{"lp":"936","ac":"1.086","chaltha":"936"}},{"type":"Feature","geometry":{"type":"Polygon","coordinates":[[[79.494949,15.671918],[79.495435,15.67293],[79.495676,15.672745],[79.495934,15.672601],[79.495973,15.672581],[79.495743,15.672095],[79.495525,15.671635],[79.495253,15.67176],[79.494949,15.671918]]]},"properties":{"lp":"626","ac":"2.013","chaltha":"626"}},{"type":"Feature","geometry":{"type":"Polygon","coordinates":[[[79.495743,15.672095],[79.496398,15.671776],[79.496198,15.671336],[79.496076,15.671392],[79.495532,15.670144],[79.495262,15.670253],[79.495256,15.670256],[79.495796,15.67151],[79.495525,15.671635],[79.495743,15.672095]]]},"properties":{"lp":"624","ac":"2.271","chaltha":"624"}},{"type":"Feature","geometry":{"type":"Polygon","coordinates":[[[79.496198,15.671336],[79.496358,15.67127],[79.49581,15.670031],[79.495611,15.670112],[79.495532,15.670144],[79.496076,15.671392],[79.496198,15.671336]]]},"properties":{"lp":"623","ac":"1.206","chaltha":"623"}},{"type":"Feature","geometry":{"type":"Polygon","coordinates":[[[79.496398,15.671776],[79.49663,15.672254],[79.497011,15.672095],[79.497016,15.672093],[79.497039,15.672084],[79.496837,15.671625],[79.496639,15.671173],[79.496735,15.671132],[79.496551,15.670717],[79.496359,15.6703],[79.496178,15.669882],[79.496125,15.669904],[79.495959,15.66997],[79.495834,15.670021],[79.49581,15.670031],[79.496358,15.67127],[79.496198,15.671336],[79.496398,15.671776]]]},"properties":{"lp":"622","ac":"2.945","chaltha":"622"}},{"type":"Feature","geometry":{"type":"Polygon","coordinates":[[[79.496463,15.672324],[79.49662,15.672664],[79.497166,15.672432],[79.497016,15.672093],[79.497011,15.672095],[79.49663,15.672254],[79.496463,15.672324]]]},"properties":{"lp":"634","ac":"0.652","chaltha":"634"}},{"type":"Feature","geometry":{"type":"Polygon","coordinates":[[[79.497447,15.672693],[79.497755,15.672571],[79.497473,15.671913],[79.497187,15.672026],[79.497447,15.672693]]]},"properties":{"lp":"636","ac":"0.67","chaltha":"636"}},{"type":"Feature","geometry":{"type":"Polygon","coordinates":[[[79.496394,15.673592],[79.496515,15.673859],[79.496933,15.673694],[79.496648,15.673051],[79.496799,15.672997],[79.496793,15.672984],[79.496769,15.672993],[79.496628,15.672682],[79.496085,15.672927],[79.496394,15.673592]]]},"properties":{"lp":"629","ac":"1.523","chaltha":"629"}},{"type":"Feature","geometry":{"type":"Polygon","coordinates":[[[79.496933,15.673694],[79.497101,15.673627],[79.496951,15.673314],[79.496799,15.672997],[79.496648,15.673051],[79.496933,15.673694]]]},"properties":{"lp":"630","ac":"0.349","chaltha":"630"}},{"type":"Feature","geometry":{"type":"Polygon","coordinates":[[[79.497144,15.673224],[79.497,15.672904],[79.496793,15.672984],[79.496799,15.672997],[79.496951,15.673314],[79.497144,15.673224]]]},"properties":{"lp":"632","ac":"0.228","chaltha":"632"}},{"type":"Feature","geometry":{"type":"Polygon","coordinates":[[[79.496261,15.666798],[79.496532,15.667353],[79.497077,15.667037],[79.496842,15.666528],[79.496613,15.666634],[79.496261,15.666798]]]},"properties":{"lp":"918","ac":"1.096","chaltha":"918"}},{"type":"Feature","geometry":{"type":"Polygon","coordinates":[[[79.497077,15.667037],[79.49744,15.666826],[79.49723,15.666339],[79.496842,15.666528],[79.497077,15.667037]]]},"properties":{"lp":"917","ac":"0.679","chaltha":"917"}},{"type":"Feature","geometry":{"type":"Polygon","coordinates":[[[79.49744,15.666826],[79.498484,15.666221],[79.498498,15.666214],[79.498315,15.665834],[79.497636,15.66615],[79.49723,15.666339],[79.49744,15.666826]]]},"properties":{"lp":"916","ac":"1.681","chaltha":"916"}},{"type":"Feature","geometry":{"type":"Polygon","coordinates":[[[79.502006,15.665767],[79.502222,15.665682],[79.50183,15.66475],[79.501612,15.664866],[79.502006,15.665767]]]},"properties":{"lp":"746","ac":"0.7","chaltha":"746"}},{"type":"Feature","geometry":{"type":"Polygon","coordinates":[[[79.50183,15.66475],[79.502222,15.665682],[79.502425,15.665603],[79.502015,15.66465],[79.50183,15.66475]]]},"properties":{"lp":"747","ac":"0.641","chaltha":"747"}},{"type":"Feature","geometry":{"type":"Polygon","coordinates":[[[79.502015,15.66465],[79.502425,15.665603],[79.502614,15.665536],[79.5022,15.664551],[79.502015,15.66465]]]},"properties":{"lp":"748","ac":"0.631","chaltha":"748"}},{"type":"Feature","geometry":{"type":"Polygon","coordinates":[[[79.502614,15.665536],[79.502803,15.66547],[79.502384,15.664452],[79.5022,15.664551],[79.502614,15.665536]]]},"properties":{"lp":"749","ac":"0.65","chaltha":"749"}},{"type":"Feature","geometry":{"type":"Polygon","coordinates":[[[79.500114,15.672509],[79.500266,15.672834],[79.501052,15.672522],[79.501056,15.67252],[79.500932,15.672226],[79.500114,15.672509]]]},"properties":{"lp":"659","ac":"0.851","chaltha":"659"}},{"type":"Feature","geometry":{"type":"Polygon","coordinates":[[[79.500266,15.672834],[79.500285,15.672874],[79.500436,15.673199],[79.501219,15.672896],[79.501052,15.672522],[79.500266,15.672834]]]},"properties":{"lp":"658","ac":"1.001","chaltha":"658"}},{"type":"Feature","geometry":{"type":"Polygon","coordinates":[[[79.501658,15.673585],[79.501952,15.673375],[79.501621,15.672631],[79.501401,15.672138],[79.501113,15.672252],[79.501078,15.672166],[79.500932,15.672226],[79.501056,15.67252],[79.501052,15.672522],[79.501219,15.672896],[79.501304,15.672861],[79.501658,15.673585]]]},"properties":{"lp":"653","ac":"1.749","chaltha":"653"}},{"type":"Feature","geometry":{"type":"Polygon","coordinates":[[[79.501952,15.673375],[79.502077,15.673286],[79.501758,15.672577],[79.501621,15.672631],[79.501952,15.673375]]]},"properties":{"lp":"654","ac":"0.347","chaltha":"654"}},{"type":"Feature","geometry":{"type":"Polygon","coordinates":[[[79.501621,15.672631],[79.501758,15.672577],[79.501536,15.672085],[79.501401,15.672138],[79.501621,15.672631]]]},"properties":{"lp":"657","ac":"0.231","chaltha":"657"}},{"type":"Feature","geometry":{"type":"Polygon","coordinates":[[[79.502077,15.673286],[79.502264,15.673153],[79.501766,15.671993],[79.501536,15.672085],[79.501758,15.672577],[79.502077,15.673286]]]},"properties":{"lp":"655","ac":"0.893","chaltha":"655"}},{"type":"Feature","geometry":{"type":"Polygon","coordinates":[[[79.502264,15.673153],[79.502602,15.672911],[79.502338,15.672353],[79.502126,15.671855],[79.501784,15.671986],[79.501766,15.671993],[79.502264,15.673153]]]},"properties":{"lp":"656","ac":"1.385","chaltha":"656"}},{"type":"Feature","geometry":{"type":"Polygon","coordinates":[[[79.501756,15.671011],[79.501886,15.671292],[79.503462,15.670657],[79.503284,15.6704],[79.501756,15.671011]]]},"properties":{"lp":"688","ac":"1.506","chaltha":"688"}},{"type":"Feature","geometry":{"type":"Polygon","coordinates":[[[79.499448,15.671704],[79.499552,15.671962],[79.499815,15.671846],[79.500772,15.671482],[79.500671,15.671255],[79.499448,15.671704]]]},"properties":{"lp":"678","ac":"0.986","chaltha":"678"}},{"type":"Feature","geometry":{"type":"Polygon","coordinates":[[[79.499815,15.671846],[79.499895,15.672024],[79.499968,15.672185],[79.500929,15.671833],[79.500772,15.671482],[79.499815,15.671846]]]},"properties":{"lp":"679","ac":"1.132","chaltha":"679"}},{"type":"Feature","geometry":{"type":"Polygon","coordinates":[[[79.498689,15.67235],[79.498923,15.672245],[79.498728,15.671812],[79.498566,15.671456],[79.498568,15.671455],[79.498566,15.67145],[79.498337,15.671549],[79.498689,15.67235]]]},"properties":{"lp":"668","ac":"0.645","chaltha":"668"}},{"type":"Feature","geometry":{"type":"Polygon","coordinates":[[[79.498923,15.672245],[79.499552,15.671962],[79.499448,15.671704],[79.499392,15.671556],[79.498728,15.671812],[79.498923,15.672245]]]},"properties":{"lp":"670","ac":"0.934","chaltha":"670"}},{"type":"Feature","geometry":{"type":"Polygon","coordinates":[[[79.498728,15.671812],[79.499392,15.671556],[79.499249,15.671174],[79.498568,15.671455],[79.498566,15.671456],[79.498728,15.671812]]]},"properties":{"lp":"671","ac":"0.849","chaltha":"671"}},{"type":"Feature","geometry":{"type":"Polygon","coordinates":[[[79.497101,15.673627],[79.497291,15.673552],[79.497144,15.673224],[79.496951,15.673314],[79.497101,15.673627]]]},"properties":{"lp":"631","ac":"0.216","chaltha":"631"}},{"type":"Feature","geometry":{"type":"Polygon","coordinates":[[[79.497291,15.673552],[79.49733,15.673537],[79.497623,15.673421],[79.497546,15.673253],[79.497478,15.673104],[79.497314,15.672746],[79.497301,15.672751],[79.497314,15.672782],[79.497,15.672904],[79.497144,15.673224],[79.497291,15.673552]]]},"properties":{"lp":"637","ac":"0.737","chaltha":"637"}},{"type":"Feature","geometry":{"type":"Polygon","coordinates":[[[79.497478,15.673104],[79.497907,15.672928],[79.497755,15.672571],[79.497447,15.672693],[79.497314,15.672746],[79.497478,15.673104]]]},"properties":{"lp":"638","ac":"0.537","chaltha":"638"}},{"type":"Feature","geometry":{"type":"Polygon","coordinates":[[[79.497166,15.672432],[79.497301,15.672751],[79.497314,15.672746],[79.497447,15.672693],[79.497187,15.672026],[79.497039,15.672084],[79.497016,15.672093],[79.497166,15.672432]]]},"properties":{"lp":"635","ac":"0.355","chaltha":"635"}},{"type":"Feature","geometry":{"type":"Polygon","coordinates":[[[79.49662,15.672664],[79.496628,15.672682],[79.496769,15.672993],[79.496793,15.672984],[79.497,15.672904],[79.497314,15.672782],[79.497301,15.672751],[79.497166,15.672432],[79.49662,15.672664]]]},"properties":{"lp":"633","ac":"0.639","chaltha":"633"}},{"type":"Feature","geometry":{"type":"Polygon","coordinates":[[[79.497623,15.673421],[79.498045,15.673254],[79.497971,15.67308],[79.497546,15.673253],[79.497623,15.673421]]]},"properties":{"lp":"640","ac":"0.25","chaltha":"640"}},{"type":"Feature","geometry":{"type":"Polygon","coordinates":[[[79.497971,15.67308],[79.497907,15.672928],[79.497478,15.673104],[79.497546,15.673253],[79.497971,15.67308]]]},"properties":{"lp":"639","ac":"0.222","chaltha":"639"}},{"type":"Feature","geometry":{"type":"Polygon","coordinates":[[[79.499035,15.67063],[79.499095,15.670783],[79.499142,15.670902],[79.500235,15.670509],[79.500135,15.670228],[79.499035,15.67063]]]},"properties":{"lp":"675","ac":"1.008","chaltha":"675"}},{"type":"Feature","geometry":{"type":"Polygon","coordinates":[[[79.498879,15.670206],[79.499035,15.67063],[79.500135,15.670228],[79.500099,15.670126],[79.499968,15.669757],[79.499777,15.669836],[79.499596,15.669911],[79.499322,15.670023],[79.498879,15.670206]]]},"properties":{"lp":"674","ac":"1.638","chaltha":"674"}},{"type":"Feature","geometry":{"type":"Polygon","coordinates":[[[79.496173,15.667714],[79.496523,15.668577],[79.49741,15.668222],[79.496981,15.667236],[79.496173,15.667714]]]},"properties":{"lp":"723","ac":"2.774","chaltha":"723"}},{"type":"Feature","geometry":{"type":"Polygon","coordinates":[[[79.496523,15.668577],[79.496701,15.669014],[79.49754,15.668661],[79.497581,15.668644],[79.49741,15.668222],[79.496523,15.668577]]]},"properties":{"lp":"722","ac":"1.296","chaltha":"722"}},{"type":"Feature","geometry":{"type":"Polygon","coordinates":[[[79.496701,15.669014],[79.496875,15.669451],[79.497736,15.669115],[79.49754,15.668661],[79.496701,15.669014]]]},"properties":{"lp":"721","ac":"1.296","chaltha":"721"}},{"type":"Feature","geometry":{"type":"Polygon","coordinates":[[[79.496875,15.669451],[79.496926,15.669578],[79.497068,15.669912],[79.497911,15.669566],[79.497736,15.669115],[79.496875,15.669451]]]},"properties":{"lp":"720","ac":"1.325","chaltha":"720"}},{"type":"Feature","geometry":{"type":"Polygon","coordinates":[[[79.497911,15.669566],[79.498329,15.669394],[79.497948,15.668485],[79.497885,15.668512],[79.497581,15.668644],[79.49754,15.668661],[79.497736,15.669115],[79.497911,15.669566]]]},"properties":{"lp":"719","ac":"1.275","chaltha":"719"}},{"type":"Feature","geometry":{"type":"Polygon","coordinates":[[[79.498329,15.669394],[79.498741,15.669225],[79.498549,15.668751],[79.49837,15.668308],[79.49818,15.668386],[79.497948,15.668485],[79.498329,15.669394]]]},"properties":{"lp":"718","ac":"1.309","chaltha":"718"}},{"type":"Feature","geometry":{"type":"Polygon","coordinates":[[[79.493336,15.676489],[79.493909,15.676242],[79.493541,15.675449],[79.493154,15.67561],[79.49301,15.675671],[79.493336,15.676489]]]},"properties":{"lp":"464","ac":"1.543","chaltha":"464"}},{"type":"Feature","geometry":{"type":"Polygon","coordinates":[[[79.493909,15.676242],[79.494468,15.676],[79.494111,15.675203],[79.494076,15.675218],[79.493838,15.675321],[79.493552,15.675444],[79.493541,15.675449],[79.493909,15.676242]]]},"properties":{"lp":"465","ac":"1.575","chaltha":"465"}},{"type":"Feature","geometry":{"type":"Polygon","coordinates":[[[79.494468,15.676],[79.494733,15.675886],[79.494379,15.675086],[79.494343,15.675103],[79.494111,15.675203],[79.494468,15.676]]]},"properties":{"lp":"466","ac":"0.743","chaltha":"466"}},{"type":"Feature","geometry":{"type":"Polygon","coordinates":[[[79.494733,15.675886],[79.495104,15.675726],[79.494759,15.674914],[79.494379,15.675086],[79.494733,15.675886]]]},"properties":{"lp":"467","ac":"1.056","chaltha":"467"}},{"type":"Feature","geometry":{"type":"Polygon","coordinates":[[[79.495104,15.675726],[79.495255,15.675661],[79.495445,15.675577],[79.495363,15.675374],[79.495134,15.674743],[79.494759,15.674914],[79.495104,15.675726]]]},"properties":{"lp":"468","ac":"1.011","chaltha":"468"}},{"type":"Feature","geometry":{"type":"Polygon","coordinates":[[[79.493335,15.670849],[79.49348,15.670789],[79.493751,15.670662],[79.493741,15.670641],[79.493507,15.670173],[79.493248,15.669656],[79.492998,15.669155],[79.492982,15.669162],[79.492606,15.669335],[79.492982,15.670121],[79.493335,15.670849]]]},"properties":{"lp":"513","ac":"2.197","chaltha":"513"}},{"type":"Feature","geometry":{"type":"Polygon","coordinates":[[[79.492161,15.673371],[79.4923,15.673307],[79.49232,15.673298],[79.491449,15.671448],[79.491276,15.671525],[79.492161,15.673371]]]},"properties":{"lp":"528","ac":"1.091","chaltha":"528"}},{"type":"Feature","geometry":{"type":"Polygon","coordinates":[[[79.492977,15.672957],[79.493014,15.672934],[79.493141,15.672855],[79.492282,15.671082],[79.492273,15.671086],[79.492111,15.671156],[79.492977,15.672957]]]},"properties":{"lp":"525","ac":"1.1","chaltha":"525"}},{"type":"Feature","geometry":{"type":"Polygon","coordinates":[[[79.493141,15.672855],[79.49329,15.6728],[79.493312,15.672766],[79.492468,15.671013],[79.492282,15.671082],[79.493141,15.672855]]]},"properties":{"lp":"524","ac":"1.123","chaltha":"524"}},{"type":"Feature","geometry":{"type":"Polygon","coordinates":[[[79.492468,15.671013],[79.493312,15.672766],[79.493667,15.672569],[79.493677,15.67255],[79.492922,15.671027],[79.492825,15.67083],[79.492796,15.670841],[79.492468,15.671013]]]},"properties":{"lp":"523","ac":"2.339","chaltha":"523"}},{"type":"Feature","geometry":{"type":"Polygon","coordinates":[[[79.492161,15.673371],[79.491276,15.671525],[79.491219,15.67155],[79.490821,15.671724],[79.490768,15.671747],[79.491637,15.673598],[79.491711,15.673566],[79.492113,15.673392],[79.492161,15.673371]]]},"properties":{"lp":"541","ac":"3.373","chaltha":"541"}},{"type":"Feature","geometry":{"type":"Polygon","coordinates":[[[79.489975,15.674287],[79.490169,15.674209],[79.490252,15.674176],[79.489436,15.672328],[79.489138,15.672455],[79.489431,15.673101],[79.489437,15.673114],[79.489975,15.674287]]]},"properties":{"lp":"545","ac":"1.846","chaltha":"545"}},{"type":"Feature","geometry":{"type":"Polygon","coordinates":[[[79.489437,15.673114],[79.489431,15.673101],[79.489157,15.673214],[79.489685,15.6744],[79.489975,15.674287],[79.489437,15.673114]]]},"properties":{"lp":"546","ac":"1.158","chaltha":"546"}},{"type":"Feature","geometry":{"type":"Polygon","coordinates":[[[79.489157,15.673214],[79.489043,15.673261],[79.488894,15.673322],[79.489411,15.674507],[79.489685,15.6744],[79.489157,15.673214]]]},"properties":{"lp":"547","ac":"1.097","chaltha":"547"}},{"type":"Feature","geometry":{"type":"Polygon","coordinates":[[[79.489125,15.674618],[79.489411,15.674507],[79.488894,15.673322],[79.488856,15.673339],[79.488626,15.673439],[79.489125,15.674618]]]},"properties":{"lp":"548","ac":"1.129","chaltha":"548"}},{"type":"Feature","geometry":{"type":"Polygon","coordinates":[[[79.488626,15.673439],[79.488579,15.67346],[79.488335,15.673566],[79.488849,15.674726],[79.489102,15.674627],[79.489125,15.674618],[79.488626,15.673439]]]},"properties":{"lp":"549","ac":"1.146","chaltha":"549"}},{"type":"Feature","geometry":{"type":"Polygon","coordinates":[[[79.492237,15.669504],[79.492225,15.669509],[79.491724,15.669703],[79.492273,15.671086],[79.492282,15.671082],[79.492468,15.671013],[79.492796,15.670841],[79.492567,15.670295],[79.492237,15.669504]]]},"properties":{"lp":"529","ac":"2.438","chaltha":"529"}},{"type":"Feature","geometry":{"type":"Polygon","coordinates":[[[79.49177,15.671305],[79.492111,15.671156],[79.492273,15.671086],[79.491724,15.669703],[79.491239,15.669891],[79.49177,15.671305]]]},"properties":{"lp":"530","ac":"2.347","chaltha":"530"}},{"type":"Feature","geometry":{"type":"Polygon","coordinates":[[[79.491239,15.669891],[79.49098,15.670011],[79.491497,15.671426],[79.491615,15.671373],[79.491752,15.671313],[79.49177,15.671305],[79.491239,15.669891]]]},"properties":{"lp":"531","ac":"1.286","chaltha":"531"}},{"type":"Feature","geometry":{"type":"Polygon","coordinates":[[[79.490821,15.671724],[79.491219,15.67155],[79.4907,15.670141],[79.490327,15.670313],[79.490821,15.671724]]]},"properties":{"lp":"533","ac":"1.85","chaltha":"533"}},{"type":"Feature","geometry":{"type":"Polygon","coordinates":[[[79.487769,15.673824],[79.488246,15.674936],[79.488849,15.674726],[79.488335,15.673566],[79.488047,15.673697],[79.487769,15.673824]]]},"properties":{"lp":"550","ac":"2.287","chaltha":"550"}},{"type":"Feature","geometry":{"type":"Polygon","coordinates":[[[79.48651,15.674353],[79.486767,15.674944],[79.486988,15.675456],[79.487449,15.675279],[79.487484,15.675265],[79.487004,15.674145],[79.48651,15.674353]]]},"properties":{"lp":"567","ac":"1.892","chaltha":"567"}},{"type":"Feature","geometry":{"type":"Polygon","coordinates":[[[79.486406,15.675675],[79.486886,15.676791],[79.486897,15.67679],[79.488042,15.676611],[79.488034,15.676578],[79.487449,15.675279],[79.486988,15.675456],[79.486711,15.675563],[79.486406,15.675675]]]},"properties":{"lp":"414","ac":"4.408","chaltha":"414"}},{"type":"Feature","geometry":{"type":"Polygon","coordinates":[[[79.48613,15.675756],[79.486587,15.676841],[79.486886,15.676791],[79.486406,15.675675],[79.486397,15.675678],[79.48613,15.675756]]]},"properties":{"lp":"413","ac":"1.015","chaltha":"413"}},{"type":"Feature","geometry":{"type":"Polygon","coordinates":[[[79.485227,15.676021],[79.485411,15.676473],[79.486053,15.676295],[79.485843,15.67584],[79.485227,15.676021]]]},"properties":{"lp":"411","ac":"0.941","chaltha":"411"}},{"type":"Feature","geometry":{"type":"Polygon","coordinates":[[[79.485411,15.676473],[79.485511,15.67672],[79.486158,15.676533],[79.486053,15.676295],[79.485411,15.676473]]]},"properties":{"lp":"410","ac":"0.513","chaltha":"410"}},{"type":"Feature","geometry":{"type":"Polygon","coordinates":[[[79.485511,15.67672],[79.48561,15.676965],[79.485617,15.676982],[79.486274,15.676892],[79.486289,15.67689],[79.486158,15.676533],[79.485511,15.67672]]]},"properties":{"lp":"409","ac":"0.647","chaltha":"409"}},{"type":"Feature","geometry":{"type":"Polygon","coordinates":[[[79.485617,15.676982],[79.485789,15.677401],[79.486422,15.677328],[79.486413,15.6773],[79.486344,15.677096],[79.486274,15.676892],[79.485617,15.676982]]]},"properties":{"lp":"408","ac":"0.847","chaltha":"408"}},{"type":"Feature","geometry":{"type":"Polygon","coordinates":[[[79.485789,15.677401],[79.485952,15.677798],[79.48659,15.677875],[79.48648,15.677516],[79.486451,15.67742],[79.486422,15.677328],[79.485789,15.677401]]]},"properties":{"lp":"407","ac":"0.879","chaltha":"407"}},{"type":"Feature","geometry":{"type":"Polygon","coordinates":[[[79.488611,15.67575],[79.488777,15.675682],[79.488925,15.675621],[79.489065,15.675566],[79.489279,15.675488],[79.489446,15.675426],[79.489272,15.675038],[79.488439,15.675352],[79.488611,15.67575]]]},"properties":{"lp":"429","ac":"1.112","chaltha":"429"}},{"type":"Feature","geometry":{"type":"Polygon","coordinates":[[[79.489102,15.674627],[79.489272,15.675038],[79.489446,15.675426],[79.48949,15.675408],[79.490301,15.675098],[79.489975,15.674287],[79.489685,15.6744],[79.489411,15.674507],[79.489125,15.674618],[79.489102,15.674627]]]},"properties":{"lp":"438","ac":"2.372","chaltha":"438"}},{"type":"Feature","geometry":{"type":"Polygon","coordinates":[[[79.494219,15.674833],[79.494343,15.675103],[79.494379,15.675086],[79.494759,15.674914],[79.495134,15.674743],[79.49503,15.674473],[79.494219,15.674833]]]},"properties":{"lp":"521","ac":"0.754","chaltha":"521"}},{"type":"Feature","geometry":{"type":"Polygon","coordinates":[[[79.494104,15.674581],[79.49453,15.674389],[79.494249,15.673794],[79.494657,15.673618],[79.494059,15.672344],[79.493931,15.672411],[79.493677,15.67255],[79.493667,15.672569],[79.494237,15.673802],[79.493827,15.673975],[79.494104,15.674581]]]},"properties":{"lp":"519","ac":"2.745","chaltha":"519"}},{"type":"Feature","geometry":{"type":"Polygon","coordinates":[[[79.493154,15.67561],[79.493065,15.67542],[79.492113,15.673392],[79.491711,15.673566],[79.492738,15.675783],[79.49301,15.675671],[79.493154,15.67561]]]},"properties":{"lp":"456","ac":"3.185","chaltha":"456"}},{"type":"Feature","geometry":{"type":"Polygon","coordinates":[[[79.491311,15.673739],[79.492323,15.675955],[79.492461,15.675898],[79.492738,15.675783],[79.491711,15.673566],[79.491637,15.673598],[79.491311,15.673739]]]},"properties":{"lp":"455","ac":"3.164","chaltha":"455"}},{"type":"Feature","geometry":{"type":"Polygon","coordinates":[[[79.492323,15.675955],[79.491311,15.673739],[79.491112,15.673825],[79.490896,15.673918],[79.491636,15.675516],[79.49187,15.675988],[79.491925,15.67612],[79.492323,15.675955]]]},"properties":{"lp":"454","ac":"3.16","chaltha":"454"}},{"type":"Feature","geometry":{"type":"Polygon","coordinates":[[[79.493741,15.670641],[79.493911,15.670567],[79.494177,15.670458],[79.493947,15.66997],[79.493507,15.670173],[79.493741,15.670641]]]},"properties":{"lp":"510","ac":"0.744","chaltha":"510"}},{"type":"Feature","geometry":{"type":"Polygon","coordinates":[[[79.493947,15.66997],[79.493704,15.669472],[79.493248,15.669656],[79.493507,15.670173],[79.493947,15.66997]]]},"properties":{"lp":"511","ac":"0.808","chaltha":"511"}},{"type":"Feature","geometry":{"type":"Polygon","coordinates":[[[79.49343,15.668947],[79.493366,15.668977],[79.492998,15.669155],[79.493248,15.669656],[79.493704,15.669472],[79.49343,15.668947]]]},"properties":{"lp":"512","ac":"0.819","chaltha":"512"}},{"type":"Feature","geometry":{"type":"Polygon","coordinates":[[[79.492922,15.671027],[79.493207,15.670905],[79.493335,15.670849],[79.492982,15.670121],[79.492567,15.670295],[79.492796,15.670841],[79.492825,15.67083],[79.492922,15.671027]]]},"properties":{"lp":"515","ac":"1.097","chaltha":"515"}},{"type":"Feature","geometry":{"type":"Polygon","coordinates":[[[79.493677,15.67255],[79.493931,15.672411],[79.493207,15.670905],[79.492922,15.671027],[79.493677,15.67255]]]},"properties":{"lp":"518","ac":"1.482","chaltha":"518"}},{"type":"Feature","geometry":{"type":"Polygon","coordinates":[[[79.493931,15.672411],[79.494059,15.672344],[79.494205,15.672275],[79.49348,15.670789],[79.493335,15.670849],[79.493207,15.670905],[79.493931,15.672411]]]},"properties":{"lp":"517","ac":"1.465","chaltha":"517"}},{"type":"Feature","geometry":{"type":"Polygon","coordinates":[[[79.494634,15.67208],[79.494949,15.671918],[79.495253,15.67176],[79.495092,15.671385],[79.494435,15.671664],[79.494634,15.67208]]]},"properties":{"lp":"506","ac":"0.899","chaltha":"506"}},{"type":"Feature","geometry":{"type":"Polygon","coordinates":[[[79.494926,15.670996],[79.49426,15.671297],[79.494435,15.671664],[79.495092,15.671385],[79.494926,15.670996]]]},"properties":{"lp":"507","ac":"0.878","chaltha":"507"}},{"type":"Feature","geometry":{"type":"Polygon","coordinates":[[[79.493911,15.670567],[79.494155,15.671078],[79.49426,15.671297],[79.494926,15.670996],[79.494706,15.670483],[79.494603,15.670254],[79.494177,15.670458],[79.493911,15.670567]]]},"properties":{"lp":"508","ac":"1.759","chaltha":"508"}},{"type":"Feature","geometry":{"type":"Polygon","coordinates":[[[79.494205,15.672275],[79.494404,15.672181],[79.494473,15.672149],[79.49423,15.671648],[79.493986,15.671146],[79.493751,15.670662],[79.49348,15.670789],[79.494205,15.672275]]]},"properties":{"lp":"516","ac":"1.444","chaltha":"516"}},{"type":"Feature","geometry":{"type":"Polygon","coordinates":[[[79.494104,15.674581],[79.494219,15.674833],[79.49503,15.674473],[79.494896,15.674128],[79.494657,15.673618],[79.494249,15.673794],[79.49453,15.674389],[79.494104,15.674581]]]},"properties":{"lp":"520","ac":"1.582","chaltha":"520"}},{"type":"Feature","geometry":{"type":"Polygon","coordinates":[[[79.494896,15.674128],[79.495255,15.673982],[79.495263,15.673978],[79.494404,15.672181],[79.494205,15.672275],[79.494059,15.672344],[79.494657,15.673618],[79.494896,15.674128]]]},"properties":{"lp":"504","ac":"2.258","chaltha":"504"}},{"type":"Feature","geometry":{"type":"Polygon","coordinates":[[[79.495263,15.673978],[79.495456,15.673899],[79.494587,15.672096],[79.494473,15.672149],[79.494404,15.672181],[79.495263,15.673978]]]},"properties":{"lp":"503","ac":"1.199","chaltha":"503"}},{"type":"Feature","geometry":{"type":"Polygon","coordinates":[[[79.495456,15.673899],[79.495631,15.673828],[79.495305,15.673119],[79.495435,15.67293],[79.494949,15.671918],[79.494634,15.67208],[79.494587,15.672096],[79.495456,15.673899]]]},"properties":{"lp":"502","ac":"1.864","chaltha":"502"}},{"type":"Feature","geometry":{"type":"Polygon","coordinates":[[[79.492237,15.669504],[79.492567,15.670295],[79.492982,15.670121],[79.492606,15.669335],[79.492237,15.669504]]]},"properties":{"lp":"514","ac":"1.083","chaltha":"514"}},{"type":"Feature","geometry":{"type":"Polygon","coordinates":[[[79.486897,15.67679],[79.486963,15.676999],[79.487,15.677116],[79.488174,15.676942],[79.488171,15.676935],[79.488042,15.676611],[79.486897,15.67679]]]},"properties":{"lp":"415","ac":"1.176","chaltha":"415"}},{"type":"Feature","geometry":{"type":"Polygon","coordinates":[[[79.487,15.677116],[79.487031,15.677213],[79.487059,15.67733],[79.487076,15.677443],[79.487784,15.677346],[79.48833,15.677272],[79.488174,15.676942],[79.487,15.677116]]]},"properties":{"lp":"419","ac":"1.222","chaltha":"419"}},{"type":"Feature","geometry":{"type":"Polygon","coordinates":[[[79.487228,15.677952],[79.487975,15.678005],[79.487784,15.677346],[79.487076,15.677443],[79.487228,15.677952]]]},"properties":{"lp":"422","ac":"1.257","chaltha":"422"}},{"type":"Feature","geometry":{"type":"Polygon","coordinates":[[[79.488462,15.67804],[79.488676,15.678029],[79.488876,15.678023],[79.488564,15.677234],[79.488339,15.677293],[79.48833,15.677272],[79.487784,15.677346],[79.487975,15.678005],[79.488462,15.67804]]]},"properties":{"lp":"423","ac":"1.836","chaltha":"423"}},{"type":"Feature","geometry":{"type":"Polygon","coordinates":[[[79.489616,15.678],[79.489593,15.677968],[79.489224,15.67706],[79.488564,15.677234],[79.488876,15.678023],[79.489616,15.678]]]},"properties":{"lp":"424","ac":"1.862","chaltha":"424"}},{"type":"Feature","geometry":{"type":"Polygon","coordinates":[[[79.488564,15.677234],[79.489224,15.67706],[79.489049,15.676659],[79.488171,15.676935],[79.488174,15.676942],[79.48833,15.677272],[79.488339,15.677293],[79.488564,15.677234]]]},"properties":{"lp":"425","ac":"1.109","chaltha":"425"}},{"type":"Feature","geometry":{"type":"Polygon","coordinates":[[[79.495846,15.684171],[79.495939,15.684368],[79.496048,15.684598],[79.496832,15.684278],[79.496648,15.683854],[79.495846,15.684171]]]},"properties":{"lp":"91","ac":"1.169","chaltha":"91"}},{"type":"Feature","geometry":{"type":"Polygon","coordinates":[[[79.49699,15.6847],[79.496832,15.684278],[79.496048,15.684598],[79.496078,15.68466],[79.496213,15.684946],[79.49624,15.685002],[79.49699,15.6847]]]},"properties":{"lp":"90","ac":"1.087","chaltha":"90"}},{"type":"Feature","geometry":{"type":"Polygon","coordinates":[[[79.49699,15.6847],[79.497776,15.684373],[79.497754,15.684326],[79.497706,15.684225],[79.497588,15.683958],[79.496832,15.684278],[79.49699,15.6847]]]},"properties":{"lp":"88","ac":"1.108","chaltha":"88"}},{"type":"Feature","geometry":{"type":"Polygon","coordinates":[[[79.497588,15.683958],[79.497395,15.68355],[79.496939,15.683736],[79.496648,15.683854],[79.496832,15.684278],[79.497588,15.683958]]]},"properties":{"lp":"87","ac":"1.088","chaltha":"87"}},{"type":"Feature","geometry":{"type":"Polygon","coordinates":[[[79.497848,15.684638],[79.497874,15.684631],[79.497798,15.684431],[79.497776,15.684373],[79.49699,15.6847],[79.49624,15.685002],[79.49635,15.685235],[79.496575,15.685145],[79.497848,15.684638]]]},"properties":{"lp":"89","ac":"1.27","chaltha":"89"}},{"type":"Feature","geometry":{"type":"Polygon","coordinates":[[[79.49505,15.683723],[79.495549,15.683539],[79.495154,15.682699],[79.494657,15.682884],[79.494848,15.683292],[79.49505,15.683723]]]},"properties":{"lp":"193","ac":"1.438","chaltha":"193"}},{"type":"Feature","geometry":{"type":"Polygon","coordinates":[[[79.494329,15.68349],[79.494848,15.683292],[79.494657,15.682884],[79.494125,15.683082],[79.494268,15.683368],[79.494329,15.68349]]]},"properties":{"lp":"194","ac":"0.743","chaltha":"194"}},{"type":"Feature","geometry":{"type":"Polygon","coordinates":[[[79.499815,15.67561],[79.499826,15.675645],[79.499925,15.675945],[79.500023,15.676245],[79.500162,15.676193],[79.500877,15.675923],[79.501118,15.675832],[79.501445,15.675709],[79.501217,15.675086],[79.499815,15.67561]]]},"properties":{"lp":"132","ac":"2.943","chaltha":"132"}},{"type":"Feature","geometry":{"type":"Polygon","coordinates":[[[79.501217,15.675086],[79.501101,15.67477],[79.499707,15.675281],[79.499815,15.67561],[79.501217,15.675086]]]},"properties":{"lp":"133","ac":"1.492","chaltha":"133"}},{"type":"Feature","geometry":{"type":"Polygon","coordinates":[[[79.501101,15.67477],[79.500985,15.674452],[79.499603,15.674965],[79.499684,15.675212],[79.499707,15.675281],[79.501101,15.67477]]]},"properties":{"lp":"134","ac":"1.455","chaltha":"134"}},{"type":"Feature","geometry":{"type":"Polygon","coordinates":[[[79.500985,15.674452],[79.500871,15.67414],[79.499504,15.674661],[79.499541,15.674774],[79.499603,15.674965],[79.500985,15.674452]]]},"properties":{"lp":"135","ac":"1.404","chaltha":"135"}},{"type":"Feature","geometry":{"type":"Polygon","coordinates":[[[79.500871,15.67414],[79.500838,15.67405],[79.50074,15.67383],[79.499703,15.674238],[79.499399,15.674359],[79.499504,15.674661],[79.500871,15.67414]]]},"properties":{"lp":"136","ac":"1.398","chaltha":"136"}},{"type":"Feature","geometry":{"type":"Polygon","coordinates":[[[79.498732,15.676395],[79.498791,15.676556],[79.498844,15.676704],[79.499145,15.676586],[79.499606,15.676407],[79.499883,15.6763],[79.500023,15.676245],[79.499925,15.675945],[79.498732,15.676395]]]},"properties":{"lp":"145","ac":"1.198","chaltha":"145"}},{"type":"Feature","geometry":{"type":"Polygon","coordinates":[[[79.498941,15.67599],[79.499826,15.675645],[79.499815,15.67561],[79.499707,15.675281],[79.499684,15.675212],[79.498759,15.675533],[79.498941,15.67599]]]},"properties":{"lp":"143","ac":"1.339","chaltha":"143"}},{"type":"Feature","geometry":{"type":"Polygon","coordinates":[[[79.497517,15.67553],[79.497744,15.676115],[79.498016,15.67601],[79.497793,15.675436],[79.497517,15.67553]]]},"properties":{"lp":"139","ac":"0.532","chaltha":"139"}},{"type":"Feature","geometry":{"type":"Polygon","coordinates":[[[79.497793,15.675436],[79.498016,15.67601],[79.498313,15.675895],[79.498086,15.67533],[79.497793,15.675436]]]},"properties":{"lp":"140","ac":"0.564","chaltha":"140"}},{"type":"Feature","geometry":{"type":"Polygon","coordinates":[[[79.498759,15.675533],[79.499684,15.675212],[79.499603,15.674965],[79.499541,15.674774],[79.498607,15.675131],[79.498759,15.675533]]]},"properties":{"lp":"142","ac":"1.29","chaltha":"142"}},{"type":"Feature","geometry":{"type":"Polygon","coordinates":[[[79.498313,15.675895],[79.498522,15.675814],[79.498629,15.676111],[79.498941,15.67599],[79.498759,15.675533],[79.498607,15.675131],[79.498086,15.67533],[79.498313,15.675895]]]},"properties":{"lp":"141","ac":"1.287","chaltha":"141"}},{"type":"Feature","geometry":{"type":"Polygon","coordinates":[[[79.481204,15.669948],[79.481641,15.669798],[79.482329,15.669561],[79.482434,15.669525],[79.482389,15.669262],[79.48131,15.66959],[79.481204,15.669948]]]},"properties":{"lp":"1212","ac":"1.017","chaltha":"1212"}},{"type":"Feature","geometry":{"type":"Polygon","coordinates":[[[79.482389,15.669262],[79.482346,15.668957],[79.481426,15.669198],[79.48131,15.66959],[79.482389,15.669262]]]},"properties":{"lp":"1211","ac":"0.992","chaltha":"1211"}},{"type":"Feature","geometry":{"type":"Polygon","coordinates":[[[79.485857,15.675262],[79.486087,15.675769],[79.48613,15.675756],[79.486397,15.675678],[79.486406,15.675675],[79.486711,15.675563],[79.486988,15.675456],[79.486767,15.674944],[79.485857,15.675262]]]},"properties":{"lp":"569","ac":"1.584","chaltha":"569"}},{"type":"Feature","geometry":{"type":"Polygon","coordinates":[[[79.49063,15.675867],[79.49083,15.676397],[79.491373,15.676185],[79.491163,15.675683],[79.491106,15.675703],[79.490878,15.675782],[79.49063,15.675867]]]},"properties":{"lp":"444","ac":"0.931","chaltha":"444"}},{"type":"Feature","geometry":{"type":"Polygon","coordinates":[[[79.491373,15.676185],[79.49187,15.675988],[79.491636,15.675516],[79.491371,15.675617],[79.491163,15.675683],[79.491373,15.676185]]]},"properties":{"lp":"443","ac":"0.805","chaltha":"443"}},{"type":"Feature","geometry":{"type":"Polygon","coordinates":[[[79.49083,15.676397],[79.490867,15.676465],[79.49102,15.676831],[79.491562,15.67665],[79.491373,15.676185],[79.49083,15.676397]]]},"properties":{"lp":"445","ac":"0.82","chaltha":"445"}},{"type":"Feature","geometry":{"type":"Polygon","coordinates":[[[79.49102,15.676831],[79.49125,15.677365],[79.491763,15.677209],[79.491562,15.67665],[79.49102,15.676831]]]},"properties":{"lp":"447","ac":"0.951","chaltha":"447"}},{"type":"Feature","geometry":{"type":"Polygon","coordinates":[[[79.491763,15.677209],[79.491801,15.677197],[79.492312,15.677049],[79.492294,15.67697],[79.491925,15.67612],[79.49187,15.675988],[79.491373,15.676185],[79.491562,15.67665],[79.491763,15.677209]]]},"properties":{"lp":"446","ac":"1.818","chaltha":"446"}},{"type":"Feature","geometry":{"type":"Polygon","coordinates":[[[79.49125,15.677365],[79.491405,15.677748],[79.491474,15.677917],[79.492016,15.677759],[79.491801,15.677197],[79.491763,15.677209],[79.49125,15.677365]]]},"properties":{"lp":"448","ac":"0.997","chaltha":"448"}},{"type":"Feature","geometry":{"type":"Polygon","coordinates":[[[79.492556,15.677712],[79.492312,15.677049],[79.491801,15.677197],[79.492016,15.677759],[79.492241,15.677694],[79.492556,15.677712]]]},"properties":{"lp":"449","ac":"0.973","chaltha":"449"}},{"type":"Feature","geometry":{"type":"Polygon","coordinates":[[[79.493342,15.677757],[79.492932,15.676719],[79.492827,15.676762],[79.492294,15.67697],[79.492312,15.677049],[79.492556,15.677712],[79.493342,15.677757]]]},"properties":{"lp":"450","ac":"1.967","chaltha":"450"}},{"type":"Feature","geometry":{"type":"Polygon","coordinates":[[[79.492932,15.676719],[79.493342,15.677757],[79.493782,15.677782],[79.493807,15.677782],[79.493774,15.677597],[79.49376,15.677563],[79.493513,15.676948],[79.493361,15.676554],[79.492932,15.676719]]]},"properties":{"lp":"451","ac":"1.629","chaltha":"451"}},{"type":"Feature","geometry":{"type":"Polygon","coordinates":[[[79.492827,15.676762],[79.492932,15.676719],[79.493361,15.676554],[79.493336,15.676489],[79.49301,15.675671],[79.492738,15.675783],[79.492461,15.675898],[79.492827,15.676762]]]},"properties":{"lp":"453","ac":"1.614","chaltha":"453"}},{"type":"Feature","geometry":{"type":"Polygon","coordinates":[[[79.492294,15.67697],[79.492827,15.676762],[79.492461,15.675898],[79.492323,15.675955],[79.491925,15.67612],[79.492294,15.67697]]]},"properties":{"lp":"452","ac":"1.575","chaltha":"452"}},{"type":"Feature","geometry":{"type":"Polygon","coordinates":[[[79.496556,15.682273],[79.496229,15.681493],[79.496125,15.681527],[79.496036,15.681285],[79.496022,15.68129],[79.49573,15.681392],[79.495793,15.681541],[79.495962,15.681925],[79.496175,15.682408],[79.496556,15.682273]]]},"properties":{"lp":"176","ac":"1.262","chaltha":"176"}},{"type":"Feature","geometry":{"type":"Polygon","coordinates":[[[79.496556,15.682273],[79.496989,15.682118],[79.496639,15.681338],[79.496229,15.681493],[79.496556,15.682273]]]},"properties":{"lp":"177","ac":"1.117","chaltha":"177"}},{"type":"Feature","geometry":{"type":"Polygon","coordinates":[[[79.496639,15.681338],[79.496989,15.682118],[79.497437,15.681959],[79.497314,15.681631],[79.497255,15.681482],[79.497201,15.681336],[79.497145,15.681181],[79.497136,15.681158],[79.496639,15.681338]]]},"properties":{"lp":"178","ac":"1.255","chaltha":"178"}},{"type":"Feature","geometry":{"type":"Polygon","coordinates":[[[79.496075,15.680482],[79.495848,15.679953],[79.495546,15.680061],[79.495517,15.680072],[79.495757,15.680608],[79.496075,15.680482]]]},"properties":{"lp":"172","ac":"0.591","chaltha":"172"}},{"type":"Feature","geometry":{"type":"Polygon","coordinates":[[[79.496075,15.680482],[79.496429,15.680339],[79.496188,15.67983],[79.495879,15.679942],[79.495848,15.679953],[79.496075,15.680482]]]},"properties":{"lp":"171","ac":"0.619","chaltha":"171"}},{"type":"Feature","geometry":{"type":"Polygon","coordinates":[[[79.495218,15.680179],[79.495308,15.680392],[79.495365,15.680527],[79.495399,15.680608],[79.495443,15.680712],[79.495475,15.680787],[79.495552,15.680971],[79.49563,15.681156],[79.495708,15.68134],[79.49573,15.681392],[79.496022,15.68129],[79.495949,15.681103],[79.495757,15.680608],[79.495517,15.680072],[79.495218,15.680179]]]},"properties":{"lp":"173","ac":"1.241","chaltha":"173"}},{"type":"Feature","geometry":{"type":"Polygon","coordinates":[[[79.495949,15.681103],[79.496956,15.680681],[79.49695,15.680665],[79.49685,15.680407],[79.49677,15.680201],[79.496429,15.680339],[79.496075,15.680482],[79.495757,15.680608],[79.495949,15.681103]]]},"properties":{"lp":"174","ac":"1.67","chaltha":"174"}},{"type":"Feature","geometry":{"type":"Polygon","coordinates":[[[79.495949,15.681103],[79.496022,15.68129],[79.496036,15.681285],[79.496125,15.681527],[79.496229,15.681493],[79.496639,15.681338],[79.497136,15.681158],[79.497033,15.680884],[79.496956,15.680681],[79.495949,15.681103]]]},"properties":{"lp":"175","ac":"1.539","chaltha":"175"}},{"type":"Feature","geometry":{"type":"Polygon","coordinates":[[[79.495546,15.680061],[79.495046,15.678894],[79.494731,15.679021],[79.494819,15.679231],[79.49498,15.679613],[79.495042,15.679762],[79.495218,15.680179],[79.495517,15.680072],[79.495546,15.680061]]]},"properties":{"lp":"168","ac":"1.273","chaltha":"168"}},{"type":"Feature","geometry":{"type":"Polygon","coordinates":[[[79.495879,15.679942],[79.495342,15.678754],[79.495147,15.678846],[79.495046,15.678894],[79.495546,15.680061],[79.495848,15.679953],[79.495879,15.679942]]]},"properties":{"lp":"169","ac":"1.284","chaltha":"169"}},{"type":"Feature","geometry":{"type":"Polygon","coordinates":[[[79.495879,15.679942],[79.496188,15.67983],[79.496198,15.679827],[79.495661,15.678617],[79.495522,15.678677],[79.495342,15.678754],[79.495879,15.679942]]]},"properties":{"lp":"170","ac":"1.317","chaltha":"170"}},{"type":"Feature","geometry":{"type":"Polygon","coordinates":[[[79.495661,15.678617],[79.496198,15.679827],[79.496188,15.67983],[79.496429,15.680339],[79.49677,15.680201],[79.496749,15.680152],[79.496641,15.679903],[79.496532,15.679651],[79.496405,15.679353],[79.496282,15.679066],[79.496017,15.678463],[79.495661,15.678617]]]},"properties":{"lp":"164","ac":"2.114","chaltha":"164"}},{"type":"Feature","geometry":{"type":"Polygon","coordinates":[[[79.495147,15.678846],[79.494669,15.677723],[79.494562,15.677758],[79.494479,15.677766],[79.494234,15.677789],[79.494214,15.677791],[79.494245,15.677878],[79.494645,15.67882],[79.494731,15.679021],[79.495046,15.678894],[79.495147,15.678846]]]},"properties":{"lp":"167","ac":"1.68","chaltha":"167"}},{"type":"Feature","geometry":{"type":"Polygon","coordinates":[[[79.495522,15.678677],[79.495053,15.677597],[79.494669,15.677723],[79.495147,15.678846],[79.495342,15.678754],[79.495522,15.678677]]]},"properties":{"lp":"166","ac":"1.429","chaltha":"166"}},{"type":"Feature","geometry":{"type":"Polygon","coordinates":[[[79.495053,15.677597],[79.495522,15.678677],[79.495661,15.678617],[79.496017,15.678463],[79.495973,15.67836],[79.495816,15.677999],[79.495572,15.677437],[79.495053,15.677597]]]},"properties":{"lp":"165","ac":"1.815","chaltha":"165"}},{"type":"Feature","geometry":{"type":"Polygon","coordinates":[[[79.497437,15.681959],[79.49814,15.681706],[79.499496,15.681218],[79.499489,15.681202],[79.499424,15.681041],[79.499357,15.680876],[79.497314,15.681631],[79.497437,15.681959]]]},"properties":{"lp":"187","ac":"2.301","chaltha":"187"}},{"type":"Feature","geometry":{"type":"Polygon","coordinates":[[[79.497314,15.681631],[79.499357,15.680876],[79.499312,15.680764],[79.499295,15.680723],[79.498374,15.681056],[79.497255,15.681482],[79.497314,15.681631]]]},"properties":{"lp":"186","ac":"1.067","chaltha":"186"}},{"type":"Feature","geometry":{"type":"Polygon","coordinates":[[[79.497145,15.681181],[79.498181,15.680775],[79.498015,15.680482],[79.497033,15.680884],[79.497136,15.681158],[79.497145,15.681181]]]},"properties":{"lp":"183","ac":"1.039","chaltha":"183"}},{"type":"Feature","geometry":{"type":"Polygon","coordinates":[[[79.498015,15.680482],[79.498181,15.680775],[79.499157,15.680381],[79.49913,15.680315],[79.499063,15.680152],[79.499034,15.680082],[79.49804,15.680472],[79.498015,15.680482]]]},"properties":{"lp":"182","ac":"1.034","chaltha":"182"}},{"type":"Feature","geometry":{"type":"Polygon","coordinates":[[[79.49695,15.680665],[79.496956,15.680681],[79.497033,15.680884],[79.498015,15.680482],[79.49804,15.680472],[79.497984,15.680345],[79.497937,15.680241],[79.497797,15.680301],[79.49695,15.680665]]]},"properties":{"lp":"179","ac":"0.771","chaltha":"179"}},{"type":"Feature","geometry":{"type":"Polygon","coordinates":[[[79.497984,15.680345],[79.49804,15.680472],[79.499034,15.680082],[79.498998,15.679993],[79.498978,15.679945],[79.497984,15.680345]]]},"properties":{"lp":"181","ac":"0.449","chaltha":"181"}},{"type":"Feature","geometry":{"type":"Polygon","coordinates":[[[79.497937,15.680241],[79.497984,15.680345],[79.498978,15.679945],[79.49893,15.679829],[79.498609,15.679951],[79.497937,15.680241]]]},"properties":{"lp":"180","ac":"0.393","chaltha":"180"}},{"type":"Feature","geometry":{"type":"Polygon","coordinates":[[[79.497201,15.681336],[79.499222,15.680519],[79.499208,15.68049],[79.499157,15.680381],[79.498181,15.680775],[79.497145,15.681181],[79.497201,15.681336]]]},"properties":{"lp":"184","ac":"0.991","chaltha":"184"}},{"type":"Feature","geometry":{"type":"Polygon","coordinates":[[[79.497255,15.681482],[79.498374,15.681056],[79.499295,15.680723],[79.499222,15.680519],[79.497201,15.681336],[79.497255,15.681482]]]},"properties":{"lp":"185","ac":"1.157","chaltha":"185"}},{"type":"Feature","geometry":{"type":"Polygon","coordinates":[[[79.497797,15.680301],[79.497656,15.680063],[79.49685,15.680407],[79.49695,15.680665],[79.497797,15.680301]]]},"properties":{"lp":"163","ac":"0.724","chaltha":"163"}},{"type":"Feature","geometry":{"type":"Polygon","coordinates":[[[79.497656,15.680063],[79.497797,15.680301],[79.497937,15.680241],[79.498609,15.679951],[79.498516,15.6797],[79.497656,15.680063]]]},"properties":{"lp":"162","ac":"0.722","chaltha":"162"}},{"type":"Feature","geometry":{"type":"Polygon","coordinates":[[[79.496749,15.680152],[79.49677,15.680201],[79.49685,15.680407],[79.497656,15.680063],[79.498516,15.6797],[79.49842,15.679441],[79.496749,15.680152]]]},"properties":{"lp":"161","ac":"1.459","chaltha":"161"}},{"type":"Feature","geometry":{"type":"Polygon","coordinates":[[[79.49842,15.679441],[79.498337,15.679191],[79.496641,15.679903],[79.496749,15.680152],[79.49842,15.679441]]]},"properties":{"lp":"160","ac":"1.43","chaltha":"160"}},{"type":"Feature","geometry":{"type":"Polygon","coordinates":[[[79.496641,15.679903],[79.498337,15.679191],[79.498324,15.679156],[79.498246,15.678945],[79.497056,15.679435],[79.496532,15.679651],[79.496641,15.679903]]]},"properties":{"lp":"159","ac":"1.45","chaltha":"159"}},{"type":"Feature","geometry":{"type":"Polygon","coordinates":[[[79.496405,15.679353],[79.496946,15.679146],[79.498133,15.678694],[79.498044,15.678426],[79.496282,15.679066],[79.496405,15.679353]]]},"properties":{"lp":"156","ac":"1.619","chaltha":"156"}},{"type":"Feature","geometry":{"type":"Polygon","coordinates":[[[79.495973,15.67836],[79.496017,15.678463],[79.496282,15.679066],[79.498044,15.678426],[79.498088,15.678407],[79.497843,15.677708],[79.497232,15.677921],[79.495973,15.67836]]]},"properties":{"lp":"155","ac":"4.328","chaltha":"155"}},{"type":"Feature","geometry":{"type":"Polygon","coordinates":[[[79.496532,15.679651],[79.497056,15.679435],[79.496946,15.679146],[79.496405,15.679353],[79.496532,15.679651]]]},"properties":{"lp":"157","ac":"0.532","chaltha":"157"}},{"type":"Feature","geometry":{"type":"Polygon","coordinates":[[[79.498246,15.678945],[79.498191,15.678823],[79.498133,15.678694],[79.496946,15.679146],[79.497056,15.679435],[79.498246,15.678945]]]},"properties":{"lp":"158","ac":"1.094","chaltha":"158"}},{"type":"Feature","geometry":{"type":"Polygon","coordinates":[[[79.495572,15.677437],[79.495816,15.677999],[79.496459,15.677755],[79.496258,15.677206],[79.496171,15.677236],[79.495572,15.677437]]]},"properties":{"lp":"152","ac":"1.237","chaltha":"152"}},{"type":"Feature","geometry":{"type":"Polygon","coordinates":[[[79.496459,15.677755],[79.497084,15.677536],[79.497144,15.677515],[79.496938,15.676982],[79.496258,15.677206],[79.496459,15.677755]]]},"properties":{"lp":"151","ac":"1.222","chaltha":"151"}},{"type":"Feature","geometry":{"type":"Polygon","coordinates":[[[79.497144,15.677515],[79.497693,15.677316],[79.497825,15.67727],[79.497716,15.676976],[79.497507,15.676414],[79.496901,15.676621],[79.497034,15.676951],[79.496938,15.676982],[79.497144,15.677515]]]},"properties":{"lp":"150","ac":"1.862","chaltha":"150"}},{"type":"Feature","geometry":{"type":"Polygon","coordinates":[[[79.497232,15.677921],[79.497843,15.677708],[79.497693,15.677316],[79.497144,15.677515],[79.497084,15.677536],[79.497232,15.677921]]]},"properties":{"lp":"154","ac":"0.787","chaltha":"154"}},{"type":"Feature","geometry":{"type":"Polygon","coordinates":[[[79.495816,15.677999],[79.495973,15.67836],[79.497232,15.677921],[79.497084,15.677536],[79.496459,15.677755],[79.495816,15.677999]]]},"properties":{"lp":"153","ac":"1.599","chaltha":"153"}},{"type":"Feature","geometry":{"type":"Polygon","coordinates":[[[79.49416,15.691773],[79.49437,15.692102],[79.495461,15.691619],[79.496669,15.690808],[79.496598,15.690603],[79.495783,15.690992],[79.49416,15.691773]]]},"properties":{"lp":"1","ac":"2.809","chaltha":"1"}},{"type":"Feature","geometry":{"type":"Polygon","coordinates":[[[79.49402,15.691556],[79.49416,15.691773],[79.495783,15.690992],[79.495654,15.690764],[79.49402,15.691556]]]},"properties":{"lp":"2","ac":"1.372","chaltha":"2"}},{"type":"Feature","geometry":{"type":"Polygon","coordinates":[[[79.495654,15.690764],[79.495783,15.690992],[79.496598,15.690603],[79.496514,15.690361],[79.495654,15.690764]]]},"properties":{"lp":"3","ac":"0.701","chaltha":"3"}},{"type":"Feature","geometry":{"type":"Polygon","coordinates":[[[79.493949,15.691445],[79.49402,15.691556],[79.495654,15.690764],[79.496514,15.690361],[79.496471,15.690237],[79.493949,15.691445]]]},"properties":{"lp":"4","ac":"1.028","chaltha":"4"}},{"type":"Feature","geometry":{"type":"Polygon","coordinates":[[[79.493882,15.69134],[79.493949,15.691445],[79.496471,15.690237],[79.496433,15.690127],[79.49643,15.690117],[79.493882,15.69134]]]},"properties":{"lp":"5","ac":"1.031","chaltha":"5"}},{"type":"Feature","geometry":{"type":"Polygon","coordinates":[[[79.493684,15.69103],[79.493882,15.69134],[79.49643,15.690117],[79.496345,15.689788],[79.493684,15.69103]]]},"properties":{"lp":"6","ac":"2.949","chaltha":"6"}},{"type":"Feature","geometry":{"type":"Polygon","coordinates":[[[79.493019,15.69101],[79.493096,15.691148],[79.493606,15.690909],[79.493684,15.69103],[79.496345,15.689788],[79.496313,15.689666],[79.496415,15.689463],[79.496312,15.689465],[79.493019,15.69101]]]},"properties":{"lp":"7","ac":"2.955","chaltha":"7"}},{"type":"Feature","geometry":{"type":"Polygon","coordinates":[[[79.492891,15.690781],[79.493019,15.69101],[79.496312,15.689465],[79.496415,15.689463],[79.496784,15.689233],[79.496517,15.689062],[79.492891,15.690781]]]},"properties":{"lp":"9","ac":"3.264","chaltha":"9"}},{"type":"Feature","geometry":{"type":"Polygon","coordinates":[[[79.492789,15.690596],[79.492891,15.690781],[79.496517,15.689062],[79.496308,15.688928],[79.492789,15.690596]]]},"properties":{"lp":"10","ac":"2.442","chaltha":"10"}},{"type":"Feature","geometry":{"type":"Polygon","coordinates":[[[79.492692,15.690424],[79.492789,15.690596],[79.496308,15.688928],[79.496099,15.688794],[79.492692,15.690424]]]},"properties":{"lp":"11","ac":"2.294","chaltha":"11"}},{"type":"Feature","geometry":{"type":"Polygon","coordinates":[[[79.492559,15.690183],[79.492692,15.690424],[79.496099,15.688794],[79.495828,15.68862],[79.492559,15.690183]]]},"properties":{"lp":"12","ac":"2.972","chaltha":"12"}},{"type":"Feature","geometry":{"type":"Polygon","coordinates":[[[79.491711,15.690252],[79.491839,15.690528],[79.491938,15.690478],[79.492559,15.690183],[79.495828,15.68862],[79.495611,15.688481],[79.491711,15.690252]]]},"properties":{"lp":"13","ac":"3.32","chaltha":"13"}},{"type":"Feature","geometry":{"type":"Polygon","coordinates":[[[79.491567,15.689996],[79.491644,15.690131],[79.491711,15.690252],[79.495611,15.688481],[79.495388,15.688339],[79.493483,15.689165],[79.491567,15.689996]]]},"properties":{"lp":"14","ac":"3.177","chaltha":"14"}},{"type":"Feature","geometry":{"type":"Polygon","coordinates":[[[79.491462,15.689715],[79.491567,15.689996],[79.493483,15.689165],[79.493375,15.68892],[79.493309,15.688948],[79.492949,15.689097],[79.492606,15.68924],[79.491462,15.689715]]]},"properties":{"lp":"16","ac":"1.729","chaltha":"16"}},{"type":"Feature","geometry":{"type":"Polygon","coordinates":[[[79.493375,15.68892],[79.493483,15.689165],[79.495388,15.688339],[79.495159,15.688192],[79.494665,15.688394],[79.494209,15.68858],[79.493748,15.688768],[79.493375,15.68892]]]},"properties":{"lp":"15","ac":"1.442","chaltha":"15"}},{"type":"Feature","geometry":{"type":"Polygon","coordinates":[[[79.492432,15.688657],[79.492949,15.689097],[79.493309,15.688948],[79.492755,15.688518],[79.492432,15.688657]]]},"properties":{"lp":"20","ac":"0.661","chaltha":"20"}},{"type":"Feature","geometry":{"type":"Polygon","coordinates":[[[79.492755,15.688518],[79.493309,15.688948],[79.493375,15.68892],[79.493748,15.688768],[79.493204,15.688324],[79.492755,15.688518]]]},"properties":{"lp":"21","ac":"0.868","chaltha":"21"}},{"type":"Feature","geometry":{"type":"Polygon","coordinates":[[[79.493204,15.688324],[79.493748,15.688768],[79.494209,15.68858],[79.493633,15.688138],[79.493204,15.688324]]]},"properties":{"lp":"22","ac":"0.885","chaltha":"22"}},{"type":"Feature","geometry":{"type":"Polygon","coordinates":[[[79.493633,15.688138],[79.494209,15.68858],[79.494665,15.688394],[79.494072,15.687949],[79.493633,15.688138]]]},"properties":{"lp":"23","ac":"0.903","chaltha":"23"}},{"type":"Feature","geometry":{"type":"Polygon","coordinates":[[[79.494072,15.687949],[79.494665,15.688394],[79.495159,15.688192],[79.494456,15.687783],[79.494072,15.687949]]]},"properties":{"lp":"24","ac":"0.898","chaltha":"24"}},{"type":"Feature","geometry":{"type":"Polygon","coordinates":[[[79.492432,15.688657],[79.49208,15.68881],[79.492414,15.689086],[79.492606,15.68924],[79.492949,15.689097],[79.492432,15.688657]]]},"properties":{"lp":"19","ac":"0.671","chaltha":"19"}},{"type":"Feature","geometry":{"type":"Polygon","coordinates":[[[79.491361,15.689565],[79.492414,15.689086],[79.49208,15.68881],[79.491128,15.689221],[79.491361,15.689565]]]},"properties":{"lp":"18","ac":"1.281","chaltha":"18"}},{"type":"Feature","geometry":{"type":"Polygon","coordinates":[[[79.491361,15.689565],[79.491462,15.689715],[79.492606,15.68924],[79.492414,15.689086],[79.491361,15.689565]]]},"properties":{"lp":"17","ac":"0.694","chaltha":"17"}},{"type":"Feature","geometry":{"type":"Polygon","coordinates":[[[79.490823,15.689074],[79.491128,15.689221],[79.49208,15.68881],[79.492432,15.688657],[79.492755,15.688518],[79.493204,15.688324],[79.493633,15.688138],[79.494072,15.687949],[79.494456,15.687783],[79.494134,15.687578],[79.490823,15.689074]]]},"properties":{"lp":"214","ac":"3.06","chaltha":"214"}},{"type":"Feature","geometry":{"type":"Polygon","coordinates":[[[79.490742,15.688983],[79.490814,15.689069],[79.490823,15.689074],[79.494134,15.687578],[79.494,15.687493],[79.490742,15.688983]]]},"properties":{"lp":"215","ac":"1.317","chaltha":"215"}},{"type":"Feature","geometry":{"type":"Polygon","coordinates":[[[79.490487,15.688642],[79.490543,15.688745],[79.490742,15.688983],[79.494,15.687493],[79.493746,15.687331],[79.493571,15.687222],[79.490487,15.688642]]]},"properties":{"lp":"216","ac":"4.312","chaltha":"216"}},{"type":"Feature","geometry":{"type":"Polygon","coordinates":[[[79.490414,15.688508],[79.490487,15.688642],[79.493571,15.687222],[79.493393,15.68711],[79.490414,15.688508]]]},"properties":{"lp":"217","ac":"1.615","chaltha":"217"}},{"type":"Feature","geometry":{"type":"Polygon","coordinates":[[[79.490292,15.688284],[79.490414,15.688508],[79.493393,15.68711],[79.493097,15.686926],[79.493087,15.68692],[79.490292,15.688284]]]},"properties":{"lp":"218","ac":"2.619","chaltha":"218"}},{"type":"Feature","geometry":{"type":"Polygon","coordinates":[[[79.490102,15.687655],[79.490168,15.687877],[79.490124,15.688003],[79.492883,15.686773],[79.492632,15.686594],[79.490807,15.687363],[79.490102,15.687655]]]},"properties":{"lp":"220","ac":"2.462","chaltha":"220"}},{"type":"Feature","geometry":{"type":"Polygon","coordinates":[[[79.490124,15.688003],[79.490292,15.688284],[79.493087,15.68692],[79.492883,15.686773],[79.490124,15.688003]]]},"properties":{"lp":"219","ac":"2.446","chaltha":"219"}},{"type":"Feature","geometry":{"type":"Polygon","coordinates":[[[79.49234,15.68639],[79.490668,15.687133],[79.490807,15.687363],[79.492632,15.686594],[79.492605,15.686575],[79.49234,15.68639]]]},"properties":{"lp":"221","ac":"1.588","chaltha":"221"}},{"type":"Feature","geometry":{"type":"Polygon","coordinates":[[[79.490668,15.687133],[79.49234,15.68639],[79.492054,15.68619],[79.490995,15.686666],[79.490516,15.68688],[79.490668,15.687133]]]},"properties":{"lp":"222","ac":"1.526","chaltha":"222"}},{"type":"Feature","geometry":{"type":"Polygon","coordinates":[[[79.490733,15.686198],[79.490995,15.686666],[79.492054,15.68619],[79.491541,15.685832],[79.490733,15.686198]]]},"properties":{"lp":"223","ac":"1.606","chaltha":"223"}},{"type":"Feature","geometry":{"type":"Polygon","coordinates":[[[79.490733,15.686198],[79.491541,15.685832],[79.49094,15.685413],[79.490836,15.68544],[79.49064,15.685359],[79.490341,15.685502],[79.490406,15.685613],[79.490586,15.685935],[79.490733,15.686198]]]},"properties":{"lp":"224","ac":"1.545","chaltha":"224"}},{"type":"Feature","geometry":{"type":"Polygon","coordinates":[[[79.491938,15.690478],[79.492053,15.690628],[79.492572,15.691376],[79.492899,15.691275],[79.493287,15.691839],[79.493405,15.691786],[79.49357,15.692],[79.493887,15.692413],[79.49437,15.692102],[79.49416,15.691773],[79.49402,15.691556],[79.493949,15.691445],[79.493882,15.69134],[79.493684,15.69103],[79.493606,15.690909],[79.493096,15.691148],[79.493019,15.69101],[79.492891,15.690781],[79.492789,15.690596],[79.492692,15.690424],[79.492559,15.690183],[79.491938,15.690478]]]},"properties":{"lp":"8","ac":"4.983","chaltha":"8"}},{"type":"Feature","geometry":{"type":"Polygon","coordinates":[[[79.4907,15.670141],[79.491219,15.67155],[79.491276,15.671525],[79.491449,15.671448],[79.491497,15.671426],[79.49098,15.670011],[79.4907,15.670141]]]},"properties":{"lp":"532","ac":"1.348","chaltha":"532"}},{"type":"Feature","geometry":{"type":"Polygon","coordinates":[[[79.496229,15.688759],[79.497074,15.688356],[79.496926,15.688116],[79.49598,15.688606],[79.496167,15.688721],[79.496229,15.688759]]]},"properties":{"lp":"31","ac":"0.777","chaltha":"31"}},{"type":"Feature","geometry":{"type":"Polygon","coordinates":[[[79.495754,15.688467],[79.495959,15.688594],[79.49598,15.688606],[79.496926,15.688116],[79.496783,15.687872],[79.496464,15.688026],[79.496501,15.688099],[79.495754,15.688467]]]},"properties":{"lp":"32","ac":"0.793","chaltha":"32"}},{"type":"Feature","geometry":{"type":"Polygon","coordinates":[[[79.493443,15.686984],[79.495544,15.68616],[79.495487,15.686028],[79.49505,15.686196],[79.494648,15.68635],[79.494022,15.68659],[79.49378,15.686683],[79.493283,15.686874],[79.493443,15.686984]]]},"properties":{"lp":"55","ac":"1.028","chaltha":"55"}},{"type":"Feature","geometry":{"type":"Polygon","coordinates":[[[79.494277,15.687556],[79.494549,15.687743],[79.495754,15.688467],[79.496501,15.688099],[79.496464,15.688026],[79.496297,15.687726],[79.496131,15.687429],[79.495967,15.687134],[79.495897,15.686973],[79.494277,15.687556]]]},"properties":{"lp":"53","ac":"5.004","chaltha":"53"}},{"type":"Feature","geometry":{"type":"Polygon","coordinates":[[[79.495897,15.686973],[79.495642,15.686386],[79.495544,15.68616],[79.493443,15.686984],[79.494277,15.687556],[79.495897,15.686973]]]},"properties":{"lp":"54","ac":"5.001","chaltha":"54"}},{"type":"Feature","geometry":{"type":"Polygon","coordinates":[[[79.49505,15.686196],[79.495487,15.686028],[79.495328,15.685644],[79.495194,15.685354],[79.494756,15.685531],[79.49505,15.686196]]]},"properties":{"lp":"208","ac":"1.016","chaltha":"208"}},{"type":"Feature","geometry":{"type":"Polygon","coordinates":[[[79.494648,15.68635],[79.49505,15.686196],[79.494756,15.685531],[79.494366,15.685688],[79.494648,15.68635]]]},"properties":{"lp":"209","ac":"0.901","chaltha":"209"}},{"type":"Feature","geometry":{"type":"Polygon","coordinates":[[[79.494756,15.685531],[79.495194,15.685354],[79.495064,15.685068],[79.494937,15.684787],[79.494533,15.683898],[79.494128,15.68407],[79.494756,15.685531]]]},"properties":{"lp":"200","ac":"2.129","chaltha":"200"}},{"type":"Feature","geometry":{"type":"Polygon","coordinates":[[[79.494366,15.685688],[79.494756,15.685531],[79.494128,15.68407],[79.493717,15.684244],[79.494366,15.685688]]]},"properties":{"lp":"201","ac":"2.015","chaltha":"201"}},{"type":"Feature","geometry":{"type":"Polygon","coordinates":[[[79.494366,15.685688],[79.493717,15.684244],[79.493602,15.684293],[79.493984,15.68499],[79.494366,15.685688]]]},"properties":{"lp":"202","ac":"0.289","chaltha":"202"}},{"type":"Feature","geometry":{"type":"Polygon","coordinates":[[[79.493562,15.685174],[79.493888,15.685881],[79.494366,15.685688],[79.493984,15.68499],[79.493562,15.685174]]]},"properties":{"lp":"204","ac":"1.122","chaltha":"204"}},{"type":"Feature","geometry":{"type":"Polygon","coordinates":[[[79.493562,15.685174],[79.493984,15.68499],[79.493602,15.684293],[79.493228,15.684451],[79.493562,15.685174]]]},"properties":{"lp":"203","ac":"1.009","chaltha":"203"}},{"type":"Feature","geometry":{"type":"Polygon","coordinates":[[[79.496875,15.685872],[79.498106,15.685346],[79.498047,15.685183],[79.497974,15.684984],[79.496732,15.685512],[79.496875,15.685872]]]},"properties":{"lp":"60","ac":"1.519","chaltha":"60"}},{"type":"Feature","geometry":{"type":"Polygon","coordinates":[[[79.497974,15.684984],[79.497922,15.684842],[79.497861,15.684673],[79.497848,15.684638],[79.496575,15.685145],[79.496732,15.685512],[79.497974,15.684984]]]},"properties":{"lp":"59","ac":"1.53","chaltha":"59"}},{"type":"Feature","geometry":{"type":"Polygon","coordinates":[[[79.495642,15.686386],[79.496875,15.685872],[79.496732,15.685512],[79.496575,15.685145],[79.49635,15.685235],[79.495328,15.685644],[79.495487,15.686028],[79.495544,15.68616],[79.495642,15.686386]]]},"properties":{"lp":"58","ac":"3.136","chaltha":"58"}},{"type":"Feature","geometry":{"type":"Polygon","coordinates":[[[79.495967,15.687134],[79.497184,15.686582],[79.496875,15.685872],[79.495642,15.686386],[79.495897,15.686973],[79.495967,15.687134]]]},"properties":{"lp":"56","ac":"3.112","chaltha":"56"}},{"type":"Feature","geometry":{"type":"Polygon","coordinates":[[[79.497184,15.686582],[79.498389,15.686035],[79.498321,15.685884],[79.498219,15.685658],[79.498138,15.685434],[79.498106,15.685346],[79.496875,15.685872],[79.497184,15.686582]]]},"properties":{"lp":"57","ac":"2.947","chaltha":"57"}},{"type":"Feature","geometry":{"type":"Polygon","coordinates":[[[79.496131,15.687429],[79.49853,15.686343],[79.498433,15.68613],[79.498389,15.686035],[79.497184,15.686582],[79.495967,15.687134],[79.496131,15.687429]]]},"properties":{"lp":"52","ac":"2.618","chaltha":"52"}},{"type":"Feature","geometry":{"type":"Polygon","coordinates":[[[79.496131,15.687429],[79.496297,15.687726],[79.497104,15.68736],[79.497873,15.687012],[79.49867,15.686651],[79.498571,15.686433],[79.49853,15.686343],[79.496131,15.687429]]]},"properties":{"lp":"51","ac":"2.599","chaltha":"51"}},{"type":"Feature","geometry":{"type":"Polygon","coordinates":[[[79.497255,15.687657],[79.497104,15.68736],[79.496297,15.687726],[79.496464,15.688026],[79.496783,15.687872],[79.497113,15.687722],[79.497255,15.687657]]]},"properties":{"lp":"50","ac":"0.863","chaltha":"50"}},{"type":"Feature","geometry":{"type":"Polygon","coordinates":[[[79.497873,15.687012],[79.497104,15.68736],[79.497255,15.687657],[79.497436,15.687571],[79.497771,15.687411],[79.498009,15.687297],[79.497873,15.687012]]]},"properties":{"lp":"49","ac":"0.798","chaltha":"49"}},{"type":"Feature","geometry":{"type":"Polygon","coordinates":[[[79.498009,15.687297],[79.498114,15.687249],[79.498705,15.68698],[79.498798,15.686931],[79.498716,15.686752],[79.49867,15.686651],[79.497873,15.687012],[79.498009,15.687297]]]},"properties":{"lp":"48","ac":"0.805","chaltha":"48"}},{"type":"Feature","geometry":{"type":"Polygon","coordinates":[[[79.496515,15.673859],[79.496645,15.674169],[79.497464,15.673823],[79.49733,15.673537],[79.497291,15.673552],[79.497101,15.673627],[79.496933,15.673694],[79.496515,15.673859]]]},"properties":{"lp":"643","ac":"0.844","chaltha":"643"}},{"type":"Feature","geometry":{"type":"Polygon","coordinates":[[[79.496645,15.674169],[79.496646,15.674171],[79.496768,15.67446],[79.497999,15.673976],[79.497837,15.673666],[79.497464,15.673823],[79.496645,15.674169]]]},"properties":{"lp":"644","ac":"1.273","chaltha":"644"}},{"type":"Feature","geometry":{"type":"Polygon","coordinates":[[[79.497837,15.673666],[79.497999,15.673976],[79.499258,15.673496],[79.499182,15.673312],[79.499116,15.673171],[79.497837,15.673666]]]},"properties":{"lp":"645","ac":"1.402","chaltha":"645"}},{"type":"Feature","geometry":{"type":"Polygon","coordinates":[[[79.498045,15.673254],[79.497623,15.673421],[79.49733,15.673537],[79.497464,15.673823],[79.497837,15.673666],[79.499116,15.673171],[79.498981,15.672885],[79.498434,15.673099],[79.498045,15.673254]]]},"properties":{"lp":"642","ac":"1.62","chaltha":"642"}},{"type":"Feature","geometry":{"type":"Polygon","coordinates":[[[79.496768,15.67446],[79.496901,15.674757],[79.498139,15.67425],[79.497999,15.673976],[79.496768,15.67446]]]},"properties":{"lp":"646","ac":"1.232","chaltha":"646"}},{"type":"Feature","geometry":{"type":"Polygon","coordinates":[[[79.501999,15.671548],[79.503615,15.670877],[79.503462,15.670657],[79.501886,15.671292],[79.501999,15.671548]]]},"properties":{"lp":"687","ac":"1.368","chaltha":"687"}},{"type":"Feature","geometry":{"type":"Polygon","coordinates":[[[79.501999,15.671548],[79.502102,15.67178],[79.503754,15.671129],[79.503684,15.670976],[79.503615,15.670877],[79.501999,15.671548]]]},"properties":{"lp":"686","ac":"1.399","chaltha":"686"}},{"type":"Feature","geometry":{"type":"Polygon","coordinates":[[[79.49506,15.65762],[79.49524,15.658052],[79.496264,15.657634],[79.496082,15.657211],[79.49506,15.65762]]]},"properties":{"lp":"887","ac":"1.5","chaltha":"887"}},{"type":"Feature","geometry":{"type":"Polygon","coordinates":[[[79.49506,15.65762],[79.496082,15.657211],[79.495984,15.656985],[79.494966,15.657394],[79.49506,15.65762]]]},"properties":{"lp":"888","ac":"0.791","chaltha":"888"}},{"type":"Feature","geometry":{"type":"Polygon","coordinates":[[[79.494966,15.657394],[79.495984,15.656985],[79.4959,15.656791],[79.495504,15.656939],[79.49504,15.657107],[79.494871,15.657166],[79.494966,15.657394]]]},"properties":{"lp":"889","ac":"0.729","chaltha":"889"}},{"type":"Feature","geometry":{"type":"Polygon","coordinates":[[[79.499182,15.673312],[79.499258,15.673496],[79.499363,15.67375],[79.499503,15.673693],[79.499923,15.673524],[79.499736,15.673101],[79.499182,15.673312]]]},"properties":{"lp":"661","ac":"0.82","chaltha":"661"}},{"type":"Feature","geometry":{"type":"Polygon","coordinates":[[[79.499923,15.673524],[79.500483,15.673297],[79.500436,15.673199],[79.500285,15.672874],[79.499754,15.673094],[79.499736,15.673101],[79.499923,15.673524]]]},"properties":{"lp":"660","ac":"0.814","chaltha":"660"}},{"type":"Feature","geometry":{"type":"Polygon","coordinates":[[[79.498981,15.672885],[79.499116,15.673171],[79.499182,15.673312],[79.499736,15.673101],[79.499754,15.673094],[79.500285,15.672874],[79.500266,15.672834],[79.500114,15.672509],[79.500084,15.672443],[79.498981,15.672885]]]},"properties":{"lp":"662","ac":"1.662","chaltha":"662"}},{"type":"Feature","geometry":{"type":"Polygon","coordinates":[[[79.494937,15.684787],[79.495454,15.684567],[79.49505,15.683723],[79.494848,15.683292],[79.494329,15.68349],[79.494404,15.683642],[79.494533,15.683898],[79.494937,15.684787]]]},"properties":{"lp":"195","ac":"2.297","chaltha":"195"}},{"type":"Feature","geometry":{"type":"Polygon","coordinates":[[[79.495454,15.684567],[79.495939,15.684368],[79.495846,15.684171],[79.495732,15.683927],[79.495643,15.68374],[79.495552,15.683545],[79.495549,15.683539],[79.49505,15.683723],[79.495454,15.684567]]]},"properties":{"lp":"196","ac":"1.428","chaltha":"196"}},{"type":"Feature","geometry":{"type":"Polygon","coordinates":[[[79.495194,15.685354],[79.495328,15.685644],[79.49635,15.685235],[79.49624,15.685002],[79.496213,15.684946],[79.495194,15.685354]]]},"properties":{"lp":"199","ac":"1.027","chaltha":"199"}},{"type":"Feature","geometry":{"type":"Polygon","coordinates":[[[79.495064,15.685068],[79.495194,15.685354],[79.496213,15.684946],[79.496078,15.68466],[79.495064,15.685068]]]},"properties":{"lp":"198","ac":"1.009","chaltha":"198"}},{"type":"Feature","geometry":{"type":"Polygon","coordinates":[[[79.495064,15.685068],[79.496078,15.68466],[79.496048,15.684598],[79.495939,15.684368],[79.495454,15.684567],[79.494937,15.684787],[79.495064,15.685068]]]},"properties":{"lp":"197","ac":"1.016","chaltha":"197"}},{"type":"Feature","geometry":{"type":"Polygon","coordinates":[[[79.495552,15.683545],[79.495815,15.683441],[79.495412,15.682601],[79.495154,15.682699],[79.495549,15.683539],[79.495552,15.683545]]]},"properties":{"lp":"192","ac":"0.763","chaltha":"192"}},{"type":"Feature","geometry":{"type":"Polygon","coordinates":[[[79.495815,15.683441],[79.496298,15.683249],[79.496128,15.682853],[79.495968,15.682483],[79.495934,15.682404],[79.495412,15.682601],[79.495815,15.683441]]]},"properties":{"lp":"191","ac":"1.459","chaltha":"191"}},{"type":"Feature","geometry":{"type":"Polygon","coordinates":[[[79.495732,15.683927],[79.495846,15.684171],[79.496648,15.683854],[79.496939,15.683736],[79.496832,15.683493],[79.495732,15.683927]]]},"properties":{"lp":"92","ac":"0.927","chaltha":"92"}},{"type":"Feature","geometry":{"type":"Polygon","coordinates":[[[79.496832,15.683493],[79.496939,15.683736],[79.497395,15.68355],[79.497562,15.683485],[79.497719,15.683424],[79.497988,15.683325],[79.497959,15.683252],[79.49788,15.683065],[79.496832,15.683493]]]},"properties":{"lp":"93","ac":"0.892","chaltha":"93"}},{"type":"Feature","geometry":{"type":"Polygon","coordinates":[[[79.49788,15.683065],[79.497959,15.683252],[79.498406,15.683073],[79.498823,15.682906],[79.498728,15.682706],[79.498595,15.682763],[79.49788,15.683065]]]},"properties":{"lp":"94","ac":"0.576","chaltha":"94"}},{"type":"Feature","geometry":{"type":"Polygon","coordinates":[[[79.498823,15.682906],[79.499681,15.682574],[79.499586,15.682368],[79.498728,15.682706],[79.498823,15.682906]]]},"properties":{"lp":"95","ac":"0.603","chaltha":"95"}},{"type":"Feature","geometry":{"type":"Polygon","coordinates":[[[79.498488,15.682578],[79.498595,15.682763],[79.498728,15.682706],[79.499586,15.682368],[79.499574,15.68233],[79.499503,15.682153],[79.498488,15.682578]]]},"properties":{"lp":"96","ac":"0.699","chaltha":"96"}},{"type":"Feature","geometry":{"type":"Polygon","coordinates":[[[79.495643,15.68374],[79.495732,15.683927],[79.496832,15.683493],[79.49788,15.683065],[79.498595,15.682763],[79.498488,15.682578],[79.495643,15.68374]]]},"properties":{"lp":"97","ac":"1.962","chaltha":"97"}},{"type":"Feature","geometry":{"type":"Polygon","coordinates":[[[79.496298,15.683249],[79.495815,15.683441],[79.495552,15.683545],[79.495643,15.68374],[79.498488,15.682578],[79.499503,15.682153],[79.499406,15.68194],[79.498446,15.682344],[79.496298,15.683249]]]},"properties":{"lp":"98","ac":"2.701","chaltha":"98"}},{"type":"Feature","geometry":{"type":"Polygon","coordinates":[[[79.49814,15.681706],[79.4983,15.68204],[79.498446,15.682344],[79.499406,15.68194],[79.499729,15.681835],[79.499591,15.681471],[79.499543,15.681344],[79.499496,15.681218],[79.49814,15.681706]]]},"properties":{"lp":"188","ac":"2.779","chaltha":"188"}},{"type":"Feature","geometry":{"type":"Polygon","coordinates":[[[79.496128,15.682853],[79.496298,15.683249],[79.498446,15.682344],[79.4983,15.68204],[79.496128,15.682853]]]},"properties":{"lp":"189","ac":"2.616","chaltha":"189"}},{"type":"Feature","geometry":{"type":"Polygon","coordinates":[[[79.496128,15.682853],[79.4983,15.68204],[79.49814,15.681706],[79.497437,15.681959],[79.496989,15.682118],[79.496556,15.682273],[79.496175,15.682408],[79.495968,15.682483],[79.496128,15.682853]]]},"properties":{"lp":"190","ac":"2.61","chaltha":"190"}},{"type":"Feature","geometry":{"type":"Polygon","coordinates":[[[79.498798,15.686931],[79.498705,15.68698],[79.498788,15.687129],[79.499358,15.686866],[79.499411,15.686954],[79.499749,15.686806],[79.500016,15.686318],[79.498798,15.686931]]]},"properties":{"lp":"38","ac":"0.888","chaltha":"38"}},{"type":"Feature","geometry":{"type":"Polygon","coordinates":[[[79.498716,15.686752],[79.498798,15.686931],[79.500016,15.686318],[79.500148,15.686076],[79.498716,15.686752]]]},"properties":{"lp":"39","ac":"0.768","chaltha":"39"}},{"type":"Feature","geometry":{"type":"Polygon","coordinates":[[[79.498571,15.686433],[79.49867,15.686651],[79.498716,15.686752],[79.500148,15.686076],[79.500023,15.685837],[79.498571,15.686433]]]},"properties":{"lp":"40","ac":"1.431","chaltha":"40"}},{"type":"Feature","geometry":{"type":"Polygon","coordinates":[[[79.500023,15.685837],[79.499876,15.685546],[79.498433,15.68613],[79.49853,15.686343],[79.498571,15.686433],[79.500023,15.685837]]]},"properties":{"lp":"41","ac":"1.507","chaltha":"41"}},{"type":"Feature","geometry":{"type":"Polygon","coordinates":[[[79.498321,15.685884],[79.498389,15.686035],[79.498433,15.68613],[79.499876,15.685546],[79.500113,15.68545],[79.500331,15.685361],[79.500193,15.685103],[79.499582,15.685358],[79.498321,15.685884]]]},"properties":{"lp":"45","ac":"1.678","chaltha":"45"}},{"type":"Feature","geometry":{"type":"Polygon","coordinates":[[[79.498219,15.685658],[79.498321,15.685884],[79.499582,15.685358],[79.499474,15.685125],[79.498219,15.685658]]]},"properties":{"lp":"47","ac":"1.008","chaltha":"47"}},{"type":"Feature","geometry":{"type":"Polygon","coordinates":[[[79.499474,15.685125],[79.499582,15.685358],[79.500193,15.685103],[79.500121,15.684951],[79.500082,15.684868],[79.499474,15.685125]]]},"properties":{"lp":"46","ac":"0.5","chaltha":"46"}},{"type":"Feature","geometry":{"type":"Polygon","coordinates":[[[79.498047,15.685183],[79.498106,15.685346],[79.498138,15.685434],[79.499931,15.684624],[79.499796,15.684392],[79.498047,15.685183]]]},"properties":{"lp":"66","ac":"1.517","chaltha":"66"}},{"type":"Feature","geometry":{"type":"Polygon","coordinates":[[[79.497922,15.684842],[79.497974,15.684984],[79.498047,15.685183],[79.499796,15.684392],[79.499788,15.684333],[79.499717,15.684149],[79.499675,15.684057],[79.497922,15.684842]]]},"properties":{"lp":"65","ac":"2.029","chaltha":"65"}},{"type":"Feature","geometry":{"type":"Polygon","coordinates":[[[79.497861,15.684673],[79.497922,15.684842],[79.499675,15.684057],[79.499592,15.683874],[79.497861,15.684673]]]},"properties":{"lp":"63","ac":"1.064","chaltha":"63"}},{"type":"Feature","geometry":{"type":"Polygon","coordinates":[[[79.499592,15.683874],[79.499476,15.683622],[79.499474,15.683616],[79.497798,15.684431],[79.497874,15.684631],[79.497848,15.684638],[79.497861,15.684673],[79.499592,15.683874]]]},"properties":{"lp":"62","ac":"1.455","chaltha":"62"}},{"type":"Feature","geometry":{"type":"Polygon","coordinates":[[[79.499717,15.684149],[79.5,15.684035],[79.499992,15.684018],[79.499873,15.683781],[79.499734,15.683503],[79.499476,15.683622],[79.499592,15.683874],[79.499675,15.684057],[79.499717,15.684149]]]},"properties":{"lp":"64","ac":"0.506","chaltha":"64"}},{"type":"Feature","geometry":{"type":"Polygon","coordinates":[[[79.497754,15.684326],[79.497776,15.684373],[79.497798,15.684431],[79.499474,15.683616],[79.499476,15.683622],[79.499734,15.683503],[79.499724,15.683486],[79.499653,15.683354],[79.49938,15.683483],[79.49941,15.683522],[79.497754,15.684326]]]},"properties":{"lp":"61","ac":"0.757","chaltha":"61"}},{"type":"Feature","geometry":{"type":"Polygon","coordinates":[[[79.498138,15.685434],[79.498219,15.685658],[79.499474,15.685125],[79.500082,15.684868],[79.499962,15.684614],[79.499959,15.684609],[79.499931,15.684624],[79.498138,15.685434]]]},"properties":{"lp":"67","ac":"1.537","chaltha":"67"}},{"type":"Feature","geometry":{"type":"Polygon","coordinates":[[[79.483414,15.666002],[79.483616,15.665888],[79.4833,15.665345],[79.483083,15.665493],[79.483255,15.66576],[79.483414,15.666002]]]},"properties":{"lp":"1191","ac":"0.449","chaltha":"1191"}},{"type":"Feature","geometry":{"type":"Polygon","coordinates":[[[79.484094,15.66519],[79.48404,15.665068],[79.483964,15.664894],[79.483624,15.665125],[79.483688,15.665222],[79.483929,15.66525],[79.484094,15.66519]]]},"properties":{"lp":"1193","ac":"0.28","chaltha":"1193"}},{"type":"Feature","geometry":{"type":"Polygon","coordinates":[[[79.484249,15.665543],[79.484207,15.665448],[79.484148,15.665315],[79.483719,15.66554],[79.483846,15.665767],[79.484249,15.665543]]]},"properties":{"lp":"1195","ac":"0.352","chaltha":"1195"}},{"type":"Feature","geometry":{"type":"Polygon","coordinates":[[[79.483691,15.665853],[79.483805,15.666081],[79.483906,15.666281],[79.484492,15.665986],[79.484399,15.665773],[79.484366,15.665732],[79.484329,15.665685],[79.484268,15.665577],[79.484249,15.665543],[79.483846,15.665767],[79.483691,15.665853]]]},"properties":{"lp":"1196","ac":"0.944","chaltha":"1196"}},{"type":"Feature","geometry":{"type":"Polygon","coordinates":[[[79.483906,15.666281],[79.483929,15.666335],[79.484017,15.666545],[79.484613,15.666262],[79.484531,15.666073],[79.484492,15.665986],[79.483906,15.666281]]]},"properties":{"lp":"1197","ac":"0.566","chaltha":"1197"}},{"type":"Feature","geometry":{"type":"Polygon","coordinates":[[[79.484017,15.666545],[79.484032,15.666579],[79.484145,15.666827],[79.484343,15.666751],[79.484607,15.667292],[79.485031,15.667107],[79.48499,15.667019],[79.484836,15.666687],[79.4848,15.666662],[79.484787,15.666653],[79.484698,15.666456],[79.484664,15.666378],[79.484613,15.666262],[79.484017,15.666545]]]},"properties":{"lp":"1198","ac":"1.448","chaltha":"1198"}},{"type":"Feature","geometry":{"type":"Polygon","coordinates":[[[79.490715,15.681602],[79.490751,15.681693],[79.490768,15.681734],[79.490786,15.681779],[79.490738,15.681803],[79.490825,15.681967],[79.491251,15.681826],[79.491339,15.681836],[79.492379,15.681558],[79.492334,15.681461],[79.492271,15.681328],[79.492228,15.681237],[79.492212,15.681202],[79.492206,15.681203],[79.491347,15.681433],[79.490715,15.681602]]]},"properties":{"lp":"365","ac":"1.767","chaltha":"365"}},{"type":"Feature","geometry":{"type":"Polygon","coordinates":[[[79.492206,15.681203],[79.492143,15.681037],[79.492072,15.680851],[79.491971,15.680589],[79.491804,15.680152],[79.490837,15.680344],[79.490943,15.680644],[79.491011,15.680618],[79.491347,15.681433],[79.492206,15.681203]]]},"properties":{"lp":"363","ac":"3.108","chaltha":"363"}},{"type":"Feature","geometry":{"type":"Polygon","coordinates":[[[79.49072,15.680011],[79.490837,15.680344],[79.491804,15.680152],[79.491788,15.680102],[79.491706,15.679842],[79.49072,15.680011]]]},"properties":{"lp":"362","ac":"0.975","chaltha":"362"}},{"type":"Feature","geometry":{"type":"Polygon","coordinates":[[[79.489996,15.680895],[79.490238,15.68154],[79.490715,15.681602],[79.491347,15.681433],[79.491011,15.680618],[79.490943,15.680644],[79.489996,15.680895]]]},"properties":{"lp":"364","ac":"2.6","chaltha":"364"}},{"type":"Feature","geometry":{"type":"Polygon","coordinates":[[[79.48932,15.680248],[79.489364,15.680345],[79.489639,15.680253],[79.489968,15.680822],[79.489996,15.680895],[79.490943,15.680644],[79.490837,15.680344],[79.49072,15.680011],[79.48932,15.680248]]]},"properties":{"lp":"361","ac":"2.259","chaltha":"361"}},{"type":"Feature","geometry":{"type":"Polygon","coordinates":[[[79.489176,15.679928],[79.48932,15.680248],[79.49072,15.680011],[79.491706,15.679842],[79.491615,15.679646],[79.491574,15.679557],[79.489176,15.679928]]]},"properties":{"lp":"360","ac":"2.281","chaltha":"360"}},{"type":"Feature","geometry":{"type":"Polygon","coordinates":[[[79.491574,15.679557],[79.491509,15.679395],[79.489103,15.679764],[79.489176,15.679928],[79.491574,15.679557]]]},"properties":{"lp":"359","ac":"1.224","chaltha":"359"}},{"type":"Feature","geometry":{"type":"Polygon","coordinates":[[[79.491509,15.679395],[79.491418,15.679226],[79.489034,15.67961],[79.489103,15.679764],[79.491509,15.679395]]]},"properties":{"lp":"358","ac":"1.221","chaltha":"358"}},{"type":"Feature","geometry":{"type":"Polygon","coordinates":[[[79.491418,15.679226],[79.491395,15.679183],[79.491307,15.678976],[79.491206,15.678712],[79.489967,15.678844],[79.488789,15.67897],[79.489032,15.679606],[79.489034,15.67961],[79.491418,15.679226]]]},"properties":{"lp":"357","ac":"4.268","chaltha":"357"}},{"type":"Feature","geometry":{"type":"Polygon","coordinates":[[[79.489967,15.678844],[79.48992,15.678699],[79.489846,15.678469],[79.488636,15.67857],[79.488789,15.67897],[79.489967,15.678844]]]},"properties":{"lp":"353","ac":"1.403","chaltha":"353"}},{"type":"Feature","geometry":{"type":"Polygon","coordinates":[[[79.489846,15.678469],[79.489731,15.678118],[79.48942,15.678139],[79.488474,15.678145],[79.488636,15.67857],[79.489846,15.678469]]]},"properties":{"lp":"352","ac":"1.402","chaltha":"352"}},{"type":"Feature","geometry":{"type":"Polygon","coordinates":[[[79.491206,15.678712],[79.491157,15.678555],[79.490852,15.67859],[79.490507,15.678631],[79.48992,15.678699],[79.489967,15.678844],[79.491206,15.678712]]]},"properties":{"lp":"356","ac":"0.567","chaltha":"356"}},{"type":"Feature","geometry":{"type":"Polygon","coordinates":[[[79.490507,15.678631],[79.490336,15.678078],[79.489731,15.678118],[79.489846,15.678469],[79.48992,15.678699],[79.490507,15.678631]]]},"properties":{"lp":"354","ac":"1.018","chaltha":"354"}},{"type":"Feature","geometry":{"type":"Polygon","coordinates":[[[79.490852,15.67859],[79.490701,15.678054],[79.490336,15.678078],[79.490507,15.678631],[79.490852,15.67859]]]},"properties":{"lp":"355","ac":"0.582","chaltha":"355"}},{"type":"Feature","geometry":{"type":"Polygon","coordinates":[[[79.491206,15.678712],[79.491723,15.678674],[79.491624,15.678311],[79.492183,15.678233],[79.492089,15.67784],[79.491467,15.678003],[79.490701,15.678054],[79.490852,15.67859],[79.491157,15.678555],[79.491206,15.678712]]]},"properties":{"lp":"398","ac":"2.166","chaltha":"398"}},{"type":"Feature","geometry":{"type":"Polygon","coordinates":[[[79.491723,15.678674],[79.492285,15.678628],[79.492185,15.67824],[79.492183,15.678233],[79.491624,15.678311],[79.491723,15.678674]]]},"properties":{"lp":"399","ac":"0.641","chaltha":"399"}},{"type":"Feature","geometry":{"type":"Polygon","coordinates":[[[79.492185,15.67824],[79.493266,15.678183],[79.493138,15.67783],[79.49227,15.677793],[79.492089,15.67784],[79.492183,15.678233],[79.492185,15.67824]]]},"properties":{"lp":"400","ac":"1.256","chaltha":"400"}},{"type":"Feature","geometry":{"type":"Polygon","coordinates":[[[79.492285,15.678628],[79.492857,15.678588],[79.493419,15.678549],[79.493266,15.678183],[79.492185,15.67824],[79.492285,15.678628]]]},"properties":{"lp":"401","ac":"1.25","chaltha":"401"}},{"type":"Feature","geometry":{"type":"Polygon","coordinates":[[[79.493803,15.678933],[79.493668,15.67853],[79.493419,15.678549],[79.492857,15.678588],[79.492996,15.679022],[79.493007,15.679021],[79.493803,15.678933]]]},"properties":{"lp":"402","ac":"1.02","chaltha":"402"}},{"type":"Feature","geometry":{"type":"Polygon","coordinates":[[[79.491395,15.679183],[79.492996,15.679022],[79.492857,15.678588],[79.492285,15.678628],[79.491723,15.678674],[79.491206,15.678712],[79.491307,15.678976],[79.491395,15.679183]]]},"properties":{"lp":"397","ac":"2.231","chaltha":"397"}},{"type":"Feature","geometry":{"type":"Polygon","coordinates":[[[79.491615,15.679646],[79.493131,15.679467],[79.493067,15.679235],[79.493007,15.679021],[79.492996,15.679022],[79.491395,15.679183],[79.491418,15.679226],[79.491509,15.679395],[79.491574,15.679557],[79.491615,15.679646]]]},"properties":{"lp":"396","ac":"2.164","chaltha":"396"}},{"type":"Feature","geometry":{"type":"Polygon","coordinates":[[[79.49383,15.67893],[79.493878,15.679144],[79.494731,15.679021],[79.494645,15.67882],[79.49383,15.67893]]]},"properties":{"lp":"394","ac":"0.531","chaltha":"394"}},{"type":"Feature","geometry":{"type":"Polygon","coordinates":[[[79.493878,15.679144],[79.49383,15.67893],[79.493803,15.678933],[79.493007,15.679021],[79.493067,15.679235],[79.493878,15.679144]]]},"properties":{"lp":"395","ac":"0.526","chaltha":"395"}},{"type":"Feature","geometry":{"type":"Polygon","coordinates":[[[79.493131,15.679467],[79.493919,15.679357],[79.494819,15.679231],[79.494731,15.679021],[79.493878,15.679144],[79.493067,15.679235],[79.493131,15.679467]]]},"properties":{"lp":"393","ac":"1.104","chaltha":"393"}},{"type":"Feature","geometry":{"type":"Polygon","coordinates":[[[79.493919,15.679357],[79.494026,15.67977],[79.49498,15.679613],[79.494819,15.679231],[79.493919,15.679357]]]},"properties":{"lp":"392","ac":"1.136","chaltha":"392"}},{"type":"Feature","geometry":{"type":"Polygon","coordinates":[[[79.491788,15.680102],[79.493347,15.679857],[79.494026,15.67977],[79.493919,15.679357],[79.493131,15.679467],[79.491615,15.679646],[79.491706,15.679842],[79.491788,15.680102]]]},"properties":{"lp":"391","ac":"2.925","chaltha":"391"}},{"type":"Feature","geometry":{"type":"Polygon","coordinates":[[[79.491971,15.680589],[79.493488,15.680314],[79.493402,15.680035],[79.493347,15.679857],[79.491788,15.680102],[79.491804,15.680152],[79.491971,15.680589]]]},"properties":{"lp":"390","ac":"2.254","chaltha":"390"}},{"type":"Feature","geometry":{"type":"Polygon","coordinates":[[[79.494318,15.68016],[79.494741,15.680086],[79.494665,15.679827],[79.494245,15.679897],[79.494318,15.68016]]]},"properties":{"lp":"387","ac":"0.338","chaltha":"387"}},{"type":"Feature","geometry":{"type":"Polygon","coordinates":[[[79.493488,15.680314],[79.493924,15.680234],[79.494318,15.68016],[79.494245,15.679897],[79.493402,15.680035],[79.493488,15.680314]]]},"properties":{"lp":"389","ac":"0.699","chaltha":"389"}},{"type":"Feature","geometry":{"type":"Polygon","coordinates":[[[79.493402,15.680035],[79.494245,15.679897],[79.494665,15.679827],[79.495042,15.679762],[79.49498,15.679613],[79.494026,15.67977],[79.493347,15.679857],[79.493402,15.680035]]]},"properties":{"lp":"388","ac":"0.8","chaltha":"388"}},{"type":"Feature","geometry":{"type":"Polygon","coordinates":[[[79.493924,15.680234],[79.494002,15.680469],[79.494056,15.680631],[79.494068,15.680667],[79.495308,15.680392],[79.495218,15.680179],[79.495042,15.679762],[79.494665,15.679827],[79.494741,15.680086],[79.494318,15.68016],[79.493924,15.680234]]]},"properties":{"lp":"386","ac":"1.893","chaltha":"386"}},{"type":"Feature","geometry":{"type":"Polygon","coordinates":[[[79.492072,15.680851],[79.494002,15.680469],[79.493924,15.680234],[79.493488,15.680314],[79.491971,15.680589],[79.492072,15.680851]]]},"properties":{"lp":"385","ac":"1.507","chaltha":"385"}},{"type":"Feature","geometry":{"type":"Polygon","coordinates":[[[79.492143,15.681037],[79.494056,15.680631],[79.494002,15.680469],[79.492072,15.680851],[79.492143,15.681037]]]},"properties":{"lp":"384","ac":"1.053","chaltha":"384"}},{"type":"Feature","geometry":{"type":"Polygon","coordinates":[[[79.492228,15.681237],[79.495365,15.680527],[79.495308,15.680392],[79.494068,15.680667],[79.494056,15.680631],[79.492143,15.681037],[79.492206,15.681203],[79.492212,15.681202],[79.492228,15.681237]]]},"properties":{"lp":"383","ac":"1.693","chaltha":"383"}},{"type":"Feature","geometry":{"type":"Polygon","coordinates":[[[79.492271,15.681328],[79.495399,15.680608],[79.495365,15.680527],[79.492228,15.681237],[79.492271,15.681328]]]},"properties":{"lp":"382","ac":"0.867","chaltha":"382"}},{"type":"Feature","geometry":{"type":"Polygon","coordinates":[[[79.492334,15.681461],[79.495443,15.680712],[79.495399,15.680608],[79.492271,15.681328],[79.492334,15.681461]]]},"properties":{"lp":"381","ac":"1.202","chaltha":"381"}},{"type":"Feature","geometry":{"type":"Polygon","coordinates":[[[79.492478,15.681778],[79.495552,15.680971],[79.495475,15.680787],[79.492379,15.681558],[79.492478,15.681778]]]},"properties":{"lp":"379","ac":"2.034","chaltha":"379"}},{"type":"Feature","geometry":{"type":"Polygon","coordinates":[[[79.49258,15.682004],[79.49563,15.681156],[79.495552,15.680971],[79.492478,15.681778],[79.49258,15.682004]]]},"properties":{"lp":"378","ac":"2.061","chaltha":"378"}},{"type":"Feature","geometry":{"type":"Polygon","coordinates":[[[79.49268,15.682228],[79.495708,15.68134],[79.49563,15.681156],[79.49258,15.682004],[79.492583,15.68201],[79.492649,15.682159],[79.49268,15.682228]]]},"properties":{"lp":"377","ac":"2.04","chaltha":"377"}},{"type":"Feature","geometry":{"type":"Polygon","coordinates":[[[79.492786,15.682467],[79.493397,15.682284],[79.493923,15.682126],[79.495092,15.681767],[79.495793,15.681541],[79.49573,15.681392],[79.495708,15.68134],[79.49268,15.682228],[79.492746,15.682378],[79.492786,15.682467]]]},"properties":{"lp":"376","ac":"2.259","chaltha":"376"}},{"type":"Feature","geometry":{"type":"Polygon","coordinates":[[[79.493476,15.684011],[79.493602,15.684293],[79.493717,15.684244],[79.494128,15.68407],[79.494533,15.683898],[79.494404,15.683642],[79.493476,15.684011]]]},"properties":{"lp":"367","ac":"0.877","chaltha":"367"}},{"type":"Feature","geometry":{"type":"Polygon","coordinates":[[[79.493476,15.684011],[79.494404,15.683642],[79.494329,15.68349],[79.494268,15.683368],[79.493351,15.683734],[79.493458,15.68397],[79.493476,15.684011]]]},"properties":{"lp":"368","ac":"0.884","chaltha":"368"}},{"type":"Feature","geometry":{"type":"Polygon","coordinates":[[[79.494125,15.683082],[79.493203,15.683403],[79.493314,15.683651],[79.493351,15.683734],[79.494268,15.683368],[79.494125,15.683082]]]},"properties":{"lp":"369","ac":"0.979","chaltha":"369"}},{"type":"Feature","geometry":{"type":"Polygon","coordinates":[[[79.483654,15.67772],[79.48401,15.678528],[79.484065,15.678648],[79.484312,15.678565],[79.483998,15.677746],[79.483654,15.67772]]]},"properties":{"lp":"292","ac":"0.79","chaltha":"292"}},{"type":"Feature","geometry":{"type":"Polygon","coordinates":[[[79.484312,15.678565],[79.48461,15.678465],[79.484626,15.67846],[79.484354,15.677774],[79.483998,15.677746],[79.484312,15.678565]]]},"properties":{"lp":"293","ac":"0.772","chaltha":"293"}},{"type":"Feature","geometry":{"type":"Polygon","coordinates":[[[79.484065,15.678648],[79.484111,15.678747],[79.484275,15.679101],[79.484834,15.678901],[79.484697,15.678635],[79.48461,15.678465],[79.484312,15.678565],[79.484065,15.678648]]]},"properties":{"lp":"294","ac":"0.84","chaltha":"294"}},{"type":"Feature","geometry":{"type":"Polygon","coordinates":[[[79.484928,15.678358],[79.484714,15.677802],[79.484354,15.677774],[79.484626,15.67846],[79.484928,15.678358]]]},"properties":{"lp":"297","ac":"0.629","chaltha":"297"}},{"type":"Feature","geometry":{"type":"Polygon","coordinates":[[[79.48588,15.678038],[79.485976,15.678289],[79.486883,15.678039],[79.486875,15.678019],[79.486203,15.677929],[79.48588,15.678038]]]},"properties":{"lp":"299","ac":"0.547","chaltha":"299"}},{"type":"Feature","geometry":{"type":"Polygon","coordinates":[[[79.485976,15.678289],[79.486046,15.678472],[79.486936,15.678168],[79.486883,15.678039],[79.485976,15.678289]]]},"properties":{"lp":"300","ac":"0.462","chaltha":"300"}},{"type":"Feature","geometry":{"type":"Polygon","coordinates":[[[79.485398,15.678693],[79.486046,15.678472],[79.485976,15.678289],[79.48588,15.678038],[79.48522,15.67826],[79.485297,15.678448],[79.485398,15.678693]]]},"properties":{"lp":"298","ac":"0.943","chaltha":"298"}},{"type":"Feature","geometry":{"type":"Polygon","coordinates":[[[79.485481,15.678895],[79.487026,15.678385],[79.486936,15.678168],[79.486046,15.678472],[79.485398,15.678693],[79.485481,15.678895]]]},"properties":{"lp":"301","ac":"1.078","chaltha":"301"}},{"type":"Feature","geometry":{"type":"Polygon","coordinates":[[[79.485518,15.678984],[79.485609,15.678953],[79.485672,15.679099],[79.486376,15.67885],[79.487116,15.678602],[79.487026,15.678385],[79.485481,15.678895],[79.485518,15.678984]]]},"properties":{"lp":"302","ac":"1.106","chaltha":"302"}},{"type":"Feature","geometry":{"type":"Polygon","coordinates":[[[79.485431,15.679697],[79.485646,15.679624],[79.485595,15.679484],[79.485534,15.679325],[79.485475,15.67917],[79.485257,15.679248],[79.485431,15.679697]]]},"properties":{"lp":"309","ac":"0.325","chaltha":"309"}},{"type":"Feature","geometry":{"type":"Polygon","coordinates":[[[79.485231,15.679766],[79.485431,15.679697],[79.485257,15.679248],[79.485036,15.679328],[79.485231,15.679766]]]},"properties":{"lp":"308","ac":"0.314","chaltha":"308"}},{"type":"Feature","geometry":{"type":"Polygon","coordinates":[[[79.484966,15.679173],[79.484399,15.679369],[79.484463,15.67951],[79.48447,15.679526],[79.484723,15.679437],[79.484915,15.67937],[79.485036,15.679328],[79.484966,15.679173]]]},"properties":{"lp":"304","ac":"0.3","chaltha":"304"}},{"type":"Feature","geometry":{"type":"Polygon","coordinates":[[[79.485475,15.67917],[79.485672,15.679099],[79.485609,15.678953],[79.485518,15.678984],[79.484966,15.679173],[79.485036,15.679328],[79.485257,15.679248],[79.485475,15.67917]]]},"properties":{"lp":"303","ac":"0.326","chaltha":"303"}},{"type":"Feature","geometry":{"type":"Polygon","coordinates":[[[79.485534,15.679325],[79.486434,15.679011],[79.486376,15.67885],[79.485672,15.679099],[79.485475,15.67917],[79.485534,15.679325]]]},"properties":{"lp":"312","ac":"0.474","chaltha":"312"}},{"type":"Feature","geometry":{"type":"Polygon","coordinates":[[[79.485534,15.679325],[79.485595,15.679484],[79.486495,15.679173],[79.486465,15.679094],[79.486434,15.679011],[79.485534,15.679325]]]},"properties":{"lp":"311","ac":"0.478","chaltha":"311"}},{"type":"Feature","geometry":{"type":"Polygon","coordinates":[[[79.485595,15.679484],[79.485646,15.679624],[79.485855,15.679558],[79.486381,15.67938],[79.486557,15.679321],[79.486495,15.679173],[79.485595,15.679484]]]},"properties":{"lp":"310","ac":"0.438","chaltha":"310"}},{"type":"Feature","geometry":{"type":"Polygon","coordinates":[[[79.487211,15.678832],[79.487116,15.678602],[79.486376,15.67885],[79.486434,15.679011],[79.486465,15.679094],[79.487211,15.678832]]]},"properties":{"lp":"314","ac":"0.585","chaltha":"314"}},{"type":"Feature","geometry":{"type":"Polygon","coordinates":[[[79.483444,15.678741],[79.48401,15.678528],[79.483654,15.67772],[79.483022,15.677742],[79.483098,15.677923],[79.483177,15.678109],[79.48338,15.678589],[79.483444,15.678741]]]},"properties":{"lp":"1254","ac":"1.72","chaltha":"1254"}},{"type":"Feature","geometry":{"type":"Polygon","coordinates":[[[79.483143,15.680563],[79.483494,15.680948],[79.483744,15.681092],[79.48544,15.68034],[79.485204,15.679778],[79.485098,15.679818],[79.484912,15.679886],[79.484675,15.679975],[79.483749,15.68033],[79.483143,15.680563]]]},"properties":{"lp":"287","ac":"4.028","chaltha":"287"}},{"type":"Feature","geometry":{"type":"Polygon","coordinates":[[[79.485824,15.681287],[79.485801,15.681227],[79.485686,15.680926],[79.48544,15.68034],[79.483744,15.681092],[79.484043,15.681265],[79.484756,15.681585],[79.484838,15.681591],[79.485824,15.681287]]]},"properties":{"lp":"286","ac":"4.087","chaltha":"286"}},{"type":"Feature","geometry":{"type":"Polygon","coordinates":[[[79.486112,15.680751],[79.485646,15.679624],[79.485431,15.679697],[79.485231,15.679766],[79.485203,15.679775],[79.485204,15.679778],[79.48544,15.68034],[79.485686,15.680926],[79.486112,15.680751]]]},"properties":{"lp":"324","ac":"1.678","chaltha":"324"}},{"type":"Feature","geometry":{"type":"Polygon","coordinates":[[[79.486112,15.680751],[79.486312,15.680669],[79.485855,15.679558],[79.485646,15.679624],[79.486112,15.680751]]]},"properties":{"lp":"323","ac":"0.771","chaltha":"323"}},{"type":"Feature","geometry":{"type":"Polygon","coordinates":[[[79.486831,15.680454],[79.486381,15.67938],[79.485855,15.679558],[79.486312,15.680669],[79.486831,15.680454]]]},"properties":{"lp":"322","ac":"1.934","chaltha":"322"}},{"type":"Feature","geometry":{"type":"Polygon","coordinates":[[[79.486831,15.680454],[79.487262,15.680277],[79.487771,15.680083],[79.487664,15.679825],[79.487556,15.679568],[79.487447,15.679306],[79.487338,15.679044],[79.487304,15.679056],[79.486557,15.679321],[79.486381,15.67938],[79.486831,15.680454]]]},"properties":{"lp":"321","ac":"3.382","chaltha":"321"}},{"type":"Feature","geometry":{"type":"Polygon","coordinates":[[[79.487664,15.679825],[79.487771,15.680083],[79.487998,15.679994],[79.487895,15.679748],[79.487664,15.679825]]]},"properties":{"lp":"320","ac":"0.195","chaltha":"320"}},{"type":"Feature","geometry":{"type":"Polygon","coordinates":[[[79.487556,15.679568],[79.487664,15.679825],[79.487895,15.679748],[79.487786,15.679486],[79.487556,15.679568]]]},"properties":{"lp":"319","ac":"0.201","chaltha":"319"}},{"type":"Feature","geometry":{"type":"Polygon","coordinates":[[[79.487447,15.679306],[79.487556,15.679568],[79.487786,15.679486],[79.48768,15.67923],[79.487447,15.679306]]]},"properties":{"lp":"318","ac":"0.2","chaltha":"318"}},{"type":"Feature","geometry":{"type":"Polygon","coordinates":[[[79.48768,15.67923],[79.487569,15.678965],[79.487462,15.679002],[79.487338,15.679044],[79.487447,15.679306],[79.48768,15.67923]]]},"properties":{"lp":"317","ac":"0.204","chaltha":"317"}},{"type":"Feature","geometry":{"type":"Polygon","coordinates":[[[79.496837,15.671625],[79.497039,15.672084],[79.497187,15.672026],[79.497473,15.671913],[79.497484,15.671908],[79.49728,15.671454],[79.496837,15.671625]]]},"properties":{"lp":"618","ac":"0.698","chaltha":"618"}},{"type":"Feature","geometry":{"type":"Polygon","coordinates":[[[79.496551,15.670717],[79.496735,15.671132],[79.496639,15.671173],[79.496837,15.671625],[79.49728,15.671454],[79.497067,15.670987],[79.497109,15.670971],[79.49693,15.670564],[79.496551,15.670717]]]},"properties":{"lp":"619","ac":"1.229","chaltha":"619"}},{"type":"Feature","geometry":{"type":"Polygon","coordinates":[[[79.496359,15.6703],[79.496551,15.670717],[79.49693,15.670564],[79.496732,15.670134],[79.496359,15.6703]]]},"properties":{"lp":"620","ac":"0.558","chaltha":"620"}},{"type":"Feature","geometry":{"type":"Polygon","coordinates":[[[79.496732,15.670134],[79.496538,15.669736],[79.496232,15.66986],[79.496178,15.669882],[79.496359,15.6703],[79.496732,15.670134]]]},"properties":{"lp":"621","ac":"0.524","chaltha":"621"}},{"type":"Feature","geometry":{"type":"Polygon","coordinates":[[[79.497866,15.684143],[79.497706,15.684225],[79.497754,15.684326],[79.49941,15.683522],[79.49938,15.683483],[79.499653,15.683354],[79.499595,15.683261],[79.499112,15.683514],[79.498686,15.683733],[79.498029,15.684059],[79.497866,15.684143]]]},"properties":{"lp":"763","ac":"0.769","chaltha":"763"}},{"type":"Feature","geometry":{"type":"Polygon","coordinates":[[[79.498686,15.683733],[79.499112,15.683514],[79.498823,15.682906],[79.498406,15.683073],[79.498686,15.683733]]]},"properties":{"lp":"83","ac":"0.944","chaltha":"83"}},{"type":"Feature","geometry":{"type":"Polygon","coordinates":[[[79.497562,15.683485],[79.497395,15.68355],[79.497588,15.683958],[79.497706,15.684225],[79.497866,15.684143],[79.497562,15.683485]]]},"properties":{"lp":"86","ac":"0.381","chaltha":"86"}},{"type":"Feature","geometry":{"type":"Polygon","coordinates":[[[79.497562,15.683485],[79.497866,15.684143],[79.498029,15.684059],[79.497719,15.683424],[79.497562,15.683485]]]},"properties":{"lp":"85","ac":"0.369","chaltha":"85"}},{"type":"Feature","geometry":{"type":"Polygon","coordinates":[[[79.498029,15.684059],[79.498686,15.683733],[79.498406,15.683073],[79.497959,15.683252],[79.497988,15.683325],[79.497719,15.683424],[79.498029,15.684059]]]},"properties":{"lp":"84","ac":"1.586","chaltha":"84"}},{"type":"Feature","geometry":{"type":"Polygon","coordinates":[[[79.492016,15.68462],[79.492161,15.684927],[79.492905,15.684588],[79.493015,15.684541],[79.493126,15.684494],[79.493228,15.684451],[79.493602,15.684293],[79.493476,15.684011],[79.493458,15.68397],[79.492016,15.68462]]]},"properties":{"lp":"239","ac":"1.576","chaltha":"239"}},{"type":"Feature","geometry":{"type":"Polygon","coordinates":[[[79.492016,15.68462],[79.493458,15.68397],[79.493351,15.683734],[79.493314,15.683651],[79.491868,15.684292],[79.492016,15.68462]]]},"properties":{"lp":"240","ac":"1.647","chaltha":"240"}},{"type":"Feature","geometry":{"type":"Polygon","coordinates":[[[79.491721,15.683996],[79.491785,15.684127],[79.491868,15.684292],[79.493314,15.683651],[79.493203,15.683403],[79.493179,15.683351],[79.491721,15.683996]]]},"properties":{"lp":"241","ac":"1.532","chaltha":"241"}},{"type":"Feature","geometry":{"type":"Polygon","coordinates":[[[79.491642,15.683829],[79.491721,15.683996],[79.493179,15.683351],[79.493104,15.683184],[79.491642,15.683829]]]},"properties":{"lp":"242","ac":"0.862","chaltha":"242"}},{"type":"Feature","geometry":{"type":"Polygon","coordinates":[[[79.491563,15.683664],[79.491642,15.683829],[79.493104,15.683184],[79.493031,15.683021],[79.491563,15.683664]]]},"properties":{"lp":"243","ac":"0.849","chaltha":"243"}},{"type":"Feature","geometry":{"type":"Polygon","coordinates":[[[79.490503,15.684022],[79.490988,15.683896],[79.491365,15.683592],[79.491496,15.683488],[79.491469,15.683429],[79.491367,15.683206],[79.491272,15.682998],[79.491178,15.682784],[79.491145,15.682693],[79.490092,15.683257],[79.490503,15.684022]]]},"properties":{"lp":"238","ac":"3.137","chaltha":"238"}},{"type":"Feature","geometry":{"type":"Polygon","coordinates":[[[79.48949,15.683521],[79.48991,15.684457],[79.490545,15.684174],[79.490503,15.684022],[79.490092,15.683257],[79.489728,15.683417],[79.48949,15.683521]]]},"properties":{"lp":"237","ac":"2.075","chaltha":"237"}},{"type":"Feature","geometry":{"type":"Polygon","coordinates":[[[79.491469,15.683429],[79.491496,15.683488],[79.491563,15.683664],[79.493031,15.683021],[79.492992,15.682934],[79.492936,15.682806],[79.491469,15.683429]]]},"properties":{"lp":"244","ac":"1.142","chaltha":"244"}},{"type":"Feature","geometry":{"type":"Polygon","coordinates":[[[79.491367,15.683206],[79.491469,15.683429],[79.492936,15.682806],[79.492837,15.682582],[79.491367,15.683206]]]},"properties":{"lp":"245","ac":"1.145","chaltha":"245"}},{"type":"Feature","geometry":{"type":"Polygon","coordinates":[[[79.491892,15.685044],[79.492161,15.684927],[79.492016,15.68462],[79.491868,15.684292],[79.491785,15.684127],[79.491547,15.684238],[79.491892,15.685044]]]},"properties":{"lp":"232","ac":"0.72","chaltha":"232"}},{"type":"Feature","geometry":{"type":"Polygon","coordinates":[[[79.491635,15.685156],[79.491892,15.685044],[79.491547,15.684238],[79.491363,15.684323],[79.491265,15.684368],[79.491635,15.685156]]]},"properties":{"lp":"231","ac":"0.756","chaltha":"231"}},{"type":"Feature","geometry":{"type":"Polygon","coordinates":[[[79.491386,15.685264],[79.491635,15.685156],[79.491265,15.684368],[79.491241,15.684339],[79.490981,15.68444],[79.491386,15.685264]]]},"properties":{"lp":"230","ac":"0.747","chaltha":"230"}},{"type":"Feature","geometry":{"type":"Polygon","coordinates":[[[79.490563,15.684602],[79.490826,15.68516],[79.491077,15.685374],[79.491116,15.685382],[79.491261,15.685319],[79.490832,15.684498],[79.490563,15.684602]]]},"properties":{"lp":"228","ac":"0.766","chaltha":"228"}},{"type":"Feature","geometry":{"type":"Polygon","coordinates":[[[79.490832,15.684498],[79.491261,15.685319],[79.491386,15.685264],[79.490981,15.68444],[79.490832,15.684498]]]},"properties":{"lp":"229","ac":"0.4","chaltha":"229"}},{"type":"Feature","geometry":{"type":"Polygon","coordinates":[[[79.491363,15.684323],[79.491547,15.684238],[79.491785,15.684127],[79.491721,15.683996],[79.491642,15.683829],[79.491563,15.683664],[79.491496,15.683488],[79.491365,15.683592],[79.491188,15.683859],[79.491142,15.683884],[79.491363,15.684323]]]},"properties":{"lp":"234","ac":"0.833","chaltha":"234"}},{"type":"Feature","geometry":{"type":"Polygon","coordinates":[[[79.490473,15.684409],[79.490563,15.684602],[79.490832,15.684498],[79.490981,15.68444],[79.491241,15.684339],[79.491265,15.684368],[79.491363,15.684323],[79.491142,15.683884],[79.490717,15.684123],[79.490732,15.684217],[79.490473,15.684409]]]},"properties":{"lp":"233","ac":"0.89","chaltha":"233"}},{"type":"Feature","geometry":{"type":"Polygon","coordinates":[[[79.487357,15.68328],[79.487364,15.683287],[79.487865,15.683674],[79.488515,15.683368],[79.488819,15.683229],[79.489206,15.683051],[79.489514,15.682915],[79.48955,15.682899],[79.489547,15.682893],[79.489426,15.682648],[79.489302,15.682396],[79.489114,15.682482],[79.488728,15.682659],[79.488202,15.6829],[79.487357,15.68328]]]},"properties":{"lp":"261","ac":"3.272","chaltha":"261"}},{"type":"Feature","geometry":{"type":"Polygon","coordinates":[[[79.488739,15.683873],[79.489054,15.683726],[79.488819,15.683229],[79.488515,15.683368],[79.488579,15.683513],[79.488653,15.683679],[79.488739,15.683873]]]},"properties":{"lp":"257","ac":"0.55","chaltha":"257"}},{"type":"Feature","geometry":{"type":"Polygon","coordinates":[[[79.489054,15.683726],[79.489194,15.68366],[79.489283,15.683618],[79.489294,15.683406],[79.489308,15.683303],[79.489206,15.683051],[79.488819,15.683229],[79.489054,15.683726]]]},"properties":{"lp":"256","ac":"0.599","chaltha":"256"}},{"type":"Feature","geometry":{"type":"Polygon","coordinates":[[[79.489728,15.683417],[79.48966,15.683257],[79.489588,15.683088],[79.489514,15.682915],[79.489206,15.683051],[79.489308,15.683303],[79.489294,15.683406],[79.489283,15.683618],[79.48949,15.683521],[79.489728,15.683417]]]},"properties":{"lp":"255","ac":"0.606","chaltha":"255"}},{"type":"Feature","geometry":{"type":"Polygon","coordinates":[[[79.487411,15.680615],[79.487262,15.680277],[79.486831,15.680454],[79.486312,15.680669],[79.486112,15.680751],[79.485686,15.680926],[79.485801,15.681227],[79.487411,15.680615]]]},"properties":{"lp":"325","ac":"1.735","chaltha":"325"}},{"type":"Feature","geometry":{"type":"Polygon","coordinates":[[[79.487411,15.680615],[79.485801,15.681227],[79.485824,15.681287],[79.48594,15.681562],[79.487544,15.680956],[79.487411,15.680615]]]},"properties":{"lp":"326","ac":"1.836","chaltha":"326"}},{"type":"Feature","geometry":{"type":"Polygon","coordinates":[[[79.486067,15.681862],[79.487582,15.681316],[79.487584,15.681227],[79.487596,15.681131],[79.487544,15.680956],[79.48594,15.681562],[79.485993,15.681687],[79.486067,15.681862]]]},"properties":{"lp":"327","ac":"1.663","chaltha":"327"}},{"type":"Feature","geometry":{"type":"Polygon","coordinates":[[[79.48613,15.682012],[79.487611,15.681501],[79.487586,15.681421],[79.487582,15.681316],[79.486067,15.681862],[79.48613,15.682012]]]},"properties":{"lp":"328","ac":"0.804","chaltha":"328"}},{"type":"Feature","geometry":{"type":"Polygon","coordinates":[[[79.486197,15.682169],[79.487675,15.681659],[79.487611,15.681501],[79.48613,15.682012],[79.486155,15.682069],[79.486197,15.682169]]]},"properties":{"lp":"329","ac":"0.782","chaltha":"329"}},{"type":"Feature","geometry":{"type":"Polygon","coordinates":[[[79.486326,15.682475],[79.487791,15.681934],[79.487675,15.681659],[79.486197,15.682169],[79.486257,15.682313],[79.486326,15.682475]]]},"properties":{"lp":"330","ac":"1.441","chaltha":"330"}},{"type":"Feature","geometry":{"type":"Polygon","coordinates":[[[79.486682,15.6827],[79.487921,15.682239],[79.487861,15.682099],[79.487791,15.681934],[79.486326,15.682475],[79.486331,15.682488],[79.486682,15.6827]]]},"properties":{"lp":"331","ac":"1.411","chaltha":"331"}},{"type":"Feature","geometry":{"type":"Polygon","coordinates":[[[79.487036,15.682949],[79.488053,15.682551],[79.487921,15.682239],[79.486682,15.6827],[79.486954,15.682865],[79.487036,15.682949]]]},"properties":{"lp":"332","ac":"1.222","chaltha":"332"}},{"type":"Feature","geometry":{"type":"Polygon","coordinates":[[[79.487036,15.682949],[79.487357,15.68328],[79.488202,15.6829],[79.488053,15.682551],[79.487036,15.682949]]]},"properties":{"lp":"333","ac":"1.195","chaltha":"333"}},{"type":"Feature","geometry":{"type":"Polygon","coordinates":[[[79.487998,15.679994],[79.488265,15.679904],[79.487535,15.678085],[79.487213,15.678064],[79.487569,15.678965],[79.48768,15.67923],[79.487786,15.679486],[79.487895,15.679748],[79.487998,15.679994]]]},"properties":{"lp":"346","ac":"1.725","chaltha":"346"}},{"type":"Feature","geometry":{"type":"Polygon","coordinates":[[[79.488265,15.679904],[79.488406,15.679852],[79.487723,15.678097],[79.487535,15.678085],[79.488265,15.679904]]]},"properties":{"lp":"347","ac":"0.904","chaltha":"347"}},{"type":"Feature","geometry":{"type":"Polygon","coordinates":[[[79.488406,15.679852],[79.488545,15.679788],[79.487893,15.678108],[79.487723,15.678097],[79.488406,15.679852]]]},"properties":{"lp":"348","ac":"0.827","chaltha":"348"}},{"type":"Feature","geometry":{"type":"Polygon","coordinates":[[[79.488545,15.679788],[79.488708,15.679729],[79.488091,15.678121],[79.487893,15.678108],[79.488545,15.679788]]]},"properties":{"lp":"349","ac":"0.914","chaltha":"349"}},{"type":"Feature","geometry":{"type":"Polygon","coordinates":[[[79.488708,15.679729],[79.488883,15.67967],[79.488277,15.678132],[79.488091,15.678121],[79.488708,15.679729]]]},"properties":{"lp":"350","ac":"0.874","chaltha":"350"}},{"type":"Feature","geometry":{"type":"Polygon","coordinates":[[[79.488883,15.67967],[79.489034,15.67961],[79.489032,15.679606],[79.488789,15.67897],[79.488636,15.67857],[79.488474,15.678145],[79.488277,15.678132],[79.488883,15.67967]]]},"properties":{"lp":"351","ac":"0.805","chaltha":"351"}},{"type":"Feature","geometry":{"type":"Polygon","coordinates":[[[79.487596,15.681131],[79.488051,15.681157],[79.488585,15.68122],[79.489068,15.681295],[79.489624,15.681411],[79.490238,15.68154],[79.489996,15.680895],[79.489968,15.680822],[79.489639,15.680253],[79.489364,15.680345],[79.48932,15.680248],[79.489176,15.679928],[79.489103,15.679764],[79.489034,15.67961],[79.488883,15.67967],[79.488708,15.679729],[79.488545,15.679788],[79.488406,15.679852],[79.488265,15.679904],[79.487998,15.679994],[79.487771,15.680083],[79.487262,15.680277],[79.487411,15.680615],[79.487544,15.680956],[79.487596,15.681131]]]},"properties":{"lp":"345","ac":"9.311","chaltha":"345"}},{"type":"Feature","geometry":{"type":"Polygon","coordinates":[[[79.483749,15.68033],[79.483659,15.680118],[79.483599,15.679977],[79.483375,15.680076],[79.482974,15.680253],[79.483143,15.680563],[79.483749,15.68033]]]},"properties":{"lp":"288","ac":"0.717","chaltha":"288"}},{"type":"Feature","geometry":{"type":"Polygon","coordinates":[[[79.483534,15.678954],[79.484111,15.678747],[79.484065,15.678648],[79.48401,15.678528],[79.483444,15.678741],[79.483534,15.678954]]]},"properties":{"lp":"1255","ac":"0.42","chaltha":"1255"}},{"type":"Feature","geometry":{"type":"Polygon","coordinates":[[[79.483725,15.679405],[79.483819,15.679629],[79.483857,15.679746],[79.484463,15.67951],[79.484399,15.679369],[79.484311,15.679178],[79.483725,15.679405]]]},"properties":{"lp":"291","ac":"0.681","chaltha":"291"}},{"type":"Feature","geometry":{"type":"Polygon","coordinates":[[[79.483725,15.679405],[79.484311,15.679178],[79.484275,15.679101],[79.484111,15.678747],[79.483534,15.678954],[79.483725,15.679405]]]},"properties":{"lp":"1256","ac":"0.876","chaltha":"1256"}},{"type":"Feature","geometry":{"type":"Polygon","coordinates":[[[79.483659,15.680118],[79.484576,15.679758],[79.48447,15.679526],[79.484463,15.67951],[79.483857,15.679746],[79.48389,15.679849],[79.483599,15.679977],[79.483659,15.680118]]]},"properties":{"lp":"290","ac":"0.679","chaltha":"290"}},{"type":"Feature","geometry":{"type":"Polygon","coordinates":[[[79.483659,15.680118],[79.483749,15.68033],[79.484675,15.679975],[79.484576,15.679758],[79.483659,15.680118]]]},"properties":{"lp":"289","ac":"0.678","chaltha":"289"}},{"type":"Feature","geometry":{"type":"Polygon","coordinates":[[[79.483375,15.680076],[79.483002,15.679146],[79.482992,15.67915],[79.482504,15.67933],[79.482673,15.679715],[79.482902,15.680234],[79.482918,15.680272],[79.482974,15.680253],[79.483375,15.680076]]]},"properties":{"lp":"1258","ac":"1.53","chaltha":"1258"}},{"type":"Feature","geometry":{"type":"Polygon","coordinates":[[[79.483002,15.679146],[79.483375,15.680076],[79.483599,15.679977],[79.48389,15.679849],[79.483857,15.679746],[79.483819,15.679629],[79.483725,15.679405],[79.483534,15.678954],[79.483002,15.679146]]]},"properties":{"lp":"1257","ac":"1.647","chaltha":"1257"}},{"type":"Feature","geometry":{"type":"Polygon","coordinates":[[[79.482992,15.67915],[79.482858,15.67884],[79.482408,15.679009],[79.482458,15.679176],[79.482504,15.67933],[79.482992,15.67915]]]},"properties":{"lp":"1259","ac":"0.492","chaltha":"1259"}},{"type":"Feature","geometry":{"type":"Polygon","coordinates":[[[79.482858,15.67884],[79.482845,15.678804],[79.482766,15.678613],[79.482755,15.67851],[79.482543,15.678578],[79.482294,15.678659],[79.482375,15.678907],[79.482408,15.679009],[79.482858,15.67884]]]},"properties":{"lp":"1261","ac":"0.495","chaltha":"1261"}},{"type":"Feature","geometry":{"type":"Polygon","coordinates":[[[79.482845,15.678804],[79.482858,15.67884],[79.482992,15.67915],[79.483002,15.679146],[79.483534,15.678954],[79.483444,15.678741],[79.48338,15.678589],[79.482845,15.678804]]]},"properties":{"lp":"1260","ac":"0.653","chaltha":"1260"}},{"type":"Feature","geometry":{"type":"Polygon","coordinates":[[[79.482755,15.67851],[79.482766,15.678613],[79.482845,15.678804],[79.48338,15.678589],[79.483177,15.678109],[79.482821,15.678359],[79.482816,15.678368],[79.482765,15.678449],[79.482755,15.67851]]]},"properties":{"lp":"1262","ac":"0.742","chaltha":"1262"}},{"type":"Feature","geometry":{"type":"Polygon","coordinates":[[[79.483022,15.677742],[79.482444,15.677964],[79.482542,15.678154],[79.483098,15.677923],[79.483022,15.677742]]]},"properties":{"lp":"1267","ac":"0.366","chaltha":"1267"}},{"type":"Feature","geometry":{"type":"Polygon","coordinates":[[[79.482542,15.678154],[79.482559,15.678191],[79.482584,15.678247],[79.482691,15.678216],[79.482816,15.678368],[79.482821,15.678359],[79.483177,15.678109],[79.483098,15.677923],[79.482542,15.678154]]]},"properties":{"lp":"1266","ac":"0.387","chaltha":"1266"}},{"type":"Feature","geometry":{"type":"Polygon","coordinates":[[[79.482509,15.678367],[79.482205,15.678467],[79.482253,15.678572],[79.48228,15.67863],[79.482294,15.678659],[79.482543,15.678578],[79.482509,15.678367]]]},"properties":{"lp":"1264","ac":"0.181","chaltha":"1264"}},{"type":"Feature","geometry":{"type":"Polygon","coordinates":[[[79.482509,15.678367],[79.482543,15.678578],[79.482755,15.67851],[79.482765,15.678449],[79.482816,15.678368],[79.482691,15.678216],[79.482584,15.678247],[79.482509,15.678367]]]},"properties":{"lp":"1263","ac":"0.213","chaltha":"1263"}},{"type":"Feature","geometry":{"type":"Polygon","coordinates":[[[79.488728,15.682659],[79.488645,15.682479],[79.488563,15.682297],[79.488387,15.681912],[79.487861,15.682099],[79.487921,15.682239],[79.488053,15.682551],[79.488202,15.6829],[79.488728,15.682659]]]},"properties":{"lp":"334","ac":"1.407","chaltha":"334"}},{"type":"Feature","geometry":{"type":"Polygon","coordinates":[[[79.488387,15.681912],[79.488373,15.68188],[79.488051,15.681157],[79.487596,15.681131],[79.487584,15.681227],[79.487582,15.681316],[79.487586,15.681421],[79.487611,15.681501],[79.487675,15.681659],[79.487791,15.681934],[79.487861,15.682099],[79.488387,15.681912]]]},"properties":{"lp":"344","ac":"1.449","chaltha":"344"}},{"type":"Feature","geometry":{"type":"Polygon","coordinates":[[[79.488645,15.682479],[79.488728,15.682659],[79.489114,15.682482],[79.489039,15.682311],[79.488645,15.682479]]]},"properties":{"lp":"335","ac":"0.241","chaltha":"335"}},{"type":"Feature","geometry":{"type":"Polygon","coordinates":[[[79.488645,15.682479],[79.489039,15.682311],[79.488965,15.682149],[79.488563,15.682297],[79.488645,15.682479]]]},"properties":{"lp":"336","ac":"0.237","chaltha":"336"}},{"type":"Feature","geometry":{"type":"Polygon","coordinates":[[[79.488965,15.682149],[79.488812,15.681828],[79.488373,15.68188],[79.488387,15.681912],[79.488563,15.682297],[79.488965,15.682149]]]},"properties":{"lp":"337","ac":"0.506","chaltha":"337"}},{"type":"Feature","geometry":{"type":"Polygon","coordinates":[[[79.489114,15.682482],[79.489302,15.682396],[79.489509,15.682311],[79.489391,15.682045],[79.48928,15.681792],[79.488812,15.681828],[79.488965,15.682149],[79.489039,15.682311],[79.489114,15.682482]]]},"properties":{"lp":"338","ac":"0.814","chaltha":"338"}},{"type":"Feature","geometry":{"type":"Polygon","coordinates":[[[79.48928,15.681792],[79.489068,15.681295],[79.488585,15.68122],[79.488051,15.681157],[79.488373,15.68188],[79.488812,15.681828],[79.48928,15.681792]]]},"properties":{"lp":"343","ac":"1.703","chaltha":"343"}},{"type":"Feature","geometry":{"type":"Polygon","coordinates":[[[79.485355,15.681901],[79.485993,15.681687],[79.48594,15.681562],[79.485824,15.681287],[79.484838,15.681591],[79.485355,15.681901]]]},"properties":{"lp":"285","ac":"1.106","chaltha":"285"}},{"type":"Feature","geometry":{"type":"Polygon","coordinates":[[[79.48928,15.681792],[79.489735,15.681769],[79.489624,15.681411],[79.489068,15.681295],[79.48928,15.681792]]]},"properties":{"lp":"342","ac":"0.611","chaltha":"342"}},{"type":"Feature","geometry":{"type":"Polygon","coordinates":[[[79.489735,15.681769],[79.490751,15.681693],[79.490715,15.681602],[79.490238,15.68154],[79.489624,15.681411],[79.489735,15.681769]]]},"properties":{"lp":"341","ac":"0.645","chaltha":"341"}},{"type":"Feature","geometry":{"type":"Polygon","coordinates":[[[79.489391,15.682045],[79.489509,15.682311],[79.490738,15.681803],[79.490786,15.681779],[79.490768,15.681734],[79.489391,15.682045]]]},"properties":{"lp":"339","ac":"0.696","chaltha":"339"}},{"type":"Feature","geometry":{"type":"Polygon","coordinates":[[[79.48928,15.681792],[79.489391,15.682045],[79.490768,15.681734],[79.490751,15.681693],[79.489735,15.681769],[79.48928,15.681792]]]},"properties":{"lp":"340","ac":"0.634","chaltha":"340"}},{"type":"Feature","geometry":{"type":"Polygon","coordinates":[[[79.501759,15.668348],[79.50213,15.6682],[79.502083,15.668053],[79.502004,15.667805],[79.502113,15.667759],[79.502021,15.667518],[79.501914,15.667236],[79.501796,15.666926],[79.501446,15.667068],[79.501262,15.667143],[79.501759,15.668348]]]},"properties":{"lp":"737","ac":"1.979","chaltha":"737"}},{"type":"Feature","geometry":{"type":"Polygon","coordinates":[[[79.494234,15.677789],[79.494479,15.677766],[79.494336,15.677394],[79.494115,15.677463],[79.494234,15.677789]]]},"properties":{"lp":"472","ac":"0.256","chaltha":"472"}},{"type":"Feature","geometry":{"type":"Polygon","coordinates":[[[79.494115,15.677463],[79.49376,15.677563],[79.493774,15.677597],[79.493807,15.677782],[79.494214,15.677791],[79.494234,15.677789],[79.494115,15.677463]]]},"properties":{"lp":"471","ac":"0.323","chaltha":"471"}},{"type":"Feature","geometry":{"type":"Polygon","coordinates":[[[79.493513,15.676948],[79.495479,15.676177],[79.49543,15.676063],[79.495255,15.675661],[79.495104,15.675726],[79.494733,15.675886],[79.494468,15.676],[79.493909,15.676242],[79.493336,15.676489],[79.493361,15.676554],[79.493513,15.676948]]]},"properties":{"lp":"469","ac":"3.246","chaltha":"469"}},{"type":"Feature","geometry":{"type":"Polygon","coordinates":[[[79.49376,15.677563],[79.494115,15.677463],[79.494336,15.677394],[79.494467,15.677353],[79.494357,15.677037],[79.494539,15.676975],[79.49472,15.676914],[79.495069,15.676796],[79.495649,15.6766],[79.495479,15.676177],[79.493513,15.676948],[79.49376,15.677563]]]},"properties":{"lp":"470","ac":"3.215","chaltha":"470"}},{"type":"Feature","geometry":{"type":"Polygon","coordinates":[[[79.496901,15.676621],[79.497507,15.676414],[79.497442,15.676232],[79.497379,15.676073],[79.496765,15.676314],[79.496886,15.676588],[79.496901,15.676621]]]},"properties":{"lp":"480","ac":"0.668","chaltha":"480"}},{"type":"Feature","geometry":{"type":"Polygon","coordinates":[[[79.495205,15.677151],[79.496027,15.676876],[79.496886,15.676588],[79.496765,15.676314],[79.49673,15.676234],[79.49646,15.676325],[79.495649,15.6766],[79.495069,15.676796],[79.495205,15.677151]]]},"properties":{"lp":"481","ac":"1.978","chaltha":"481"}},{"type":"Feature","geometry":{"type":"Polygon","coordinates":[[[79.496171,15.677236],[79.496027,15.676876],[79.495205,15.677151],[79.495332,15.677501],[79.495572,15.677437],[79.496171,15.677236]]]},"properties":{"lp":"478","ac":"0.985","chaltha":"478"}},{"type":"Feature","geometry":{"type":"Polygon","coordinates":[[[79.496171,15.677236],[79.496258,15.677206],[79.496938,15.676982],[79.497034,15.676951],[79.496901,15.676621],[79.496886,15.676588],[79.496027,15.676876],[79.496171,15.677236]]]},"properties":{"lp":"479","ac":"1.033","chaltha":"479"}},{"type":"Feature","geometry":{"type":"Polygon","coordinates":[[[79.494467,15.677353],[79.494336,15.677394],[79.494479,15.677766],[79.494562,15.677758],[79.494557,15.67771],[79.494582,15.677703],[79.494467,15.677353]]]},"properties":{"lp":"473","ac":"0.148","chaltha":"473"}},{"type":"Feature","geometry":{"type":"Polygon","coordinates":[[[79.496616,15.676002],[79.49673,15.676234],[79.496765,15.676314],[79.497379,15.676073],[79.497442,15.676232],[79.497744,15.676115],[79.497517,15.67553],[79.497231,15.675644],[79.497266,15.675753],[79.496616,15.676002]]]},"properties":{"lp":"138","ac":"1.264","chaltha":"138"}},{"type":"Feature","geometry":{"type":"Polygon","coordinates":[[[79.496616,15.676002],[79.497266,15.675753],[79.497231,15.675644],[79.497147,15.675441],[79.496483,15.675703],[79.496616,15.676002]]]},"properties":{"lp":"485","ac":"0.685","chaltha":"485"}},{"type":"Feature","geometry":{"type":"Polygon","coordinates":[[[79.496483,15.675703],[79.497147,15.675441],[79.497077,15.675275],[79.497025,15.675145],[79.49675,15.675247],[79.496492,15.675343],[79.496351,15.675395],[79.496483,15.675703]]]},"properties":{"lp":"486","ac":"0.687","chaltha":"486"}},{"type":"Feature","geometry":{"type":"Polygon","coordinates":[[[79.49543,15.676063],[79.495479,15.676177],[79.495649,15.6766],[79.49646,15.676325],[79.49621,15.675761],[79.49543,15.676063]]]},"properties":{"lp":"482","ac":"1.479","chaltha":"482"}},{"type":"Feature","geometry":{"type":"Polygon","coordinates":[[[79.49621,15.675761],[79.49594,15.675143],[79.495728,15.675228],[79.495363,15.675374],[79.495445,15.675577],[79.495255,15.675661],[79.49543,15.676063],[79.49621,15.675761]]]},"properties":{"lp":"483","ac":"1.502","chaltha":"483"}},{"type":"Feature","geometry":{"type":"Polygon","coordinates":[[[79.496351,15.675395],[79.496193,15.675041],[79.496116,15.675072],[79.49594,15.675143],[79.49621,15.675761],[79.49646,15.676325],[79.49673,15.676234],[79.496616,15.676002],[79.496483,15.675703],[79.496351,15.675395]]]},"properties":{"lp":"484","ac":"1.046","chaltha":"484"}},{"type":"Feature","geometry":{"type":"Polygon","coordinates":[[[79.496492,15.675343],[79.496331,15.674986],[79.496193,15.675041],[79.496351,15.675395],[79.496492,15.675343]]]},"properties":{"lp":"489","ac":"0.171","chaltha":"489"}},{"type":"Feature","geometry":{"type":"Polygon","coordinates":[[[79.49675,15.675247],[79.496602,15.674886],[79.496498,15.674924],[79.496331,15.674986],[79.496492,15.675343],[79.49675,15.675247]]]},"properties":{"lp":"488","ac":"0.322","chaltha":"488"}},{"type":"Feature","geometry":{"type":"Polygon","coordinates":[[[79.495728,15.675228],[79.495255,15.673982],[79.494896,15.674128],[79.49503,15.674473],[79.495134,15.674743],[79.495363,15.675374],[79.495728,15.675228]]]},"properties":{"lp":"490","ac":"1.509","chaltha":"490"}},{"type":"Feature","geometry":{"type":"Polygon","coordinates":[[[79.495965,15.674703],[79.496116,15.675072],[79.496193,15.675041],[79.496331,15.674986],[79.496498,15.674924],[79.496361,15.674559],[79.495965,15.674703]]]},"properties":{"lp":"492","ac":"0.479","chaltha":"492"}},{"type":"Feature","geometry":{"type":"Polygon","coordinates":[[[79.496361,15.674559],[79.496266,15.674316],[79.496218,15.674194],[79.496026,15.674269],[79.49582,15.674349],[79.495965,15.674703],[79.496361,15.674559]]]},"properties":{"lp":"493","ac":"0.482","chaltha":"493"}},{"type":"Feature","geometry":{"type":"Polygon","coordinates":[[[79.496718,15.674836],[79.496901,15.674757],[79.496768,15.67446],[79.496646,15.674171],[79.496466,15.674244],[79.496718,15.674836]]]},"properties":{"lp":"495","ac":"0.366","chaltha":"495"}},{"type":"Feature","geometry":{"type":"Polygon","coordinates":[[[79.496266,15.674316],[79.496361,15.674559],[79.496498,15.674924],[79.496602,15.674886],[79.496718,15.674836],[79.496466,15.674244],[79.49646,15.674246],[79.496266,15.674316]]]},"properties":{"lp":"494","ac":"0.426","chaltha":"494"}},{"type":"Feature","geometry":{"type":"Polygon","coordinates":[[[79.49646,15.674246],[79.496215,15.67367],[79.496123,15.67371],[79.496029,15.673751],[79.496218,15.674194],[79.496266,15.674316],[79.49646,15.674246]]]},"properties":{"lp":"497","ac":"0.368","chaltha":"497"}},{"type":"Feature","geometry":{"type":"Polygon","coordinates":[[[79.49646,15.674246],[79.496466,15.674244],[79.496646,15.674171],[79.496645,15.674169],[79.496515,15.673859],[79.496394,15.673592],[79.496215,15.67367],[79.49646,15.674246]]]},"properties":{"lp":"496","ac":"0.369","chaltha":"496"}},{"type":"Feature","geometry":{"type":"Polygon","coordinates":[[[79.49582,15.674349],[79.495659,15.673882],[79.495631,15.673828],[79.495456,15.673899],[79.495263,15.673978],[79.495255,15.673982],[79.495728,15.675228],[79.49594,15.675143],[79.496116,15.675072],[79.495965,15.674703],[79.49582,15.674349]]]},"properties":{"lp":"491","ac":"1.591","chaltha":"491"}},{"type":"Feature","geometry":{"type":"Polygon","coordinates":[[[79.496026,15.674269],[79.495843,15.673817],[79.495659,15.673882],[79.49582,15.674349],[79.496026,15.674269]]]},"properties":{"lp":"499","ac":"0.3","chaltha":"499"}},{"type":"Feature","geometry":{"type":"Polygon","coordinates":[[[79.496026,15.674269],[79.496218,15.674194],[79.496029,15.673751],[79.495843,15.673817],[79.496026,15.674269]]]},"properties":{"lp":"498","ac":"0.286","chaltha":"498"}},{"type":"Feature","geometry":{"type":"Polygon","coordinates":[[[79.495631,15.673828],[79.495659,15.673882],[79.495843,15.673817],[79.496029,15.673751],[79.496123,15.67371],[79.495676,15.672745],[79.495435,15.67293],[79.495305,15.673119],[79.495631,15.673828]]]},"properties":{"lp":"501","ac":"1.417","chaltha":"501"}},{"type":"Feature","geometry":{"type":"Polygon","coordinates":[[[79.497825,15.67727],[79.498116,15.677171],[79.498569,15.677018],[79.498484,15.676835],[79.498844,15.676704],[79.498791,15.676556],[79.497716,15.676976],[79.497825,15.67727]]]},"properties":{"lp":"147","ac":"0.922","chaltha":"147"}},{"type":"Feature","geometry":{"type":"Polygon","coordinates":[[[79.497716,15.676976],[79.498791,15.676556],[79.498732,15.676395],[79.498629,15.676111],[79.498522,15.675814],[79.498313,15.675895],[79.498016,15.67601],[79.497744,15.676115],[79.497442,15.676232],[79.497507,15.676414],[79.497716,15.676976]]]},"properties":{"lp":"146","ac":"2.681","chaltha":"146"}},{"type":"Feature","geometry":{"type":"Polygon","coordinates":[[[79.498584,15.678238],[79.498116,15.677171],[79.497825,15.67727],[79.497693,15.677316],[79.497843,15.677708],[79.498088,15.678407],[79.498584,15.678238]]]},"properties":{"lp":"149","ac":"1.639","chaltha":"149"}},{"type":"Feature","geometry":{"type":"Polygon","coordinates":[[[79.498584,15.678238],[79.499042,15.678069],[79.498767,15.677446],[79.498627,15.677144],[79.498569,15.677018],[79.498116,15.677171],[79.498584,15.678238]]]},"properties":{"lp":"148","ac":"1.643","chaltha":"148"}},{"type":"Feature","geometry":{"type":"Polygon","coordinates":[[[79.481515,15.668901],[79.482826,15.668523],[79.482784,15.668403],[79.482716,15.668207],[79.481625,15.668528],[79.481515,15.668901]]]},"properties":{"lp":"1203","ac":"1.211","chaltha":"1203"}},{"type":"Feature","geometry":{"type":"Polygon","coordinates":[[[79.481515,15.668901],[79.481426,15.669198],[79.482346,15.668957],[79.482389,15.669262],[79.482434,15.669525],[79.483093,15.669299],[79.482898,15.668757],[79.482841,15.668572],[79.482826,15.668523],[79.481515,15.668901]]]},"properties":{"lp":"1210","ac":"2.225","chaltha":"1210"}},{"type":"Feature","geometry":{"type":"Polygon","coordinates":[[[79.50035,15.685979],[79.500113,15.68545],[79.499876,15.685546],[79.500023,15.685837],[79.500148,15.686076],[79.50035,15.685979]]]},"properties":{"lp":"42","ac":"0.415","chaltha":"42"}},{"type":"Feature","geometry":{"type":"Polygon","coordinates":[[[79.500594,15.685834],[79.500356,15.685354],[79.500331,15.685361],[79.500113,15.68545],[79.50035,15.685979],[79.50047,15.685921],[79.500594,15.685834]]]},"properties":{"lp":"43","ac":"0.45","chaltha":"43"}},{"type":"Feature","geometry":{"type":"Polygon","coordinates":[[[79.500594,15.685834],[79.500827,15.685671],[79.500714,15.685395],[79.50056,15.685296],[79.500356,15.685354],[79.500594,15.685834]]]},"properties":{"lp":"44","ac":"0.401","chaltha":"44"}},{"type":"Feature","geometry":{"type":"Polygon","coordinates":[[[79.482898,15.668757],[79.483771,15.668484],[79.483701,15.668318],[79.482841,15.668572],[79.482898,15.668757]]]},"properties":{"lp":"1205","ac":"0.494","chaltha":"1205"}},{"type":"Feature","geometry":{"type":"Polygon","coordinates":[[[79.482784,15.668403],[79.483627,15.668143],[79.483622,15.668132],[79.48355,15.667962],[79.483251,15.66805],[79.482731,15.668203],[79.482722,15.668206],[79.482716,15.668207],[79.482784,15.668403]]]},"properties":{"lp":"1202","ac":"0.517","chaltha":"1202"}},{"type":"Feature","geometry":{"type":"Polygon","coordinates":[[[79.482784,15.668403],[79.482826,15.668523],[79.482841,15.668572],[79.483701,15.668318],[79.483699,15.668314],[79.483627,15.668143],[79.482784,15.668403]]]},"properties":{"lp":"1204","ac":"0.478","chaltha":"1204"}},{"type":"Feature","geometry":{"type":"Polygon","coordinates":[[[79.482898,15.668757],[79.483093,15.669299],[79.48398,15.668975],[79.483887,15.668755],[79.483809,15.668573],[79.483771,15.668484],[79.482898,15.668757]]]},"properties":{"lp":"1206","ac":"1.509","chaltha":"1206"}},{"type":"Feature","geometry":{"type":"Polygon","coordinates":[[[79.480873,15.670833],[79.481067,15.670757],[79.481465,15.6706],[79.481865,15.670444],[79.481641,15.669798],[79.481204,15.669948],[79.480873,15.670833]]]},"properties":{"lp":"1214","ac":"1.559","chaltha":"1214"}},{"type":"Feature","geometry":{"type":"Polygon","coordinates":[[[79.481865,15.670444],[79.48221,15.6703],[79.482536,15.67016],[79.482468,15.669962],[79.482329,15.669561],[79.481641,15.669798],[79.481865,15.670444]]]},"properties":{"lp":"1213","ac":"1.406","chaltha":"1213"}},{"type":"Feature","geometry":{"type":"Polygon","coordinates":[[[79.481264,15.673934],[79.481077,15.673295],[79.480906,15.673362],[79.480959,15.673531],[79.481037,15.673773],[79.4811,15.673971],[79.481112,15.674008],[79.481264,15.673934]]]},"properties":{"lp":"1241","ac":"0.346","chaltha":"1241"}},{"type":"Feature","geometry":{"type":"Polygon","coordinates":[[[79.481264,15.673934],[79.48143,15.673852],[79.48124,15.673233],[79.481222,15.67324],[79.481077,15.673295],[79.481264,15.673934]]]},"properties":{"lp":"1242","ac":"0.343","chaltha":"1242"}},{"type":"Feature","geometry":{"type":"Polygon","coordinates":[[[79.481607,15.673765],[79.481414,15.673157],[79.48124,15.673233],[79.48143,15.673852],[79.481607,15.673765]]]},"properties":{"lp":"1243","ac":"0.361","chaltha":"1243"}},{"type":"Feature","geometry":{"type":"Polygon","coordinates":[[[79.481222,15.67324],[79.481114,15.672963],[79.480717,15.673122],[79.480808,15.673216],[79.480884,15.673293],[79.480906,15.673362],[79.481077,15.673295],[79.481222,15.67324]]]},"properties":{"lp":"1240","ac":"0.32","chaltha":"1240"}},{"type":"Feature","geometry":{"type":"Polygon","coordinates":[[[79.481114,15.672963],[79.481222,15.67324],[79.48124,15.673233],[79.481414,15.673157],[79.481509,15.673113],[79.481405,15.672852],[79.481114,15.672963]]]},"properties":{"lp":"1239","ac":"0.266","chaltha":"1239"}},{"type":"Feature","geometry":{"type":"Polygon","coordinates":[[[79.481509,15.673113],[79.48183,15.672985],[79.481743,15.67276],[79.481731,15.672728],[79.481405,15.672852],[79.481509,15.673113]]]},"properties":{"lp":"1238","ac":"0.283","chaltha":"1238"}},{"type":"Feature","geometry":{"type":"Polygon","coordinates":[[[79.48209,15.673529],[79.481915,15.673101],[79.481864,15.672979],[79.48183,15.672985],[79.481509,15.673113],[79.481414,15.673157],[79.481607,15.673765],[79.48209,15.673529]]]},"properties":{"lp":"1244","ac":"0.927","chaltha":"1244"}},{"type":"Feature","geometry":{"type":"Polygon","coordinates":[[[79.481915,15.673101],[79.48209,15.673529],[79.482586,15.673285],[79.482633,15.673067],[79.482649,15.672998],[79.482595,15.672839],[79.481915,15.673101]]]},"properties":{"lp":"1227","ac":"0.852","chaltha":"1227"}},{"type":"Feature","geometry":{"type":"Polygon","coordinates":[[[79.481743,15.67276],[79.481971,15.672673],[79.481862,15.672411],[79.481619,15.672503],[79.480615,15.672884],[79.48067,15.673081],[79.480717,15.673122],[79.481114,15.672963],[79.481405,15.672852],[79.481731,15.672728],[79.481743,15.67276]]]},"properties":{"lp":"1237","ac":"1.017","chaltha":"1237"}},{"type":"Feature","geometry":{"type":"Polygon","coordinates":[[[79.480543,15.672627],[79.480615,15.672884],[79.481619,15.672503],[79.48155,15.672242],[79.4812,15.672376],[79.480858,15.672507],[79.480543,15.672627]]]},"properties":{"lp":"1236","ac":"0.842","chaltha":"1236"}},{"type":"Feature","geometry":{"type":"Polygon","coordinates":[[[79.480858,15.672507],[79.480769,15.672239],[79.480485,15.672332],[79.480475,15.672381],[79.480543,15.672627],[79.480858,15.672507]]]},"properties":{"lp":"1235","ac":"0.279","chaltha":"1235"}},{"type":"Feature","geometry":{"type":"Polygon","coordinates":[[[79.480769,15.672239],[79.480858,15.672507],[79.4812,15.672376],[79.481123,15.672122],[79.480769,15.672239]]]},"properties":{"lp":"1234","ac":"0.296","chaltha":"1234"}},{"type":"Feature","geometry":{"type":"Polygon","coordinates":[[[79.48155,15.672242],[79.481486,15.671998],[79.481123,15.672122],[79.4812,15.672376],[79.48155,15.672242]]]},"properties":{"lp":"1233","ac":"0.288","chaltha":"1233"}},{"type":"Feature","geometry":{"type":"Polygon","coordinates":[[[79.482124,15.672612],[79.482006,15.672331],[79.481872,15.672381],[79.481849,15.67239],[79.481862,15.672411],[79.481971,15.672673],[79.482124,15.672612]]]},"properties":{"lp":"1229","ac":"0.147","chaltha":"1229"}},{"type":"Feature","geometry":{"type":"Polygon","coordinates":[[[79.483147,15.671736],[79.482334,15.672065],[79.482348,15.67213],[79.482173,15.672235],[79.482292,15.672545],[79.482472,15.672474],[79.482445,15.672394],[79.483266,15.672066],[79.483188,15.671847],[79.483158,15.671766],[79.483147,15.671736]]]},"properties":{"lp":"1224","ac":"1.105","chaltha":"1224"}},{"type":"Feature","geometry":{"type":"Polygon","coordinates":[[[79.482093,15.672282],[79.482173,15.672235],[79.482348,15.67213],[79.482334,15.672065],[79.482308,15.671988],[79.482281,15.671951],[79.48198,15.672058],[79.482093,15.672282]]]},"properties":{"lp":"1231","ac":"0.203","chaltha":"1231"}},{"type":"Feature","geometry":{"type":"Polygon","coordinates":[[[79.481872,15.672381],[79.482006,15.672331],[79.482093,15.672282],[79.48198,15.672058],[79.481747,15.672133],[79.481872,15.672381]]]},"properties":{"lp":"1230","ac":"0.191","chaltha":"1230"}},{"type":"Feature","geometry":{"type":"Polygon","coordinates":[[[79.480517,15.672179],[79.480485,15.672332],[79.480769,15.672239],[79.481123,15.672122],[79.481486,15.671998],[79.48155,15.672242],[79.481619,15.672503],[79.481862,15.672411],[79.481849,15.67239],[79.481872,15.672381],[79.481747,15.672133],[79.48198,15.672058],[79.482281,15.671951],[79.482118,15.671729],[79.481957,15.671702],[79.481876,15.671729],[79.480517,15.672179]]]},"properties":{"lp":"1232","ac":"1.334","chaltha":"1232"}},{"type":"Feature","geometry":{"type":"Polygon","coordinates":[[[79.480517,15.672179],[79.481876,15.671729],[79.481775,15.671442],[79.480591,15.671898],[79.480517,15.672179]]]},"properties":{"lp":"1222","ac":"1.077","chaltha":"1222"}},{"type":"Feature","geometry":{"type":"Polygon","coordinates":[[[79.479757,15.674688],[79.480176,15.674531],[79.480084,15.674281],[79.479681,15.674413],[79.479714,15.674532],[79.479757,15.674688]]]},"properties":{"lp":"1494","ac":"0.352","chaltha":"1494"}},{"type":"Feature","geometry":{"type":"Polygon","coordinates":[[[79.480461,15.673689],[79.480959,15.673531],[79.480906,15.673362],[79.480884,15.673293],[79.480808,15.673216],[79.48062,15.673286],[79.480622,15.673333],[79.480588,15.673448],[79.480403,15.673511],[79.480461,15.673689]]]},"properties":{"lp":"1488","ac":"0.41","chaltha":"1488"}},{"type":"Feature","geometry":{"type":"Polygon","coordinates":[[[79.480403,15.673511],[79.480588,15.673448],[79.480622,15.673333],[79.48062,15.673286],[79.480808,15.673216],[79.480717,15.673122],[79.48067,15.673081],[79.480315,15.673147],[79.480148,15.673287],[79.480251,15.673273],[79.480323,15.673334],[79.480403,15.673511]]]},"properties":{"lp":"1489","ac":"0.399","chaltha":"1489"}},{"type":"Feature","geometry":{"type":"Polygon","coordinates":[[[79.480315,15.673147],[79.48067,15.673081],[79.480615,15.672884],[79.480543,15.672627],[79.480475,15.672381],[79.480315,15.673147]]]},"properties":{"lp":"1525","ac":"0.382","chaltha":"1525"}},{"type":"Feature","geometry":{"type":"Polygon","coordinates":[[[79.480591,15.671898],[79.481775,15.671442],[79.481675,15.671154],[79.481665,15.671128],[79.480702,15.67148],[79.480591,15.671898]]]},"properties":{"lp":"1221","ac":"1.151","chaltha":"1221"}},{"type":"Feature","geometry":{"type":"Polygon","coordinates":[[[79.480762,15.671253],[79.480702,15.67148],[79.481665,15.671128],[79.481585,15.670918],[79.480844,15.671219],[79.480762,15.671253]]]},"properties":{"lp":"1220","ac":"0.582","chaltha":"1220"}},{"type":"Feature","geometry":{"type":"Polygon","coordinates":[[[79.481675,15.671154],[79.482417,15.670888],[79.482327,15.670617],[79.48221,15.6703],[79.481865,15.670444],[79.481465,15.6706],[79.481585,15.670918],[79.481665,15.671128],[79.481675,15.671154]]]},"properties":{"lp":"1216","ac":"1.417","chaltha":"1216"}},{"type":"Feature","geometry":{"type":"Polygon","coordinates":[[[79.481876,15.671729],[79.481957,15.671702],[79.482619,15.671483],[79.482434,15.670936],[79.482417,15.670888],[79.481675,15.671154],[79.481775,15.671442],[79.481876,15.671729]]]},"properties":{"lp":"1217","ac":"1.426","chaltha":"1217"}},{"type":"Feature","geometry":{"type":"Polygon","coordinates":[[[79.479873,15.664893],[79.480243,15.664771],[79.480151,15.664492],[79.480131,15.664498],[79.479922,15.664555],[79.479784,15.664605],[79.479873,15.664893]]]},"properties":{"lp":"1634","ac":"0.341","chaltha":"1634"}},{"type":"Feature","geometry":{"type":"Polygon","coordinates":[[[79.479873,15.664893],[79.479914,15.665025],[79.480286,15.664903],[79.480243,15.664771],[79.479873,15.664893]]]},"properties":{"lp":"1635","ac":"0.159","chaltha":"1635"}},{"type":"Feature","geometry":{"type":"Polygon","coordinates":[[[79.479959,15.665164],[79.480335,15.665037],[79.480286,15.664903],[79.479914,15.665025],[79.479923,15.665057],[79.479959,15.665164]]]},"properties":{"lp":"1636","ac":"0.167","chaltha":"1636"}},{"type":"Feature","geometry":{"type":"Polygon","coordinates":[[[79.479959,15.665164],[79.480037,15.665398],[79.480061,15.665481],[79.480446,15.665361],[79.480409,15.665261],[79.480554,15.665215],[79.480698,15.665174],[79.480983,15.665094],[79.480916,15.664671],[79.480553,15.664775],[79.480484,15.66458],[79.480428,15.664404],[79.480151,15.664492],[79.480243,15.664771],[79.480286,15.664903],[79.480335,15.665037],[79.479959,15.665164]]]},"properties":{"lp":"1630","ac":"1.511","chaltha":"1630"}},{"type":"Feature","geometry":{"type":"Polygon","coordinates":[[[79.480061,15.665481],[79.480144,15.665769],[79.48032,15.665721],[79.480539,15.665665],[79.480548,15.665664],[79.480446,15.665361],[79.480061,15.665481]]]},"properties":{"lp":"1626","ac":"0.371","chaltha":"1626"}},{"type":"Feature","geometry":{"type":"Polygon","coordinates":[[[79.479638,15.665522],[79.479727,15.665867],[79.479857,15.665836],[79.480053,15.66579],[79.480144,15.665769],[79.480061,15.665481],[79.480037,15.665398],[79.479638,15.665522]]]},"properties":{"lp":"1625","ac":"0.459","chaltha":"1625"}},{"type":"Feature","geometry":{"type":"Polygon","coordinates":[[[79.480548,15.665664],[79.480672,15.665636],[79.480554,15.665215],[79.480409,15.665261],[79.480446,15.665361],[79.480548,15.665664]]]},"properties":{"lp":"1627","ac":"0.175","chaltha":"1627"}},{"type":"Feature","geometry":{"type":"Polygon","coordinates":[[[79.480809,15.665605],[79.480698,15.665174],[79.480554,15.665215],[79.480672,15.665636],[79.480809,15.665605]]]},"properties":{"lp":"1628","ac":"0.187","chaltha":"1628"}},{"type":"Feature","geometry":{"type":"Polygon","coordinates":[[[79.480809,15.665605],[79.481041,15.665553],[79.481014,15.665308],[79.480983,15.665094],[79.480698,15.665174],[79.480809,15.665605]]]},"properties":{"lp":"1629","ac":"0.357","chaltha":"1629"}},{"type":"Feature","geometry":{"type":"Polygon","coordinates":[[[79.480553,15.664775],[79.480916,15.664671],[79.480911,15.664641],[79.480882,15.664451],[79.480484,15.66458],[79.480553,15.664775]]]},"properties":{"lp":"1632","ac":"0.249","chaltha":"1632"}},{"type":"Feature","geometry":{"type":"Polygon","coordinates":[[[79.480428,15.664404],[79.480484,15.66458],[79.480882,15.664451],[79.480879,15.664427],[79.480826,15.664277],[79.480428,15.664404]]]},"properties":{"lp":"1633","ac":"0.226","chaltha":"1633"}},{"type":"Feature","geometry":{"type":"Polygon","coordinates":[[[79.481014,15.665308],[79.481086,15.665298],[79.481086,15.66497],[79.48095,15.664404],[79.480879,15.664427],[79.480882,15.664451],[79.480911,15.664641],[79.480916,15.664671],[79.480983,15.665094],[79.481014,15.665308]]]},"properties":{"lp":"1631","ac":"0.257","chaltha":"1631"}},{"type":"Feature","geometry":{"type":"Polygon","coordinates":[[[79.479638,15.665522],[79.480037,15.665398],[79.479959,15.665164],[79.479923,15.665057],[79.479546,15.665184],[79.479555,15.665246],[79.47963,15.665491],[79.479638,15.665522]]]},"properties":{"lp":"1637","ac":"0.428","chaltha":"1637"}},{"type":"Feature","geometry":{"type":"Polygon","coordinates":[[[79.479546,15.665184],[79.479923,15.665057],[79.479914,15.665025],[79.479873,15.664893],[79.479784,15.664605],[79.479775,15.664608],[79.479691,15.664639],[79.479595,15.664696],[79.47941,15.664806],[79.479434,15.664848],[79.479491,15.665022],[79.479546,15.665184]]]},"properties":{"lp":"1638","ac":"0.528","chaltha":"1638"}},{"type":"Feature","geometry":{"type":"Polygon","coordinates":[[[79.479268,15.665841],[79.479469,15.665852],[79.479671,15.665864],[79.479727,15.665867],[79.479638,15.665522],[79.47963,15.665491],[79.47911,15.665683],[79.479178,15.665847],[79.479268,15.665841]]]},"properties":{"lp":"1624","ac":"0.436","chaltha":"1624"}},{"type":"Feature","geometry":{"type":"Polygon","coordinates":[[[79.479013,15.665449],[79.47911,15.665683],[79.47963,15.665491],[79.479555,15.665246],[79.479013,15.665449]]]},"properties":{"lp":"1623","ac":"0.423","chaltha":"1623"}},{"type":"Feature","geometry":{"type":"Polygon","coordinates":[[[79.478924,15.665235],[79.479013,15.665449],[79.479555,15.665246],[79.479546,15.665184],[79.479491,15.665022],[79.478924,15.665235]]]},"properties":{"lp":"1639","ac":"0.405","chaltha":"1639"}},{"type":"Feature","geometry":{"type":"Polygon","coordinates":[[[79.47885,15.665055],[79.478924,15.665235],[79.479491,15.665022],[79.479434,15.664848],[79.47885,15.665055]]]},"properties":{"lp":"1640","ac":"0.338","chaltha":"1640"}},{"type":"Feature","geometry":{"type":"Polygon","coordinates":[[[79.47995,15.667026],[79.480359,15.66686],[79.48078,15.66669],[79.481242,15.666503],[79.48123,15.666472],[79.480901,15.666602],[79.480725,15.666671],[79.480553,15.666739],[79.480407,15.666797],[79.480258,15.666856],[79.480097,15.666919],[79.479934,15.666984],[79.47995,15.667026]]]},"properties":{"lp":"1610","ac":"0.16","chaltha":"1610"}},{"type":"Feature","geometry":{"type":"Polygon","coordinates":[[[79.479934,15.666984],[79.480097,15.666919],[79.479469,15.665852],[79.479268,15.665841],[79.47948,15.666222],[79.479934,15.666984]]]},"properties":{"lp":"1617","ac":"0.658","chaltha":"1617"}},{"type":"Feature","geometry":{"type":"Polygon","coordinates":[[[79.480097,15.666919],[79.480258,15.666856],[79.479671,15.665864],[79.479469,15.665852],[79.480097,15.666919]]]},"properties":{"lp":"1616","ac":"0.595","chaltha":"1616"}},{"type":"Feature","geometry":{"type":"Polygon","coordinates":[[[79.480407,15.666797],[79.479857,15.665836],[79.479727,15.665867],[79.479671,15.665864],[79.480258,15.666856],[79.480407,15.666797]]]},"properties":{"lp":"1615","ac":"0.547","chaltha":"1615"}},{"type":"Feature","geometry":{"type":"Polygon","coordinates":[[[79.480553,15.666739],[79.480053,15.66579],[79.479857,15.665836],[79.480407,15.666797],[79.480553,15.666739]]]},"properties":{"lp":"1614","ac":"0.56","chaltha":"1614"}},{"type":"Feature","geometry":{"type":"Polygon","coordinates":[[[79.480901,15.666602],[79.48123,15.666472],[79.481099,15.666136],[79.481194,15.666105],[79.481086,15.665298],[79.481014,15.665308],[79.481041,15.665553],[79.480809,15.665605],[79.480672,15.665636],[79.480548,15.665664],[79.480539,15.665665],[79.480901,15.666602]]]},"properties":{"lp":"1611","ac":"1.348","chaltha":"1611"}},{"type":"Feature","geometry":{"type":"Polygon","coordinates":[[[79.480725,15.666671],[79.48032,15.665721],[79.480144,15.665769],[79.480053,15.66579],[79.480553,15.666739],[79.480725,15.666671]]]},"properties":{"lp":"1613","ac":"0.7","chaltha":"1613"}},{"type":"Feature","geometry":{"type":"Polygon","coordinates":[[[79.480725,15.666671],[79.480901,15.666602],[79.480539,15.665665],[79.48032,15.665721],[79.480725,15.666671]]]},"properties":{"lp":"1612","ac":"0.616","chaltha":"1612"}},{"type":"Feature","geometry":{"type":"Polygon","coordinates":[[[79.480202,15.667752],[79.480238,15.667738],[79.47995,15.667026],[79.47991,15.667037],[79.480202,15.667752]]]},"properties":{"lp":"1606","ac":"0.09","chaltha":"1606"}},{"type":"Feature","geometry":{"type":"Polygon","coordinates":[[[79.480238,15.667738],[79.480619,15.667593],[79.480359,15.66686],[79.47995,15.667026],[79.480238,15.667738]]]},"properties":{"lp":"1607","ac":"0.961","chaltha":"1607"}},{"type":"Feature","geometry":{"type":"Polygon","coordinates":[[[79.47991,15.667037],[79.47995,15.667026],[79.479934,15.666984],[79.47948,15.666222],[79.479439,15.666236],[79.47991,15.667037]]]},"properties":{"lp":"1618","ac":"0.122","chaltha":"1618"}},{"type":"Feature","geometry":{"type":"Polygon","coordinates":[[[79.478121,15.670733],[79.478436,15.670644],[79.478203,15.670062],[79.477917,15.669346],[79.477828,15.669367],[79.477553,15.66943],[79.47759,15.669514],[79.478121,15.670733]]]},"properties":{"lp":"1566","ac":"1.429","chaltha":"1566"}},{"type":"Feature","geometry":{"type":"Polygon","coordinates":[[[79.478203,15.670062],[79.478537,15.669944],[79.478535,15.669939],[79.478276,15.669264],[79.477917,15.669346],[79.478203,15.670062]]]},"properties":{"lp":"1565","ac":"0.789","chaltha":"1565"}},{"type":"Feature","geometry":{"type":"Polygon","coordinates":[[[79.47877,15.670551],[79.479011,15.67047],[79.478865,15.67011],[79.478761,15.669852],[79.478535,15.669939],[79.478537,15.669944],[79.47877,15.670551]]]},"properties":{"lp":"1568","ac":"0.48","chaltha":"1568"}},{"type":"Feature","geometry":{"type":"Polygon","coordinates":[[[79.478761,15.669852],[79.4785,15.669213],[79.478276,15.669264],[79.478535,15.669939],[79.478761,15.669852]]]},"properties":{"lp":"1564","ac":"0.485","chaltha":"1564"}},{"type":"Feature","geometry":{"type":"Polygon","coordinates":[[[79.478865,15.67011],[79.479011,15.67047],[79.479322,15.670359],[79.479966,15.670132],[79.479934,15.670053],[79.479892,15.66995],[79.479849,15.669843],[79.47982,15.66977],[79.478865,15.67011]]]},"properties":{"lp":"1569","ac":"1.155","chaltha":"1569"}},{"type":"Feature","geometry":{"type":"Polygon","coordinates":[[[79.47982,15.66977],[79.479812,15.669751],[79.479771,15.669648],[79.479719,15.669519],[79.479701,15.669474],[79.47884,15.669776],[79.478603,15.669189],[79.4785,15.669213],[79.478761,15.669852],[79.478865,15.67011],[79.47982,15.66977]]]},"properties":{"lp":"1563","ac":"1.148","chaltha":"1563"}},{"type":"Feature","geometry":{"type":"Polygon","coordinates":[[[79.47945,15.67073],[79.479332,15.670387],[79.479322,15.670359],[79.479011,15.67047],[79.47877,15.670551],[79.478537,15.669944],[79.478203,15.670062],[79.478436,15.670644],[79.478533,15.670617],[79.478552,15.670668],[79.478673,15.670995],[79.47945,15.67073]]]},"properties":{"lp":"1567","ac":"1.601","chaltha":"1567"}},{"type":"Feature","geometry":{"type":"Polygon","coordinates":[[[79.478673,15.670995],[79.478741,15.671178],[79.479514,15.670922],[79.47945,15.67073],[79.478673,15.670995]]]},"properties":{"lp":"1572","ac":"0.477","chaltha":"1572"}},{"type":"Feature","geometry":{"type":"Polygon","coordinates":[[[79.479578,15.671118],[79.479722,15.671067],[79.480266,15.670874],[79.480764,15.670712],[79.480974,15.670123],[79.480278,15.670358],[79.480084,15.670423],[79.480116,15.670504],[79.47945,15.67073],[79.479514,15.670922],[79.479578,15.671118]]]},"properties":{"lp":"1546","ac":"1.897","chaltha":"1546"}},{"type":"Feature","geometry":{"type":"Polygon","coordinates":[[[79.479332,15.670387],[79.479975,15.670155],[79.479966,15.670132],[79.479322,15.670359],[79.479332,15.670387]]]},"properties":{"lp":"1570","ac":"0.055","chaltha":"1570"}},{"type":"Feature","geometry":{"type":"Polygon","coordinates":[[[79.480278,15.670358],[79.480974,15.670123],[79.481042,15.669933],[79.480948,15.669689],[79.480141,15.669986],[79.480278,15.670358]]]},"properties":{"lp":"1547","ac":"1.001","chaltha":"1547"}},{"type":"Feature","geometry":{"type":"Polygon","coordinates":[[[79.479332,15.670387],[79.47945,15.67073],[79.480116,15.670504],[79.480084,15.670423],[79.480278,15.670358],[79.480141,15.669986],[79.479934,15.670053],[79.479966,15.670132],[79.479975,15.670155],[79.479332,15.670387]]]},"properties":{"lp":"1571","ac":"0.997","chaltha":"1571"}},{"type":"Feature","geometry":{"type":"Polygon","coordinates":[[[79.479892,15.66995],[79.479934,15.670053],[79.480141,15.669986],[79.480948,15.669689],[79.480906,15.669581],[79.479892,15.66995]]]},"properties":{"lp":"1548","ac":"0.369","chaltha":"1548"}},{"type":"Feature","geometry":{"type":"Polygon","coordinates":[[[79.479892,15.66995],[79.480906,15.669581],[79.480863,15.669469],[79.479849,15.669843],[79.479892,15.66995]]]},"properties":{"lp":"1549","ac":"0.371","chaltha":"1549"}},{"type":"Feature","geometry":{"type":"Polygon","coordinates":[[[79.479812,15.669751],[79.47982,15.66977],[79.479849,15.669843],[79.480863,15.669469],[79.480822,15.669363],[79.479812,15.669751]]]},"properties":{"lp":"1550","ac":"0.338","chaltha":"1550"}},{"type":"Feature","geometry":{"type":"Polygon","coordinates":[[[79.479771,15.669648],[79.479812,15.669751],[79.480822,15.669363],[79.480786,15.669268],[79.479771,15.669648]]]},"properties":{"lp":"1551","ac":"0.337","chaltha":"1551"}},{"type":"Feature","geometry":{"type":"Polygon","coordinates":[[[79.478809,15.66876],[79.478798,15.669017],[79.479384,15.668806],[79.479302,15.668601],[79.478809,15.66876]]]},"properties":{"lp":"1562","ac":"0.385","chaltha":"1562"}},{"type":"Feature","geometry":{"type":"Polygon","coordinates":[[[79.479302,15.668601],[79.479384,15.668806],[79.479918,15.668611],[79.479835,15.668419],[79.479645,15.668483],[79.479302,15.668601]]]},"properties":{"lp":"1561","ac":"0.356","chaltha":"1561"}},{"type":"Feature","geometry":{"type":"Polygon","coordinates":[[[79.479835,15.668419],[79.479918,15.668611],[79.48046,15.668422],[79.480384,15.668224],[79.479835,15.668419]]]},"properties":{"lp":"1556","ac":"0.356","chaltha":"1556"}},{"type":"Feature","geometry":{"type":"Polygon","coordinates":[[[79.478819,15.668524],[79.479598,15.668254],[79.479528,15.668],[79.47883,15.668258],[79.478819,15.668524]]]},"properties":{"lp":"1559","ac":"0.586","chaltha":"1559"}},{"type":"Feature","geometry":{"type":"Polygon","coordinates":[[[79.479598,15.668254],[79.480296,15.667996],[79.480202,15.667752],[79.479712,15.667932],[79.479528,15.668],[79.479598,15.668254]]]},"properties":{"lp":"1558","ac":"0.561","chaltha":"1558"}},{"type":"Feature","geometry":{"type":"Polygon","coordinates":[[[79.479645,15.668483],[79.479598,15.668254],[79.478819,15.668524],[79.478809,15.66876],[79.479302,15.668601],[79.479645,15.668483]]]},"properties":{"lp":"1560","ac":"0.57","chaltha":"1560"}},{"type":"Feature","geometry":{"type":"Polygon","coordinates":[[[79.479645,15.668483],[79.479835,15.668419],[79.480384,15.668224],[79.480296,15.667996],[79.479598,15.668254],[79.479645,15.668483]]]},"properties":{"lp":"1557","ac":"0.536","chaltha":"1557"}},{"type":"Feature","geometry":{"type":"Polygon","coordinates":[[[79.480319,15.667949],[79.480996,15.667694],[79.481171,15.667628],[79.481081,15.667416],[79.481045,15.66743],[79.480619,15.667593],[79.480238,15.667738],[79.480319,15.667949]]]},"properties":{"lp":"1531","ac":"0.606","chaltha":"1531"}},{"type":"Feature","geometry":{"type":"Polygon","coordinates":[[[79.480401,15.668161],[79.481,15.667943],[79.481052,15.667924],[79.480996,15.667694],[79.480319,15.667949],[79.480401,15.668161]]]},"properties":{"lp":"1532","ac":"0.48","chaltha":"1532"}},{"type":"Feature","geometry":{"type":"Polygon","coordinates":[[[79.481052,15.667924],[79.481617,15.667734],[79.481621,15.667709],[79.481765,15.667411],[79.481626,15.667462],[79.481171,15.667628],[79.480996,15.667694],[79.481052,15.667924]]]},"properties":{"lp":"1533","ac":"0.507","chaltha":"1533"}},{"type":"Feature","geometry":{"type":"Polygon","coordinates":[[[79.480496,15.668409],[79.481042,15.668214],[79.481,15.667943],[79.480401,15.668161],[79.480496,15.668409]]]},"properties":{"lp":"1535","ac":"0.477","chaltha":"1535"}},{"type":"Feature","geometry":{"type":"Polygon","coordinates":[[[79.481042,15.668214],[79.481567,15.668027],[79.481617,15.667734],[79.481052,15.667924],[79.481,15.667943],[79.481042,15.668214]]]},"properties":{"lp":"1534","ac":"0.47","chaltha":"1534"}},{"type":"Feature","geometry":{"type":"Polygon","coordinates":[[[79.481626,15.667462],[79.481765,15.667411],[79.48186,15.667214],[79.481608,15.667271],[79.481535,15.667243],[79.481476,15.667266],[79.481626,15.667462]]]},"properties":{"lp":"1529","ac":"0.147","chaltha":"1529"}},{"type":"Feature","geometry":{"type":"Polygon","coordinates":[[[79.480621,15.668735],[79.481497,15.668433],[79.481567,15.668027],[79.481042,15.668214],[79.480496,15.668409],[79.480621,15.668735]]]},"properties":{"lp":"1536","ac":"1.072","chaltha":"1536"}},{"type":"Feature","geometry":{"type":"Polygon","coordinates":[[[79.480687,15.668905],[79.481442,15.668666],[79.481474,15.668564],[79.481497,15.668433],[79.480621,15.668735],[79.480687,15.668905]]]},"properties":{"lp":"1537","ac":"0.489","chaltha":"1537"}},{"type":"Feature","geometry":{"type":"Polygon","coordinates":[[[79.480772,15.669128],[79.480821,15.669255],[79.481312,15.669079],[79.481356,15.66894],[79.480772,15.669128]]]},"properties":{"lp":"1539","ac":"0.211","chaltha":"1539"}},{"type":"Feature","geometry":{"type":"Polygon","coordinates":[[[79.480687,15.668905],[79.480772,15.669128],[79.481356,15.66894],[79.481442,15.668666],[79.480687,15.668905]]]},"properties":{"lp":"1538","ac":"0.487","chaltha":"1538"}},{"type":"Feature","geometry":{"type":"Polygon","coordinates":[[[79.480982,15.669674],[79.48106,15.669876],[79.481142,15.669615],[79.480982,15.669674]]]},"properties":{"lp":"1544","ac":"0.054","chaltha":"1544"}},{"type":"Feature","geometry":{"type":"Polygon","coordinates":[[[79.480821,15.669255],[79.480859,15.669353],[79.481268,15.669219],[79.481312,15.669079],[79.480821,15.669255]]]},"properties":{"lp":"1540","ac":"0.155","chaltha":"1540"}},{"type":"Feature","geometry":{"type":"Polygon","coordinates":[[[79.480859,15.669353],[79.480905,15.669474],[79.481216,15.669381],[79.481268,15.669219],[79.480859,15.669353]]]},"properties":{"lp":"1541","ac":"0.149","chaltha":"1541"}},{"type":"Feature","geometry":{"type":"Polygon","coordinates":[[[79.480905,15.669474],[79.48094,15.669565],[79.481184,15.669484],[79.481216,15.669381],[79.480905,15.669474]]]},"properties":{"lp":"1542","ac":"0.079","chaltha":"1542"}},{"type":"Feature","geometry":{"type":"Polygon","coordinates":[[[79.48094,15.669565],[79.480982,15.669674],[79.481142,15.669615],[79.481184,15.669484],[79.48094,15.669565]]]},"properties":{"lp":"1543","ac":"0.071","chaltha":"1543"}},{"type":"Feature","geometry":{"type":"Polygon","coordinates":[[[79.480116,15.669239],[79.480696,15.669035],[79.48059,15.668759],[79.480078,15.668938],[79.480084,15.668955],[79.480113,15.669138],[79.480116,15.669239]]]},"properties":{"lp":"1554","ac":"0.496","chaltha":"1554"}},{"type":"Feature","geometry":{"type":"Polygon","coordinates":[[[79.479719,15.669519],[79.480737,15.669142],[79.480696,15.669035],[79.480116,15.669239],[79.480118,15.669315],[79.479701,15.669474],[79.479719,15.669519]]]},"properties":{"lp":"1553","ac":"0.29","chaltha":"1553"}},{"type":"Feature","geometry":{"type":"Polygon","coordinates":[[[79.479719,15.669519],[79.479771,15.669648],[79.480786,15.669268],[79.480737,15.669142],[79.479719,15.669519]]]},"properties":{"lp":"1552","ac":"0.435","chaltha":"1552"}},{"type":"Feature","geometry":{"type":"Polygon","coordinates":[[[79.476319,15.671987],[79.477693,15.671285],[79.477583,15.670902],[79.477344,15.670101],[79.476503,15.670372],[79.475677,15.670651],[79.476319,15.671987]]]},"properties":{"lp":"1585","ac":"6.546","chaltha":"1585"}},{"type":"Feature","geometry":{"type":"Polygon","coordinates":[[[79.479173,15.672561],[79.47995,15.67236],[79.480358,15.672254],[79.480573,15.671439],[79.479779,15.671678],[79.47977,15.671819],[79.479015,15.672003],[79.479173,15.672561]]]},"properties":{"lp":"1577","ac":"2.682","chaltha":"1577"}},{"type":"Feature","geometry":{"type":"Polygon","coordinates":[[[79.479811,15.672702],[79.479101,15.672897],[79.479191,15.673172],[79.479876,15.673012],[79.479811,15.672702]]]},"properties":{"lp":"1519","ac":"0.639","chaltha":"1519"}},{"type":"Feature","geometry":{"type":"Polygon","coordinates":[[[79.480139,15.673034],[79.480183,15.673038],[79.480358,15.672254],[79.47995,15.67236],[79.480139,15.673034]]]},"properties":{"lp":"1523","ac":"0.484","chaltha":"1523"}},{"type":"Feature","geometry":{"type":"Polygon","coordinates":[[[79.478352,15.673062],[79.478388,15.673329],[79.479046,15.673199],[79.479191,15.673172],[79.479101,15.672897],[79.478352,15.673062]]]},"properties":{"lp":"1520","ac":"0.644","chaltha":"1520"}},{"type":"Feature","geometry":{"type":"Polygon","coordinates":[[[79.479103,15.673478],[79.479861,15.673328],[79.480024,15.673024],[79.479876,15.673012],[79.479191,15.673172],[79.479046,15.673199],[79.479103,15.673478]]]},"properties":{"lp":"1518","ac":"0.763","chaltha":"1518"}},{"type":"Feature","geometry":{"type":"Polygon","coordinates":[[[79.478388,15.673329],[79.478459,15.673627],[79.479104,15.673525],[79.479162,15.673844],[79.479607,15.673799],[79.479861,15.673328],[79.479103,15.673478],[79.479046,15.673199],[79.478388,15.673329]]]},"properties":{"lp":"1517","ac":"1.336","chaltha":"1517"}},{"type":"Feature","geometry":{"type":"Polygon","coordinates":[[[79.479779,15.671678],[79.480573,15.671439],[79.480666,15.671086],[79.479756,15.67133],[79.479762,15.671402],[79.479779,15.671678]]]},"properties":{"lp":"1576","ac":"0.85","chaltha":"1576"}},{"type":"Feature","geometry":{"type":"Polygon","coordinates":[[[79.479756,15.67133],[79.480666,15.671086],[79.480764,15.670712],[79.480266,15.670874],[79.479722,15.671067],[79.479756,15.67133]]]},"properties":{"lp":"1575","ac":"0.894","chaltha":"1575"}},{"type":"Feature","geometry":{"type":"Polygon","coordinates":[[[79.479015,15.672003],[79.47977,15.671819],[79.479779,15.671678],[79.479762,15.671402],[79.47956,15.671454],[79.478904,15.671624],[79.479015,15.672003]]]},"properties":{"lp":"1578","ac":"0.984","chaltha":"1578"}},{"type":"Feature","geometry":{"type":"Polygon","coordinates":[[[79.478719,15.672693],[79.478996,15.672612],[79.479173,15.672561],[79.479015,15.672003],[79.478904,15.671624],[79.478819,15.671345],[79.478805,15.671349],[79.478791,15.671313],[79.478407,15.671442],[79.478424,15.6715],[79.478719,15.672693]]]},"properties":{"lp":"1579","ac":"1.704","chaltha":"1579"}},{"type":"Feature","geometry":{"type":"Polygon","coordinates":[[[79.477693,15.671285],[79.47782,15.671686],[79.478424,15.6715],[79.478407,15.671442],[79.478791,15.671313],[79.478741,15.671178],[79.478673,15.670995],[79.478552,15.670668],[79.478533,15.670617],[79.478436,15.670644],[79.478121,15.670733],[79.477583,15.670902],[79.477693,15.671285]]]},"properties":{"lp":"1586","ac":"2.37","chaltha":"1586"}},{"type":"Feature","geometry":{"type":"Polygon","coordinates":[[[79.478741,15.671178],[79.478791,15.671313],[79.478805,15.671349],[79.478819,15.671345],[79.479578,15.671118],[79.479514,15.670922],[79.478741,15.671178]]]},"properties":{"lp":"1573","ac":"0.461","chaltha":"1573"}},{"type":"Feature","geometry":{"type":"Polygon","coordinates":[[[79.479101,15.672897],[79.478996,15.672612],[79.478719,15.672693],[79.478316,15.672793],[79.478352,15.673062],[79.479101,15.672897]]]},"properties":{"lp":"1521","ac":"0.608","chaltha":"1521"}},{"type":"Feature","geometry":{"type":"Polygon","coordinates":[[[79.479876,15.673012],[79.480024,15.673024],[79.480139,15.673034],[79.47995,15.67236],[79.479173,15.672561],[79.478996,15.672612],[79.479101,15.672897],[79.479811,15.672702],[79.479876,15.673012]]]},"properties":{"lp":"1522","ac":"1.108","chaltha":"1522"}},{"type":"Feature","geometry":{"type":"Polygon","coordinates":[[[79.478831,15.674611],[79.478935,15.675],[79.479159,15.674953],[79.479192,15.674788],[79.479118,15.674544],[79.478831,15.674611]]]},"properties":{"lp":"1500","ac":"0.341","chaltha":"1500"}},{"type":"Feature","geometry":{"type":"Polygon","coordinates":[[[79.478376,15.675117],[79.478935,15.675],[79.478831,15.674611],[79.478693,15.674645],[79.478276,15.674746],[79.478283,15.674773],[79.478376,15.675117]]]},"properties":{"lp":"1501","ac":"0.659","chaltha":"1501"}},{"type":"Feature","geometry":{"type":"Polygon","coordinates":[[[79.478276,15.674746],[79.478693,15.674645],[79.478652,15.674452],[79.47822,15.674552],[79.478225,15.674567],[79.478276,15.674746]]]},"properties":{"lp":"1505","ac":"0.254","chaltha":"1505"}},{"type":"Feature","geometry":{"type":"Polygon","coordinates":[[[79.479118,15.674544],[79.479041,15.674361],[79.478652,15.674452],[79.478693,15.674645],[79.478831,15.674611],[79.479118,15.674544]]]},"properties":{"lp":"1506","ac":"0.24","chaltha":"1506"}},{"type":"Feature","geometry":{"type":"Polygon","coordinates":[[[79.47822,15.674552],[79.478652,15.674452],[79.47861,15.674298],[79.478171,15.674416],[79.47822,15.674552]]]},"properties":{"lp":"1508","ac":"0.2","chaltha":"1508"}},{"type":"Feature","geometry":{"type":"Polygon","coordinates":[[[79.47861,15.674298],[79.478652,15.674452],[79.479041,15.674361],[79.47909,15.674315],[79.479164,15.674276],[79.479159,15.674173],[79.47861,15.674298]]]},"properties":{"lp":"1507","ac":"0.24","chaltha":"1507"}},{"type":"Feature","geometry":{"type":"Polygon","coordinates":[[[79.477481,15.674599],[79.477522,15.674763],[79.477975,15.674637],[79.478225,15.674567],[79.47822,15.674552],[79.478171,15.674416],[79.477481,15.674599]]]},"properties":{"lp":"1509","ac":"0.348","chaltha":"1509"}},{"type":"Feature","geometry":{"type":"Polygon","coordinates":[[[79.477481,15.674599],[79.478171,15.674416],[79.478127,15.674246],[79.478068,15.674262],[79.477791,15.674337],[79.477439,15.674433],[79.477474,15.674574],[79.477481,15.674599]]]},"properties":{"lp":"1511","ac":"0.363","chaltha":"1511"}},{"type":"Feature","geometry":{"type":"Polygon","coordinates":[[[79.478127,15.674246],[79.478171,15.674416],[79.47861,15.674298],[79.479159,15.674173],[79.47916,15.674023],[79.478445,15.674177],[79.478127,15.674246]]]},"properties":{"lp":"1510","ac":"0.474","chaltha":"1510"}},{"type":"Feature","geometry":{"type":"Polygon","coordinates":[[[79.479164,15.674276],[79.47909,15.674315],[79.479041,15.674361],[79.479118,15.674544],[79.479192,15.674788],[79.479283,15.674329],[79.479164,15.674276]]]},"properties":{"lp":"1499","ac":"0.178","chaltha":"1499"}},{"type":"Feature","geometry":{"type":"Polygon","coordinates":[[[79.479283,15.674329],[79.479422,15.673976],[79.479607,15.673799],[79.479162,15.673844],[79.478525,15.673909],[79.478378,15.673935],[79.478445,15.674177],[79.47916,15.674023],[79.479159,15.674173],[79.479164,15.674276],[79.479283,15.674329]]]},"properties":{"lp":"1515","ac":"0.828","chaltha":"1515"}},{"type":"Feature","geometry":{"type":"Polygon","coordinates":[[[79.477998,15.674001],[79.478068,15.674262],[79.478127,15.674246],[79.478445,15.674177],[79.478378,15.673935],[79.477998,15.674001]]]},"properties":{"lp":"1514","ac":"0.293","chaltha":"1514"}},{"type":"Feature","geometry":{"type":"Polygon","coordinates":[[[79.478283,15.674773],[79.478276,15.674746],[79.478225,15.674567],[79.477975,15.674637],[79.478044,15.674841],[79.478283,15.674773]]]},"properties":{"lp":"1504","ac":"0.16","chaltha":"1504"}},{"type":"Feature","geometry":{"type":"Polygon","coordinates":[[[79.478044,15.674841],[79.478135,15.675167],[79.478156,15.675163],[79.478376,15.675117],[79.478283,15.674773],[79.478044,15.674841]]]},"properties":{"lp":"1502","ac":"0.251","chaltha":"1502"}},{"type":"Feature","geometry":{"type":"Polygon","coordinates":[[[79.477647,15.675264],[79.4781,15.675174],[79.478135,15.675167],[79.478044,15.674841],[79.477975,15.674637],[79.477522,15.674763],[79.47756,15.674917],[79.477593,15.675049],[79.477647,15.675264]]]},"properties":{"lp":"1503","ac":"0.763","chaltha":"1503"}},{"type":"Feature","geometry":{"type":"Polygon","coordinates":[[[79.477791,15.674337],[79.478068,15.674262],[79.477998,15.674001],[79.47774,15.674045],[79.477791,15.674337]]]},"properties":{"lp":"1513","ac":"0.227","chaltha":"1513"}},{"type":"Feature","geometry":{"type":"Polygon","coordinates":[[[79.482334,15.672065],[79.483147,15.671736],[79.483109,15.671635],[79.483004,15.671356],[79.482619,15.671483],[79.481957,15.671702],[79.482118,15.671729],[79.482281,15.671951],[79.482308,15.671988],[79.482334,15.672065]]]},"properties":{"lp":"1223","ac":"1.188","chaltha":"1223"}},{"type":"Feature","geometry":{"type":"Polygon","coordinates":[[[79.494629,15.663776],[79.494783,15.663729],[79.4948,15.663722],[79.494075,15.661945],[79.493887,15.662018],[79.49397,15.662224],[79.494629,15.663776]]]},"properties":{"lp":"952","ac":"1.075","chaltha":"952"}},{"type":"Feature","geometry":{"type":"Polygon","coordinates":[[[79.4948,15.663722],[79.494976,15.663652],[79.494252,15.661876],[79.494075,15.661945],[79.4948,15.663722]]]},"properties":{"lp":"951","ac":"1.068","chaltha":"951"}},{"type":"Feature","geometry":{"type":"Polygon","coordinates":[[[79.494976,15.663652],[79.495296,15.663525],[79.494573,15.66175],[79.494252,15.661876],[79.494976,15.663652]]]},"properties":{"lp":"950","ac":"1.936","chaltha":"950"}},{"type":"Feature","geometry":{"type":"Polygon","coordinates":[[[79.495296,15.663525],[79.495556,15.663421],[79.495586,15.663409],[79.494833,15.661648],[79.494573,15.66175],[79.495296,15.663525]]]},"properties":{"lp":"949","ac":"1.662","chaltha":"949"}},{"type":"Feature","geometry":{"type":"Polygon","coordinates":[[[79.496709,15.662516],[79.496011,15.660844],[79.495943,15.660873],[79.496072,15.661171],[79.495613,15.661343],[79.496168,15.662735],[79.496539,15.662586],[79.496709,15.662516]]]},"properties":{"lp":"897","ac":"2.568","chaltha":"897"}},{"type":"Feature","geometry":{"type":"Polygon","coordinates":[[[79.49709,15.662362],[79.496608,15.661193],[79.496546,15.661215],[79.496422,15.660877],[79.496363,15.660715],[79.496011,15.660844],[79.496709,15.662516],[79.49709,15.662362]]]},"properties":{"lp":"898","ac":"2.106","chaltha":"898"}},{"type":"Feature","geometry":{"type":"Polygon","coordinates":[[[79.497241,15.660966],[79.496608,15.661193],[79.49709,15.662362],[79.49713,15.662346],[79.497064,15.662184],[79.497656,15.661939],[79.497241,15.660966]]]},"properties":{"lp":"899","ac":"2.158","chaltha":"899"}},{"type":"Feature","geometry":{"type":"Polygon","coordinates":[[[79.495505,15.659862],[79.497205,15.65922],[79.497095,15.658974],[79.497022,15.65898],[79.49546,15.659567],[79.495395,15.659609],[79.495505,15.659862]]]},"properties":{"lp":"895","ac":"1.543","chaltha":"895"}},{"type":"Feature","geometry":{"type":"Polygon","coordinates":[[[79.495505,15.659862],[79.495659,15.660217],[79.495861,15.660682],[79.495943,15.660873],[79.496011,15.660844],[79.496363,15.660715],[79.496293,15.660524],[79.496133,15.660087],[79.497384,15.659618],[79.497205,15.65922],[79.495505,15.659862]]]},"properties":{"lp":"896","ac":"3.226","chaltha":"896"}},{"type":"Feature","geometry":{"type":"Polygon","coordinates":[[[79.497412,15.658851],[79.497904,15.660113],[79.498102,15.660034],[79.498164,15.66001],[79.49793,15.659393],[79.497684,15.658746],[79.497412,15.658851]]]},"properties":{"lp":"835","ac":"1.135","chaltha":"835"}},{"type":"Feature","geometry":{"type":"Polygon","coordinates":[[[79.497412,15.658851],[79.497329,15.658883],[79.497095,15.658974],[79.497205,15.65922],[79.497384,15.659618],[79.497597,15.660047],[79.497674,15.660204],[79.497904,15.660113],[79.497412,15.658851]]]},"properties":{"lp":"834","ac":"1.191","chaltha":"834"}},{"type":"Feature","geometry":{"type":"Polygon","coordinates":[[[79.494628,15.657244],[79.494871,15.657166],[79.49504,15.657107],[79.494808,15.656568],[79.494417,15.65672],[79.494628,15.657244]]]},"properties":{"lp":"866","ac":"0.72","chaltha":"866"}},{"type":"Feature","geometry":{"type":"Polygon","coordinates":[[[79.494417,15.65672],[79.494808,15.656568],[79.494535,15.655931],[79.494451,15.65603],[79.494237,15.656273],[79.494417,15.65672]]]},"properties":{"lp":"865","ac":"0.709","chaltha":"865"}},{"type":"Feature","geometry":{"type":"Polygon","coordinates":[[[79.494269,15.657359],[79.49441,15.657313],[79.494567,15.657263],[79.494628,15.657244],[79.494417,15.65672],[79.494237,15.656273],[79.493906,15.65665],[79.494269,15.657359]]]},"properties":{"lp":"867","ac":"1.122","chaltha":"867"}},{"type":"Feature","geometry":{"type":"Polygon","coordinates":[[[79.499617,15.668897],[79.501191,15.668267],[79.501078,15.667986],[79.499501,15.668638],[79.4996,15.66887],[79.499617,15.668897]]]},"properties":{"lp":"712","ac":"1.462","chaltha":"712"}},{"type":"Feature","geometry":{"type":"Polygon","coordinates":[[[79.499617,15.668897],[79.499741,15.669199],[79.500076,15.669047],[79.500413,15.668903],[79.500774,15.668752],[79.501094,15.668621],[79.501301,15.668542],[79.501191,15.668267],[79.499617,15.668897]]]},"properties":{"lp":"711","ac":"1.504","chaltha":"711"}},{"type":"Feature","geometry":{"type":"Polygon","coordinates":[[[79.499403,15.66841],[79.499501,15.668638],[79.501078,15.667986],[79.500977,15.667734],[79.499379,15.668354],[79.499403,15.66841]]]},"properties":{"lp":"713","ac":"1.456","chaltha":"713"}},{"type":"Feature","geometry":{"type":"Polygon","coordinates":[[[79.499379,15.668354],[79.500977,15.667734],[79.500814,15.667324],[79.500568,15.667408],[79.499221,15.667956],[79.499379,15.668354]]]},"properties":{"lp":"714","ac":"2.213","chaltha":"714"}},{"type":"Feature","geometry":{"type":"Polygon","coordinates":[[[79.501287,15.669128],[79.501304,15.669121],[79.502353,15.668724],[79.502342,15.668677],[79.502286,15.668648],[79.502229,15.668486],[79.501694,15.668688],[79.501187,15.668878],[79.501094,15.668621],[79.500774,15.668752],[79.50096,15.669213],[79.501276,15.669098],[79.501287,15.669128]]]},"properties":{"lp":"695","ac":"1.377","chaltha":"695"}},{"type":"Feature","geometry":{"type":"Polygon","coordinates":[[[79.501158,15.669702],[79.501176,15.669746],[79.501499,15.669637],[79.501407,15.669393],[79.501304,15.669121],[79.501287,15.669128],[79.501276,15.669098],[79.50096,15.669213],[79.501158,15.669702]]]},"properties":{"lp":"696","ac":"0.589","chaltha":"696"}},{"type":"Feature","geometry":{"type":"Polygon","coordinates":[[[79.501162,15.685457],[79.500636,15.684756],[79.500121,15.684951],[79.500193,15.685103],[79.500331,15.685361],[79.500356,15.685354],[79.50056,15.685296],[79.500714,15.685395],[79.500827,15.685671],[79.501162,15.685457]]]},"properties":{"lp":"68","ac":"1.262","chaltha":"68"}},{"type":"Feature","geometry":{"type":"Polygon","coordinates":[[[79.501461,15.685265],[79.501084,15.684584],[79.500636,15.684756],[79.501162,15.685457],[79.501461,15.685265]]]},"properties":{"lp":"69","ac":"0.998","chaltha":"69"}},{"type":"Feature","geometry":{"type":"Polygon","coordinates":[[[79.498283,15.672721],[79.498359,15.672911],[79.499989,15.672233],[79.499968,15.672185],[79.499895,15.672024],[79.498283,15.672721]]]},"properties":{"lp":"664","ac":"1.119","chaltha":"664"}},{"type":"Feature","geometry":{"type":"Polygon","coordinates":[[[79.498283,15.672721],[79.499895,15.672024],[79.499815,15.671846],[79.499552,15.671962],[79.498923,15.672245],[79.498689,15.67235],[79.498461,15.672452],[79.498219,15.672561],[79.498283,15.672721]]]},"properties":{"lp":"665","ac":"0.947","chaltha":"665"}},{"type":"Feature","geometry":{"type":"Polygon","coordinates":[[[79.498359,15.672911],[79.498434,15.673099],[79.498981,15.672885],[79.500084,15.672443],[79.499989,15.672233],[79.498359,15.672911]]]},"properties":{"lp":"663","ac":"1.132","chaltha":"663"}},{"type":"Feature","geometry":{"type":"Polygon","coordinates":[[[79.501084,15.684584],[79.501461,15.685265],[79.502033,15.684899],[79.501954,15.684261],[79.501115,15.684572],[79.501084,15.684584]]]},"properties":{"lp":"70","ac":"1.623","chaltha":"70"}},{"type":"Feature","geometry":{"type":"Polygon","coordinates":[[[79.501954,15.684261],[79.501907,15.68388],[79.500949,15.684215],[79.501115,15.684572],[79.501954,15.684261]]]},"properties":{"lp":"72","ac":"1.072","chaltha":"72"}},{"type":"Feature","geometry":{"type":"Polygon","coordinates":[[[79.500843,15.683932],[79.500949,15.684215],[79.501907,15.68388],[79.501867,15.683557],[79.500843,15.683932]]]},"properties":{"lp":"73","ac":"0.957","chaltha":"73"}},{"type":"Feature","geometry":{"type":"Polygon","coordinates":[[[79.499992,15.684018],[79.500784,15.683698],[79.500748,15.683514],[79.501813,15.683119],[79.501756,15.682657],[79.500687,15.683068],[79.500748,15.68344],[79.499873,15.683781],[79.499992,15.684018]]]},"properties":{"lp":"76","ac":"2.16","chaltha":"76"}},{"type":"Feature","geometry":{"type":"Polygon","coordinates":[[[79.501867,15.683557],[79.501813,15.683119],[79.500748,15.683514],[79.500784,15.683698],[79.499992,15.684018],[79.5,15.684035],[79.499717,15.684149],[79.499788,15.684333],[79.500843,15.683932],[79.501867,15.683557]]]},"properties":{"lp":"75","ac":"2.141","chaltha":"75"}},{"type":"Feature","geometry":{"type":"Polygon","coordinates":[[[79.500355,15.682507],[79.500479,15.682788],[79.501715,15.682326],[79.501675,15.682007],[79.500355,15.682507]]]},"properties":{"lp":"80","ac":"1.239","chaltha":"80"}},{"type":"Feature","geometry":{"type":"Polygon","coordinates":[[[79.499962,15.684614],[79.500949,15.684215],[79.500843,15.683932],[79.499788,15.684333],[79.499796,15.684392],[79.499931,15.684624],[79.499959,15.684609],[79.499962,15.684614]]]},"properties":{"lp":"74","ac":"1.031","chaltha":"74"}},{"type":"Feature","geometry":{"type":"Polygon","coordinates":[[[79.490258,15.663419],[79.492168,15.6626],[79.492106,15.662456],[79.492092,15.662423],[79.491707,15.66257],[79.490175,15.663214],[79.490243,15.663376],[79.490258,15.663419]]]},"properties":{"lp":"983","ac":"1.289","chaltha":"983"}},{"type":"Feature","geometry":{"type":"Polygon","coordinates":[[[79.490068,15.662959],[79.491601,15.662303],[79.491477,15.661993],[79.491001,15.662202],[79.489943,15.662664],[79.490068,15.662959]]]},"properties":{"lp":"981","ac":"1.601","chaltha":"981"}},{"type":"Feature","geometry":{"type":"Polygon","coordinates":[[[79.490068,15.662959],[79.490175,15.663214],[79.491707,15.66257],[79.491601,15.662303],[79.490068,15.662959]]]},"properties":{"lp":"982","ac":"1.377","chaltha":"982"}},{"type":"Feature","geometry":{"type":"Polygon","coordinates":[[[79.490671,15.664389],[79.490791,15.664672],[79.490803,15.664702],[79.49093,15.664653],[79.491261,15.664509],[79.492709,15.663862],[79.492573,15.663545],[79.490671,15.664389]]]},"properties":{"lp":"987","ac":"2.113","chaltha":"987"}},{"type":"Feature","geometry":{"type":"Polygon","coordinates":[[[79.490531,15.664064],[79.490671,15.664389],[79.492573,15.663545],[79.492439,15.663233],[79.490531,15.664064]]]},"properties":{"lp":"986","ac":"2.116","chaltha":"986"}},{"type":"Feature","geometry":{"type":"Polygon","coordinates":[[[79.490395,15.663741],[79.492305,15.662919],[79.492168,15.6626],[79.490258,15.663419],[79.490395,15.663741]]]},"properties":{"lp":"984","ac":"2.125","chaltha":"984"}},{"type":"Feature","geometry":{"type":"Polygon","coordinates":[[[79.490395,15.663741],[79.490519,15.664034],[79.490531,15.664064],[79.492439,15.663233],[79.492305,15.662919],[79.490395,15.663741]]]},"properties":{"lp":"985","ac":"2.109","chaltha":"985"}},{"type":"Feature","geometry":{"type":"Polygon","coordinates":[[[79.499724,15.683486],[79.499734,15.683503],[79.499873,15.683781],[79.500748,15.68344],[79.500687,15.683068],[79.500578,15.683119],[79.499724,15.683486]]]},"properties":{"lp":"77","ac":"1.009","chaltha":"77"}},{"type":"Feature","geometry":{"type":"Polygon","coordinates":[[[79.500578,15.683119],[79.500414,15.682814],[79.499827,15.683041],[79.499862,15.683146],[79.499595,15.683261],[79.499653,15.683354],[79.499724,15.683486],[79.500578,15.683119]]]},"properties":{"lp":"78","ac":"0.889","chaltha":"78"}},{"type":"Feature","geometry":{"type":"Polygon","coordinates":[[[79.499709,15.682752],[79.499827,15.683041],[79.500414,15.682814],[79.500479,15.682788],[79.500355,15.682507],[79.499709,15.682752]]]},"properties":{"lp":"81","ac":"0.631","chaltha":"81"}},{"type":"Feature","geometry":{"type":"Polygon","coordinates":[[[79.498823,15.682906],[79.499112,15.683514],[79.499595,15.683261],[79.499862,15.683146],[79.499827,15.683041],[79.499709,15.682752],[79.500355,15.682507],[79.501675,15.682007],[79.501622,15.681579],[79.499574,15.68233],[79.499586,15.682368],[79.499681,15.682574],[79.498823,15.682906]]]},"properties":{"lp":"82","ac":"4.283","chaltha":"82"}},{"type":"Feature","geometry":{"type":"Polygon","coordinates":[[[79.500414,15.682814],[79.500578,15.683119],[79.500687,15.683068],[79.501756,15.682657],[79.501715,15.682326],[79.500479,15.682788],[79.500414,15.682814]]]},"properties":{"lp":"79","ac":"1.285","chaltha":"79"}},{"type":"Feature","geometry":{"type":"Polygon","coordinates":[[[79.499962,15.684614],[79.500082,15.684868],[79.500121,15.684951],[79.500636,15.684756],[79.501084,15.684584],[79.501115,15.684572],[79.500949,15.684215],[79.499962,15.684614]]]},"properties":{"lp":"71","ac":"1.196","chaltha":"71"}},{"type":"Feature","geometry":{"type":"Polygon","coordinates":[[[79.499729,15.681835],[79.499406,15.68194],[79.499503,15.682153],[79.499574,15.68233],[79.501622,15.681579],[79.501617,15.681314],[79.501575,15.681197],[79.499729,15.681835]]]},"properties":{"lp":"99","ac":"2.616","chaltha":"99"}},{"type":"Feature","geometry":{"type":"Polygon","coordinates":[[[79.501575,15.681197],[79.501437,15.680807],[79.499591,15.681471],[79.499729,15.681835],[79.501575,15.681197]]]},"properties":{"lp":"100","ac":"2.3","chaltha":"100"}},{"type":"Feature","geometry":{"type":"Polygon","coordinates":[[[79.499543,15.681344],[79.500182,15.681105],[79.500133,15.680976],[79.499489,15.681202],[79.499496,15.681218],[79.499543,15.681344]]]},"properties":{"lp":"103","ac":"0.289","chaltha":"103"}},{"type":"Feature","geometry":{"type":"Polygon","coordinates":[[[79.500639,15.680799],[79.500691,15.680926],[79.501392,15.680679],[79.501346,15.68055],[79.500639,15.680799]]]},"properties":{"lp":"102","ac":"0.3","chaltha":"102"}},{"type":"Feature","geometry":{"type":"Polygon","coordinates":[[[79.499424,15.681041],[79.499489,15.681202],[79.500133,15.680976],[79.500182,15.681105],[79.499543,15.681344],[79.499591,15.681471],[79.501437,15.680807],[79.501392,15.680679],[79.500691,15.680926],[79.500639,15.680799],[79.501346,15.68055],[79.501291,15.680392],[79.499424,15.681041]]]},"properties":{"lp":"101","ac":"2.009","chaltha":"101"}},{"type":"Feature","geometry":{"type":"Polygon","coordinates":[[[79.499208,15.68049],[79.501084,15.679807],[79.501021,15.679628],[79.500055,15.679979],[79.49913,15.680315],[79.499157,15.680381],[79.499208,15.68049]]]},"properties":{"lp":"106","ac":"1.12","chaltha":"106"}},{"type":"Feature","geometry":{"type":"Polygon","coordinates":[[[79.499208,15.68049],[79.499222,15.680519],[79.499295,15.680723],[79.499312,15.680764],[79.501186,15.680096],[79.501084,15.679807],[79.499208,15.68049]]]},"properties":{"lp":"105","ac":"1.75","chaltha":"105"}},{"type":"Feature","geometry":{"type":"Polygon","coordinates":[[[79.499312,15.680764],[79.499357,15.680876],[79.499424,15.681041],[79.501291,15.680392],[79.501186,15.680096],[79.499312,15.680764]]]},"properties":{"lp":"104","ac":"1.78","chaltha":"104"}},{"type":"Feature","geometry":{"type":"Polygon","coordinates":[[[79.498998,15.679993],[79.499034,15.680082],[79.499063,15.680152],[79.499991,15.679821],[79.500977,15.679468],[79.500935,15.679311],[79.498998,15.679993]]]},"properties":{"lp":"109","ac":"1.0","chaltha":"109"}},{"type":"Feature","geometry":{"type":"Polygon","coordinates":[[[79.500055,15.679979],[79.499991,15.679821],[79.499063,15.680152],[79.49913,15.680315],[79.500055,15.679979]]]},"properties":{"lp":"107","ac":"0.5","chaltha":"107"}},{"type":"Feature","geometry":{"type":"Polygon","coordinates":[[[79.499991,15.679821],[79.500055,15.679979],[79.501021,15.679628],[79.500977,15.679468],[79.499991,15.679821]]]},"properties":{"lp":"108","ac":"0.509","chaltha":"108"}},{"type":"Feature","geometry":{"type":"Polygon","coordinates":[[[79.49893,15.679829],[79.498978,15.679945],[79.498998,15.679993],[79.500935,15.679311],[79.500911,15.679223],[79.500883,15.678946],[79.499553,15.679427],[79.499027,15.679618],[79.498859,15.679678],[79.49893,15.679829]]]},"properties":{"lp":"110","ac":"2.164","chaltha":"110"}},{"type":"Feature","geometry":{"type":"Polygon","coordinates":[[[79.499553,15.679427],[79.500883,15.678946],[79.500856,15.678677],[79.500874,15.678594],[79.499456,15.679086],[79.499553,15.679427]]]},"properties":{"lp":"111","ac":"1.459","chaltha":"111"}},{"type":"Feature","geometry":{"type":"Polygon","coordinates":[[[79.499027,15.679618],[79.498776,15.679002],[79.498324,15.679156],[79.498337,15.679191],[79.49842,15.679441],[79.498516,15.6797],[79.498609,15.679951],[79.49893,15.679829],[79.498859,15.679678],[79.499027,15.679618]]]},"properties":{"lp":"113","ac":"1.136","chaltha":"113"}},{"type":"Feature","geometry":{"type":"Polygon","coordinates":[[[79.498776,15.679002],[79.499027,15.679618],[79.499553,15.679427],[79.499456,15.679086],[79.499352,15.678813],[79.498776,15.679002]]]},"properties":{"lp":"112","ac":"1.132","chaltha":"112"}},{"type":"Feature","geometry":{"type":"Polygon","coordinates":[[[79.501255,15.676125],[79.501556,15.676009],[79.501445,15.675709],[79.501118,15.675832],[79.501255,15.676125]]]},"properties":{"lp":"131","ac":"0.316","chaltha":"131"}},{"type":"Feature","geometry":{"type":"Polygon","coordinates":[[[79.501255,15.676125],[79.501388,15.676444],[79.501676,15.676335],[79.501556,15.676009],[79.501255,15.676125]]]},"properties":{"lp":"130","ac":"0.32","chaltha":"130"}},{"type":"Feature","geometry":{"type":"Polygon","coordinates":[[[79.500877,15.675923],[79.501131,15.676543],[79.501388,15.676444],[79.501255,15.676125],[79.501118,15.675832],[79.500877,15.675923]]]},"properties":{"lp":"129","ac":"0.53","chaltha":"129"}},{"type":"Feature","geometry":{"type":"Polygon","coordinates":[[[79.500408,15.676819],[79.501131,15.676543],[79.500877,15.675923],[79.500162,15.676193],[79.500277,15.676485],[79.500408,15.676819]]]},"properties":{"lp":"128","ac":"1.512","chaltha":"128"}},{"type":"Feature","geometry":{"type":"Polygon","coordinates":[[[79.499862,15.677028],[79.499972,15.676985],[79.500408,15.676819],[79.500277,15.676485],[79.500007,15.676587],[79.499732,15.676691],[79.499862,15.677028]]]},"properties":{"lp":"125","ac":"0.615","chaltha":"125"}},{"type":"Feature","geometry":{"type":"Polygon","coordinates":[[[79.499732,15.676691],[79.500007,15.676587],[79.499883,15.6763],[79.499606,15.676407],[79.499732,15.676691]]]},"properties":{"lp":"126","ac":"0.27","chaltha":"126"}},{"type":"Feature","geometry":{"type":"Polygon","coordinates":[[[79.500007,15.676587],[79.500277,15.676485],[79.500162,15.676193],[79.500023,15.676245],[79.499883,15.6763],[79.500007,15.676587]]]},"properties":{"lp":"127","ac":"0.27","chaltha":"127"}},{"type":"Feature","geometry":{"type":"Polygon","coordinates":[[[79.499145,15.676586],[79.49926,15.676883],[79.499732,15.676691],[79.499606,15.676407],[79.499145,15.676586]]]},"properties":{"lp":"123","ac":"0.462","chaltha":"123"}},{"type":"Feature","geometry":{"type":"Polygon","coordinates":[[[79.49926,15.676883],[79.499264,15.67689],[79.499404,15.677203],[79.499862,15.677028],[79.499732,15.676691],[79.49926,15.676883]]]},"properties":{"lp":"124","ac":"0.52","chaltha":"124"}},{"type":"Feature","geometry":{"type":"Polygon","coordinates":[[[79.499264,15.67689],[79.498627,15.677144],[79.498767,15.677446],[79.499404,15.677203],[79.499264,15.67689]]]},"properties":{"lp":"121","ac":"0.676","chaltha":"121"}},{"type":"Feature","geometry":{"type":"Polygon","coordinates":[[[79.498484,15.676835],[79.498569,15.677018],[79.498627,15.677144],[79.499264,15.67689],[79.49926,15.676883],[79.499145,15.676586],[79.498844,15.676704],[79.498484,15.676835]]]},"properties":{"lp":"122","ac":"0.675","chaltha":"122"}},{"type":"Feature","geometry":{"type":"Polygon","coordinates":[[[79.501066,15.67819],[79.501139,15.678125],[79.501263,15.678012],[79.501486,15.677456],[79.501503,15.67711],[79.501676,15.676335],[79.501388,15.676444],[79.501131,15.676543],[79.500408,15.676819],[79.499972,15.676985],[79.500278,15.677674],[79.5005,15.678174],[79.500946,15.677979],[79.501066,15.67819]]]},"properties":{"lp":"120","ac":"5.371","chaltha":"120"}},{"type":"Feature","geometry":{"type":"Polygon","coordinates":[[[79.502083,15.668053],[79.50213,15.6682],[79.502229,15.668486],[79.502286,15.668648],[79.502342,15.668677],[79.503922,15.667802],[79.503825,15.667376],[79.502083,15.668053]]]},"properties":{"lp":"738","ac":"3.005","chaltha":"738"}},{"type":"Feature","geometry":{"type":"Polygon","coordinates":[[[79.502113,15.667759],[79.502004,15.667805],[79.502083,15.668053],[79.503825,15.667376],[79.503809,15.667305],[79.50371,15.667159],[79.50212,15.667787],[79.502113,15.667759]]]},"properties":{"lp":"739","ac":"1.31","chaltha":"739"}},{"type":"Feature","geometry":{"type":"Polygon","coordinates":[[[79.502021,15.667518],[79.502113,15.667759],[79.50212,15.667787],[79.50371,15.667159],[79.503523,15.666883],[79.502021,15.667518]]]},"properties":{"lp":"740","ac":"1.5","chaltha":"740"}},{"type":"Feature","geometry":{"type":"Polygon","coordinates":[[[79.501914,15.667236],[79.502021,15.667518],[79.503523,15.666883],[79.503361,15.666642],[79.501914,15.667236]]]},"properties":{"lp":"741","ac":"1.37","chaltha":"741"}},{"type":"Feature","geometry":{"type":"Polygon","coordinates":[[[79.490252,15.674176],[79.490386,15.674123],[79.490545,15.674059],[79.490269,15.673438],[79.489995,15.672823],[79.48972,15.672205],[79.489674,15.672224],[79.489478,15.67231],[79.489436,15.672328],[79.490252,15.674176]]]},"properties":{"lp":"544","ac":"1.851","chaltha":"544"}},{"type":"Feature","geometry":{"type":"Polygon","coordinates":[[[79.490269,15.673438],[79.490834,15.673207],[79.490555,15.672586],[79.489995,15.672823],[79.490269,15.673438]]]},"properties":{"lp":"542","ac":"1.209","chaltha":"542"}},{"type":"Feature","geometry":{"type":"Polygon","coordinates":[[[79.490545,15.674059],[79.490641,15.67402],[79.490896,15.673918],[79.491112,15.673825],[79.490834,15.673207],[79.490269,15.673438],[79.490545,15.674059]]]},"properties":{"lp":"543","ac":"1.221","chaltha":"543"}},{"type":"Feature","geometry":{"type":"Polygon","coordinates":[[[79.490174,15.672006],[79.490274,15.671962],[79.49042,15.671899],[79.489932,15.670497],[79.489571,15.670664],[79.489569,15.67094],[79.489641,15.671303],[79.489688,15.671389],[79.489732,15.671411],[79.489849,15.671468],[79.489937,15.671432],[79.490174,15.672006]]]},"properties":{"lp":"535","ac":"1.741","chaltha":"535"}},{"type":"Feature","geometry":{"type":"Polygon","coordinates":[[[79.489674,15.672224],[79.48949,15.671781],[79.489297,15.671909],[79.489311,15.67194],[79.489478,15.67231],[79.489674,15.672224]]]},"properties":{"lp":"540","ac":"0.299","chaltha":"540"}},{"type":"Feature","geometry":{"type":"Polygon","coordinates":[[[79.48949,15.671781],[79.489674,15.672224],[79.48972,15.672205],[79.489867,15.67214],[79.489673,15.671684],[79.48949,15.671781]]]},"properties":{"lp":"539","ac":"0.297","chaltha":"539"}},{"type":"Feature","geometry":{"type":"Polygon","coordinates":[[[79.490555,15.672586],[79.490274,15.671962],[79.490174,15.672006],[79.489937,15.671432],[79.489849,15.671468],[79.48978,15.671612],[79.489673,15.671684],[79.489867,15.67214],[79.48972,15.672205],[79.489995,15.672823],[79.490555,15.672586]]]},"properties":{"lp":"538","ac":"1.767","chaltha":"538"}},{"type":"Feature","geometry":{"type":"Polygon","coordinates":[[[79.491112,15.673825],[79.491311,15.673739],[79.491637,15.673598],[79.490768,15.671747],[79.490821,15.671724],[79.490327,15.670313],[79.489932,15.670497],[79.49042,15.671899],[79.490274,15.671962],[79.490555,15.672586],[79.490834,15.673207],[79.491112,15.673825]]]},"properties":{"lp":"534","ac":"5.222","chaltha":"534"}},{"type":"Feature","geometry":{"type":"Polygon","coordinates":[[[79.484493,15.677679],[79.484988,15.677719],[79.484435,15.676292],[79.484443,15.676289],[79.484008,15.676435],[79.484493,15.677679]]]},"properties":{"lp":"1250","ac":"1.881","chaltha":"1250"}},{"type":"Feature","geometry":{"type":"Polygon","coordinates":[[[79.483477,15.676614],[79.48385,15.677587],[79.484053,15.677643],[79.484493,15.677679],[79.484008,15.676435],[79.483477,15.676614]]]},"properties":{"lp":"1251","ac":"1.987","chaltha":"1251"}},{"type":"Feature","geometry":{"type":"Polygon","coordinates":[[[79.484713,15.675056],[79.484822,15.675309],[79.485732,15.67494],[79.485642,15.674687],[79.485593,15.674707],[79.485378,15.674792],[79.485153,15.674881],[79.484713,15.675056]]]},"properties":{"lp":"572","ac":"0.789","chaltha":"572"}},{"type":"Feature","geometry":{"type":"Polygon","coordinates":[[[79.484822,15.675309],[79.484933,15.675566],[79.485836,15.675198],[79.485732,15.67494],[79.484822,15.675309]]]},"properties":{"lp":"571","ac":"0.8","chaltha":"571"}},{"type":"Feature","geometry":{"type":"Polygon","coordinates":[[[79.485836,15.675198],[79.484933,15.675566],[79.485147,15.676063],[79.485227,15.676021],[79.485843,15.67584],[79.486087,15.675769],[79.485857,15.675262],[79.485836,15.675198]]]},"properties":{"lp":"570","ac":"1.637","chaltha":"570"}},{"type":"Feature","geometry":{"type":"Polygon","coordinates":[[[79.485642,15.674687],[79.485732,15.67494],[79.485836,15.675198],[79.485857,15.675262],[79.486767,15.674944],[79.48651,15.674353],[79.486217,15.674482],[79.486049,15.674542],[79.485642,15.674687]]]},"properties":{"lp":"568","ac":"1.725","chaltha":"568"}},{"type":"Feature","geometry":{"type":"Polygon","coordinates":[[[79.485153,15.674881],[79.484859,15.674214],[79.484432,15.674382],[79.484713,15.675056],[79.485153,15.674881]]]},"properties":{"lp":"573","ac":"0.997","chaltha":"573"}},{"type":"Feature","geometry":{"type":"Polygon","coordinates":[[[79.484859,15.674214],[79.485153,15.674881],[79.485378,15.674792],[79.485074,15.674131],[79.484859,15.674214]]]},"properties":{"lp":"574","ac":"0.502","chaltha":"574"}},{"type":"Feature","geometry":{"type":"Polygon","coordinates":[[[79.485074,15.674131],[79.485378,15.674792],[79.485593,15.674707],[79.485445,15.67438],[79.485293,15.674044],[79.485074,15.674131]]]},"properties":{"lp":"575","ac":"0.498","chaltha":"575"}},{"type":"Feature","geometry":{"type":"Polygon","coordinates":[[[79.485445,15.67438],[79.4859,15.67422],[79.485762,15.673865],[79.485293,15.674044],[79.485445,15.67438]]]},"properties":{"lp":"576","ac":"0.54","chaltha":"576"}},{"type":"Feature","geometry":{"type":"Polygon","coordinates":[[[79.4859,15.67422],[79.485445,15.67438],[79.485593,15.674707],[79.485642,15.674687],[79.486049,15.674542],[79.4859,15.67422]]]},"properties":{"lp":"577","ac":"0.502","chaltha":"577"}},{"type":"Feature","geometry":{"type":"Polygon","coordinates":[[[79.48595,15.674329],[79.4859,15.67422],[79.486049,15.674542],[79.486217,15.674482],[79.48651,15.674353],[79.487004,15.674145],[79.487372,15.673974],[79.48749,15.673919],[79.487379,15.673715],[79.48595,15.674329]]]},"properties":{"lp":"578","ac":"1.111","chaltha":"578"}},{"type":"Feature","geometry":{"type":"Polygon","coordinates":[[[79.48447,15.673808],[79.484502,15.674083],[79.484432,15.674382],[79.484859,15.674214],[79.485074,15.674131],[79.485293,15.674044],[79.485762,15.673865],[79.4859,15.67422],[79.48595,15.674329],[79.487379,15.673715],[79.487217,15.673417],[79.486877,15.672791],[79.48677,15.672858],[79.486595,15.672968],[79.486516,15.672993],[79.486285,15.673067],[79.486066,15.673137],[79.48571,15.67325],[79.485394,15.673351],[79.485207,15.67341],[79.48503,15.673467],[79.484977,15.673499],[79.484747,15.673639],[79.48463,15.67371],[79.48447,15.673808]]]},"properties":{"lp":"579","ac":"6.783","chaltha":"579"}},{"type":"Feature","geometry":{"type":"Polygon","coordinates":[[[79.486749,15.671901],[79.486172,15.67209],[79.486484,15.672271],[79.48669,15.672475],[79.486877,15.672791],[79.487217,15.673417],[79.487517,15.673332],[79.486749,15.671901]]]},"properties":{"lp":"564","ac":"1.666","chaltha":"564"}},{"type":"Feature","geometry":{"type":"Polygon","coordinates":[[[79.487517,15.673332],[79.487217,15.673417],[79.487379,15.673715],[79.48749,15.673919],[79.487372,15.673974],[79.487875,15.675109],[79.488246,15.674936],[79.487769,15.673824],[79.487536,15.673367],[79.487517,15.673332]]]},"properties":{"lp":"565","ac":"1.994","chaltha":"565"}},{"type":"Feature","geometry":{"type":"Polygon","coordinates":[[[79.487875,15.675109],[79.487372,15.673974],[79.487004,15.674145],[79.487484,15.675265],[79.487857,15.675116],[79.487875,15.675109]]]},"properties":{"lp":"566","ac":"1.489","chaltha":"566"}},{"type":"Feature","geometry":{"type":"Polygon","coordinates":[[[79.495004,15.658442],[79.49534,15.658304],[79.49524,15.658052],[79.49506,15.65762],[79.494966,15.657394],[79.494871,15.657166],[79.494628,15.657244],[79.494567,15.657263],[79.495004,15.658442]]]},"properties":{"lp":"868","ac":"1.25","chaltha":"868"}},{"type":"Feature","geometry":{"type":"Polygon","coordinates":[[[79.494843,15.658509],[79.494878,15.658494],[79.495004,15.658442],[79.494567,15.657263],[79.49441,15.657313],[79.494843,15.658509]]]},"properties":{"lp":"869","ac":"0.626","chaltha":"869"}},{"type":"Feature","geometry":{"type":"Polygon","coordinates":[[[79.494709,15.658564],[79.494843,15.658509],[79.49441,15.657313],[79.494269,15.657359],[79.494247,15.657361],[79.494687,15.658568],[79.494709,15.658564]]]},"properties":{"lp":"870","ac":"0.631","chaltha":"870"}},{"type":"Feature","geometry":{"type":"Polygon","coordinates":[[[79.493603,15.658485],[79.493645,15.658597],[79.493748,15.658899],[79.493795,15.658997],[79.494034,15.658897],[79.494266,15.658798],[79.494083,15.658283],[79.493603,15.658485]]]},"properties":{"lp":"872","ac":"0.834","chaltha":"872"}},{"type":"Feature","geometry":{"type":"Polygon","coordinates":[[[79.493632,15.657148],[79.493904,15.657778],[79.494083,15.658283],[79.494266,15.658798],[79.494722,15.658605],[79.494709,15.658564],[79.494687,15.658568],[79.494247,15.657361],[79.494269,15.657359],[79.493906,15.65665],[79.493636,15.65702],[79.493632,15.657148]]]},"properties":{"lp":"871","ac":"2.752","chaltha":"871"}},{"type":"Feature","geometry":{"type":"Polygon","coordinates":[[[79.495504,15.656939],[79.495186,15.65617],[79.494906,15.655493],[79.494535,15.655931],[79.494808,15.656568],[79.49504,15.657107],[79.495504,15.656939]]]},"properties":{"lp":"864","ac":"2.098","chaltha":"864"}},{"type":"Feature","geometry":{"type":"Polygon","coordinates":[[[79.495186,15.65617],[79.495593,15.656002],[79.49522,15.655123],[79.494906,15.655493],[79.495186,15.65617]]]},"properties":{"lp":"862","ac":"1.079","chaltha":"862"}},{"type":"Feature","geometry":{"type":"Polygon","coordinates":[[[79.495504,15.656939],[79.4959,15.656791],[79.495917,15.656766],[79.495593,15.656002],[79.495186,15.65617],[79.495504,15.656939]]]},"properties":{"lp":"863","ac":"1.092","chaltha":"863"}},{"type":"Feature","geometry":{"type":"Polygon","coordinates":[[[79.496515,15.657542],[79.496143,15.65666],[79.495917,15.656766],[79.4959,15.656791],[79.495984,15.656985],[79.496082,15.657211],[79.496264,15.657634],[79.496515,15.657542]]]},"properties":{"lp":"890","ac":"0.75","chaltha":"890"}},{"type":"Feature","geometry":{"type":"Polygon","coordinates":[[[79.496515,15.657542],[79.496773,15.657448],[79.496395,15.656542],[79.496342,15.656567],[79.496194,15.656637],[79.496143,15.65666],[79.496515,15.657542]]]},"properties":{"lp":"891","ac":"0.783","chaltha":"891"}},{"type":"Feature","geometry":{"type":"Polygon","coordinates":[[[79.502248,15.657852],[79.502197,15.657537],[79.50204,15.656578],[79.501851,15.656569],[79.501804,15.656565],[79.502023,15.657893],[79.502248,15.657852]]]},"properties":{"lp":"777","ac":"0.887","chaltha":"777"}},{"type":"Feature","geometry":{"type":"Polygon","coordinates":[[[79.502197,15.657537],[79.502643,15.657459],[79.502602,15.657178],[79.502518,15.6566],[79.50204,15.656578],[79.502197,15.657537]]]},"properties":{"lp":"775","ac":"1.243","chaltha":"775"}},{"type":"Feature","geometry":{"type":"Polygon","coordinates":[[[79.502602,15.657178],[79.503301,15.657088],[79.5033,15.656892],[79.503246,15.656877],[79.503145,15.656629],[79.502518,15.6566],[79.502602,15.657178]]]},"properties":{"lp":"774","ac":"1.044","chaltha":"774"}},{"type":"Feature","geometry":{"type":"Polygon","coordinates":[[[79.502699,15.657788],[79.502643,15.657459],[79.502197,15.657537],[79.502248,15.657852],[79.502699,15.657788]]]},"properties":{"lp":"776","ac":"0.435","chaltha":"776"}},{"type":"Feature","geometry":{"type":"Polygon","coordinates":[[[79.502699,15.657788],[79.503089,15.657728],[79.503302,15.657401],[79.503301,15.657088],[79.502602,15.657178],[79.502643,15.657459],[79.502699,15.657788]]]},"properties":{"lp":"773","ac":"1.086","chaltha":"773"}},{"type":"Feature","geometry":{"type":"Polygon","coordinates":[[[79.501347,15.658004],[79.501789,15.657933],[79.501667,15.657185],[79.501247,15.657262],[79.501291,15.657632],[79.501347,15.658004]]]},"properties":{"lp":"780","ac":"0.972","chaltha":"780"}},{"type":"Feature","geometry":{"type":"Polygon","coordinates":[[[79.484794,15.669338],[79.48509,15.669225],[79.485328,15.669139],[79.485186,15.668798],[79.485148,15.668706],[79.484612,15.668917],[79.484794,15.669338]]]},"properties":{"lp":"1116","ac":"0.776","chaltha":"1116"}},{"type":"Feature","geometry":{"type":"Polygon","coordinates":[[[79.484211,15.668184],[79.484272,15.668163],[79.484364,15.668128],[79.484177,15.667689],[79.484019,15.667757],[79.484211,15.668184]]]},"properties":{"lp":"1128","ac":"0.232","chaltha":"1128"}},{"type":"Feature","geometry":{"type":"Polygon","coordinates":[[[79.485105,15.668601],[79.485148,15.668706],[79.485186,15.668798],[79.48568,15.668631],[79.485607,15.668434],[79.485105,15.668601]]]},"properties":{"lp":"1118","ac":"0.326","chaltha":"1118"}},{"type":"Feature","geometry":{"type":"Polygon","coordinates":[[[79.485061,15.668496],[79.485105,15.668601],[79.485607,15.668434],[79.485566,15.668323],[79.485061,15.668496]]]},"properties":{"lp":"1119","ac":"0.18","chaltha":"1119"}},{"type":"Feature","geometry":{"type":"Polygon","coordinates":[[[79.485815,15.668964],[79.48568,15.668631],[79.485186,15.668798],[79.485328,15.669139],[79.485655,15.669022],[79.485815,15.668964]]]},"properties":{"lp":"1117","ac":"0.554","chaltha":"1117"}},{"type":"Feature","geometry":{"type":"Polygon","coordinates":[[[79.483622,15.668132],[79.483952,15.668007],[79.483877,15.66782],[79.483818,15.667845],[79.48355,15.667962],[79.483622,15.668132]]]},"properties":{"lp":"1126","ac":"0.201","chaltha":"1126"}},{"type":"Feature","geometry":{"type":"Polygon","coordinates":[[[79.483952,15.668007],[79.484039,15.668194],[79.484057,15.668233],[79.484211,15.668184],[79.484019,15.667757],[79.483877,15.66782],[79.483952,15.668007]]]},"properties":{"lp":"1127","ac":"0.216","chaltha":"1127"}},{"type":"Feature","geometry":{"type":"Polygon","coordinates":[[[79.484511,15.668048],[79.484615,15.668023],[79.484497,15.667552],[79.484382,15.667599],[79.484333,15.667621],[79.484511,15.668048]]]},"properties":{"lp":"1129","ac":"0.197","chaltha":"1129"}},{"type":"Feature","geometry":{"type":"Polygon","coordinates":[[[79.481666,15.668318],[79.481629,15.668516],[79.481625,15.668528],[79.482716,15.668207],[79.482722,15.668206],[79.482731,15.668203],[79.482678,15.668034],[79.481666,15.668318]]]},"properties":{"lp":"1179","ac":"0.592","chaltha":"1179"}},{"type":"Feature","geometry":{"type":"Polygon","coordinates":[[[79.4817,15.668142],[79.481666,15.668318],[79.482678,15.668034],[79.482628,15.667876],[79.4817,15.668142]]]},"properties":{"lp":"1178","ac":"0.482","chaltha":"1178"}},{"type":"Feature","geometry":{"type":"Polygon","coordinates":[[[79.482628,15.667876],[79.482678,15.668034],[79.482731,15.668203],[79.483251,15.66805],[79.483169,15.667833],[79.483131,15.667732],[79.482628,15.667876]]]},"properties":{"lp":"1180","ac":"0.533","chaltha":"1180"}},{"type":"Feature","geometry":{"type":"Polygon","coordinates":[[[79.483058,15.667566],[79.483131,15.667732],[79.483169,15.667833],[79.483725,15.667602],[79.483622,15.667335],[79.483058,15.667566]]]},"properties":{"lp":"1182","ac":"0.51","chaltha":"1182"}},{"type":"Feature","geometry":{"type":"Polygon","coordinates":[[[79.483169,15.667833],[79.483251,15.66805],[79.48355,15.667962],[79.483818,15.667845],[79.483725,15.667602],[79.483169,15.667833]]]},"properties":{"lp":"1181","ac":"0.451","chaltha":"1181"}},{"type":"Feature","geometry":{"type":"Polygon","coordinates":[[[79.483002,15.667441],[79.483054,15.667558],[79.483058,15.667566],[79.483622,15.667335],[79.483572,15.667203],[79.483002,15.667441]]]},"properties":{"lp":"1183","ac":"0.25","chaltha":"1183"}},{"type":"Feature","geometry":{"type":"Polygon","coordinates":[[[79.48295,15.667321],[79.483002,15.667441],[79.483572,15.667203],[79.483523,15.667065],[79.483471,15.667087],[79.48295,15.667321]]]},"properties":{"lp":"1184","ac":"0.253","chaltha":"1184"}},{"type":"Feature","geometry":{"type":"Polygon","coordinates":[[[79.483719,15.66554],[79.484148,15.665315],[79.484122,15.665254],[79.484113,15.665233],[79.483677,15.665457],[79.483719,15.66554]]]},"properties":{"lp":"1194","ac":"0.13","chaltha":"1194"}},{"type":"Feature","geometry":{"type":"Polygon","coordinates":[[[79.483616,15.665888],[79.483691,15.665853],[79.483846,15.665767],[79.483719,15.66554],[79.483677,15.665457],[79.484113,15.665233],[79.484094,15.66519],[79.483929,15.66525],[79.483688,15.665222],[79.483624,15.665125],[79.4833,15.665345],[79.483616,15.665888]]]},"properties":{"lp":"1192","ac":"0.725","chaltha":"1192"}},{"type":"Feature","geometry":{"type":"Polygon","coordinates":[[[79.482426,15.665939],[79.482506,15.666197],[79.483255,15.66576],[79.483083,15.665493],[79.482426,15.665939]]]},"properties":{"lp":"1190","ac":"0.705","chaltha":"1190"}},{"type":"Feature","geometry":{"type":"Polygon","coordinates":[[[79.482506,15.666197],[79.482597,15.66645],[79.4826,15.666457],[79.483414,15.666002],[79.483255,15.66576],[79.482506,15.666197]]]},"properties":{"lp":"1189","ac":"0.74","chaltha":"1189"}},{"type":"Feature","geometry":{"type":"Polygon","coordinates":[[[79.4826,15.666457],[79.482648,15.666587],[79.482679,15.666669],[79.483805,15.666081],[79.483691,15.665853],[79.483616,15.665888],[79.483414,15.666002],[79.4826,15.666457]]]},"properties":{"lp":"1188","ac":"0.892","chaltha":"1188"}},{"type":"Feature","geometry":{"type":"Polygon","coordinates":[[[79.482679,15.666669],[79.482762,15.666887],[79.483929,15.666335],[79.483906,15.666281],[79.483805,15.666081],[79.482679,15.666669]]]},"properties":{"lp":"1187","ac":"0.967","chaltha":"1187"}},{"type":"Feature","geometry":{"type":"Polygon","coordinates":[[[79.483523,15.667065],[79.483572,15.667203],[79.483622,15.667335],[79.483725,15.667602],[79.483818,15.667845],[79.483877,15.66782],[79.484019,15.667757],[79.484177,15.667689],[79.484333,15.667621],[79.484382,15.667599],[79.484076,15.666855],[79.483523,15.667065]]]},"properties":{"lp":"1201","ac":"1.452","chaltha":"1201"}},{"type":"Feature","geometry":{"type":"Polygon","coordinates":[[[79.481242,15.666503],[79.481535,15.667243],[79.481608,15.667271],[79.48186,15.667214],[79.481914,15.667043],[79.481777,15.666674],[79.481674,15.666394],[79.481619,15.666408],[79.481425,15.666457],[79.481242,15.666503]]]},"properties":{"lp":"1169","ac":"1.041","chaltha":"1169"}},{"type":"Feature","geometry":{"type":"Polygon","coordinates":[[[79.481425,15.666457],[79.481331,15.66606],[79.481194,15.666105],[79.481099,15.666136],[79.48123,15.666472],[79.481242,15.666503],[79.481425,15.666457]]]},"properties":{"lp":"1168","ac":"0.254","chaltha":"1168"}},{"type":"Feature","geometry":{"type":"Polygon","coordinates":[[[79.482037,15.666249],[79.482173,15.666233],[79.482335,15.665727],[79.481944,15.665857],[79.482037,15.666249]]]},"properties":{"lp":"1165","ac":"0.34","chaltha":"1165"}},{"type":"Feature","geometry":{"type":"Polygon","coordinates":[[[79.481777,15.666674],[79.482059,15.666591],[79.482173,15.666233],[79.482037,15.666249],[79.481658,15.666333],[79.481674,15.666394],[79.481777,15.666674]]]},"properties":{"lp":"1170","ac":"0.419","chaltha":"1170"}},{"type":"Feature","geometry":{"type":"Polygon","coordinates":[[[79.481914,15.667043],[79.482059,15.666591],[79.481777,15.666674],[79.481914,15.667043]]]},"properties":{"lp":"1171","ac":"0.17","chaltha":"1171"}},{"type":"Feature","geometry":{"type":"Polygon","coordinates":[[[79.479819,15.664375],[79.479922,15.664555],[79.480131,15.664498],[79.480045,15.664295],[79.479819,15.664375]]]},"properties":{"lp":"1648","ac":"0.141","chaltha":"1648"}},{"type":"Feature","geometry":{"type":"Polygon","coordinates":[[[79.480045,15.664295],[79.480131,15.664498],[79.480151,15.664492],[79.480428,15.664404],[79.480826,15.664277],[79.480745,15.664059],[79.480314,15.664205],[79.480057,15.664291],[79.480045,15.664295]]]},"properties":{"lp":"1649","ac":"0.487","chaltha":"1649"}},{"type":"Feature","geometry":{"type":"Polygon","coordinates":[[[79.480314,15.664205],[79.480745,15.664059],[79.480689,15.663906],[79.480245,15.664038],[79.480314,15.664205]]]},"properties":{"lp":"1650","ac":"0.23","chaltha":"1650"}},{"type":"Feature","geometry":{"type":"Polygon","coordinates":[[[79.480245,15.664038],[79.479983,15.664122],[79.480057,15.664291],[79.480314,15.664205],[79.480245,15.664038]]]},"properties":{"lp":"1651","ac":"0.146","chaltha":"1651"}},{"type":"Feature","geometry":{"type":"Polygon","coordinates":[[[79.479819,15.664375],[79.480045,15.664295],[79.480057,15.664291],[79.479983,15.664122],[79.479737,15.664219],[79.479819,15.664375]]]},"properties":{"lp":"1652","ac":"0.136","chaltha":"1652"}},{"type":"Feature","geometry":{"type":"Polygon","coordinates":[[[79.478768,15.664878],[79.47885,15.665055],[79.479434,15.664848],[79.47941,15.664806],[79.479243,15.664717],[79.478768,15.664878]]]},"properties":{"lp":"1641","ac":"0.32","chaltha":"1641"}},{"type":"Feature","geometry":{"type":"Polygon","coordinates":[[[79.478595,15.664502],[79.478687,15.664701],[79.47917,15.664528],[79.479368,15.664464],[79.47931,15.664252],[79.478595,15.664502]]]},"properties":{"lp":"1643","ac":"0.469","chaltha":"1643"}},{"type":"Feature","geometry":{"type":"Polygon","coordinates":[[[79.47931,15.664252],[79.479217,15.664037],[79.47851,15.664307],[79.478534,15.664367],[79.478595,15.664502],[79.47931,15.664252]]]},"properties":{"lp":"1644","ac":"0.496","chaltha":"1644"}},{"type":"Feature","geometry":{"type":"Polygon","coordinates":[[[79.480107,15.663556],[79.480146,15.66334],[79.480165,15.66318],[79.480179,15.663084],[79.479186,15.663819],[79.479338,15.663776],[79.479537,15.663719],[79.480107,15.663556]]]},"properties":{"lp":"1671","ac":"0.612","chaltha":"1671"}},{"type":"Feature","geometry":{"type":"Polygon","coordinates":[[[79.479823,15.664024],[79.479762,15.663871],[79.47961,15.66392],[79.479672,15.664074],[79.479823,15.664024]]]},"properties":{"lp":"1666","ac":"0.077","chaltha":"1666"}},{"type":"Feature","geometry":{"type":"Polygon","coordinates":[[[79.480009,15.663792],[79.480062,15.663945],[79.480202,15.663899],[79.480159,15.663744],[79.480009,15.663792]]]},"properties":{"lp":"1654","ac":"0.072","chaltha":"1654"}},{"type":"Feature","geometry":{"type":"Polygon","coordinates":[[[79.479571,15.663813],[79.480133,15.663651],[79.48013,15.663639],[79.480107,15.663556],[79.479537,15.663719],[79.479571,15.663813]]]},"properties":{"lp":"1670","ac":"0.172","chaltha":"1670"}},{"type":"Feature","geometry":{"type":"Polygon","coordinates":[[[79.49329,15.6728],[79.493827,15.673975],[79.494237,15.673802],[79.493667,15.672569],[79.493312,15.672766],[79.49329,15.6728]]]},"properties":{"lp":"522","ac":"1.729","chaltha":"522"}},{"type":"Feature","geometry":{"type":"Polygon","coordinates":[[[79.494076,15.675218],[79.494111,15.675203],[79.494343,15.675103],[79.494219,15.674833],[79.494104,15.674581],[79.493827,15.673975],[79.49329,15.6728],[79.493141,15.672855],[79.493014,15.672934],[79.494076,15.675218]]]},"properties":{"lp":"463","ac":"2.215","chaltha":"463"}},{"type":"Feature","geometry":{"type":"Polygon","coordinates":[[[79.475537,15.677712],[79.475755,15.678173],[79.47644,15.677877],[79.476272,15.677474],[79.476246,15.677412],[79.475537,15.677712]]]},"properties":{"lp":"1419","ac":"1.126","chaltha":"1419"}},{"type":"Feature","geometry":{"type":"Polygon","coordinates":[[[79.474941,15.67645],[79.475034,15.676649],[79.47573,15.676351],[79.475664,15.676199],[79.474941,15.67645]]]},"properties":{"lp":"1428","ac":"0.428","chaltha":"1428"}},{"type":"Feature","geometry":{"type":"Polygon","coordinates":[[[79.489797,15.697713],[79.489888,15.697977],[79.491152,15.697597],[79.49105,15.697329],[79.489797,15.697713]]]},"properties":{"lp":"1810","ac":"1.09","chaltha":"1810"}},{"type":"Feature","geometry":{"type":"Polygon","coordinates":[[[79.489797,15.697713],[79.49105,15.697329],[79.490993,15.697178],[79.489744,15.697559],[79.489797,15.697713]]]},"properties":{"lp":"1809","ac":"0.621","chaltha":"1809"}},{"type":"Feature","geometry":{"type":"Polygon","coordinates":[[[79.489744,15.697559],[79.490993,15.697178],[79.490928,15.697008],[79.489686,15.69739],[79.489744,15.697559]]]},"properties":{"lp":"1808","ac":"0.689","chaltha":"1808"}},{"type":"Feature","geometry":{"type":"Polygon","coordinates":[[[79.489686,15.69739],[79.490928,15.697008],[79.490868,15.69685],[79.489635,15.697241],[79.489686,15.69739]]]},"properties":{"lp":"1807","ac":"0.619","chaltha":"1807"}},{"type":"Feature","geometry":{"type":"Polygon","coordinates":[[[79.489583,15.697091],[79.489635,15.697241],[79.490868,15.69685],[79.490813,15.696706],[79.489583,15.697091]]]},"properties":{"lp":"1806","ac":"0.591","chaltha":"1806"}},{"type":"Feature","geometry":{"type":"Polygon","coordinates":[[[79.489583,15.697091],[79.490813,15.696706],[79.490758,15.696559],[79.489532,15.696942],[79.489583,15.697091]]]},"properties":{"lp":"1805","ac":"0.591","chaltha":"1805"}},{"type":"Feature","geometry":{"type":"Polygon","coordinates":[[[79.489532,15.696942],[79.490758,15.696559],[79.490696,15.696397],[79.489481,15.696794],[79.489493,15.69683],[79.489532,15.696942]]]},"properties":{"lp":"1804","ac":"0.62","chaltha":"1804"}},{"type":"Feature","geometry":{"type":"Polygon","coordinates":[[[79.489429,15.696642],[79.489481,15.696794],[79.490696,15.696397],[79.490641,15.696252],[79.489429,15.696642]]]},"properties":{"lp":"1803","ac":"0.591","chaltha":"1803"}},{"type":"Feature","geometry":{"type":"Polygon","coordinates":[[[79.490641,15.696252],[79.490563,15.696047],[79.489382,15.696505],[79.489429,15.696642],[79.490641,15.696252]]]},"properties":{"lp":"1802","ac":"0.676","chaltha":"1802"}},{"type":"Feature","geometry":{"type":"Polygon","coordinates":[[[79.491152,15.697597],[79.491718,15.697427],[79.491306,15.695787],[79.490563,15.696047],[79.490641,15.696252],[79.490696,15.696397],[79.490758,15.696559],[79.490813,15.696706],[79.490868,15.69685],[79.490928,15.697008],[79.490993,15.697178],[79.49105,15.697329],[79.491152,15.697597]]]},"properties":{"lp":"1811","ac":"3.375","chaltha":"1811"}},{"type":"Feature","geometry":{"type":"Polygon","coordinates":[[[79.491718,15.697427],[79.492237,15.69658],[79.492026,15.695939],[79.491907,15.695577],[79.491306,15.695787],[79.491718,15.697427]]]},"properties":{"lp":"1812","ac":"2.743","chaltha":"1812"}},{"type":"Feature","geometry":{"type":"Polygon","coordinates":[[[79.492026,15.695939],[79.492237,15.69658],[79.492782,15.695691],[79.492026,15.695939]]]},"properties":{"lp":"1813","ac":"0.786","chaltha":"1813"}},{"type":"Feature","geometry":{"type":"Polygon","coordinates":[[[79.491907,15.695577],[79.492026,15.695939],[79.492782,15.695691],[79.493096,15.695178],[79.492219,15.695485],[79.491907,15.695577]]]},"properties":{"lp":"1814","ac":"1.132","chaltha":"1814"}},{"type":"Feature","geometry":{"type":"Polygon","coordinates":[[[79.490311,15.6955],[79.491915,15.694931],[79.491625,15.694403],[79.490001,15.694966],[79.49014,15.695208],[79.490229,15.695352],[79.490301,15.695483],[79.490311,15.6955]]]},"properties":{"lp":"1817","ac":"3.008","chaltha":"1817"}},{"type":"Feature","geometry":{"type":"Polygon","coordinates":[[[79.490451,15.695776],[79.492058,15.695191],[79.491915,15.694931],[79.490311,15.6955],[79.490374,15.695613],[79.490438,15.695742],[79.490451,15.695776]]]},"properties":{"lp":"1816","ac":"1.496","chaltha":"1816"}},{"type":"Feature","geometry":{"type":"Polygon","coordinates":[[[79.490451,15.695776],[79.49051,15.695911],[79.490563,15.696047],[79.491306,15.695787],[79.491907,15.695577],[79.492219,15.695485],[79.492058,15.695191],[79.490451,15.695776]]]},"properties":{"lp":"1815","ac":"1.547","chaltha":"1815"}},{"type":"Feature","geometry":{"type":"Polygon","coordinates":[[[79.491625,15.694403],[79.491915,15.694931],[79.492058,15.695191],[79.492219,15.695485],[79.493096,15.695178],[79.493646,15.694285],[79.491625,15.694403]]]},"properties":{"lp":"1818","ac":"4.206","chaltha":"1818"}},{"type":"Feature","geometry":{"type":"Polygon","coordinates":[[[79.486749,15.671901],[79.487517,15.673332],[79.487536,15.673367],[79.487769,15.673824],[79.488047,15.673697],[79.487085,15.671764],[79.486839,15.671871],[79.486749,15.671901]]]},"properties":{"lp":"563","ac":"2.087","chaltha":"563"}},{"type":"Feature","geometry":{"type":"Polygon","coordinates":[[[79.488335,15.673566],[79.487852,15.67257],[79.487395,15.671629],[79.487085,15.671764],[79.488047,15.673697],[79.488335,15.673566]]]},"properties":{"lp":"562","ac":"2.068","chaltha":"562"}},{"type":"Feature","geometry":{"type":"Polygon","coordinates":[[[79.487658,15.671515],[79.487395,15.671629],[79.487852,15.67257],[79.488111,15.672467],[79.487658,15.671515]]]},"properties":{"lp":"560","ac":"0.87","chaltha":"560"}},{"type":"Feature","geometry":{"type":"Polygon","coordinates":[[[79.488111,15.672467],[79.487852,15.67257],[79.488335,15.673566],[79.488579,15.67346],[79.488111,15.672467]]]},"properties":{"lp":"561","ac":"0.877","chaltha":"561"}},{"type":"Feature","geometry":{"type":"Polygon","coordinates":[[[79.487936,15.671394],[79.487658,15.671515],[79.488111,15.672467],[79.488579,15.67346],[79.488626,15.673439],[79.488856,15.673339],[79.487936,15.671394]]]},"properties":{"lp":"559","ac":"1.902","chaltha":"559"}},{"type":"Feature","geometry":{"type":"Polygon","coordinates":[[[79.489043,15.673261],[79.488647,15.67249],[79.488515,15.672232],[79.488615,15.672085],[79.488206,15.671277],[79.487936,15.671394],[79.488856,15.673339],[79.488894,15.673322],[79.489043,15.673261]]]},"properties":{"lp":"558","ac":"1.501","chaltha":"558"}},{"type":"Feature","geometry":{"type":"Polygon","coordinates":[[[79.488615,15.672085],[79.488666,15.672033],[79.488283,15.671243],[79.488206,15.671277],[79.488615,15.672085]]]},"properties":{"lp":"556","ac":"0.201","chaltha":"556"}},{"type":"Feature","geometry":{"type":"Polygon","coordinates":[[[79.488647,15.67249],[79.489043,15.673261],[79.489157,15.673214],[79.489431,15.673101],[79.489138,15.672455],[79.489436,15.672328],[79.489478,15.67231],[79.489311,15.67194],[79.489073,15.672137],[79.488874,15.672302],[79.488647,15.67249]]]},"properties":{"lp":"551","ac":"1.591","chaltha":"551"}},{"type":"Feature","geometry":{"type":"Polygon","coordinates":[[[79.488582,15.671113],[79.488965,15.671943],[79.489249,15.671803],[79.48888,15.670984],[79.488582,15.671113]]]},"properties":{"lp":"553","ac":"0.852","chaltha":"553"}},{"type":"Feature","geometry":{"type":"Polygon","coordinates":[[[79.488706,15.672085],[79.488965,15.671943],[79.488582,15.671113],[79.488283,15.671243],[79.488666,15.672033],[79.488706,15.672085]]]},"properties":{"lp":"554","ac":"0.861","chaltha":"554"}},{"type":"Feature","geometry":{"type":"Polygon","coordinates":[[[79.489249,15.671803],[79.489732,15.671411],[79.489688,15.671389],[79.489641,15.671303],[79.489569,15.67094],[79.489571,15.670664],[79.48888,15.670984],[79.489249,15.671803]]]},"properties":{"lp":"536","ac":"1.514","chaltha":"536"}},{"type":"Feature","geometry":{"type":"Polygon","coordinates":[[[79.482362,15.674145],[79.482469,15.673568],[79.481931,15.673803],[79.482362,15.674145]]]},"properties":{"lp":"1382","ac":"0.418","chaltha":"1382"}},{"type":"Feature","geometry":{"type":"Polygon","coordinates":[[[79.48082,15.675481],[79.482468,15.674941],[79.482399,15.674682],[79.482362,15.674145],[79.481931,15.673803],[79.481531,15.674002],[79.480774,15.67478],[79.481017,15.675309],[79.48077,15.675413],[79.48082,15.675481]]]},"properties":{"lp":"1383","ac":"4.891","chaltha":"1383"}},{"type":"Feature","geometry":{"type":"Polygon","coordinates":[[[79.48082,15.675481],[79.48112,15.675897],[79.481936,15.67573],[79.482392,15.675733],[79.482609,15.675474],[79.482468,15.674941],[79.48082,15.675481]]]},"properties":{"lp":"1384","ac":"2.808","chaltha":"1384"}},{"type":"Feature","geometry":{"type":"Polygon","coordinates":[[[79.498604,15.688096],[79.498632,15.688078],[79.499749,15.686806],[79.499411,15.686954],[79.499358,15.686866],[79.498788,15.687129],[79.498705,15.68698],[79.498114,15.687249],[79.498235,15.687458],[79.498356,15.687669],[79.498604,15.688096]]]},"properties":{"lp":"37","ac":"2.427","chaltha":"37"}},{"type":"Feature","geometry":{"type":"Polygon","coordinates":[[[79.496229,15.688759],[79.496726,15.689065],[79.497031,15.689084],[79.49768,15.688676],[79.497365,15.688145],[79.497041,15.688301],[79.496926,15.688116],[79.497074,15.688356],[79.496229,15.688759]]]},"properties":{"lp":"26","ac":"2.023","chaltha":"26"}},{"type":"Feature","geometry":{"type":"Polygon","coordinates":[[[79.479439,15.666236],[79.478353,15.666624],[79.47849,15.666957],[79.478592,15.667212],[79.4783,15.667341],[79.478416,15.66763],[79.478499,15.667597],[79.479382,15.667247],[79.47991,15.667037],[79.479439,15.666236]]]},"properties":{"lp":"1619","ac":"3.648","chaltha":"1619"}},{"type":"Feature","geometry":{"type":"Polygon","coordinates":[[[79.477132,15.669696],[79.477344,15.670101],[79.477583,15.670902],[79.478121,15.670733],[79.47759,15.669514],[79.477132,15.669696]]]},"properties":{"lp":"1587","ac":"1.917","chaltha":"1587"}},{"type":"Feature","geometry":{"type":"Polygon","coordinates":[[[79.477132,15.669696],[79.47759,15.669514],[79.477553,15.66943],[79.47731,15.66852],[79.477211,15.668557],[79.476646,15.668765],[79.476922,15.669294],[79.477132,15.669696]]]},"properties":{"lp":"1591","ac":"1.804","chaltha":"1591"}},{"type":"Feature","geometry":{"type":"Polygon","coordinates":[[[79.476248,15.669739],[79.47627,15.669793],[79.476503,15.670372],[79.477344,15.670101],[79.477132,15.669696],[79.476922,15.669294],[79.476784,15.669335],[79.47684,15.669498],[79.476248,15.669739]]]},"properties":{"lp":"1588","ac":"1.842","chaltha":"1588"}},{"type":"Feature","geometry":{"type":"Polygon","coordinates":[[[79.476784,15.669335],[79.476584,15.668788],[79.476339,15.668876],[79.475956,15.669016],[79.476054,15.669258],[79.476248,15.669739],[79.47684,15.669498],[79.476784,15.669335]]]},"properties":{"lp":"1589","ac":"1.473","chaltha":"1589"}},{"type":"Feature","geometry":{"type":"Polygon","coordinates":[[[79.476646,15.668765],[79.476584,15.668788],[79.476784,15.669335],[79.476922,15.669294],[79.476646,15.668765]]]},"properties":{"lp":"1590","ac":"0.179","chaltha":"1590"}},{"type":"Feature","geometry":{"type":"Polygon","coordinates":[[[79.475432,15.677489],[79.475537,15.677712],[79.476246,15.677412],[79.476165,15.67719],[79.475432,15.677489]]]},"properties":{"lp":"1423","ac":"0.552","chaltha":"1423"}},{"type":"Feature","geometry":{"type":"Polygon","coordinates":[[[79.476165,15.67719],[79.476099,15.677057],[79.476068,15.676994],[79.475337,15.677289],[79.475432,15.677489],[79.476165,15.67719]]]},"properties":{"lp":"1424","ac":"0.508","chaltha":"1424"}},{"type":"Feature","geometry":{"type":"Polygon","coordinates":[[[79.476068,15.676994],[79.475951,15.676782],[79.475233,15.677068],[79.475337,15.677289],[79.476068,15.676994]]]},"properties":{"lp":"1425","ac":"0.554","chaltha":"1425"}},{"type":"Feature","geometry":{"type":"Polygon","coordinates":[[[79.475124,15.676839],[79.475817,15.676583],[79.47573,15.676351],[79.475034,15.676649],[79.475124,15.676839]]]},"properties":{"lp":"1427","ac":"0.501","chaltha":"1427"}},{"type":"Feature","geometry":{"type":"Polygon","coordinates":[[[79.475951,15.676782],[79.475901,15.67667],[79.475817,15.676583],[79.475124,15.676839],[79.475233,15.677068],[79.475951,15.676782]]]},"properties":{"lp":"1426","ac":"0.547","chaltha":"1426"}},{"type":"Feature","geometry":{"type":"Polygon","coordinates":[[[79.476272,15.677474],[79.47644,15.677877],[79.476926,15.677742],[79.47685,15.677529],[79.47734,15.677361],[79.477195,15.677312],[79.477096,15.67713],[79.47674,15.677201],[79.476767,15.677286],[79.476272,15.677474]]]},"properties":{"lp":"1420","ac":"1.072","chaltha":"1420"}},{"type":"Feature","geometry":{"type":"Polygon","coordinates":[[[79.476926,15.677742],[79.477539,15.677587],[79.47734,15.677361],[79.47685,15.677529],[79.476926,15.677742]]]},"properties":{"lp":"1421","ac":"0.419","chaltha":"1421"}},{"type":"Feature","geometry":{"type":"Polygon","coordinates":[[[79.476744,15.676765],[79.476773,15.676749],[79.4769,15.676676],[79.476978,15.676583],[79.476946,15.676492],[79.476859,15.676245],[79.476594,15.676332],[79.476619,15.676402],[79.476744,15.676765]]]},"properties":{"lp":"1431","ac":"0.346","chaltha":"1431"}},{"type":"Feature","geometry":{"type":"Polygon","coordinates":[[[79.475901,15.67667],[79.475951,15.676782],[79.476068,15.676994],[79.476099,15.677057],[79.47652,15.676895],[79.476744,15.676765],[79.476619,15.676402],[79.475901,15.67667]]]},"properties":{"lp":"1430","ac":"0.911","chaltha":"1430"}},{"type":"Feature","geometry":{"type":"Polygon","coordinates":[[[79.475664,15.676199],[79.47573,15.676351],[79.475817,15.676583],[79.475901,15.67667],[79.476619,15.676402],[79.476594,15.676332],[79.476859,15.676245],[79.476839,15.676191],[79.476774,15.676007],[79.476387,15.675948],[79.475664,15.676199]]]},"properties":{"lp":"1429","ac":"1.489","chaltha":"1429"}},{"type":"Feature","geometry":{"type":"Polygon","coordinates":[[[79.475886,15.679249],[79.475935,15.679365],[79.476519,15.679209],[79.476469,15.679081],[79.475886,15.679249]]]},"properties":{"lp":"1415","ac":"0.231","chaltha":"1415"}},{"type":"Feature","geometry":{"type":"Polygon","coordinates":[[[79.475872,15.67899],[79.476358,15.678836],[79.476319,15.678713],[79.475962,15.67883],[79.475824,15.678875],[79.475872,15.67899]]]},"properties":{"lp":"1416","ac":"0.191","chaltha":"1416"}},{"type":"Feature","geometry":{"type":"Polygon","coordinates":[[[79.475789,15.679018],[79.475872,15.67899],[79.475824,15.678875],[79.475741,15.678903],[79.475789,15.679018]]]},"properties":{"lp":"1417","ac":"0.032","chaltha":"1417"}},{"type":"Feature","geometry":{"type":"Polygon","coordinates":[[[79.476917,15.679103],[79.476746,15.67857],[79.476319,15.678713],[79.476358,15.678836],[79.475872,15.67899],[79.475789,15.679018],[79.475886,15.679249],[79.476469,15.679081],[79.476519,15.679209],[79.476593,15.679189],[79.476917,15.679103]]]},"properties":{"lp":"1414","ac":"1.151","chaltha":"1414"}},{"type":"Feature","geometry":{"type":"Polygon","coordinates":[[[79.477106,15.679046],[79.476936,15.678496],[79.476746,15.67857],[79.476917,15.679103],[79.477062,15.679064],[79.477082,15.679059],[79.477106,15.679046]]]},"properties":{"lp":"1413","ac":"0.335","chaltha":"1413"}},{"type":"Feature","geometry":{"type":"Polygon","coordinates":[[[79.477307,15.67893],[79.477143,15.678414],[79.477059,15.678448],[79.476936,15.678496],[79.477106,15.679046],[79.477245,15.678968],[79.477307,15.67893]]]},"properties":{"lp":"1412","ac":"0.367","chaltha":"1412"}},{"type":"Feature","geometry":{"type":"Polygon","coordinates":[[[79.477143,15.678414],[79.477307,15.67893],[79.477592,15.678854],[79.47771,15.678823],[79.47766,15.678651],[79.477553,15.678278],[79.477143,15.678414]]]},"properties":{"lp":"1404","ac":"0.689","chaltha":"1404"}},{"type":"Feature","geometry":{"type":"Polygon","coordinates":[[[79.475894,15.678521],[79.475962,15.67883],[79.476319,15.678713],[79.476746,15.67857],[79.476936,15.678496],[79.477059,15.678448],[79.476955,15.678135],[79.476225,15.678394],[79.476223,15.678409],[79.475894,15.678521]]]},"properties":{"lp":"1411","ac":"1.106","chaltha":"1411"}},{"type":"Feature","geometry":{"type":"Polygon","coordinates":[[[79.476955,15.678135],[79.477059,15.678448],[79.477143,15.678414],[79.477553,15.678278],[79.477588,15.678301],[79.477625,15.678095],[79.47774,15.678038],[79.477695,15.67789],[79.476955,15.678135]]]},"properties":{"lp":"1405","ac":"0.663","chaltha":"1405"}},{"type":"Feature","geometry":{"type":"Polygon","coordinates":[[[79.477555,15.677647],[79.476832,15.677818],[79.476818,15.677824],[79.476955,15.678135],[79.477695,15.67789],[79.477684,15.677855],[79.477555,15.677647]]]},"properties":{"lp":"1406","ac":"0.69","chaltha":"1406"}},{"type":"Feature","geometry":{"type":"Polygon","coordinates":[[[79.476225,15.678394],[79.476955,15.678135],[79.476818,15.677824],[79.476123,15.678099],[79.476204,15.678331],[79.476225,15.678394]]]},"properties":{"lp":"1407","ac":"0.726","chaltha":"1407"}},{"type":"Feature","geometry":{"type":"Polygon","coordinates":[[[79.475879,15.678456],[79.475894,15.678521],[79.476223,15.678409],[79.476225,15.678394],[79.476204,15.678331],[79.475879,15.678456]]]},"properties":{"lp":"1410","ac":"0.075","chaltha":"1410"}},{"type":"Feature","geometry":{"type":"Polygon","coordinates":[[[79.47766,15.678651],[79.47771,15.678823],[79.47795,15.678778],[79.47803,15.678835],[79.478149,15.678821],[79.477935,15.678555],[79.47766,15.678651]]]},"properties":{"lp":"1403","ac":"0.231","chaltha":"1403"}},{"type":"Feature","geometry":{"type":"Polygon","coordinates":[[[79.477856,15.678415],[79.477935,15.678555],[79.478149,15.678821],[79.478249,15.67881],[79.478219,15.678674],[79.478186,15.67853],[79.478147,15.67836],[79.477856,15.678415]]]},"properties":{"lp":"1402","ac":"0.278","chaltha":"1402"}},{"type":"Feature","geometry":{"type":"Polygon","coordinates":[[[79.478585,15.678941],[79.478565,15.678807],[79.478249,15.67881],[79.478149,15.678821],[79.47803,15.678835],[79.478228,15.678985],[79.478585,15.678941]]]},"properties":{"lp":"1329","ac":"0.208","chaltha":"1329"}},{"type":"Feature","geometry":{"type":"Polygon","coordinates":[[[79.477807,15.679605],[79.478125,15.679567],[79.478203,15.679327],[79.478347,15.679289],[79.478621,15.679189],[79.478585,15.678941],[79.478228,15.678985],[79.47803,15.678835],[79.47795,15.678778],[79.47771,15.678823],[79.477592,15.678854],[79.477807,15.679605]]]},"properties":{"lp":"1327","ac":"1.44","chaltha":"1327"}},{"type":"Feature","geometry":{"type":"Polygon","coordinates":[[[79.49818,15.668386],[79.497581,15.66688],[79.497288,15.667054],[79.497885,15.668512],[79.497948,15.668485],[79.49818,15.668386]]]},"properties":{"lp":"725","ac":"1.539","chaltha":"725"}},{"type":"Feature","geometry":{"type":"Polygon","coordinates":[[[79.49818,15.668386],[79.49837,15.668308],[79.498833,15.668119],[79.498257,15.66648],[79.497581,15.66688],[79.49818,15.668386]]]},"properties":{"lp":"726","ac":"3.636","chaltha":"726"}},{"type":"Feature","geometry":{"type":"Polygon","coordinates":[[[79.494245,15.677878],[79.493138,15.67783],[79.493266,15.678183],[79.493419,15.678549],[79.493668,15.67853],[79.493803,15.678933],[79.49383,15.67893],[79.494645,15.67882],[79.494245,15.677878]]]},"properties":{"lp":"403","ac":"3.077","chaltha":"403"}},{"type":"Feature","geometry":{"type":"Polygon","coordinates":[[[79.485128,15.672175],[79.485383,15.672101],[79.485112,15.671377],[79.484868,15.671458],[79.484995,15.671781],[79.485128,15.672175]]]},"properties":{"lp":"1098","ac":"0.577","chaltha":"1098"}},{"type":"Feature","geometry":{"type":"Polygon","coordinates":[[[79.484995,15.671781],[79.484477,15.671975],[79.484625,15.672334],[79.484667,15.672311],[79.485128,15.672175],[79.484995,15.671781]]]},"properties":{"lp":"1104","ac":"0.628","chaltha":"1104"}},{"type":"Feature","geometry":{"type":"Polygon","coordinates":[[[79.484477,15.671975],[79.484995,15.671781],[79.484868,15.671458],[79.484338,15.671635],[79.484477,15.671975]]]},"properties":{"lp":"1103","ac":"0.582","chaltha":"1103"}},{"type":"Feature","geometry":{"type":"Polygon","coordinates":[[[79.485269,15.669687],[79.484961,15.669798],[79.484844,15.669841],[79.485004,15.670285],[79.485094,15.670524],[79.485234,15.670913],[79.485359,15.6713],[79.485384,15.671383],[79.485401,15.671375],[79.48576,15.67102],[79.485269,15.669687]]]},"properties":{"lp":"1091","ac":"2.047","chaltha":"1091"}},{"type":"Feature","geometry":{"type":"Polygon","coordinates":[[[79.484669,15.670691],[79.485094,15.670524],[79.485004,15.670285],[79.484844,15.669841],[79.484613,15.66993],[79.484531,15.669961],[79.484402,15.670011],[79.484489,15.67024],[79.484591,15.670503],[79.484669,15.670691]]]},"properties":{"lp":"1090","ac":"0.997","chaltha":"1090"}},{"type":"Feature","geometry":{"type":"Polygon","coordinates":[[[79.483947,15.67072],[79.484028,15.670907],[79.484576,15.670723],[79.484669,15.670691],[79.484591,15.670503],[79.483947,15.67072]]]},"properties":{"lp":"1101","ac":"0.403","chaltha":"1101"}},{"type":"Feature","geometry":{"type":"Polygon","coordinates":[[[79.483847,15.670489],[79.483918,15.670652],[79.483947,15.67072],[79.484591,15.670503],[79.484489,15.67024],[79.483847,15.670489]]]},"properties":{"lp":"1111","ac":"0.535","chaltha":"1111"}},{"type":"Feature","geometry":{"type":"Polygon","coordinates":[[[79.483754,15.670277],[79.483801,15.670383],[79.483847,15.670489],[79.484489,15.67024],[79.484402,15.670011],[79.483975,15.670186],[79.483754,15.670277]]]},"properties":{"lp":"1112","ac":"0.486","chaltha":"1112"}},{"type":"Feature","geometry":{"type":"Polygon","coordinates":[[[79.484576,15.670723],[79.484721,15.671081],[79.485234,15.670913],[79.485094,15.670524],[79.484669,15.670691],[79.484576,15.670723]]]},"properties":{"lp":"1100","ac":"0.638","chaltha":"1100"}},{"type":"Feature","geometry":{"type":"Polygon","coordinates":[[[79.484721,15.671081],[79.484868,15.671458],[79.485112,15.671377],[79.485359,15.6713],[79.485234,15.670913],[79.484721,15.671081]]]},"properties":{"lp":"1099","ac":"0.626","chaltha":"1099"}},{"type":"Feature","geometry":{"type":"Polygon","coordinates":[[[79.484028,15.670907],[79.484163,15.671223],[79.484298,15.671539],[79.484338,15.671635],[79.484868,15.671458],[79.484721,15.671081],[79.484576,15.670723],[79.484028,15.670907]]]},"properties":{"lp":"1102","ac":"1.318","chaltha":"1102"}},{"type":"Feature","geometry":{"type":"Polygon","coordinates":[[[79.483773,15.669683],[79.483875,15.66999],[79.483975,15.670186],[79.484402,15.670011],[79.484531,15.669961],[79.484524,15.66993],[79.484341,15.669488],[79.484212,15.669522],[79.483773,15.669683]]]},"properties":{"lp":"1114","ac":"0.949","chaltha":"1114"}},{"type":"Feature","geometry":{"type":"Polygon","coordinates":[[[79.484412,15.669465],[79.484341,15.669488],[79.484524,15.66993],[79.484531,15.669961],[79.484613,15.66993],[79.484412,15.669465]]]},"properties":{"lp":"1089","ac":"0.117","chaltha":"1089"}},{"type":"Feature","geometry":{"type":"Polygon","coordinates":[[[79.482536,15.67016],[79.482664,15.670474],[79.483875,15.66999],[79.483773,15.669683],[79.483309,15.669869],[79.482594,15.670139],[79.482536,15.67016]]]},"properties":{"lp":"1113","ac":"1.262","chaltha":"1113"}},{"type":"Feature","geometry":{"type":"Polygon","coordinates":[[[79.482468,15.669962],[79.482536,15.67016],[79.482594,15.670139],[79.483309,15.669869],[79.483226,15.669654],[79.482468,15.669962]]]},"properties":{"lp":"1208","ac":"0.53","chaltha":"1208"}},{"type":"Feature","geometry":{"type":"Polygon","coordinates":[[[79.482468,15.669962],[79.483226,15.669654],[79.48319,15.669559],[79.483093,15.669299],[79.482434,15.669525],[79.482329,15.669561],[79.482468,15.669962]]]},"properties":{"lp":"1209","ac":"0.956","chaltha":"1209"}},{"type":"Feature","geometry":{"type":"Polygon","coordinates":[[[79.482327,15.670617],[79.482664,15.670474],[79.482536,15.67016],[79.48221,15.6703],[79.482327,15.670617]]]},"properties":{"lp":"1215","ac":"0.358","chaltha":"1215"}},{"type":"Feature","geometry":{"type":"Polygon","coordinates":[[[79.484079,15.672635],[79.484625,15.672334],[79.484477,15.671975],[79.484338,15.671635],[79.484298,15.671539],[79.483783,15.671718],[79.483754,15.671724],[79.484079,15.672635]]]},"properties":{"lp":"1105","ac":"1.592","chaltha":"1105"}},{"type":"Feature","geometry":{"type":"Polygon","coordinates":[[[79.483585,15.672907],[79.484079,15.672635],[79.483754,15.671724],[79.483783,15.671718],[79.483715,15.671535],[79.483158,15.671766],[79.483188,15.671847],[79.483266,15.672066],[79.483512,15.672723],[79.483585,15.672907]]]},"properties":{"lp":"1106","ac":"1.998","chaltha":"1106"}},{"type":"Feature","geometry":{"type":"Polygon","coordinates":[[[79.483109,15.671635],[79.484163,15.671223],[79.484028,15.670907],[79.483947,15.67072],[79.483918,15.670652],[79.482906,15.671065],[79.483004,15.671356],[79.483109,15.671635]]]},"properties":{"lp":"1108","ac":"2.001","chaltha":"1108"}},{"type":"Feature","geometry":{"type":"Polygon","coordinates":[[[79.483109,15.671635],[79.483147,15.671736],[79.483158,15.671766],[79.483715,15.671535],[79.483783,15.671718],[79.484298,15.671539],[79.484163,15.671223],[79.483109,15.671635]]]},"properties":{"lp":"1107","ac":"0.76","chaltha":"1107"}},{"type":"Feature","geometry":{"type":"Polygon","coordinates":[[[79.485481,15.67776],[79.485952,15.677798],[79.485789,15.677401],[79.485617,15.676982],[79.48561,15.676965],[79.485511,15.67672],[79.485411,15.676473],[79.485227,15.676021],[79.485147,15.676063],[79.484842,15.676161],[79.485481,15.67776]]]},"properties":{"lp":"1247","ac":"2.207","chaltha":"1247"}},{"type":"Feature","geometry":{"type":"Polygon","coordinates":[[[79.484635,15.676228],[79.485253,15.677741],[79.485481,15.67776],[79.484842,15.676161],[79.484635,15.676228]]]},"properties":{"lp":"1248","ac":"1.036","chaltha":"1248"}},{"type":"Feature","geometry":{"type":"Polygon","coordinates":[[[79.484988,15.677719],[79.485253,15.677741],[79.484635,15.676228],[79.484443,15.676289],[79.484435,15.676292],[79.484988,15.677719]]]},"properties":{"lp":"1249","ac":"1.04","chaltha":"1249"}},{"type":"Feature","geometry":{"type":"Polygon","coordinates":[[[79.49362,15.674841],[79.493838,15.675321],[79.494076,15.675218],[79.493014,15.672934],[79.492977,15.672957],[79.492846,15.673028],[79.493677,15.674815],[79.49362,15.674841]]]},"properties":{"lp":"462","ac":"1.513","chaltha":"462"}},{"type":"Feature","geometry":{"type":"Polygon","coordinates":[[[79.493333,15.674965],[79.493498,15.674898],[79.492663,15.673127],[79.492506,15.673212],[79.493333,15.674965]]]},"properties":{"lp":"459","ac":"1.016","chaltha":"459"}},{"type":"Feature","geometry":{"type":"Polygon","coordinates":[[[79.493065,15.67542],[79.493259,15.675339],[79.4923,15.673307],[79.492161,15.673371],[79.492113,15.673392],[79.493065,15.67542]]]},"properties":{"lp":"457","ac":"1.363","chaltha":"457"}},{"type":"Feature","geometry":{"type":"Polygon","coordinates":[[[79.493065,15.67542],[79.493154,15.67561],[79.493541,15.675449],[79.493552,15.675444],[79.493333,15.674965],[79.492506,15.673212],[79.492487,15.673221],[79.49232,15.673298],[79.4923,15.673307],[79.493259,15.675339],[79.493065,15.67542]]]},"properties":{"lp":"458","ac":"1.763","chaltha":"458"}},{"type":"Feature","geometry":{"type":"Polygon","coordinates":[[[79.491371,15.675617],[79.491636,15.675516],[79.490896,15.673918],[79.490641,15.67402],[79.491371,15.675617]]]},"properties":{"lp":"442","ac":"1.437","chaltha":"442"}},{"type":"Feature","geometry":{"type":"Polygon","coordinates":[[[79.491106,15.675703],[79.491163,15.675683],[79.491371,15.675617],[79.490641,15.67402],[79.490545,15.674059],[79.490386,15.674123],[79.491106,15.675703]]]},"properties":{"lp":"441","ac":"1.41","chaltha":"441"}},{"type":"Feature","geometry":{"type":"Polygon","coordinates":[[[79.490878,15.675782],[79.491106,15.675703],[79.490386,15.674123],[79.490252,15.674176],[79.490169,15.674209],[79.490878,15.675782]]]},"properties":{"lp":"440","ac":"1.2","chaltha":"440"}},{"type":"Feature","geometry":{"type":"Polygon","coordinates":[[[79.490301,15.675098],[79.49063,15.675867],[79.490878,15.675782],[79.490169,15.674209],[79.489975,15.674287],[79.490301,15.675098]]]},"properties":{"lp":"439","ac":"1.209","chaltha":"439"}},{"type":"Feature","geometry":{"type":"Polygon","coordinates":[[[79.498045,15.673254],[79.498434,15.673099],[79.498359,15.672911],[79.498283,15.672721],[79.498219,15.672561],[79.497906,15.671742],[79.497705,15.671821],[79.497484,15.671908],[79.497473,15.671913],[79.497755,15.672571],[79.497907,15.672928],[79.497971,15.67308],[79.498045,15.673254]]]},"properties":{"lp":"641","ac":"1.874","chaltha":"641"}},{"type":"Feature","geometry":{"type":"Polygon","coordinates":[[[79.496742,15.669653],[79.496576,15.66972],[79.496538,15.669736],[79.496732,15.670134],[79.49693,15.670564],[79.497109,15.670971],[79.497287,15.670901],[79.497311,15.670891],[79.496742,15.669653]]]},"properties":{"lp":"615","ac":"0.851","chaltha":"615"}},{"type":"Feature","geometry":{"type":"Polygon","coordinates":[[[79.497287,15.670901],[79.497705,15.671821],[79.497906,15.671742],[79.497747,15.671367],[79.497493,15.670819],[79.497311,15.670891],[79.497287,15.670901]]]},"properties":{"lp":"616","ac":"0.66","chaltha":"616"}},{"type":"Feature","geometry":{"type":"Polygon","coordinates":[[[79.497311,15.670891],[79.497493,15.670819],[79.497491,15.670816],[79.497342,15.670498],[79.497211,15.670217],[79.497068,15.669912],[79.496926,15.669578],[79.496742,15.669653],[79.497311,15.670891]]]},"properties":{"lp":"614","ac":"0.766","chaltha":"614"}},{"type":"Feature","geometry":{"type":"Polygon","coordinates":[[[79.497067,15.670987],[79.49728,15.671454],[79.497484,15.671908],[79.497705,15.671821],[79.497287,15.670901],[79.497109,15.670971],[79.497067,15.670987]]]},"properties":{"lp":"617","ac":"0.698","chaltha":"617"}},{"type":"Feature","geometry":{"type":"Polygon","coordinates":[[[79.499777,15.669836],[79.499968,15.669757],[79.499741,15.669199],[79.499617,15.668897],[79.4996,15.66887],[79.499428,15.668937],[79.499777,15.669836]]]},"properties":{"lp":"704","ac":"0.561","chaltha":"704"}},{"type":"Feature","geometry":{"type":"Polygon","coordinates":[[[79.497342,15.670498],[79.497491,15.670816],[79.498456,15.670392],[79.49831,15.670086],[79.497342,15.670498]]]},"properties":{"lp":"708","ac":"1.065","chaltha":"708"}},{"type":"Feature","geometry":{"type":"Polygon","coordinates":[[[79.49831,15.670086],[79.498456,15.670392],[79.498879,15.670206],[79.499322,15.670023],[79.499195,15.669703],[79.49831,15.670086]]]},"properties":{"lp":"707","ac":"0.946","chaltha":"707"}},{"type":"Feature","geometry":{"type":"Polygon","coordinates":[[[79.499596,15.669911],[79.499777,15.669836],[79.499428,15.668937],[79.499252,15.669008],[79.499596,15.669911]]]},"properties":{"lp":"705","ac":"0.545","chaltha":"705"}},{"type":"Feature","geometry":{"type":"Polygon","coordinates":[[[79.497211,15.670217],[79.499108,15.669417],[79.499028,15.669106],[79.498741,15.669225],[79.498329,15.669394],[79.497911,15.669566],[79.497068,15.669912],[79.497211,15.670217]]]},"properties":{"lp":"710","ac":"2.001","chaltha":"710"}},{"type":"Feature","geometry":{"type":"Polygon","coordinates":[[[79.499195,15.669703],[79.499322,15.670023],[79.499596,15.669911],[79.499252,15.669008],[79.499028,15.669106],[79.499108,15.669417],[79.499195,15.669703]]]},"properties":{"lp":"706","ac":"0.801","chaltha":"706"}},{"type":"Feature","geometry":{"type":"Polygon","coordinates":[[[79.497211,15.670217],[79.497342,15.670498],[79.49831,15.670086],[79.499195,15.669703],[79.499108,15.669417],[79.497211,15.670217]]]},"properties":{"lp":"709","ac":"1.821","chaltha":"709"}},{"type":"Feature","geometry":{"type":"Polygon","coordinates":[[[79.498549,15.668751],[79.498741,15.669225],[79.499028,15.669106],[79.499252,15.669008],[79.499428,15.668937],[79.4996,15.66887],[79.499501,15.668638],[79.499403,15.66841],[79.498549,15.668751]]]},"properties":{"lp":"716","ac":"1.364","chaltha":"716"}},{"type":"Feature","geometry":{"type":"Polygon","coordinates":[[[79.501205,15.667165],[79.501262,15.667143],[79.501446,15.667068],[79.501116,15.6662],[79.500868,15.666252],[79.501205,15.667165]]]},"properties":{"lp":"734","ac":"0.71","chaltha":"734"}},{"type":"Feature","geometry":{"type":"Polygon","coordinates":[[[79.500903,15.667288],[79.501205,15.667165],[79.500868,15.666252],[79.500534,15.666322],[79.500903,15.667288]]]},"properties":{"lp":"733","ac":"0.977","chaltha":"733"}},{"type":"Feature","geometry":{"type":"Polygon","coordinates":[[[79.500568,15.667408],[79.500814,15.667324],[79.500903,15.667288],[79.500534,15.666322],[79.500156,15.666401],[79.500568,15.667408]]]},"properties":{"lp":"732","ac":"1.145","chaltha":"732"}},{"type":"Feature","geometry":{"type":"Polygon","coordinates":[[[79.496576,15.66972],[79.496742,15.669653],[79.496926,15.669578],[79.496875,15.669451],[79.496701,15.669014],[79.496523,15.668577],[79.496173,15.667714],[79.4958,15.667877],[79.496181,15.668776],[79.496576,15.66972]]]},"properties":{"lp":"613","ac":"2.305","chaltha":"613"}},{"type":"Feature","geometry":{"type":"Polygon","coordinates":[[[79.496232,15.66986],[79.496538,15.669736],[79.496576,15.66972],[79.496181,15.668776],[79.49602,15.668843],[79.495869,15.668903],[79.495712,15.668962],[79.496125,15.669904],[79.496178,15.669882],[79.496232,15.66986]]]},"properties":{"lp":"612","ac":"1.488","chaltha":"612"}},{"type":"Feature","geometry":{"type":"Polygon","coordinates":[[[79.49602,15.668843],[79.496181,15.668776],[79.4958,15.667877],[79.495644,15.667947],[79.49602,15.668843]]]},"properties":{"lp":"611","ac":"0.495","chaltha":"611"}},{"type":"Feature","geometry":{"type":"Polygon","coordinates":[[[79.495869,15.668903],[79.49602,15.668843],[79.495644,15.667947],[79.495498,15.668012],[79.495869,15.668903]]]},"properties":{"lp":"610","ac":"0.457","chaltha":"610"}},{"type":"Feature","geometry":{"type":"Polygon","coordinates":[[[79.495712,15.668962],[79.495869,15.668903],[79.495498,15.668012],[79.495451,15.668032],[79.495332,15.668085],[79.495607,15.66872],[79.495712,15.668962]]]},"properties":{"lp":"609","ac":"0.492","chaltha":"609"}},{"type":"Feature","geometry":{"type":"Polygon","coordinates":[[[79.494999,15.670366],[79.495256,15.670256],[79.495262,15.670253],[79.495532,15.670144],[79.495611,15.670112],[79.494812,15.668316],[79.494447,15.668478],[79.49485,15.66937],[79.494579,15.669494],[79.494999,15.670366]]]},"properties":{"lp":"605","ac":"3.076","chaltha":"605"}},{"type":"Feature","geometry":{"type":"Polygon","coordinates":[[[79.494314,15.669612],[79.494579,15.669494],[79.49485,15.66937],[79.494447,15.668478],[79.493888,15.668726],[79.494314,15.669612]]]},"properties":{"lp":"603","ac":"1.725","chaltha":"603"}},{"type":"Feature","geometry":{"type":"Polygon","coordinates":[[[79.494314,15.669612],[79.494621,15.670244],[79.494603,15.670254],[79.494706,15.670483],[79.494999,15.670366],[79.494579,15.669494],[79.494314,15.669612]]]},"properties":{"lp":"604","ac":"0.832","chaltha":"604"}},{"type":"Feature","geometry":{"type":"Polygon","coordinates":[[[79.495611,15.670112],[79.49581,15.670031],[79.495834,15.670021],[79.495311,15.668834],[79.495038,15.668215],[79.494812,15.668316],[79.495611,15.670112]]]},"properties":{"lp":"606","ac":"1.409","chaltha":"606"}},{"type":"Feature","geometry":{"type":"Polygon","coordinates":[[[79.495311,15.668834],[79.495607,15.66872],[79.495332,15.668085],[79.495165,15.668159],[79.495038,15.668215],[79.495311,15.668834]]]},"properties":{"lp":"607","ac":"0.64","chaltha":"607"}},{"type":"Feature","geometry":{"type":"Polygon","coordinates":[[[79.495834,15.670021],[79.495959,15.66997],[79.496125,15.669904],[79.495712,15.668962],[79.495607,15.66872],[79.495311,15.668834],[79.495834,15.670021]]]},"properties":{"lp":"608","ac":"1.193","chaltha":"608"}},{"type":"Feature","geometry":{"type":"Polygon","coordinates":[[[79.498191,15.678823],[79.499217,15.678449],[79.499064,15.678115],[79.499042,15.678069],[79.498584,15.678238],[79.498088,15.678407],[79.498044,15.678426],[79.498133,15.678694],[79.498191,15.678823]]]},"properties":{"lp":"117","ac":"1.326","chaltha":"117"}},{"type":"Feature","geometry":{"type":"Polygon","coordinates":[[[79.499064,15.678115],[79.500278,15.677674],[79.499972,15.676985],[79.499862,15.677028],[79.499404,15.677203],[79.498767,15.677446],[79.499042,15.678069],[79.499064,15.678115]]]},"properties":{"lp":"119","ac":"2.808","chaltha":"119"}},{"type":"Feature","geometry":{"type":"Polygon","coordinates":[[[79.484443,15.676289],[79.483109,15.675864],[79.482609,15.675474],[79.482392,15.675733],[79.482213,15.675913],[79.483102,15.676693],[79.483209,15.676671],[79.483477,15.676614],[79.484008,15.676435],[79.484443,15.676289]]]},"properties":{"lp":"1380","ac":"3.317","chaltha":"1380"}},{"type":"Feature","geometry":{"type":"Polygon","coordinates":[[[79.48112,15.675897],[79.481065,15.67602],[79.482213,15.675913],[79.482392,15.675733],[79.481936,15.67573],[79.48112,15.675897]]]},"properties":{"lp":"1381","ac":"0.606","chaltha":"1381"}},{"type":"Feature","geometry":{"type":"Polygon","coordinates":[[[79.480162,15.675614],[79.480279,15.67583],[79.480769,15.67572],[79.481065,15.67602],[79.48112,15.675897],[79.48082,15.675481],[79.48077,15.675413],[79.480635,15.675458],[79.480589,15.675473],[79.480162,15.675614]]]},"properties":{"lp":"1385","ac":"0.684","chaltha":"1385"}},{"type":"Feature","geometry":{"type":"Polygon","coordinates":[[[79.480162,15.675614],[79.479739,15.67582],[79.479641,15.676021],[79.479555,15.676196],[79.479473,15.676363],[79.479017,15.676953],[79.479232,15.677245],[79.479291,15.677324],[79.479586,15.67716],[79.479546,15.677059],[79.479602,15.676691],[79.479617,15.67659],[79.479636,15.676466],[79.479839,15.676262],[79.4802,15.676129],[79.480157,15.675884],[79.480279,15.67583],[79.480162,15.675614]]]},"properties":{"lp":"1388","ac":"1.925","chaltha":"1388"}},{"type":"Feature","geometry":{"type":"Polygon","coordinates":[[[79.481827,15.68065],[79.481824,15.680677],[79.483143,15.680563],[79.482974,15.680253],[79.482918,15.680272],[79.48276,15.680327],[79.482257,15.680501],[79.481827,15.68065]]]},"properties":{"lp":"1283","ac":"0.672","chaltha":"1283"}},{"type":"Feature","geometry":{"type":"Polygon","coordinates":[[[79.482257,15.680501],[79.482114,15.680168],[79.481752,15.680323],[79.481815,15.680474],[79.48185,15.680469],[79.481827,15.68065],[79.482257,15.680501]]]},"properties":{"lp":"1282","ac":"0.409","chaltha":"1282"}},{"type":"Feature","geometry":{"type":"Polygon","coordinates":[[[79.482114,15.680168],[79.482257,15.680501],[79.48276,15.680327],[79.482593,15.679964],[79.482442,15.680028],[79.482114,15.680168]]]},"properties":{"lp":"1281","ac":"0.587","chaltha":"1281"}},{"type":"Feature","geometry":{"type":"Polygon","coordinates":[[[79.482442,15.680028],[79.482593,15.679964],[79.48276,15.680327],[79.482918,15.680272],[79.482902,15.680234],[79.482673,15.679715],[79.48237,15.679826],[79.482442,15.680028]]]},"properties":{"lp":"1280","ac":"0.402","chaltha":"1280"}},{"type":"Feature","geometry":{"type":"Polygon","coordinates":[[[79.48163,15.680032],[79.481674,15.680137],[79.481752,15.680323],[79.482114,15.680168],[79.482442,15.680028],[79.48237,15.679826],[79.482344,15.679761],[79.48163,15.680032]]]},"properties":{"lp":"1279","ac":"0.667","chaltha":"1279"}},{"type":"Feature","geometry":{"type":"Polygon","coordinates":[[[79.481501,15.679721],[79.481508,15.679738],[79.481588,15.679931],[79.48163,15.680032],[79.482344,15.679761],[79.482212,15.67944],[79.481501,15.679721]]]},"properties":{"lp":"1277","ac":"0.765","chaltha":"1277"}},{"type":"Feature","geometry":{"type":"Polygon","coordinates":[[[79.482212,15.67944],[79.482158,15.679268],[79.482133,15.679148],[79.481406,15.679412],[79.481471,15.679651],[79.481501,15.679721],[79.482212,15.67944]]]},"properties":{"lp":"1276","ac":"0.705","chaltha":"1276"}},{"type":"Feature","geometry":{"type":"Polygon","coordinates":[[[79.482133,15.679148],[79.482109,15.678966],[79.482091,15.678835],[79.481324,15.679116],[79.481343,15.679185],[79.481406,15.679412],[79.482133,15.679148]]]},"properties":{"lp":"1274","ac":"0.715","chaltha":"1274"}},{"type":"Feature","geometry":{"type":"Polygon","coordinates":[[[79.482109,15.678966],[79.482375,15.678907],[79.482294,15.678659],[79.48228,15.67863],[79.482062,15.67872],[79.481989,15.678735],[79.481908,15.678693],[79.481826,15.678592],[79.481226,15.678808],[79.481277,15.678966],[79.481324,15.679116],[79.482091,15.678835],[79.482109,15.678966]]]},"properties":{"lp":"1273","ac":"0.893","chaltha":"1273"}},{"type":"Feature","geometry":{"type":"Polygon","coordinates":[[[79.481155,15.678505],[79.481212,15.67875],[79.481226,15.678808],[79.481826,15.678592],[79.481867,15.67844],[79.482099,15.678359],[79.482007,15.678174],[79.481155,15.678505]]]},"properties":{"lp":"1272","ac":"0.783","chaltha":"1272"}},{"type":"Feature","geometry":{"type":"Polygon","coordinates":[[[79.481145,15.678465],[79.481155,15.678505],[79.482007,15.678174],[79.482099,15.678359],[79.481867,15.67844],[79.481826,15.678592],[79.481908,15.678693],[79.481989,15.678735],[79.482062,15.67872],[79.48228,15.67863],[79.482253,15.678572],[79.482205,15.678467],[79.48215,15.678345],[79.482048,15.678117],[79.481602,15.67828],[79.481145,15.678465]]]},"properties":{"lp":"1271","ac":"0.496","chaltha":"1271"}},{"type":"Feature","geometry":{"type":"Polygon","coordinates":[[[79.482158,15.679268],[79.482458,15.679176],[79.482408,15.679009],[79.482375,15.678907],[79.482109,15.678966],[79.482133,15.679148],[79.482158,15.679268]]]},"properties":{"lp":"1275","ac":"0.254","chaltha":"1275"}},{"type":"Feature","geometry":{"type":"Polygon","coordinates":[[[79.48237,15.679826],[79.482673,15.679715],[79.482504,15.67933],[79.482458,15.679176],[79.482158,15.679268],[79.482212,15.67944],[79.482344,15.679761],[79.48237,15.679826]]]},"properties":{"lp":"1278","ac":"0.545","chaltha":"1278"}},{"type":"Feature","geometry":{"type":"Polygon","coordinates":[[[79.4817,15.668142],[79.482628,15.667876],[79.483131,15.667732],[79.483058,15.667566],[79.483054,15.667558],[79.481742,15.667925],[79.4817,15.668142]]]},"properties":{"lp":"1177","ac":"0.806","chaltha":"1177"}},{"type":"Feature","geometry":{"type":"Polygon","coordinates":[[[79.481742,15.667925],[79.483054,15.667558],[79.483002,15.667441],[79.48295,15.667321],[79.482939,15.667286],[79.481838,15.667591],[79.481781,15.667719],[79.481742,15.667925]]]},"properties":{"lp":"1176","ac":"1.088","chaltha":"1176"}},{"type":"Feature","geometry":{"type":"Polygon","coordinates":[[[79.482228,15.666553],[79.482597,15.66645],[79.482506,15.666197],[79.482426,15.665939],[79.482228,15.666553]]]},"properties":{"lp":"1173","ac":"0.298","chaltha":"1173"}},{"type":"Feature","geometry":{"type":"Polygon","coordinates":[[[79.482177,15.666714],[79.482648,15.666587],[79.4826,15.666457],[79.482597,15.66645],[79.482228,15.666553],[79.482177,15.666714]]]},"properties":{"lp":"1174","ac":"0.183","chaltha":"1174"}},{"type":"Feature","geometry":{"type":"Polygon","coordinates":[[[79.484076,15.666855],[79.484382,15.667599],[79.484497,15.667552],[79.48469,15.667465],[79.484607,15.667292],[79.484343,15.666751],[79.484145,15.666827],[79.484076,15.666855]]]},"properties":{"lp":"1200","ac":"0.732","chaltha":"1200"}},{"type":"Feature","geometry":{"type":"Polygon","coordinates":[[[79.493646,15.694285],[79.49403,15.693128],[79.493617,15.692659],[79.493346,15.692939],[79.492973,15.692443],[79.492374,15.691644],[79.492053,15.692079],[79.493646,15.694285]]]},"properties":{"lp":"1821","ac":"5.022","chaltha":"1821"}},{"type":"Feature","geometry":{"type":"Polygon","coordinates":[[[79.49403,15.693128],[79.49437,15.692102],[79.493887,15.692413],[79.49357,15.692],[79.492973,15.692443],[79.493346,15.692939],[79.493617,15.692659],[79.49403,15.693128]]]},"properties":{"lp":"1819","ac":"2.141","chaltha":"1819"}},{"type":"Feature","geometry":{"type":"Polygon","coordinates":[[[79.49357,15.692],[79.493405,15.691786],[79.493287,15.691839],[79.492899,15.691275],[79.492572,15.691376],[79.492374,15.691644],[79.492973,15.692443],[79.49357,15.692]]]},"properties":{"lp":"1820","ac":"2.014","chaltha":"1820"}},{"type":"Feature","geometry":{"type":"Polygon","coordinates":[[[79.491644,15.690131],[79.490457,15.69072],[79.490671,15.691348],[79.491086,15.691133],[79.492053,15.690628],[79.491938,15.690478],[79.491839,15.690528],[79.491711,15.690252],[79.491644,15.690131]]]},"properties":{"lp":"1901","ac":"2.655","chaltha":"1901"}},{"type":"Feature","geometry":{"type":"Polygon","coordinates":[[[79.490457,15.69072],[79.491644,15.690131],[79.491567,15.689996],[79.491462,15.689715],[79.490307,15.690282],[79.490457,15.69072]]]},"properties":{"lp":"1902","ac":"1.735","chaltha":"1902"}},{"type":"Feature","geometry":{"type":"Polygon","coordinates":[[[79.490273,15.690299],[79.490307,15.690282],[79.491462,15.689715],[79.491361,15.689565],[79.491128,15.689221],[79.490823,15.689074],[79.490814,15.689069],[79.489891,15.689285],[79.490273,15.690299]]]},"properties":{"lp":"1903","ac":"3.327","chaltha":"1903"}},{"type":"Feature","geometry":{"type":"Polygon","coordinates":[[[79.48902,15.689701],[79.489267,15.690298],[79.489435,15.690705],[79.489818,15.690519],[79.490273,15.690299],[79.489891,15.689285],[79.48902,15.689701]]]},"properties":{"lp":"1904","ac":"3.005","chaltha":"1904"}},{"type":"Feature","geometry":{"type":"Polygon","coordinates":[[[79.490333,15.692772],[79.490378,15.69283],[79.490532,15.693023],[79.490674,15.693202],[79.49081,15.693374],[79.490946,15.693547],[79.491094,15.693733],[79.49123,15.693905],[79.491361,15.69407],[79.491492,15.694235],[79.491625,15.694403],[79.493646,15.694285],[79.492053,15.692079],[79.491644,15.692244],[79.490776,15.692594],[79.490333,15.692772]]]},"properties":{"lp":"1822","ac":"12.233","chaltha":"1822"}},{"type":"Feature","geometry":{"type":"Polygon","coordinates":[[[79.491644,15.692244],[79.492053,15.692079],[79.492374,15.691644],[79.492572,15.691376],[79.492053,15.690628],[79.491086,15.691133],[79.491644,15.692244]]]},"properties":{"lp":"1900","ac":"3.958","chaltha":"1900"}},{"type":"Feature","geometry":{"type":"Polygon","coordinates":[[[79.48902,15.689701],[79.489891,15.689285],[79.489416,15.688307],[79.488861,15.688545],[79.488588,15.688662],[79.488903,15.689417],[79.48902,15.689701]]]},"properties":{"lp":"1905","ac":"3.02","chaltha":"1905"}},{"type":"Feature","geometry":{"type":"Polygon","coordinates":[[[79.489891,15.689285],[79.490814,15.689069],[79.490742,15.688983],[79.490543,15.688745],[79.490487,15.688642],[79.490414,15.688508],[79.490292,15.688284],[79.490124,15.688003],[79.489416,15.688307],[79.489891,15.689285]]]},"properties":{"lp":"1906","ac":"2.801","chaltha":"1906"}},{"type":"Feature","geometry":{"type":"Polygon","coordinates":[[[79.489416,15.688307],[79.490124,15.688003],[79.490168,15.687877],[79.490102,15.687655],[79.489193,15.687922],[79.489416,15.688307]]]},"properties":{"lp":"1907","ac":"0.998","chaltha":"1907"}},{"type":"Feature","geometry":{"type":"Polygon","coordinates":[[[79.488923,15.687458],[79.489193,15.687922],[79.490102,15.687655],[79.490807,15.687363],[79.490668,15.687133],[79.490516,15.68688],[79.489935,15.687066],[79.488923,15.687458]]]},"properties":{"lp":"1908","ac":"2.863","chaltha":"1908"}},{"type":"Feature","geometry":{"type":"Polygon","coordinates":[[[79.490516,15.68688],[79.490995,15.686666],[79.490733,15.686198],[79.490586,15.685935],[79.489615,15.686463],[79.489935,15.687066],[79.490516,15.68688]]]},"properties":{"lp":"1910","ac":"2.533","chaltha":"1910"}},{"type":"Feature","geometry":{"type":"Polygon","coordinates":[[[79.488675,15.687033],[79.488923,15.687458],[79.489935,15.687066],[79.489615,15.686463],[79.488675,15.687033]]]},"properties":{"lp":"1909","ac":"1.871","chaltha":"1909"}},{"type":"Feature","geometry":{"type":"Polygon","coordinates":[[[79.489147,15.685995],[79.490406,15.685613],[79.48883,15.684897],[79.489147,15.685995]]]},"properties":{"lp":"1914","ac":"2.203","chaltha":"1914"}},{"type":"Feature","geometry":{"type":"Polygon","coordinates":[[[79.487927,15.686365],[79.488194,15.686284],[79.489147,15.685995],[79.48883,15.684897],[79.487927,15.686365]]]},"properties":{"lp":"1913","ac":"2.133","chaltha":"1913"}},{"type":"Feature","geometry":{"type":"Polygon","coordinates":[[[79.487927,15.686365],[79.48883,15.684897],[79.488747,15.684756],[79.488182,15.68554],[79.487841,15.686015],[79.487927,15.686365]]]},"properties":{"lp":"1915","ac":"0.989","chaltha":"1915"}},{"type":"Feature","geometry":{"type":"Polygon","coordinates":[[[79.488182,15.68554],[79.488747,15.684756],[79.488622,15.684537],[79.488297,15.684693],[79.488,15.684737],[79.488182,15.68554]]]},"properties":{"lp":"1916","ac":"1.063","chaltha":"1916"}},{"type":"Feature","geometry":{"type":"Polygon","coordinates":[[[79.488,15.684737],[79.487871,15.684756],[79.487727,15.684527],[79.487494,15.684608],[79.487841,15.686015],[79.488182,15.68554],[79.488,15.684737]]]},"properties":{"lp":"1917","ac":"1.563","chaltha":"1917"}},{"type":"Feature","geometry":{"type":"Polygon","coordinates":[[[79.488588,15.688662],[79.488424,15.688724],[79.488022,15.688876],[79.487585,15.689042],[79.487149,15.689206],[79.487388,15.689915],[79.487404,15.68996],[79.488071,15.689719],[79.488903,15.689417],[79.488588,15.688662]]]},"properties":{"lp":"1941","ac":"3.701","chaltha":"1941"}},{"type":"Feature","geometry":{"type":"Polygon","coordinates":[[[79.488392,15.690544],[79.489267,15.690298],[79.48902,15.689701],[79.488903,15.689417],[79.488071,15.689719],[79.488392,15.690544]]]},"properties":{"lp":"1942","ac":"2.408","chaltha":"1942"}},{"type":"Feature","geometry":{"type":"Polygon","coordinates":[[[79.487808,15.691158],[79.488629,15.690934],[79.489435,15.690705],[79.489267,15.690298],[79.488392,15.690544],[79.488071,15.689719],[79.487404,15.68996],[79.487622,15.690605],[79.487808,15.691158]]]},"properties":{"lp":"1943","ac":"3.978","chaltha":"1943"}},{"type":"Feature","geometry":{"type":"Polygon","coordinates":[[[79.489167,15.691961],[79.489323,15.691911],[79.489878,15.691728],[79.489435,15.690705],[79.488629,15.690934],[79.488796,15.691254],[79.489167,15.691961]]]},"properties":{"lp":"1897","ac":"2.612","chaltha":"1897"}},{"type":"Feature","geometry":{"type":"Polygon","coordinates":[[[79.489732,15.692972],[79.490333,15.692772],[79.489878,15.691728],[79.489323,15.691911],[79.489732,15.692972]]]},"properties":{"lp":"1896","ac":"2.027","chaltha":"1896"}},{"type":"Feature","geometry":{"type":"Polygon","coordinates":[[[79.489732,15.692972],[79.489323,15.691911],[79.489167,15.691961],[79.48835,15.69223],[79.488383,15.692295],[79.488448,15.692425],[79.488571,15.692668],[79.488637,15.692798],[79.48876,15.693042],[79.488809,15.693139],[79.48886,15.693241],[79.489732,15.692972]]]},"properties":{"lp":"1895","ac":"3.198","chaltha":"1895"}},{"type":"Feature","geometry":{"type":"Polygon","coordinates":[[[79.488023,15.691584],[79.488046,15.691629],[79.488128,15.691792],[79.48821,15.691954],[79.488276,15.692084],[79.48835,15.69223],[79.489167,15.691961],[79.488796,15.691254],[79.488023,15.691584]]]},"properties":{"lp":"1894","ac":"1.884","chaltha":"1894"}},{"type":"Feature","geometry":{"type":"Polygon","coordinates":[[[79.488796,15.691254],[79.488629,15.690934],[79.487808,15.691158],[79.487887,15.691314],[79.487969,15.691477],[79.488023,15.691584],[79.488796,15.691254]]]},"properties":{"lp":"1893","ac":"1.026","chaltha":"1893"}},{"type":"Feature","geometry":{"type":"Polygon","coordinates":[[[79.486676,15.687147],[79.486959,15.687709],[79.487218,15.688258],[79.487394,15.688635],[79.487585,15.689042],[79.488022,15.688876],[79.487076,15.686892],[79.486676,15.687147]]]},"properties":{"lp":"1936","ac":"2.911","chaltha":"1936"}},{"type":"Feature","geometry":{"type":"Polygon","coordinates":[[[79.488022,15.688876],[79.488424,15.688724],[79.487445,15.686658],[79.487076,15.686892],[79.488022,15.688876]]]},"properties":{"lp":"1935","ac":"2.833","chaltha":"1935"}},{"type":"Feature","geometry":{"type":"Polygon","coordinates":[[[79.488424,15.688724],[79.488588,15.688662],[79.487927,15.686365],[79.487445,15.686658],[79.488424,15.688724]]]},"properties":{"lp":"1934","ac":"2.493","chaltha":"1934"}},{"type":"Feature","geometry":{"type":"Polygon","coordinates":[[[79.488861,15.688545],[79.488194,15.686284],[79.487927,15.686365],[79.488588,15.688662],[79.488861,15.688545]]]},"properties":{"lp":"1912","ac":"1.997","chaltha":"1912"}},{"type":"Feature","geometry":{"type":"Polygon","coordinates":[[[79.488861,15.688545],[79.489416,15.688307],[79.489193,15.687922],[79.488923,15.687458],[79.488675,15.687033],[79.489615,15.686463],[79.490586,15.685935],[79.490406,15.685613],[79.489147,15.685995],[79.488194,15.686284],[79.488861,15.688545]]]},"properties":{"lp":"1911","ac":"6.167","chaltha":"1911"}},{"type":"Feature","geometry":{"type":"Polygon","coordinates":[[[79.488125,15.69831],[79.489166,15.698164],[79.488958,15.697918],[79.488057,15.698192],[79.488125,15.69831]]]},"properties":{"lp":"1785","ac":"0.604","chaltha":"1785"}},{"type":"Feature","geometry":{"type":"Polygon","coordinates":[[[79.487962,15.698026],[79.488057,15.698192],[79.488958,15.697918],[79.488828,15.697764],[79.487962,15.698026]]]},"properties":{"lp":"1784","ac":"0.502","chaltha":"1784"}},{"type":"Feature","geometry":{"type":"Polygon","coordinates":[[[79.487853,15.697836],[79.487962,15.698026],[79.488828,15.697764],[79.488615,15.697512],[79.487853,15.697836]]]},"properties":{"lp":"1783","ac":"0.665","chaltha":"1783"}},{"type":"Feature","geometry":{"type":"Polygon","coordinates":[[[79.487327,15.69692],[79.487681,15.697536],[79.488367,15.697218],[79.488358,15.697207],[79.488133,15.69694],[79.487908,15.696674],[79.487327,15.69692]]]},"properties":{"lp":"1781","ac":"1.415","chaltha":"1781"}},{"type":"Feature","geometry":{"type":"Polygon","coordinates":[[[79.487236,15.696762],[79.487327,15.69692],[79.487908,15.696674],[79.487799,15.696545],[79.487236,15.696762]]]},"properties":{"lp":"1780","ac":"0.308","chaltha":"1780"}},{"type":"Feature","geometry":{"type":"Polygon","coordinates":[[[79.487045,15.696431],[79.487236,15.696762],[79.487799,15.696545],[79.487536,15.696233],[79.487045,15.696431]]]},"properties":{"lp":"1779","ac":"0.636","chaltha":"1779"}},{"type":"Feature","geometry":{"type":"Polygon","coordinates":[[[79.486946,15.696257],[79.487045,15.696431],[79.487536,15.696233],[79.4874,15.696072],[79.486946,15.696257]]]},"properties":{"lp":"1778","ac":"0.298","chaltha":"1778"}},{"type":"Feature","geometry":{"type":"Polygon","coordinates":[[[79.486782,15.695973],[79.486946,15.696257],[79.4874,15.696072],[79.487396,15.696066],[79.487314,15.695969],[79.487131,15.695499],[79.486955,15.695569],[79.486827,15.69527],[79.486284,15.695537],[79.486782,15.695973]]]},"properties":{"lp":"1777","ac":"1.462","chaltha":"1777"}},{"type":"Feature","geometry":{"type":"Polygon","coordinates":[[[79.487314,15.695969],[79.488225,15.695602],[79.488104,15.695292],[79.488015,15.695064],[79.487926,15.695079],[79.487696,15.694711],[79.487691,15.694703],[79.486849,15.695037],[79.486743,15.695074],[79.486827,15.69527],[79.486955,15.695569],[79.487131,15.695499],[79.487314,15.695969]]]},"properties":{"lp":"1852","ac":"3.121","chaltha":"1852"}},{"type":"Feature","geometry":{"type":"Polygon","coordinates":[[[79.486284,15.695537],[79.486827,15.69527],[79.486743,15.695074],[79.486849,15.695037],[79.486825,15.694988],[79.485997,15.695286],[79.486284,15.695537]]]},"properties":{"lp":"1776","ac":"0.629","chaltha":"1776"}},{"type":"Feature","geometry":{"type":"Polygon","coordinates":[[[79.485605,15.694943],[79.485997,15.695286],[79.486825,15.694988],[79.486671,15.694679],[79.486614,15.694565],[79.485605,15.694943]]]},"properties":{"lp":"1775","ac":"1.329","chaltha":"1775"}},{"type":"Feature","geometry":{"type":"Polygon","coordinates":[[[79.485443,15.694802],[79.485605,15.694943],[79.486614,15.694565],[79.486582,15.6945],[79.486525,15.694386],[79.485443,15.694802]]]},"properties":{"lp":"1774","ac":"0.638","chaltha":"1774"}},{"type":"Feature","geometry":{"type":"Polygon","coordinates":[[[79.485267,15.694648],[79.485443,15.694802],[79.486525,15.694386],[79.486419,15.694174],[79.485456,15.69457],[79.485267,15.694648]]]},"properties":{"lp":"1773","ac":"0.782","chaltha":"1773"}},{"type":"Feature","geometry":{"type":"Polygon","coordinates":[[[79.485431,15.6945],[79.485456,15.69457],[79.486419,15.694174],[79.486404,15.694133],[79.485431,15.6945]]]},"properties":{"lp":"1772","ac":"0.18","chaltha":"1772"}},{"type":"Feature","geometry":{"type":"Polygon","coordinates":[[[79.485343,15.694252],[79.485431,15.6945],[79.486404,15.694133],[79.486316,15.693895],[79.485343,15.694252]]]},"properties":{"lp":"1771","ac":"0.787","chaltha":"1771"}},{"type":"Feature","geometry":{"type":"Polygon","coordinates":[[[79.486316,15.693895],[79.486262,15.693749],[79.486261,15.693745],[79.485288,15.694098],[79.485343,15.694252],[79.486316,15.693895]]]},"properties":{"lp":"1770","ac":"0.49","chaltha":"1770"}},{"type":"Feature","geometry":{"type":"Polygon","coordinates":[[[79.48524,15.693962],[79.485288,15.694098],[79.486261,15.693745],[79.486212,15.693613],[79.48524,15.693962]]]},"properties":{"lp":"1768","ac":"0.434","chaltha":"1768"}},{"type":"Feature","geometry":{"type":"Polygon","coordinates":[[[79.485191,15.693825],[79.48524,15.693962],[79.486212,15.693613],[79.486193,15.693562],[79.486163,15.69348],[79.485191,15.693825]]]},"properties":{"lp":"1767","ac":"0.433","chaltha":"1767"}},{"type":"Feature","geometry":{"type":"Polygon","coordinates":[[[79.486525,15.694386],[79.486582,15.6945],[79.487372,15.694193],[79.487324,15.694116],[79.487169,15.693869],[79.486419,15.694174],[79.486525,15.694386]]]},"properties":{"lp":"1855","ac":"0.897","chaltha":"1855"}},{"type":"Feature","geometry":{"type":"Polygon","coordinates":[[[79.486582,15.6945],[79.486614,15.694565],[79.486671,15.694679],[79.487478,15.694363],[79.487454,15.694325],[79.487372,15.694193],[79.486582,15.6945]]]},"properties":{"lp":"1854","ac":"0.498","chaltha":"1854"}},{"type":"Feature","geometry":{"type":"Polygon","coordinates":[[[79.486671,15.694679],[79.486825,15.694988],[79.486849,15.695037],[79.487691,15.694703],[79.487478,15.694363],[79.486671,15.694679]]]},"properties":{"lp":"1853","ac":"1.03","chaltha":"1853"}},{"type":"Feature","geometry":{"type":"Polygon","coordinates":[[[79.485152,15.693715],[79.485191,15.693825],[79.486163,15.69348],[79.486149,15.693442],[79.486123,15.693371],[79.485152,15.693715]]]},"properties":{"lp":"1766","ac":"0.351","chaltha":"1766"}},{"type":"Feature","geometry":{"type":"Polygon","coordinates":[[[79.485113,15.693604],[79.485152,15.693715],[79.486123,15.693371],[79.486105,15.693323],[79.486084,15.693265],[79.485113,15.693604]]]},"properties":{"lp":"1765","ac":"0.347","chaltha":"1765"}},{"type":"Feature","geometry":{"type":"Polygon","coordinates":[[[79.485071,15.693485],[79.485096,15.693556],[79.485113,15.693604],[79.486084,15.693265],[79.486042,15.693153],[79.486041,15.69315],[79.485071,15.693485]]]},"properties":{"lp":"1764","ac":"0.377","chaltha":"1764"}},{"type":"Feature","geometry":{"type":"Polygon","coordinates":[[[79.485037,15.693391],[79.485071,15.693485],[79.486041,15.69315],[79.48601,15.693065],[79.485037,15.693391]]]},"properties":{"lp":"1763","ac":"0.286","chaltha":"1763"}},{"type":"Feature","geometry":{"type":"Polygon","coordinates":[[[79.484997,15.693276],[79.485021,15.693346],[79.485037,15.693391],[79.48601,15.693065],[79.485976,15.692974],[79.485968,15.692952],[79.484997,15.693276]]]},"properties":{"lp":"1760","ac":"0.362","chaltha":"1760"}},{"type":"Feature","geometry":{"type":"Polygon","coordinates":[[[79.48497,15.693202],[79.484997,15.693276],[79.485968,15.692952],[79.48594,15.692877],[79.48497,15.693202]]]},"properties":{"lp":"1759","ac":"0.238","chaltha":"1759"}},{"type":"Feature","geometry":{"type":"Polygon","coordinates":[[[79.48494,15.693116],[79.48497,15.693202],[79.48594,15.692877],[79.48591,15.692796],[79.48494,15.693116]]]},"properties":{"lp":"1758","ac":"0.266","chaltha":"1758"}},{"type":"Feature","geometry":{"type":"Polygon","coordinates":[[[79.4849,15.693005],[79.48494,15.693116],[79.48591,15.692796],[79.485876,15.692702],[79.485872,15.692692],[79.4849,15.693005]]]},"properties":{"lp":"1757","ac":"0.342","chaltha":"1757"}},{"type":"Feature","geometry":{"type":"Polygon","coordinates":[[[79.484858,15.692885],[79.4849,15.693005],[79.485872,15.692692],[79.48583,15.69258],[79.484858,15.692885]]]},"properties":{"lp":"1756","ac":"0.37","chaltha":"1756"}},{"type":"Feature","geometry":{"type":"Polygon","coordinates":[[[79.484819,15.692777],[79.484854,15.692874],[79.484858,15.692885],[79.48583,15.69258],[79.485792,15.692476],[79.484819,15.692777]]]},"properties":{"lp":"1755","ac":"0.336","chaltha":"1755"}},{"type":"Feature","geometry":{"type":"Polygon","coordinates":[[[79.484786,15.692683],[79.484819,15.692777],[79.485792,15.692476],[79.485758,15.692384],[79.485565,15.692443],[79.484786,15.692683]]]},"properties":{"lp":"1754","ac":"0.295","chaltha":"1754"}},{"type":"Feature","geometry":{"type":"Polygon","coordinates":[[[79.484752,15.692587],[79.484786,15.692683],[79.485565,15.692443],[79.485525,15.692339],[79.484752,15.692587]]]},"properties":{"lp":"1753","ac":"0.254","chaltha":"1753"}},{"type":"Feature","geometry":{"type":"Polygon","coordinates":[[[79.484717,15.692488],[79.484752,15.692587],[79.485525,15.692339],[79.485485,15.692233],[79.484717,15.692488]]]},"properties":{"lp":"1752","ac":"0.259","chaltha":"1752"}},{"type":"Feature","geometry":{"type":"Polygon","coordinates":[[[79.48468,15.692386],[79.484717,15.692488],[79.485485,15.692233],[79.485448,15.692137],[79.48468,15.692386]]]},"properties":{"lp":"1750","ac":"0.251","chaltha":"1750"}},{"type":"Feature","geometry":{"type":"Polygon","coordinates":[[[79.484644,15.692284],[79.48468,15.692386],[79.485448,15.692137],[79.485408,15.692032],[79.484644,15.692284]]]},"properties":{"lp":"1749","ac":"0.259","chaltha":"1749"}},{"type":"Feature","geometry":{"type":"Polygon","coordinates":[[[79.485408,15.692032],[79.48537,15.691935],[79.484612,15.692192],[79.484644,15.692284],[79.485408,15.692032]]]},"properties":{"lp":"1748","ac":"0.238","chaltha":"1748"}},{"type":"Feature","geometry":{"type":"Polygon","coordinates":[[[79.485565,15.692443],[79.485758,15.692384],[79.485737,15.692328],[79.485605,15.69197],[79.485568,15.691868],[79.48537,15.691935],[79.485408,15.692032],[79.485448,15.692137],[79.485485,15.692233],[79.485525,15.692339],[79.485565,15.692443]]]},"properties":{"lp":"1747","ac":"0.328","chaltha":"1747"}},{"type":"Feature","geometry":{"type":"Polygon","coordinates":[[[79.484007,15.692372],[79.484612,15.692192],[79.484568,15.692051],[79.484525,15.691913],[79.484482,15.691776],[79.484297,15.691183],[79.483889,15.691302],[79.484007,15.692372]]]},"properties":{"lp":"1741","ac":"1.639","chaltha":"1741"}},{"type":"Feature","geometry":{"type":"Polygon","coordinates":[[[79.484568,15.692051],[79.484612,15.692192],[79.48537,15.691935],[79.485346,15.691805],[79.484568,15.692051]]]},"properties":{"lp":"1746","ac":"0.33","chaltha":"1746"}},{"type":"Feature","geometry":{"type":"Polygon","coordinates":[[[79.484525,15.691913],[79.484568,15.692051],[79.485346,15.691805],[79.485315,15.691669],[79.484525,15.691913]]]},"properties":{"lp":"1745","ac":"0.341","chaltha":"1745"}},{"type":"Feature","geometry":{"type":"Polygon","coordinates":[[[79.484482,15.691776],[79.484525,15.691913],[79.485315,15.691669],[79.485284,15.691533],[79.484482,15.691776]]]},"properties":{"lp":"1744","ac":"0.346","chaltha":"1744"}},{"type":"Feature","geometry":{"type":"Polygon","coordinates":[[[79.485568,15.691868],[79.485449,15.691516],[79.485507,15.691491],[79.485499,15.691467],[79.485284,15.691533],[79.485315,15.691669],[79.485346,15.691805],[79.48537,15.691935],[79.485568,15.691868]]]},"properties":{"lp":"1743","ac":"0.223","chaltha":"1743"}},{"type":"Feature","geometry":{"type":"Polygon","coordinates":[[[79.486262,15.693749],[79.486316,15.693895],[79.486404,15.694133],[79.486419,15.694174],[79.487169,15.693869],[79.487007,15.693464],[79.48698,15.693397],[79.486262,15.693749]]]},"properties":{"lp":"1856","ac":"1.131","chaltha":"1856"}},{"type":"Feature","geometry":{"type":"Polygon","coordinates":[[[79.486193,15.693562],[79.486212,15.693613],[79.486261,15.693745],[79.486262,15.693749],[79.48698,15.693397],[79.486923,15.693254],[79.486906,15.693211],[79.486193,15.693562]]]},"properties":{"lp":"1857","ac":"0.464","chaltha":"1857"}},{"type":"Feature","geometry":{"type":"Polygon","coordinates":[[[79.486149,15.693442],[79.486163,15.69348],[79.486193,15.693562],[79.486906,15.693211],[79.486845,15.69306],[79.486149,15.693442]]]},"properties":{"lp":"1858","ac":"0.336","chaltha":"1858"}},{"type":"Feature","geometry":{"type":"Polygon","coordinates":[[[79.486105,15.693323],[79.486123,15.693371],[79.486149,15.693442],[79.486845,15.69306],[79.486835,15.693034],[79.486784,15.692908],[79.486105,15.693323]]]},"properties":{"lp":"1859","ac":"0.334","chaltha":"1859"}},{"type":"Feature","geometry":{"type":"Polygon","coordinates":[[[79.486042,15.693153],[79.486084,15.693265],[79.486105,15.693323],[79.486784,15.692908],[79.486776,15.692888],[79.486718,15.692741],[79.486717,15.69274],[79.486042,15.693153]]]},"properties":{"lp":"1860","ac":"0.415","chaltha":"1860"}},{"type":"Feature","geometry":{"type":"Polygon","coordinates":[[[79.485976,15.692974],[79.48601,15.693065],[79.486041,15.69315],[79.486042,15.693153],[79.486717,15.69274],[79.486664,15.692606],[79.486649,15.692571],[79.485976,15.692974]]]},"properties":{"lp":"1861","ac":"0.423","chaltha":"1861"}},{"type":"Feature","geometry":{"type":"Polygon","coordinates":[[[79.485876,15.692702],[79.48591,15.692796],[79.48594,15.692877],[79.485968,15.692952],[79.485976,15.692974],[79.486649,15.692571],[79.486604,15.692458],[79.486547,15.692315],[79.486529,15.692269],[79.485876,15.692702]]]},"properties":{"lp":"1862","ac":"0.693","chaltha":"1862"}},{"type":"Feature","geometry":{"type":"Polygon","coordinates":[[[79.485737,15.692328],[79.485758,15.692384],[79.485792,15.692476],[79.48583,15.69258],[79.485872,15.692692],[79.485876,15.692702],[79.486529,15.692269],[79.486492,15.692178],[79.486433,15.69203],[79.486377,15.69189],[79.486374,15.691882],[79.485737,15.692328]]]},"properties":{"lp":"1863","ac":"0.909","chaltha":"1863"}},{"type":"Feature","geometry":{"type":"Polygon","coordinates":[[[79.485605,15.69197],[79.485737,15.692328],[79.486374,15.691882],[79.486315,15.691735],[79.486313,15.69173],[79.485605,15.69197]]]},"properties":{"lp":"1864","ac":"0.598","chaltha":"1864"}},{"type":"Feature","geometry":{"type":"Polygon","coordinates":[[[79.485568,15.691868],[79.485605,15.69197],[79.486313,15.69173],[79.486259,15.691595],[79.485568,15.691868]]]},"properties":{"lp":"1865","ac":"0.277","chaltha":"1865"}},{"type":"Feature","geometry":{"type":"Polygon","coordinates":[[[79.487169,15.693869],[79.487944,15.693595],[79.487658,15.693198],[79.487007,15.693464],[79.487169,15.693869]]]},"properties":{"lp":"1878","ac":"1.014","chaltha":"1878"}},{"type":"Feature","geometry":{"type":"Polygon","coordinates":[[[79.486923,15.693254],[79.48698,15.693397],[79.487007,15.693464],[79.487658,15.693198],[79.487549,15.693046],[79.486923,15.693254]]]},"properties":{"lp":"1877","ac":"0.406","chaltha":"1877"}},{"type":"Feature","geometry":{"type":"Polygon","coordinates":[[[79.487549,15.693046],[79.487379,15.692808],[79.486835,15.693034],[79.486845,15.69306],[79.486906,15.693211],[79.486923,15.693254],[79.487549,15.693046]]]},"properties":{"lp":"1876","ac":"0.474","chaltha":"1876"}},{"type":"Feature","geometry":{"type":"Polygon","coordinates":[[[79.486776,15.692888],[79.486784,15.692908],[79.486835,15.693034],[79.487379,15.692808],[79.487286,15.692679],[79.486776,15.692888]]]},"properties":{"lp":"1875","ac":"0.261","chaltha":"1875"}},{"type":"Feature","geometry":{"type":"Polygon","coordinates":[[[79.486718,15.692741],[79.486776,15.692888],[79.487286,15.692679],[79.487182,15.692534],[79.486718,15.692741]]]},"properties":{"lp":"1874","ac":"0.258","chaltha":"1874"}},{"type":"Feature","geometry":{"type":"Polygon","coordinates":[[[79.486664,15.692606],[79.486717,15.69274],[79.486718,15.692741],[79.487182,15.692534],[79.487091,15.692408],[79.486664,15.692606]]]},"properties":{"lp":"1873","ac":"0.213","chaltha":"1873"}},{"type":"Feature","geometry":{"type":"Polygon","coordinates":[[[79.486604,15.692458],[79.486649,15.692571],[79.486664,15.692606],[79.487091,15.692408],[79.48699,15.692267],[79.486604,15.692458]]]},"properties":{"lp":"1872","ac":"0.218","chaltha":"1872"}},{"type":"Feature","geometry":{"type":"Polygon","coordinates":[[[79.486547,15.692315],[79.486604,15.692458],[79.48699,15.692267],[79.486899,15.69214],[79.486547,15.692315]]]},"properties":{"lp":"1871","ac":"0.186","chaltha":"1871"}},{"type":"Feature","geometry":{"type":"Polygon","coordinates":[[[79.486492,15.692178],[79.486529,15.692269],[79.486547,15.692315],[79.486899,15.69214],[79.486811,15.692018],[79.486492,15.692178]]]},"properties":{"lp":"1870","ac":"0.162","chaltha":"1870"}},{"type":"Feature","geometry":{"type":"Polygon","coordinates":[[[79.486433,15.69203],[79.486492,15.692178],[79.486811,15.692018],[79.486718,15.691888],[79.486433,15.69203]]]},"properties":{"lp":"1869","ac":"0.157","chaltha":"1869"}},{"type":"Feature","geometry":{"type":"Polygon","coordinates":[[[79.486377,15.69189],[79.486433,15.69203],[79.486718,15.691888],[79.48663,15.691765],[79.486377,15.69189]]]},"properties":{"lp":"1868","ac":"0.132","chaltha":"1868"}},{"type":"Feature","geometry":{"type":"Polygon","coordinates":[[[79.486315,15.691735],[79.486374,15.691882],[79.486377,15.69189],[79.48663,15.691765],[79.486542,15.691641],[79.486315,15.691735]]]},"properties":{"lp":"1867","ac":"0.122","chaltha":"1867"}},{"type":"Feature","geometry":{"type":"Polygon","coordinates":[[[79.486259,15.691595],[79.486313,15.69173],[79.486315,15.691735],[79.486542,15.691641],[79.486461,15.691524],[79.486259,15.691595]]]},"properties":{"lp":"1866","ac":"0.097","chaltha":"1866"}},{"type":"Feature","geometry":{"type":"Polygon","coordinates":[[[79.488082,15.693661],[79.48886,15.693241],[79.488809,15.693139],[79.488001,15.693545],[79.488016,15.693568],[79.488082,15.693661]]]},"properties":{"lp":"1880","ac":"0.332","chaltha":"1880"}},{"type":"Feature","geometry":{"type":"Polygon","coordinates":[[[79.488809,15.693139],[79.48876,15.693042],[79.487924,15.693426],[79.488001,15.693545],[79.488809,15.693139]]]},"properties":{"lp":"1881","ac":"0.334","chaltha":"1881"}},{"type":"Feature","geometry":{"type":"Polygon","coordinates":[[[79.487779,15.693161],[79.487924,15.693426],[79.48876,15.693042],[79.488637,15.692798],[79.487779,15.693161]]]},"properties":{"lp":"1882","ac":"0.778","chaltha":"1882"}},{"type":"Feature","geometry":{"type":"Polygon","coordinates":[[[79.487671,15.692979],[79.487779,15.693161],[79.488637,15.692798],[79.488571,15.692668],[79.487671,15.692979]]]},"properties":{"lp":"1883","ac":"0.488","chaltha":"1883"}},{"type":"Feature","geometry":{"type":"Polygon","coordinates":[[[79.487516,15.692749],[79.487671,15.692979],[79.488571,15.692668],[79.488448,15.692425],[79.487516,15.692749]]]},"properties":{"lp":"1884","ac":"0.765","chaltha":"1884"}},{"type":"Feature","geometry":{"type":"Polygon","coordinates":[[[79.487407,15.692569],[79.487516,15.692749],[79.488448,15.692425],[79.488383,15.692295],[79.487407,15.692569]]]},"properties":{"lp":"1885","ac":"0.509","chaltha":"1885"}},{"type":"Feature","geometry":{"type":"Polygon","coordinates":[[[79.487226,15.692369],[79.487407,15.692569],[79.488383,15.692295],[79.48835,15.69223],[79.488276,15.692084],[79.487226,15.692369]]]},"properties":{"lp":"1886","ac":"0.728","chaltha":"1886"}},{"type":"Feature","geometry":{"type":"Polygon","coordinates":[[[79.487086,15.692229],[79.487226,15.692369],[79.488276,15.692084],[79.48821,15.691954],[79.487086,15.692229]]]},"properties":{"lp":"1887","ac":"0.515","chaltha":"1887"}},{"type":"Feature","geometry":{"type":"Polygon","coordinates":[[[79.486945,15.692089],[79.487086,15.692229],[79.48821,15.691954],[79.488128,15.691792],[79.486945,15.692089]]]},"properties":{"lp":"1888","ac":"0.606","chaltha":"1888"}},{"type":"Feature","geometry":{"type":"Polygon","coordinates":[[[79.486844,15.691946],[79.486945,15.692089],[79.488128,15.691792],[79.488046,15.691629],[79.486844,15.691946]]]},"properties":{"lp":"1889","ac":"0.615","chaltha":"1889"}},{"type":"Feature","geometry":{"type":"Polygon","coordinates":[[[79.486743,15.691804],[79.486844,15.691946],[79.488046,15.691629],[79.488023,15.691584],[79.487969,15.691477],[79.486743,15.691804]]]},"properties":{"lp":"1890","ac":"0.609","chaltha":"1890"}},{"type":"Feature","geometry":{"type":"Polygon","coordinates":[[[79.48664,15.69166],[79.486743,15.691804],[79.487969,15.691477],[79.487887,15.691314],[79.48664,15.69166]]]},"properties":{"lp":"1891","ac":"0.646","chaltha":"1891"}},{"type":"Feature","geometry":{"type":"Polygon","coordinates":[[[79.486533,15.691505],[79.48664,15.69166],[79.487887,15.691314],[79.487808,15.691158],[79.486533,15.691505]]]},"properties":{"lp":"1892","ac":"0.67","chaltha":"1892"}},{"type":"Feature","geometry":{"type":"Polygon","coordinates":[[[79.486237,15.690983],[79.486533,15.691505],[79.487808,15.691158],[79.487622,15.690605],[79.486237,15.690983]]]},"properties":{"lp":"1944","ac":"2.351","chaltha":"1944"}},{"type":"Feature","geometry":{"type":"Polygon","coordinates":[[[79.485878,15.690351],[79.486237,15.690983],[79.487622,15.690605],[79.487404,15.68996],[79.487388,15.689915],[79.485878,15.690351]]]},"properties":{"lp":"1948","ac":"3.161","chaltha":"1948"}},{"type":"Feature","geometry":{"type":"Polygon","coordinates":[[[79.48991,15.694871],[79.489977,15.694975],[79.490001,15.694966],[79.491625,15.694403],[79.491492,15.694235],[79.48991,15.694871]]]},"properties":{"lp":"1823","ac":"0.822","chaltha":"1823"}},{"type":"Feature","geometry":{"type":"Polygon","coordinates":[[[79.48991,15.694871],[79.491492,15.694235],[79.491361,15.69407],[79.489786,15.694679],[79.489793,15.69469],[79.4899,15.694856],[79.48991,15.694871]]]},"properties":{"lp":"1824","ac":"1.057","chaltha":"1824"}},{"type":"Feature","geometry":{"type":"Polygon","coordinates":[[[79.489786,15.694679],[79.491361,15.69407],[79.49123,15.693905],[79.489678,15.694511],[79.48971,15.694561],[79.489786,15.694679]]]},"properties":{"lp":"1825","ac":"0.977","chaltha":"1825"}},{"type":"Feature","geometry":{"type":"Polygon","coordinates":[[[79.489678,15.694511],[79.49123,15.693905],[79.491094,15.693733],[79.489559,15.694326],[79.489627,15.694432],[79.489678,15.694511]]]},"properties":{"lp":"1826","ac":"1.029","chaltha":"1826"}},{"type":"Feature","geometry":{"type":"Polygon","coordinates":[[[79.489559,15.694326],[79.491094,15.693733],[79.490946,15.693547],[79.489446,15.69415],[79.489531,15.694282],[79.489559,15.694326]]]},"properties":{"lp":"1827","ac":"1.036","chaltha":"1827"}},{"type":"Feature","geometry":{"type":"Polygon","coordinates":[[[79.489446,15.69415],[79.490946,15.693547],[79.49081,15.693374],[79.489325,15.693963],[79.489332,15.693974],[79.489435,15.694133],[79.489446,15.69415]]]},"properties":{"lp":"1828","ac":"1.01","chaltha":"1828"}},{"type":"Feature","geometry":{"type":"Polygon","coordinates":[[[79.489325,15.693963],[79.49081,15.693374],[79.490674,15.693202],[79.489209,15.693782],[79.489226,15.693809],[79.489325,15.693963]]]},"properties":{"lp":"1829","ac":"0.979","chaltha":"1829"}},{"type":"Feature","geometry":{"type":"Polygon","coordinates":[[[79.489209,15.693782],[79.490674,15.693202],[79.490532,15.693023],[79.48909,15.693598],[79.489125,15.693652],[79.489209,15.693782]]]},"properties":{"lp":"1830","ac":"0.994","chaltha":"1830"}},{"type":"Feature","geometry":{"type":"Polygon","coordinates":[[[79.48909,15.693598],[79.490532,15.693023],[79.490378,15.69283],[79.488959,15.693394],[79.489021,15.693491],[79.48909,15.693598]]]},"properties":{"lp":"1831","ac":"1.071","chaltha":"1831"}},{"type":"Feature","geometry":{"type":"Polygon","coordinates":[[[79.488959,15.693394],[79.490378,15.69283],[79.490333,15.692772],[79.489732,15.692972],[79.48886,15.693241],[79.488929,15.693348],[79.488959,15.693394]]]},"properties":{"lp":"1832","ac":"0.536","chaltha":"1832"}},{"type":"Feature","geometry":{"type":"Polygon","coordinates":[[[79.480764,15.683507],[79.480693,15.683357],[79.480299,15.68252],[79.480048,15.681988],[79.480038,15.682191],[79.47989,15.682241],[79.479896,15.682375],[79.48003,15.682382],[79.479986,15.683158],[79.480764,15.683507]]]},"properties":{"lp":"1292","ac":"1.426","chaltha":"1292"}},{"type":"Feature","geometry":{"type":"Polygon","coordinates":[[[79.480048,15.681988],[79.480299,15.68252],[79.480956,15.682331],[79.480779,15.681769],[79.48076,15.681775],[79.480048,15.681988]]]},"properties":{"lp":"1724","ac":"1.241","chaltha":"1724"}},{"type":"Feature","geometry":{"type":"Polygon","coordinates":[[[79.480693,15.683357],[79.481321,15.682975],[79.481005,15.682487],[79.480956,15.682331],[79.480299,15.68252],[79.480693,15.683357]]]},"properties":{"lp":"1725","ac":"1.676","chaltha":"1725"}},{"type":"Feature","geometry":{"type":"Polygon","coordinates":[[[79.480693,15.683357],[79.480764,15.683507],[79.480931,15.683789],[79.481643,15.68347],[79.4815,15.683251],[79.481321,15.682975],[79.480693,15.683357]]]},"properties":{"lp":"1726","ac":"1.207","chaltha":"1726"}},{"type":"Feature","geometry":{"type":"Polygon","coordinates":[[[79.480931,15.683789],[79.481439,15.684645],[79.48219,15.684311],[79.481643,15.68347],[79.480931,15.683789]]]},"properties":{"lp":"1727","ac":"2.323","chaltha":"1727"}},{"type":"Feature","geometry":{"type":"Polygon","coordinates":[[[79.481439,15.684645],[79.482001,15.685591],[79.482741,15.685197],[79.48219,15.684311],[79.481439,15.684645]]]},"properties":{"lp":"1728","ac":"2.595","chaltha":"1728"}},{"type":"Feature","geometry":{"type":"Polygon","coordinates":[[[79.483216,15.687628],[79.48356,15.688205],[79.484437,15.687836],[79.484195,15.687464],[79.483216,15.687628]]]},"properties":{"lp":"1732","ac":"1.519","chaltha":"1732"}},{"type":"Feature","geometry":{"type":"Polygon","coordinates":[[[79.48883,15.69526],[79.488861,15.695362],[79.489977,15.694975],[79.48991,15.694871],[79.4899,15.694856],[79.48883,15.69526]]]},"properties":{"lp":"1844","ac":"0.416","chaltha":"1844"}},{"type":"Feature","geometry":{"type":"Polygon","coordinates":[[[79.4899,15.694856],[79.489793,15.69469],[79.488773,15.695105],[79.48883,15.69526],[79.4899,15.694856]]]},"properties":{"lp":"1843","ac":"0.591","chaltha":"1843"}},{"type":"Feature","geometry":{"type":"Polygon","coordinates":[[[79.488773,15.695105],[79.489793,15.69469],[79.489786,15.694679],[79.48971,15.694561],[79.488707,15.694963],[79.488773,15.695105]]]},"properties":{"lp":"1842","ac":"0.49","chaltha":"1842"}},{"type":"Feature","geometry":{"type":"Polygon","coordinates":[[[79.488656,15.69483],[79.488707,15.694963],[79.48971,15.694561],[79.489678,15.694511],[79.489627,15.694432],[79.488656,15.69483]]]},"properties":{"lp":"1841","ac":"0.457","chaltha":"1841"}},{"type":"Feature","geometry":{"type":"Polygon","coordinates":[[[79.489627,15.694432],[79.489559,15.694326],[79.489531,15.694282],[79.488592,15.694668],[79.488656,15.69483],[79.489627,15.694432]]]},"properties":{"lp":"1840","ac":"0.53","chaltha":"1840"}},{"type":"Feature","geometry":{"type":"Polygon","coordinates":[[[79.489435,15.694133],[79.488516,15.694509],[79.488592,15.694668],[79.489531,15.694282],[79.489446,15.69415],[79.489435,15.694133]]]},"properties":{"lp":"1839","ac":"0.515","chaltha":"1839"}},{"type":"Feature","geometry":{"type":"Polygon","coordinates":[[[79.489435,15.694133],[79.489332,15.693974],[79.488452,15.694376],[79.488516,15.694509],[79.489435,15.694133]]]},"properties":{"lp":"1838","ac":"0.481","chaltha":"1838"}},{"type":"Feature","geometry":{"type":"Polygon","coordinates":[[[79.488383,15.694207],[79.488452,15.694376],[79.489332,15.693974],[79.489325,15.693963],[79.489226,15.693809],[79.488383,15.694207]]]},"properties":{"lp":"1837","ac":"0.525","chaltha":"1837"}},{"type":"Feature","geometry":{"type":"Polygon","coordinates":[[[79.489226,15.693809],[79.489209,15.693782],[79.489125,15.693652],[79.488337,15.694052],[79.488383,15.694207],[79.489226,15.693809]]]},"properties":{"lp":"1836","ac":"0.46","chaltha":"1836"}},{"type":"Feature","geometry":{"type":"Polygon","coordinates":[[[79.488262,15.693904],[79.488337,15.694052],[79.489125,15.693652],[79.48909,15.693598],[79.489021,15.693491],[79.488262,15.693904]]]},"properties":{"lp":"1835","ac":"0.456","chaltha":"1835"}},{"type":"Feature","geometry":{"type":"Polygon","coordinates":[[[79.488171,15.693771],[79.488262,15.693904],[79.489021,15.693491],[79.488959,15.693394],[79.488929,15.693348],[79.488171,15.693771]]]},"properties":{"lp":"1834","ac":"0.418","chaltha":"1834"}},{"type":"Feature","geometry":{"type":"Polygon","coordinates":[[[79.488082,15.693661],[79.488171,15.693771],[79.488929,15.693348],[79.48886,15.693241],[79.488082,15.693661]]]},"properties":{"lp":"1833","ac":"0.342","chaltha":"1833"}},{"type":"Feature","geometry":{"type":"Polygon","coordinates":[[[79.48879,15.695388],[79.488852,15.695365],[79.488861,15.695362],[79.48883,15.69526],[79.488773,15.695105],[79.488707,15.694963],[79.488656,15.69483],[79.488592,15.694668],[79.488516,15.694509],[79.488452,15.694376],[79.488383,15.694207],[79.488337,15.694052],[79.488262,15.693904],[79.488171,15.693771],[79.488082,15.693661],[79.488016,15.693568],[79.487944,15.693595],[79.488084,15.693891],[79.488184,15.694105],[79.488364,15.694485],[79.488558,15.694896],[79.488674,15.695142],[79.48879,15.695388]]]},"properties":{"lp":"1845","ac":"0.709","chaltha":"1845"}},{"type":"Feature","geometry":{"type":"Polygon","coordinates":[[[79.488104,15.695292],[79.488225,15.695602],[79.48879,15.695388],[79.488674,15.695142],[79.488104,15.695292]]]},"properties":{"lp":"1851","ac":"0.525","chaltha":"1851"}},{"type":"Feature","geometry":{"type":"Polygon","coordinates":[[[79.488015,15.695064],[79.488104,15.695292],[79.488674,15.695142],[79.488558,15.694896],[79.488015,15.695064]]]},"properties":{"lp":"1850","ac":"0.435","chaltha":"1850"}},{"type":"Feature","geometry":{"type":"Polygon","coordinates":[[[79.487696,15.694711],[79.487926,15.695079],[79.488015,15.695064],[79.488558,15.694896],[79.488364,15.694485],[79.487696,15.694711]]]},"properties":{"lp":"1849","ac":"0.879","chaltha":"1849"}},{"type":"Feature","geometry":{"type":"Polygon","coordinates":[[[79.487454,15.694325],[79.487478,15.694363],[79.487691,15.694703],[79.487696,15.694711],[79.488364,15.694485],[79.488184,15.694105],[79.487454,15.694325]]]},"properties":{"lp":"1848","ac":"0.922","chaltha":"1848"}},{"type":"Feature","geometry":{"type":"Polygon","coordinates":[[[79.487324,15.694116],[79.487372,15.694193],[79.487454,15.694325],[79.488184,15.694105],[79.488084,15.693891],[79.487324,15.694116]]]},"properties":{"lp":"1847","ac":"0.537","chaltha":"1847"}},{"type":"Feature","geometry":{"type":"Polygon","coordinates":[[[79.487169,15.693869],[79.487324,15.694116],[79.488084,15.693891],[79.487944,15.693595],[79.487169,15.693869]]]},"properties":{"lp":"1846","ac":"0.718","chaltha":"1846"}},{"type":"Feature","geometry":{"type":"Polygon","coordinates":[[[79.489435,15.690705],[79.489878,15.691728],[79.490333,15.692772],[79.490776,15.692594],[79.489818,15.690519],[79.489435,15.690705]]]},"properties":{"lp":"1898","ac":"3.003","chaltha":"1898"}},{"type":"Feature","geometry":{"type":"Polygon","coordinates":[[[79.490776,15.692594],[79.491644,15.692244],[79.491086,15.691133],[79.490671,15.691348],[79.490457,15.69072],[79.490307,15.690282],[79.490273,15.690299],[79.489818,15.690519],[79.490776,15.692594]]]},"properties":{"lp":"1899","ac":"4.812","chaltha":"1899"}},{"type":"Feature","geometry":{"type":"Polygon","coordinates":[[[79.483216,15.687628],[79.484195,15.687464],[79.483628,15.686739],[79.483306,15.686326],[79.48262,15.68663],[79.483216,15.687628]]]},"properties":{"lp":"1731","ac":"3.114","chaltha":"1731"}},{"type":"Feature","geometry":{"type":"Polygon","coordinates":[[[79.48262,15.68663],[79.483306,15.686326],[79.482741,15.685197],[79.482001,15.685591],[79.48262,15.68663]]]},"properties":{"lp":"1730","ac":"2.869","chaltha":"1730"}},{"type":"Feature","geometry":{"type":"Polygon","coordinates":[[[79.484297,15.691183],[79.484482,15.691776],[79.485284,15.691533],[79.485499,15.691467],[79.485421,15.691279],[79.485278,15.690896],[79.484297,15.691183]]]},"properties":{"lp":"1742","ac":"1.877","chaltha":"1742"}},{"type":"Feature","geometry":{"type":"Polygon","coordinates":[[[79.484534,15.693721],[79.484672,15.694072],[79.485267,15.694648],[79.485456,15.69457],[79.485431,15.6945],[79.485343,15.694252],[79.485288,15.694098],[79.48524,15.693962],[79.485191,15.693825],[79.485152,15.693715],[79.485113,15.693604],[79.485096,15.693556],[79.484534,15.693721]]]},"properties":{"lp":"1769","ac":"1.452","chaltha":"1769"}},{"type":"Feature","geometry":{"type":"Polygon","coordinates":[[[79.484453,15.693513],[79.484534,15.693721],[79.485096,15.693556],[79.485071,15.693485],[79.485037,15.693391],[79.485021,15.693346],[79.484453,15.693513]]]},"properties":{"lp":"1762","ac":"0.383","chaltha":"1762"}},{"type":"Feature","geometry":{"type":"Polygon","coordinates":[[[79.48427,15.693045],[79.484453,15.693513],[79.485021,15.693346],[79.484997,15.693276],[79.48497,15.693202],[79.48494,15.693116],[79.4849,15.693005],[79.484858,15.692885],[79.484854,15.692874],[79.48427,15.693045]]]},"properties":{"lp":"1761","ac":"0.881","chaltha":"1761"}},{"type":"Feature","geometry":{"type":"Polygon","coordinates":[[[79.484007,15.692372],[79.48427,15.693045],[79.484854,15.692874],[79.484819,15.692777],[79.484786,15.692683],[79.484752,15.692587],[79.484717,15.692488],[79.48468,15.692386],[79.484644,15.692284],[79.484612,15.692192],[79.484007,15.692372]]]},"properties":{"lp":"1751","ac":"1.31","chaltha":"1751"}},{"type":"Feature","geometry":{"type":"Polygon","coordinates":[[[79.483747,15.690024],[79.483889,15.691302],[79.484297,15.691183],[79.48392,15.689975],[79.483747,15.690024]]]},"properties":{"lp":"1740","ac":"1.123","chaltha":"1740"}},{"type":"Feature","geometry":{"type":"Polygon","coordinates":[[[79.48392,15.689975],[79.484297,15.691183],[79.485278,15.690896],[79.484815,15.68972],[79.48392,15.689975]]]},"properties":{"lp":"1739","ac":"3.608","chaltha":"1739"}},{"type":"Feature","geometry":{"type":"Polygon","coordinates":[[[79.483697,15.689532],[79.483747,15.690024],[79.48392,15.689975],[79.484815,15.68972],[79.484587,15.689267],[79.483697,15.689532]]]},"properties":{"lp":"1738","ac":"1.473","chaltha":"1738"}},{"type":"Feature","geometry":{"type":"Polygon","coordinates":[[[79.484125,15.672736],[79.483631,15.673031],[79.482469,15.673568],[79.482362,15.674145],[79.482399,15.674682],[79.482468,15.674941],[79.482609,15.675474],[79.483109,15.675864],[79.484443,15.676289],[79.484635,15.676228],[79.484842,15.676161],[79.485147,15.676063],[79.484933,15.675566],[79.484822,15.675309],[79.484713,15.675056],[79.484432,15.674382],[79.484502,15.674083],[79.48447,15.673808],[79.484388,15.673771],[79.484268,15.673718],[79.483834,15.673179],[79.484125,15.672736]]]},"properties":{"lp":"1246","ac":"17.241","chaltha":"1246"}},{"type":"Feature","geometry":{"type":"Polygon","coordinates":[[[79.48463,15.67371],[79.484747,15.673639],[79.484422,15.672907],[79.484262,15.672981],[79.48463,15.67371]]]},"properties":{"lp":"581","ac":"0.37","chaltha":"581"}},{"type":"Feature","geometry":{"type":"Polygon","coordinates":[[[79.485207,15.67341],[79.484929,15.672703],[79.485101,15.672643],[79.485008,15.67242],[79.484563,15.672597],[79.484662,15.67279],[79.484977,15.673499],[79.48503,15.673467],[79.485207,15.67341]]]},"properties":{"lp":"583","ac":"0.906","chaltha":"583"}},{"type":"Feature","geometry":{"type":"Polygon","coordinates":[[[79.485394,15.673351],[79.485108,15.672643],[79.485101,15.672643],[79.484929,15.672703],[79.485207,15.67341],[79.485394,15.673351]]]},"properties":{"lp":"584","ac":"0.429","chaltha":"584"}},{"type":"Feature","geometry":{"type":"Polygon","coordinates":[[[79.485108,15.672643],[79.485409,15.672544],[79.485327,15.672321],[79.485008,15.67242],[79.485101,15.672643],[79.485108,15.672643]]]},"properties":{"lp":"585","ac":"0.231","chaltha":"585"}},{"type":"Feature","geometry":{"type":"Polygon","coordinates":[[[79.48571,15.67325],[79.485565,15.672899],[79.485418,15.672543],[79.485409,15.672544],[79.485108,15.672643],[79.485394,15.673351],[79.48571,15.67325]]]},"properties":{"lp":"586","ac":"0.735","chaltha":"586"}},{"type":"Feature","geometry":{"type":"Polygon","coordinates":[[[79.485418,15.672543],[79.485745,15.672445],[79.486041,15.672357],[79.485919,15.672181],[79.485695,15.672207],[79.485327,15.672321],[79.485409,15.672544],[79.485418,15.672543]]]},"properties":{"lp":"587","ac":"0.431","chaltha":"587"}},{"type":"Feature","geometry":{"type":"Polygon","coordinates":[[[79.486066,15.673137],[79.485993,15.672933],[79.486223,15.672866],[79.486164,15.672698],[79.485879,15.672785],[79.485565,15.672899],[79.48571,15.67325],[79.486066,15.673137]]]},"properties":{"lp":"590","ac":"0.557","chaltha":"590"}},{"type":"Feature","geometry":{"type":"Polygon","coordinates":[[[79.485879,15.672785],[79.485745,15.672445],[79.485418,15.672543],[79.485565,15.672899],[79.485879,15.672785]]]},"properties":{"lp":"588","ac":"0.371","chaltha":"588"}},{"type":"Feature","geometry":{"type":"Polygon","coordinates":[[[79.486151,15.672657],[79.486041,15.672357],[79.485745,15.672445],[79.485879,15.672785],[79.486164,15.672698],[79.486151,15.672657]]]},"properties":{"lp":"589","ac":"0.323","chaltha":"589"}},{"type":"Feature","geometry":{"type":"Polygon","coordinates":[[[79.486459,15.672795],[79.486223,15.672866],[79.486285,15.673067],[79.486516,15.672993],[79.486484,15.672879],[79.486459,15.672795]]]},"properties":{"lp":"592","ac":"0.15","chaltha":"592"}},{"type":"Feature","geometry":{"type":"Polygon","coordinates":[[[79.485993,15.672933],[79.486066,15.673137],[79.486285,15.673067],[79.486223,15.672866],[79.485993,15.672933]]]},"properties":{"lp":"591","ac":"0.147","chaltha":"591"}},{"type":"Feature","geometry":{"type":"Polygon","coordinates":[[[79.484388,15.673771],[79.48447,15.673808],[79.48463,15.67371],[79.484262,15.672981],[79.483984,15.673107],[79.484388,15.673771]]]},"properties":{"lp":"580","ac":"0.657","chaltha":"580"}},{"type":"Feature","geometry":{"type":"Polygon","coordinates":[[[79.483984,15.673107],[79.484262,15.672981],[79.484422,15.672907],[79.484747,15.673639],[79.484977,15.673499],[79.484662,15.67279],[79.484563,15.672597],[79.484254,15.672796],[79.483984,15.673107]]]},"properties":{"lp":"582","ac":"0.921","chaltha":"582"}},{"type":"Feature","geometry":{"type":"Polygon","coordinates":[[[79.486459,15.672795],[79.48645,15.672768],[79.486381,15.672583],[79.486151,15.672657],[79.486164,15.672698],[79.486223,15.672866],[79.486459,15.672795]]]},"properties":{"lp":"593","ac":"0.16","chaltha":"593"}},{"type":"Feature","geometry":{"type":"Polygon","coordinates":[[[79.486484,15.672879],[79.486516,15.672993],[79.486595,15.672968],[79.48677,15.672858],[79.486746,15.672785],[79.486484,15.672879]]]},"properties":{"lp":"594","ac":"0.086","chaltha":"594"}},{"type":"Feature","geometry":{"type":"Polygon","coordinates":[[[79.48645,15.672768],[79.486459,15.672795],[79.486484,15.672879],[79.486746,15.672785],[79.486714,15.672681],[79.48645,15.672768]]]},"properties":{"lp":"595","ac":"0.092","chaltha":"595"}},{"type":"Feature","geometry":{"type":"Polygon","coordinates":[[[79.486381,15.672583],[79.48645,15.672768],[79.486714,15.672681],[79.486705,15.672653],[79.486615,15.672539],[79.486381,15.672583]]]},"properties":{"lp":"596","ac":"0.137","chaltha":"596"}},{"type":"Feature","geometry":{"type":"Polygon","coordinates":[[[79.48677,15.672858],[79.486877,15.672791],[79.48669,15.672475],[79.486484,15.672271],[79.486172,15.67209],[79.485809,15.67212],[79.485481,15.672195],[79.48478,15.672475],[79.484125,15.672736],[79.483834,15.673179],[79.484268,15.673718],[79.484388,15.673771],[79.483984,15.673107],[79.484254,15.672796],[79.484563,15.672597],[79.485008,15.67242],[79.485327,15.672321],[79.485695,15.672207],[79.485919,15.672181],[79.486041,15.672357],[79.486151,15.672657],[79.486381,15.672583],[79.486615,15.672539],[79.486705,15.672653],[79.486714,15.672681],[79.486746,15.672785],[79.48677,15.672858]]]},"properties":{"lp":"597","ac":"1.514","chaltha":"597"}},{"type":"Feature","geometry":{"type":"Polygon","coordinates":[[[79.485401,15.671375],[79.485384,15.671383],[79.485359,15.6713],[79.485112,15.671377],[79.485383,15.672101],[79.48553,15.672058],[79.485648,15.672031],[79.485517,15.671683],[79.485401,15.671375]]]},"properties":{"lp":"1097","ac":"0.615","chaltha":"1097"}},{"type":"Feature","geometry":{"type":"Polygon","coordinates":[[[79.487156,15.670864],[79.486903,15.670972],[79.486923,15.671016],[79.485517,15.671683],[79.485648,15.672031],[79.485909,15.671971],[79.486761,15.671729],[79.487174,15.671566],[79.487418,15.67147],[79.487156,15.670864]]]},"properties":{"lp":"1096","ac":"2.863","chaltha":"1096"}},{"type":"Feature","geometry":{"type":"Polygon","coordinates":[[[79.485401,15.671375],[79.485517,15.671683],[79.486923,15.671016],[79.486903,15.670972],[79.486825,15.6708],[79.485887,15.671261],[79.48576,15.67102],[79.485401,15.671375]]]},"properties":{"lp":"1095","ac":"1.302","chaltha":"1095"}},{"type":"Feature","geometry":{"type":"Polygon","coordinates":[[[79.48576,15.67102],[79.485887,15.671261],[79.486825,15.6708],[79.486719,15.670569],[79.486549,15.670241],[79.485925,15.670857],[79.48576,15.67102]]]},"properties":{"lp":"1094","ac":"1.385","chaltha":"1094"}},{"type":"Feature","geometry":{"type":"Polygon","coordinates":[[[79.487927,15.671239],[79.487664,15.670655],[79.487325,15.670799],[79.487156,15.670864],[79.487418,15.67147],[79.487927,15.671239]]]},"properties":{"lp":"1073","ac":"1.052","chaltha":"1073"}},{"type":"Feature","geometry":{"type":"Polygon","coordinates":[[[79.487927,15.671239],[79.488955,15.670774],[79.488902,15.670649],[79.490192,15.670083],[79.490387,15.669998],[79.49013,15.669341],[79.488631,15.669946],[79.488734,15.670204],[79.487664,15.670655],[79.487927,15.671239]]]},"properties":{"lp":"1072","ac":"5.554","chaltha":"1072"}},{"type":"Feature","geometry":{"type":"Polygon","coordinates":[[[79.477883,15.681377],[79.477615,15.680707],[79.477412,15.680785],[79.47721,15.680863],[79.47764,15.681316],[79.477883,15.681377]]]},"properties":{"lp":"1310","ac":"0.582","chaltha":"1310"}},{"type":"Feature","geometry":{"type":"Polygon","coordinates":[[[79.477412,15.680785],[79.477209,15.680243],[79.476965,15.680363],[79.476809,15.680441],[79.47721,15.680863],[79.477412,15.680785]]]},"properties":{"lp":"1311","ac":"0.547","chaltha":"1311"}},{"type":"Feature","geometry":{"type":"Polygon","coordinates":[[[79.477615,15.680707],[79.477738,15.68066],[79.477544,15.680114],[79.477426,15.680136],[79.477209,15.680243],[79.477412,15.680785],[79.477615,15.680707]]]},"properties":{"lp":"1312","ac":"0.612","chaltha":"1312"}},{"type":"Feature","geometry":{"type":"Polygon","coordinates":[[[79.478052,15.681419],[79.47779,15.68065],[79.477938,15.680602],[79.478176,15.680522],[79.478122,15.680412],[79.478041,15.680247],[79.477939,15.680039],[79.477544,15.680114],[79.477738,15.68066],[79.477615,15.680707],[79.477883,15.681377],[79.478052,15.681419]]]},"properties":{"lp":"1313","ac":"1.069","chaltha":"1313"}},{"type":"Feature","geometry":{"type":"Polygon","coordinates":[[[79.478206,15.681342],[79.477938,15.680602],[79.47779,15.68065],[79.478052,15.681419],[79.478206,15.681342]]]},"properties":{"lp":"1314","ac":"0.383","chaltha":"1314"}},{"type":"Feature","geometry":{"type":"Polygon","coordinates":[[[79.478041,15.680247],[79.478386,15.68015],[79.478307,15.67997],[79.477939,15.680039],[79.478041,15.680247]]]},"properties":{"lp":"1317","ac":"0.225","chaltha":"1317"}},{"type":"Feature","geometry":{"type":"Polygon","coordinates":[[[79.478206,15.681342],[79.478428,15.681231],[79.478587,15.680847],[79.478548,15.680519],[79.478459,15.680317],[79.478122,15.680412],[79.478176,15.680522],[79.477938,15.680602],[79.478206,15.681342]]]},"properties":{"lp":"1315","ac":"1.219","chaltha":"1315"}},{"type":"Feature","geometry":{"type":"Polygon","coordinates":[[[79.478459,15.680317],[79.478386,15.68015],[79.478041,15.680247],[79.478122,15.680412],[79.478459,15.680317]]]},"properties":{"lp":"1316","ac":"0.188","chaltha":"1316"}},{"type":"Feature","geometry":{"type":"Polygon","coordinates":[[[79.476965,15.680363],[79.477209,15.680243],[79.477426,15.680136],[79.477363,15.679936],[79.4773,15.679737],[79.476771,15.679838],[79.476965,15.680363]]]},"properties":{"lp":"1320","ac":"0.748","chaltha":"1320"}},{"type":"Feature","geometry":{"type":"Polygon","coordinates":[[[79.476578,15.679826],[79.476332,15.680065],[79.476627,15.680471],[79.476809,15.680441],[79.476965,15.680363],[79.476771,15.679838],[79.476716,15.679789],[79.476578,15.679826]]]},"properties":{"lp":"1321","ac":"0.748","chaltha":"1321"}},{"type":"Feature","geometry":{"type":"Polygon","coordinates":[[[79.476771,15.679838],[79.476636,15.679347],[79.476593,15.679189],[79.476519,15.679209],[79.475935,15.679365],[79.47615,15.679764],[79.476474,15.679625],[79.476578,15.679826],[79.476716,15.679789],[79.476771,15.679838]]]},"properties":{"lp":"1323","ac":"0.892","chaltha":"1323"}},{"type":"Feature","geometry":{"type":"Polygon","coordinates":[[[79.47615,15.679764],[79.476256,15.67996],[79.476332,15.680065],[79.476578,15.679826],[79.476474,15.679625],[79.47615,15.679764]]]},"properties":{"lp":"1322","ac":"0.295","chaltha":"1322"}},{"type":"Feature","geometry":{"type":"Polygon","coordinates":[[[79.4773,15.679737],[79.477807,15.679605],[79.477592,15.678854],[79.477307,15.67893],[79.477245,15.678968],[79.477106,15.679046],[79.477082,15.679059],[79.4773,15.679737]]]},"properties":{"lp":"1326","ac":"1.2","chaltha":"1326"}},{"type":"Feature","geometry":{"type":"Polygon","coordinates":[[[79.476964,15.675361],[79.47721,15.67559],[79.477684,15.675379],[79.477647,15.675264],[79.477593,15.675049],[79.477098,15.675295],[79.476964,15.675361]]]},"properties":{"lp":"1458","ac":"0.578","chaltha":"1458"}},{"type":"Feature","geometry":{"type":"Polygon","coordinates":[[[79.47674,15.674914],[79.476913,15.674834],[79.477474,15.674574],[79.477439,15.674433],[79.477434,15.674414],[79.476907,15.674655],[79.476677,15.67476],[79.47674,15.674914]]]},"properties":{"lp":"1452","ac":"0.396","chaltha":"1452"}},{"type":"Feature","geometry":{"type":"Polygon","coordinates":[[[79.476677,15.67476],[79.476433,15.674868],[79.476571,15.674996],[79.47674,15.674914],[79.476677,15.67476]]]},"properties":{"lp":"1453","ac":"0.114","chaltha":"1453"}},{"type":"Feature","geometry":{"type":"Polygon","coordinates":[[[79.477032,15.675132],[79.47756,15.674917],[79.477522,15.674763],[79.477481,15.674599],[79.477474,15.674574],[79.476913,15.674834],[79.477017,15.675092],[79.477032,15.675132]]]},"properties":{"lp":"1455","ac":"0.583","chaltha":"1455"}},{"type":"Feature","geometry":{"type":"Polygon","coordinates":[[[79.476907,15.674655],[79.476839,15.674389],[79.476607,15.674482],[79.476466,15.67453],[79.476341,15.674585],[79.476283,15.674638],[79.476368,15.674807],[79.476433,15.674868],[79.476677,15.67476],[79.476907,15.674655]]]},"properties":{"lp":"1450","ac":"0.48","chaltha":"1450"}},{"type":"Feature","geometry":{"type":"Polygon","coordinates":[[[79.476283,15.674638],[79.47619,15.674707],[79.476269,15.674874],[79.476616,15.675221],[79.476902,15.675507],[79.4771,15.675704],[79.477297,15.676012],[79.477409,15.675999],[79.477311,15.675798],[79.47721,15.67559],[79.476964,15.675361],[79.476781,15.675191],[79.476571,15.674996],[79.476433,15.674868],[79.476368,15.674807],[79.476283,15.674638]]]},"properties":{"lp":"1449","ac":"0.688","chaltha":"1449"}},{"type":"Feature","geometry":{"type":"Polygon","coordinates":[[[79.47679,15.675761],[79.476936,15.675941],[79.477297,15.676012],[79.4771,15.675704],[79.47679,15.675761]]]},"properties":{"lp":"1448","ac":"0.236","chaltha":"1448"}},{"type":"Feature","geometry":{"type":"Polygon","coordinates":[[[79.476281,15.675346],[79.47644,15.675605],[79.476674,15.675592],[79.476902,15.675507],[79.476616,15.675221],[79.476281,15.675346]]]},"properties":{"lp":"1446","ac":"0.415","chaltha":"1446"}},{"type":"Feature","geometry":{"type":"Polygon","coordinates":[[[79.47619,15.674707],[79.475906,15.674741],[79.476115,15.67504],[79.476281,15.675346],[79.476616,15.675221],[79.476269,15.674874],[79.47619,15.674707]]]},"properties":{"lp":"1445","ac":"0.534","chaltha":"1445"}},{"type":"Feature","geometry":{"type":"Polygon","coordinates":[[[79.473525,15.672999],[79.473786,15.67294],[79.473643,15.672616],[79.473407,15.672735],[79.473445,15.672821],[79.473485,15.672909],[79.473525,15.672999]]]},"properties":{"lp":"1695","ac":"0.248","chaltha":"1695"}},{"type":"Feature","geometry":{"type":"Polygon","coordinates":[[[79.473263,15.673035],[79.473295,15.673034],[79.473382,15.673032],[79.473525,15.672999],[79.473485,15.672909],[79.473243,15.672996],[79.473263,15.673035]]]},"properties":{"lp":"1696","ac":"0.058","chaltha":"1696"}},{"type":"Feature","geometry":{"type":"Polygon","coordinates":[[[79.473243,15.672996],[79.473485,15.672909],[79.473445,15.672821],[79.473202,15.672917],[79.473243,15.672996]]]},"properties":{"lp":"1697","ac":"0.07","chaltha":"1697"}},{"type":"Feature","geometry":{"type":"Polygon","coordinates":[[[79.473202,15.672917],[79.473445,15.672821],[79.473407,15.672735],[79.473363,15.672661],[79.473141,15.672799],[79.473202,15.672917]]]},"properties":{"lp":"1698","ac":"0.121","chaltha":"1698"}},{"type":"Feature","geometry":{"type":"Polygon","coordinates":[[[79.473363,15.672661],[79.473324,15.672571],[79.473106,15.672741],[79.47312,15.672759],[79.473141,15.672799],[79.473363,15.672661]]]},"properties":{"lp":"1699","ac":"0.064","chaltha":"1699"}},{"type":"Feature","geometry":{"type":"Polygon","coordinates":[[[79.473166,15.672172],[79.473251,15.672339],[79.473324,15.672571],[79.473363,15.672661],[79.473407,15.672735],[79.473643,15.672616],[79.473803,15.672454],[79.473473,15.671667],[79.473414,15.67168],[79.473139,15.672127],[79.473166,15.672172]]]},"properties":{"lp":"1694","ac":"1.127","chaltha":"1694"}},{"type":"Feature","geometry":{"type":"Polygon","coordinates":[[[79.473414,15.67168],[79.473473,15.671667],[79.473803,15.672454],[79.473986,15.672262],[79.474,15.672171],[79.474135,15.672128],[79.473999,15.671813],[79.473801,15.671336],[79.473281,15.671487],[79.473414,15.67168]]]},"properties":{"lp":"1692","ac":"1.255","chaltha":"1692"}},{"type":"Feature","geometry":{"type":"Polygon","coordinates":[[[79.474399,15.672494],[79.47443,15.672484],[79.474397,15.672393],[79.474135,15.672128],[79.474,15.672171],[79.473986,15.672262],[79.474146,15.672364],[79.474399,15.672494]]]},"properties":{"lp":"1691","ac":"0.198","chaltha":"1691"}},{"type":"Feature","geometry":{"type":"Polygon","coordinates":[[[79.474932,15.673256],[79.474483,15.672353],[79.474397,15.672393],[79.47443,15.672484],[79.474399,15.672494],[79.474259,15.6728],[79.474085,15.673182],[79.47434,15.673527],[79.474932,15.673256]]]},"properties":{"lp":"1687","ac":"1.502","chaltha":"1687"}},{"type":"Feature","geometry":{"type":"Polygon","coordinates":[[[79.475091,15.673183],[79.474764,15.672215],[79.474483,15.672353],[79.474932,15.673256],[79.475091,15.673183]]]},"properties":{"lp":"1686","ac":"0.722","chaltha":"1686"}},{"type":"Feature","geometry":{"type":"Polygon","coordinates":[[[79.473999,15.671813],[79.474135,15.672128],[79.474397,15.672393],[79.474483,15.672353],[79.474764,15.672215],[79.474463,15.671594],[79.473999,15.671813]]]},"properties":{"lp":"1685","ac":"1.004","chaltha":"1685"}},{"type":"Feature","geometry":{"type":"Polygon","coordinates":[[[79.474463,15.671594],[79.474272,15.671199],[79.473834,15.671327],[79.473801,15.671336],[79.473999,15.671813],[79.474463,15.671594]]]},"properties":{"lp":"1684","ac":"0.698","chaltha":"1684"}},{"type":"Feature","geometry":{"type":"Polygon","coordinates":[[[79.47304,15.671936],[79.473139,15.672127],[79.473414,15.67168],[79.473281,15.671487],[79.47304,15.671936]]]},"properties":{"lp":"1693","ac":"0.298","chaltha":"1693"}},{"type":"Feature","geometry":{"type":"Polygon","coordinates":[[[79.473104,15.674196],[79.473492,15.673874],[79.47335,15.673702],[79.47309,15.673769],[79.472945,15.673806],[79.473104,15.674196]]]},"properties":{"lp":"1708","ac":"0.42","chaltha":"1708"}},{"type":"Feature","geometry":{"type":"Polygon","coordinates":[[[79.473104,15.674196],[79.472945,15.673806],[79.47247,15.673939],[79.472557,15.674288],[79.47282,15.67443],[79.473104,15.674196]]]},"properties":{"lp":"1707","ac":"0.744","chaltha":"1707"}},{"type":"Feature","geometry":{"type":"Polygon","coordinates":[[[79.473044,15.67455],[79.473808,15.674043],[79.473745,15.673846],[79.473492,15.673874],[79.473104,15.674196],[79.47282,15.67443],[79.473044,15.67455]]]},"properties":{"lp":"1722","ac":"0.8","chaltha":"1722"}},{"type":"Feature","geometry":{"type":"Polygon","coordinates":[[[79.473459,15.673575],[79.473948,15.673451],[79.473896,15.673271],[79.473385,15.673403],[79.473409,15.67346],[79.473459,15.673575]]]},"properties":{"lp":"1712","ac":"0.282","chaltha":"1712"}},{"type":"Feature","geometry":{"type":"Polygon","coordinates":[[[79.473745,15.673846],[79.473743,15.673762],[79.473459,15.673575],[79.47335,15.673702],[79.473492,15.673874],[79.473745,15.673846]]]},"properties":{"lp":"1713","ac":"0.201","chaltha":"1713"}},{"type":"Feature","geometry":{"type":"Polygon","coordinates":[[[79.473948,15.673451],[79.473459,15.673575],[79.473743,15.673762],[79.473897,15.673676],[79.473979,15.673631],[79.473948,15.673451]]]},"properties":{"lp":"1714","ac":"0.254","chaltha":"1714"}},{"type":"Feature","geometry":{"type":"Polygon","coordinates":[[[79.473808,15.674043],[79.473946,15.674369],[79.474178,15.674301],[79.473897,15.673676],[79.473743,15.673762],[79.473745,15.673846],[79.473808,15.674043]]]},"properties":{"lp":"1718","ac":"0.436","chaltha":"1718"}},{"type":"Feature","geometry":{"type":"Polygon","coordinates":[[[79.473896,15.673271],[79.473948,15.673451],[79.473979,15.673631],[79.474127,15.673639],[79.474167,15.673641],[79.474658,15.67355],[79.47434,15.673527],[79.474085,15.673182],[79.473963,15.673019],[79.473952,15.67306],[79.473928,15.673154],[79.473896,15.673271]]]},"properties":{"lp":"1715","ac":"0.48","chaltha":"1715"}},{"type":"Feature","geometry":{"type":"Polygon","coordinates":[[[79.474127,15.673639],[79.473979,15.673631],[79.473897,15.673676],[79.474178,15.674301],[79.474387,15.674233],[79.474127,15.673639]]]},"properties":{"lp":"1717","ac":"0.444","chaltha":"1717"}},{"type":"Feature","geometry":{"type":"Polygon","coordinates":[[[79.474658,15.67355],[79.474167,15.673641],[79.474127,15.673639],[79.474387,15.674233],[79.47452,15.674061],[79.474801,15.673851],[79.474658,15.67355]]]},"properties":{"lp":"1716","ac":"0.722","chaltha":"1716"}},{"type":"Feature","geometry":{"type":"Polygon","coordinates":[[[79.473325,15.673304],[79.473385,15.673403],[79.473896,15.673271],[79.473928,15.673154],[79.473325,15.673304]]]},"properties":{"lp":"1711","ac":"0.182","chaltha":"1711"}},{"type":"Feature","geometry":{"type":"Polygon","coordinates":[[[79.474054,15.674815],[79.474246,15.674788],[79.47452,15.674061],[79.474387,15.674233],[79.474178,15.674301],[79.473946,15.674369],[79.473895,15.674393],[79.474054,15.674815]]]},"properties":{"lp":"1719","ac":"0.568","chaltha":"1719"}},{"type":"Feature","geometry":{"type":"Polygon","coordinates":[[[79.481092,15.67714],[79.481849,15.677053],[79.481576,15.676331],[79.48121,15.67631],[79.481015,15.676598],[79.481092,15.67714]]]},"properties":{"lp":"1374","ac":"1.472","chaltha":"1374"}},{"type":"Feature","geometry":{"type":"Polygon","coordinates":[[[79.481849,15.677053],[79.48274,15.677373],[79.482627,15.676906],[79.482946,15.676763],[79.483064,15.67671],[79.483102,15.676693],[79.482213,15.675913],[79.481065,15.67602],[79.481143,15.676177],[79.48121,15.67631],[79.481576,15.676331],[79.481849,15.677053]]]},"properties":{"lp":"1375","ac":"4.196","chaltha":"1375"}},{"type":"Feature","geometry":{"type":"Polygon","coordinates":[[[79.47764,15.681316],[79.478241,15.681642],[79.478572,15.681425],[79.478715,15.681134],[79.478759,15.681046],[79.478587,15.680847],[79.478428,15.681231],[79.478206,15.681342],[79.478052,15.681419],[79.477883,15.681377],[79.47764,15.681316]]]},"properties":{"lp":"1309","ac":"0.698","chaltha":"1309"}},{"type":"Feature","geometry":{"type":"Polygon","coordinates":[[[79.478781,15.679091],[79.478872,15.679503],[79.479319,15.678616],[79.479317,15.677842],[79.478931,15.677056],[79.478529,15.677362],[79.478587,15.677904],[79.478592,15.677948],[79.478945,15.678461],[79.478876,15.6786],[79.478781,15.679091]]]},"properties":{"lp":"1342","ac":"3.094","chaltha":"1342"}},{"type":"Feature","geometry":{"type":"Polygon","coordinates":[[[79.478872,15.679503],[79.478886,15.679515],[79.479377,15.679964],[79.479554,15.680124],[79.479639,15.680086],[79.479742,15.680092],[79.480068,15.680375],[79.48011,15.680375],[79.480188,15.680375],[79.480375,15.680608],[79.480484,15.680743],[79.480019,15.679743],[79.479319,15.678616],[79.478872,15.679503]]]},"properties":{"lp":"1343","ac":"3.104","chaltha":"1343"}},{"type":"Feature","geometry":{"type":"Polygon","coordinates":[[[79.482048,15.678117],[79.482444,15.677964],[79.48235,15.67771],[79.482537,15.677644],[79.481037,15.677375],[79.481602,15.67828],[79.482048,15.678117]]]},"properties":{"lp":"1270","ac":"2.047","chaltha":"1270"}},{"type":"Feature","geometry":{"type":"Polygon","coordinates":[[[79.482444,15.677964],[79.483022,15.677742],[79.482537,15.677644],[79.48235,15.67771],[79.482444,15.677964]]]},"properties":{"lp":"1269","ac":"0.32","chaltha":"1269"}},{"type":"Feature","geometry":{"type":"Polygon","coordinates":[[[79.492848,15.660117],[79.492711,15.660163],[79.492011,15.660405],[79.492063,15.660536],[79.492233,15.660958],[79.492319,15.661209],[79.492799,15.661033],[79.493192,15.660889],[79.492848,15.660117]]]},"properties":{"lp":"965","ac":"2.254","chaltha":"965"}},{"type":"Feature","geometry":{"type":"Polygon","coordinates":[[[79.480865,15.680609],[79.480739,15.680212],[79.480518,15.68028],[79.48065,15.680639],[79.480865,15.680609]]]},"properties":{"lp":"1344","ac":"0.261","chaltha":"1344"}},{"type":"Feature","geometry":{"type":"Polygon","coordinates":[[[79.480739,15.680212],[79.480865,15.680609],[79.48102,15.680587],[79.480887,15.680161],[79.480877,15.680165],[79.480739,15.680212]]]},"properties":{"lp":"1345","ac":"0.197","chaltha":"1345"}},{"type":"Feature","geometry":{"type":"Polygon","coordinates":[[[79.480887,15.680161],[79.48102,15.680587],[79.481204,15.68056],[79.48105,15.680109],[79.480887,15.680161]]]},"properties":{"lp":"1346","ac":"0.239","chaltha":"1346"}},{"type":"Feature","geometry":{"type":"Polygon","coordinates":[[[79.48105,15.680109],[79.481204,15.68056],[79.481346,15.68054],[79.481252,15.680255],[79.481192,15.680071],[79.48105,15.680109]]]},"properties":{"lp":"1347","ac":"0.204","chaltha":"1347"}},{"type":"Feature","geometry":{"type":"Polygon","coordinates":[[[79.48071,15.679855],[79.481113,15.679735],[79.481031,15.67944],[79.48061,15.679577],[79.48071,15.679855]]]},"properties":{"lp":"1356","ac":"0.38","chaltha":"1356"}},{"type":"Feature","geometry":{"type":"Polygon","coordinates":[[[79.48061,15.679577],[79.480298,15.679684],[79.480395,15.679946],[79.48071,15.679855],[79.48061,15.679577]]]},"properties":{"lp":"1355","ac":"0.276","chaltha":"1355"}},{"type":"Feature","geometry":{"type":"Polygon","coordinates":[[[79.480182,15.679368],[79.480298,15.679684],[79.48061,15.679577],[79.481031,15.67944],[79.480982,15.679296],[79.480892,15.679099],[79.480182,15.679368]]]},"properties":{"lp":"1358","ac":"0.793","chaltha":"1358"}},{"type":"Feature","geometry":{"type":"Polygon","coordinates":[[[79.480809,15.678885],[79.481212,15.67875],[79.481155,15.678505],[79.480714,15.678628],[79.480717,15.678643],[79.480809,15.678885]]]},"properties":{"lp":"1362","ac":"0.341","chaltha":"1362"}},{"type":"Feature","geometry":{"type":"Polygon","coordinates":[[[79.480892,15.679099],[79.481277,15.678966],[79.481226,15.678808],[79.481212,15.67875],[79.480809,15.678885],[79.480892,15.679099]]]},"properties":{"lp":"1361","ac":"0.276","chaltha":"1361"}},{"type":"Feature","geometry":{"type":"Polygon","coordinates":[[[79.480982,15.679296],[79.481343,15.679185],[79.481324,15.679116],[79.481277,15.678966],[79.480892,15.679099],[79.480982,15.679296]]]},"properties":{"lp":"1359","ac":"0.256","chaltha":"1359"}},{"type":"Feature","geometry":{"type":"Polygon","coordinates":[[[79.4805,15.680233],[79.480518,15.68028],[79.480739,15.680212],[79.480877,15.680165],[79.480838,15.680079],[79.480779,15.679951],[79.4805,15.680233]]]},"properties":{"lp":"1353","ac":"0.157","chaltha":"1353"}},{"type":"Feature","geometry":{"type":"Polygon","coordinates":[[[79.479115,15.675808],[79.479305,15.675721],[79.479192,15.675441],[79.478977,15.675594],[79.479115,15.675808]]]},"properties":{"lp":"1471","ac":"0.19","chaltha":"1471"}},{"type":"Feature","geometry":{"type":"Polygon","coordinates":[[[79.479329,15.676004],[79.479284,15.676069],[79.479473,15.676363],[79.479555,15.676196],[79.479329,15.676004]]]},"properties":{"lp":"1473","ac":"0.116","chaltha":"1473"}},{"type":"Feature","geometry":{"type":"Polygon","coordinates":[[[79.480162,15.675614],[79.480041,15.67527],[79.479614,15.675435],[79.479622,15.675462],[79.479739,15.67582],[79.480162,15.675614]]]},"properties":{"lp":"1476","ac":"0.521","chaltha":"1476"}},{"type":"Feature","geometry":{"type":"Polygon","coordinates":[[[79.479981,15.6751],[79.480021,15.675212],[79.480041,15.67527],[79.480162,15.675614],[79.480589,15.675473],[79.479981,15.6751]]]},"properties":{"lp":"1479","ac":"0.358","chaltha":"1479"}},{"type":"Feature","geometry":{"type":"Polygon","coordinates":[[[79.480774,15.67478],[79.48073,15.674634],[79.480138,15.674917],[79.479827,15.674991],[79.47956,15.675054],[79.479317,15.675109],[79.479272,15.675304],[79.479981,15.6751],[79.480647,15.674831],[79.480774,15.67478]]]},"properties":{"lp":"1482","ac":"0.647","chaltha":"1482"}},{"type":"Feature","geometry":{"type":"Polygon","coordinates":[[[79.479317,15.675109],[79.47956,15.675054],[79.479439,15.67485],[79.479378,15.674748],[79.479317,15.675109]]]},"properties":{"lp":"1497","ac":"0.124","chaltha":"1497"}},{"type":"Feature","geometry":{"type":"Polygon","coordinates":[[[79.473192,15.675065],[79.47471,15.674886],[79.474644,15.674557],[79.47452,15.674061],[79.474246,15.674788],[79.474054,15.674815],[79.473644,15.674872],[79.473192,15.675065]]]},"properties":{"lp":"1720","ac":"0.998","chaltha":"1720"}},{"type":"Feature","geometry":{"type":"Polygon","coordinates":[[[79.471315,15.673771],[79.473192,15.675065],[79.473644,15.674872],[79.473044,15.67455],[79.47282,15.67443],[79.472557,15.674288],[79.47247,15.673939],[79.472413,15.673708],[79.472359,15.673491],[79.472312,15.6733],[79.472252,15.673057],[79.471315,15.673771]]]},"properties":{"lp":"1723","ac":"3.634","chaltha":"1723"}},{"type":"Feature","geometry":{"type":"Polygon","coordinates":[[[79.479594,15.682975],[79.479986,15.683158],[79.48003,15.682382],[79.479896,15.682375],[79.47989,15.682241],[79.480038,15.682191],[79.480048,15.681988],[79.480027,15.681901],[79.479572,15.682036],[79.479647,15.682459],[79.479594,15.682975]]]},"properties":{"lp":"1293","ac":"1.255","chaltha":"1293"}},{"type":"Feature","geometry":{"type":"Polygon","coordinates":[[[79.478186,15.67853],[79.478219,15.678674],[79.478494,15.678636],[79.478423,15.678464],[79.478186,15.67853]]]},"properties":{"lp":"1332","ac":"0.127","chaltha":"1332"}},{"type":"Feature","geometry":{"type":"Polygon","coordinates":[[[79.478423,15.678464],[79.478276,15.678108],[79.4781,15.678151],[79.478147,15.67836],[79.478186,15.67853],[79.478423,15.678464]]]},"properties":{"lp":"1333","ac":"0.241","chaltha":"1333"}},{"type":"Feature","geometry":{"type":"Polygon","coordinates":[[[79.478876,15.6786],[79.478821,15.678457],[79.478543,15.678571],[79.478626,15.678766],[79.478876,15.6786]]]},"properties":{"lp":"1340","ac":"0.159","chaltha":"1340"}},{"type":"Feature","geometry":{"type":"Polygon","coordinates":[[[79.478273,15.677938],[79.478478,15.677853],[79.478509,15.677945],[79.478587,15.677904],[79.478529,15.677362],[79.478176,15.677646],[79.478273,15.677938]]]},"properties":{"lp":"1335","ac":"0.428","chaltha":"1335"}},{"type":"Feature","geometry":{"type":"Polygon","coordinates":[[[79.478119,15.677691],[79.478246,15.67803],[79.478276,15.678108],[79.478423,15.678464],[79.478494,15.678636],[79.478565,15.678807],[79.478626,15.678766],[79.478543,15.678571],[79.478466,15.67839],[79.478375,15.678179],[79.478273,15.677938],[79.478176,15.677646],[79.478119,15.677691]]]},"properties":{"lp":"1334","ac":"0.232","chaltha":"1334"}},{"type":"Feature","geometry":{"type":"Polygon","coordinates":[[[79.477181,15.676649],[79.477218,15.676748],[79.477302,15.676971],[79.477313,15.676999],[79.477439,15.677033],[79.477486,15.677137],[79.477548,15.67711],[79.477655,15.677061],[79.477843,15.676976],[79.477927,15.67714],[79.478102,15.67748],[79.478122,15.677518],[79.478119,15.677691],[79.478176,15.677646],[79.478529,15.677362],[79.478931,15.677056],[79.479017,15.676953],[79.479473,15.676363],[79.479284,15.676069],[79.479115,15.675808],[79.478977,15.675594],[79.478547,15.675898],[79.478178,15.676029],[79.47745,15.676157],[79.477497,15.676427],[79.477522,15.676572],[79.477263,15.67663],[79.477181,15.676649]]]},"properties":{"lp":"1390","ac":"7.01","chaltha":"1390"}},{"type":"Feature","geometry":{"type":"Polygon","coordinates":[[[79.483527,15.677545],[79.48385,15.677587],[79.483477,15.676614],[79.483209,15.676671],[79.483527,15.677545]]]},"properties":{"lp":"1379","ac":"0.806","chaltha":"1379"}},{"type":"Feature","geometry":{"type":"Polygon","coordinates":[[[79.483367,15.677524],[79.483527,15.677545],[79.483209,15.676671],[79.483102,15.676693],[79.483064,15.67671],[79.483367,15.677524]]]},"properties":{"lp":"1378","ac":"0.389","chaltha":"1378"}},{"type":"Feature","geometry":{"type":"Polygon","coordinates":[[[79.483225,15.677506],[79.483367,15.677524],[79.483064,15.67671],[79.482946,15.676763],[79.483225,15.677506]]]},"properties":{"lp":"1377","ac":"0.31","chaltha":"1377"}},{"type":"Feature","geometry":{"type":"Polygon","coordinates":[[[79.48274,15.677373],[79.482964,15.677471],[79.483225,15.677506],[79.482946,15.676763],[79.482627,15.676906],[79.48274,15.677373]]]},"properties":{"lp":"1376","ac":"0.742","chaltha":"1376"}},{"type":"Feature","geometry":{"type":"Polygon","coordinates":[[[79.48582,15.682181],[79.486155,15.682069],[79.48613,15.682012],[79.486067,15.681862],[79.485993,15.681687],[79.485355,15.681901],[79.48582,15.682181]]]},"properties":{"lp":"284","ac":"0.621","chaltha":"284"}},{"type":"Feature","geometry":{"type":"Polygon","coordinates":[[[79.486133,15.682369],[79.486331,15.682488],[79.486326,15.682475],[79.486257,15.682313],[79.486133,15.682369]]]},"properties":{"lp":"282","ac":"0.038","chaltha":"282"}},{"type":"Feature","geometry":{"type":"Polygon","coordinates":[[[79.486257,15.682313],[79.486197,15.682169],[79.486155,15.682069],[79.48582,15.682181],[79.486133,15.682369],[79.486257,15.682313]]]},"properties":{"lp":"283","ac":"0.196","chaltha":"283"}},{"type":"Feature","geometry":{"type":"Polygon","coordinates":[[[79.48076,15.681775],[79.480588,15.681202],[79.480552,15.681212],[79.480289,15.681557],[79.480111,15.681791],[79.480075,15.681838],[79.480027,15.681901],[79.480048,15.681988],[79.48076,15.681775]]]},"properties":{"lp":"1291","ac":"0.774","chaltha":"1291"}},{"type":"Feature","geometry":{"type":"Polygon","coordinates":[[[79.48087,15.681742],[79.480706,15.681169],[79.480588,15.681202],[79.48076,15.681775],[79.480779,15.681769],[79.48087,15.681742]]]},"properties":{"lp":"1290","ac":"0.208","chaltha":"1290"}},{"type":"Feature","geometry":{"type":"Polygon","coordinates":[[[79.481155,15.681042],[79.480706,15.681169],[79.48087,15.681742],[79.481354,15.681597],[79.481155,15.681042]]]},"properties":{"lp":"1289","ac":"0.843","chaltha":"1289"}},{"type":"Feature","geometry":{"type":"Polygon","coordinates":[[[79.481875,15.681441],[79.481667,15.680896],[79.481155,15.681042],[79.481354,15.681597],[79.481875,15.681441]]]},"properties":{"lp":"1288","ac":"0.923","chaltha":"1288"}},{"type":"Feature","geometry":{"type":"Polygon","coordinates":[[[79.482258,15.680833],[79.481875,15.680837],[79.481667,15.680896],[79.481875,15.681441],[79.481947,15.68142],[79.482406,15.681283],[79.482258,15.680833]]]},"properties":{"lp":"1287","ac":"0.907","chaltha":"1287"}},{"type":"Feature","geometry":{"type":"Polygon","coordinates":[[[79.482406,15.681283],[79.483317,15.681011],[79.482972,15.680824],[79.482258,15.680833],[79.482406,15.681283]]]},"properties":{"lp":"1286","ac":"0.859","chaltha":"1286"}},{"type":"Feature","geometry":{"type":"Polygon","coordinates":[[[79.47696,15.668071],[79.477118,15.668015],[79.476857,15.667519],[79.476685,15.667593],[79.47696,15.668071]]]},"properties":{"lp":"1596","ac":"0.288","chaltha":"1596"}},{"type":"Feature","geometry":{"type":"Polygon","coordinates":[[[79.477118,15.668015],[79.477248,15.667969],[79.477005,15.667456],[79.476857,15.667519],[79.477118,15.668015]]]},"properties":{"lp":"1597","ac":"0.246","chaltha":"1597"}},{"type":"Feature","geometry":{"type":"Polygon","coordinates":[[[79.477248,15.667969],[79.477359,15.667929],[79.477422,15.667904],[79.477187,15.667378],[79.477005,15.667456],[79.477248,15.667969]]]},"properties":{"lp":"1598","ac":"0.321","chaltha":"1598"}},{"type":"Feature","geometry":{"type":"Polygon","coordinates":[[[79.477422,15.667904],[79.47772,15.667781],[79.477562,15.667506],[79.477395,15.667468],[79.477335,15.667315],[79.477187,15.667378],[79.477422,15.667904]]]},"properties":{"lp":"1599","ac":"0.421","chaltha":"1599"}},{"type":"Feature","geometry":{"type":"Polygon","coordinates":[[[79.476317,15.667464],[79.476392,15.667678],[79.476411,15.667709],[79.476685,15.667593],[79.476857,15.667519],[79.477005,15.667456],[79.477187,15.667378],[79.477335,15.667315],[79.477242,15.66708],[79.476317,15.667464]]]},"properties":{"lp":"1595","ac":"0.76","chaltha":"1595"}},{"type":"Feature","geometry":{"type":"Polygon","coordinates":[[[79.476234,15.667225],[79.476317,15.667464],[79.477242,15.66708],[79.477143,15.66683],[79.476234,15.667225]]]},"properties":{"lp":"1594","ac":"0.761","chaltha":"1594"}},{"type":"Feature","geometry":{"type":"Polygon","coordinates":[[[79.476075,15.666772],[79.476234,15.667225],[79.477143,15.66683],[79.476944,15.666325],[79.476075,15.666772]]]},"properties":{"lp":"1593","ac":"1.468","chaltha":"1593"}},{"type":"Feature","geometry":{"type":"Polygon","coordinates":[[[79.47696,15.668071],[79.477211,15.668557],[79.47731,15.66852],[79.477571,15.668425],[79.477359,15.667929],[79.477248,15.667969],[79.477118,15.668015],[79.47696,15.668071]]]},"properties":{"lp":"1601","ac":"0.638","chaltha":"1601"}},{"type":"Feature","geometry":{"type":"Polygon","coordinates":[[[79.477571,15.668425],[79.478,15.668268],[79.47772,15.667781],[79.477422,15.667904],[79.477359,15.667929],[79.477571,15.668425]]]},"properties":{"lp":"1600","ac":"0.679","chaltha":"1600"}},{"type":"Feature","geometry":{"type":"Polygon","coordinates":[[[79.496055,15.666391],[79.496261,15.666798],[79.496613,15.666634],[79.496398,15.666241],[79.496055,15.666391]]]},"properties":{"lp":"913","ac":"0.504","chaltha":"913"}},{"type":"Feature","geometry":{"type":"Polygon","coordinates":[[[79.497636,15.66615],[79.497444,15.665785],[79.496398,15.666241],[79.496613,15.666634],[79.496842,15.666528],[79.49723,15.666339],[79.497636,15.66615]]]},"properties":{"lp":"914","ac":"1.43","chaltha":"914"}},{"type":"Feature","geometry":{"type":"Polygon","coordinates":[[[79.497636,15.66615],[79.498315,15.665834],[79.498139,15.665481],[79.497444,15.665785],[79.497636,15.66615]]]},"properties":{"lp":"915","ac":"0.89","chaltha":"915"}},{"type":"Feature","geometry":{"type":"Polygon","coordinates":[[[79.481471,15.679651],[79.481133,15.679823],[79.481142,15.679847],[79.481508,15.679738],[79.481501,15.679721],[79.481471,15.679651]]]},"properties":{"lp":"1351","ac":"0.067","chaltha":"1351"}},{"type":"Feature","geometry":{"type":"Polygon","coordinates":[[[79.481113,15.679735],[79.481133,15.679823],[79.481471,15.679651],[79.481406,15.679412],[79.481343,15.679185],[79.480982,15.679296],[79.481031,15.67944],[79.481113,15.679735]]]},"properties":{"lp":"1357","ac":"0.559","chaltha":"1357"}},{"type":"Feature","geometry":{"type":"Polygon","coordinates":[[[79.480184,15.67904],[79.480382,15.678843],[79.480536,15.678807],[79.480607,15.678748],[79.480641,15.67869],[79.480494,15.678622],[79.480253,15.678649],[79.480184,15.67904]]]},"properties":{"lp":"1363","ac":"0.25","chaltha":"1363"}},{"type":"Feature","geometry":{"type":"Polygon","coordinates":[[[79.480641,15.67869],[79.480607,15.678748],[79.480536,15.678807],[79.480382,15.678843],[79.480184,15.67904],[79.480144,15.679266],[79.480182,15.679368],[79.480892,15.679099],[79.480809,15.678885],[79.480717,15.678643],[79.480641,15.67869]]]},"properties":{"lp":"1360","ac":"0.83","chaltha":"1360"}},{"type":"Feature","geometry":{"type":"Polygon","coordinates":[[[79.481155,15.678505],[79.481145,15.678465],[79.480822,15.678331],[79.480451,15.678416],[79.480434,15.678449],[79.480494,15.678622],[79.480641,15.67869],[79.480717,15.678643],[79.480714,15.678628],[79.481155,15.678505]]]},"properties":{"lp":"1364","ac":"0.433","chaltha":"1364"}},{"type":"Feature","geometry":{"type":"Polygon","coordinates":[[[79.480838,15.680079],[79.480877,15.680165],[79.480887,15.680161],[79.48105,15.680109],[79.481192,15.680071],[79.481182,15.68003],[79.481142,15.679847],[79.480838,15.680079]]]},"properties":{"lp":"1352","ac":"0.16","chaltha":"1352"}},{"type":"Feature","geometry":{"type":"Polygon","coordinates":[[[79.480779,15.679951],[79.480838,15.680079],[79.481142,15.679847],[79.481133,15.679823],[79.481113,15.679735],[79.48071,15.679855],[79.480395,15.679946],[79.4805,15.680233],[79.480779,15.679951]]]},"properties":{"lp":"1354","ac":"0.423","chaltha":"1354"}},{"type":"Feature","geometry":{"type":"Polygon","coordinates":[[[79.48648,15.677516],[79.48659,15.677875],[79.487228,15.677952],[79.487076,15.677443],[79.48648,15.677516]]]},"properties":{"lp":"421","ac":"0.784","chaltha":"421"}},{"type":"Feature","geometry":{"type":"Polygon","coordinates":[[[79.486451,15.67742],[79.48648,15.677516],[79.487076,15.677443],[79.487059,15.67733],[79.486451,15.67742]]]},"properties":{"lp":"420","ac":"0.19","chaltha":"420"}},{"type":"Feature","geometry":{"type":"Polygon","coordinates":[[[79.486344,15.677096],[79.486413,15.6773],[79.487031,15.677213],[79.487,15.677116],[79.486963,15.676999],[79.486344,15.677096]]]},"properties":{"lp":"417","ac":"0.398","chaltha":"417"}},{"type":"Feature","geometry":{"type":"Polygon","coordinates":[[[79.486413,15.6773],[79.486422,15.677328],[79.486451,15.67742],[79.487059,15.67733],[79.487031,15.677213],[79.486413,15.6773]]]},"properties":{"lp":"418","ac":"0.221","chaltha":"418"}},{"type":"Feature","geometry":{"type":"Polygon","coordinates":[[[79.490918,15.659825],[79.491046,15.660161],[79.49126,15.660067],[79.491786,15.659836],[79.492038,15.659657],[79.491948,15.659452],[79.491889,15.659317],[79.491431,15.659647],[79.490918,15.659825]]]},"properties":{"lp":"963","ac":"1.125","chaltha":"963"}},{"type":"Feature","geometry":{"type":"Polygon","coordinates":[[[79.491821,15.659923],[79.492011,15.660405],[79.492711,15.660163],[79.4925,15.659676],[79.492314,15.659733],[79.491821,15.659923]]]},"properties":{"lp":"964","ac":"1.135","chaltha":"964"}},{"type":"Feature","geometry":{"type":"Polygon","coordinates":[[[79.492314,15.659733],[79.492162,15.659377],[79.491948,15.659452],[79.492038,15.659657],[79.491786,15.659836],[79.491821,15.659923],[79.492314,15.659733]]]},"properties":{"lp":"962","ac":"0.374","chaltha":"962"}},{"type":"Feature","geometry":{"type":"Polygon","coordinates":[[[79.492824,15.659086],[79.492729,15.658943],[79.492515,15.658629],[79.492404,15.658467],[79.492135,15.65913],[79.491889,15.659317],[79.491948,15.659452],[79.492162,15.659377],[79.492824,15.659086]]]},"properties":{"lp":"874","ac":"1.051","chaltha":"874"}},{"type":"Feature","geometry":{"type":"Polygon","coordinates":[[[79.492162,15.659377],[79.492314,15.659733],[79.4925,15.659676],[79.492711,15.660163],[79.492848,15.660117],[79.493468,15.65993],[79.493301,15.659714],[79.493094,15.659464],[79.492915,15.659209],[79.492824,15.659086],[79.492162,15.659377]]]},"properties":{"lp":"961","ac":"2.092","chaltha":"961"}},{"type":"Feature","geometry":{"type":"Polygon","coordinates":[[[79.495981,15.667634],[79.496113,15.667572],[79.496532,15.667353],[79.496261,15.666798],[79.496055,15.666391],[79.495864,15.666033],[79.495736,15.66578],[79.495219,15.666027],[79.495981,15.667634]]]},"properties":{"lp":"919","ac":"3.118","chaltha":"919"}},{"type":"Feature","geometry":{"type":"Polygon","coordinates":[[[79.493534,15.667947],[79.493816,15.668606],[79.494312,15.66837],[79.494082,15.667749],[79.493534,15.667947]]]},"properties":{"lp":"928","ac":"1.142","chaltha":"928"}},{"type":"Feature","geometry":{"type":"Polygon","coordinates":[[[79.493027,15.666682],[79.493278,15.667304],[79.493534,15.667947],[79.494082,15.667749],[79.493611,15.666481],[79.493027,15.666682]]]},"properties":{"lp":"934","ac":"2.383","chaltha":"934"}},{"type":"Feature","geometry":{"type":"Polygon","coordinates":[[[79.493027,15.666682],[79.493611,15.666481],[79.493374,15.665844],[79.493036,15.665988],[79.492888,15.66605],[79.49279,15.666091],[79.493027,15.666682]]]},"properties":{"lp":"935","ac":"1.206","chaltha":"935"}},{"type":"Feature","geometry":{"type":"Polygon","coordinates":[[[79.498732,15.676395],[79.499925,15.675945],[79.499826,15.675645],[79.498941,15.67599],[79.498629,15.676111],[79.498732,15.676395]]]},"properties":{"lp":"144","ac":"1.158","chaltha":"144"}},{"type":"Feature","geometry":{"type":"Polygon","coordinates":[[[79.478156,15.675163],[79.478184,15.67527],[79.478274,15.675616],[79.478263,15.675668],[79.478455,15.675818],[79.4791,15.675353],[79.479159,15.674953],[79.478935,15.675],[79.478376,15.675117],[79.478156,15.675163]]]},"properties":{"lp":"1469","ac":"1.494","chaltha":"1469"}},{"type":"Feature","geometry":{"type":"Polygon","coordinates":[[[79.476774,15.676007],[79.47745,15.676157],[79.478178,15.676029],[79.47818,15.67594],[79.47796,15.675957],[79.477409,15.675999],[79.477297,15.676012],[79.476936,15.675941],[79.476774,15.676007]]]},"properties":{"lp":"1441","ac":"0.463","chaltha":"1441"}},{"type":"Feature","geometry":{"type":"Polygon","coordinates":[[[79.498345,15.674166],[79.498139,15.67425],[79.496901,15.674757],[79.496718,15.674836],[79.496602,15.674886],[79.49675,15.675247],[79.497025,15.675145],[79.497077,15.675275],[79.498553,15.67468],[79.498462,15.674456],[79.498345,15.674166]]]},"properties":{"lp":"487","ac":"2.909","chaltha":"487"}},{"type":"Feature","geometry":{"type":"Polygon","coordinates":[[[79.482173,15.672235],[79.482093,15.672282],[79.482006,15.672331],[79.482124,15.672612],[79.481971,15.672673],[79.481743,15.67276],[79.48183,15.672985],[79.481864,15.672979],[79.481915,15.673101],[79.482595,15.672839],[79.482472,15.672474],[79.482292,15.672545],[79.482173,15.672235]]]},"properties":{"lp":"1228","ac":"1.026","chaltha":"1228"}},{"type":"Feature","geometry":{"type":"Polygon","coordinates":[[[79.476099,15.677057],[79.476165,15.67719],[79.476246,15.677412],[79.476272,15.677474],[79.476767,15.677286],[79.47674,15.677201],[79.477096,15.67713],[79.477082,15.677105],[79.476977,15.677024],[79.476797,15.676887],[79.476773,15.676749],[79.476744,15.676765],[79.47652,15.676895],[79.476099,15.677057]]]},"properties":{"lp":"1422","ac":"1.006","chaltha":"1422"}},{"type":"Feature","geometry":{"type":"Polygon","coordinates":[[[79.48013,15.663639],[79.480133,15.663651],[79.480159,15.663744],[79.480202,15.663899],[79.480647,15.663794],[79.480571,15.663572],[79.480563,15.663543],[79.48013,15.663639]]]},"properties":{"lp":"1672","ac":"0.352","chaltha":"1672"}},{"type":"Feature","geometry":{"type":"Polygon","coordinates":[[[79.480146,15.66334],[79.480107,15.663556],[79.48013,15.663639],[79.480563,15.663543],[79.480483,15.663249],[79.480146,15.66334]]]},"properties":{"lp":"1673","ac":"0.356","chaltha":"1673"}},{"type":"Feature","geometry":{"type":"Polygon","coordinates":[[[79.480165,15.66318],[79.480146,15.66334],[79.480483,15.663249],[79.480431,15.663062],[79.480165,15.66318]]]},"properties":{"lp":"1674","ac":"0.158","chaltha":"1674"}},{"type":"Feature","geometry":{"type":"Polygon","coordinates":[[[79.480431,15.663062],[79.480386,15.662908],[79.480179,15.663084],[79.480165,15.66318],[79.480431,15.663062]]]},"properties":{"lp":"1675","ac":"0.094","chaltha":"1675"}},{"type":"Feature","geometry":{"type":"Polygon","coordinates":[[[79.477369,15.674153],[79.477434,15.674414],[79.477439,15.674433],[79.477791,15.674337],[79.47774,15.674045],[79.477369,15.674153]]]},"properties":{"lp":"1512","ac":"0.321","chaltha":"1512"}},{"type":"Feature","geometry":{"type":"Polygon","coordinates":[[[79.489099,15.684512],[79.489405,15.684662],[79.49094,15.685413],[79.491077,15.685374],[79.490826,15.68516],[79.490326,15.684936],[79.490137,15.684851],[79.4894,15.684521],[79.489193,15.684407],[79.489099,15.684512]]]},"properties":{"lp":"226","ac":"0.901","chaltha":"226"}},{"type":"Feature","geometry":{"type":"Polygon","coordinates":[[[79.473887,15.672917],[79.473999,15.672678],[79.474146,15.672364],[79.473986,15.672262],[79.473803,15.672454],[79.473643,15.672616],[79.473786,15.67294],[79.473887,15.672917]]]},"properties":{"lp":"1690","ac":"0.498","chaltha":"1690"}},{"type":"Feature","geometry":{"type":"Polygon","coordinates":[[[79.473999,15.672678],[79.473887,15.672917],[79.473963,15.673019],[79.474085,15.673182],[79.474259,15.6728],[79.473999,15.672678]]]},"properties":{"lp":"1688","ac":"0.29","chaltha":"1688"}},{"type":"Feature","geometry":{"type":"Polygon","coordinates":[[[79.474259,15.6728],[79.474399,15.672494],[79.474146,15.672364],[79.473999,15.672678],[79.474259,15.6728]]]},"properties":{"lp":"1689","ac":"0.286","chaltha":"1689"}},{"type":"Feature","geometry":{"type":"Polygon","coordinates":[[[79.489547,15.682893],[79.490954,15.682257],[79.490851,15.682025],[79.489426,15.682648],[79.489547,15.682893]]]},"properties":{"lp":"251","ac":"1.198","chaltha":"251"}},{"type":"Feature","geometry":{"type":"Polygon","coordinates":[[[79.489302,15.682396],[79.489426,15.682648],[79.490851,15.682025],[79.490825,15.681967],[79.490738,15.681803],[79.489509,15.682311],[79.489302,15.682396]]]},"properties":{"lp":"250","ac":"1.205","chaltha":"250"}},{"type":"Feature","geometry":{"type":"Polygon","coordinates":[[[79.489588,15.683088],[79.491032,15.682433],[79.490954,15.682257],[79.489547,15.682893],[79.48955,15.682899],[79.489514,15.682915],[79.489588,15.683088]]]},"properties":{"lp":"252","ac":"0.897","chaltha":"252"}},{"type":"Feature","geometry":{"type":"Polygon","coordinates":[[[79.48966,15.683257],[79.491097,15.682589],[79.491083,15.682547],[79.491032,15.682433],[79.489588,15.683088],[79.48966,15.683257]]]},"properties":{"lp":"253","ac":"0.821","chaltha":"253"}},{"type":"Feature","geometry":{"type":"Polygon","coordinates":[[[79.48966,15.683257],[79.489728,15.683417],[79.490092,15.683257],[79.491145,15.682693],[79.491097,15.682589],[79.48966,15.683257]]]},"properties":{"lp":"254","ac":"0.721","chaltha":"254"}},{"type":"Feature","geometry":{"type":"Polygon","coordinates":[[[79.479317,15.677842],[79.479204,15.677367],[79.479232,15.677245],[79.479017,15.676953],[79.478931,15.677056],[79.479317,15.677842]]]},"properties":{"lp":"1389","ac":"0.27","chaltha":"1389"}},{"type":"Feature","geometry":{"type":"Polygon","coordinates":[[[79.490079,15.676752],[79.49055,15.677858],[79.491405,15.677748],[79.49125,15.677365],[79.49102,15.676831],[79.490867,15.676465],[79.490079,15.676752]]]},"properties":{"lp":"436","ac":"3.176","chaltha":"436"}},{"type":"Feature","geometry":{"type":"Polygon","coordinates":[[[79.489593,15.677968],[79.489775,15.677945],[79.488777,15.675682],[79.488611,15.67575],[79.488871,15.67629],[79.489049,15.676659],[79.489224,15.67706],[79.489593,15.677968]]]},"properties":{"lp":"430","ac":"1.144","chaltha":"430"}},{"type":"Feature","geometry":{"type":"Polygon","coordinates":[[[79.489775,15.677945],[79.489929,15.677928],[79.488925,15.675621],[79.488777,15.675682],[79.489775,15.677945]]]},"properties":{"lp":"431","ac":"1.125","chaltha":"431"}},{"type":"Feature","geometry":{"type":"Polygon","coordinates":[[[79.489929,15.677928],[79.490087,15.67791],[79.489065,15.675566],[79.488925,15.675621],[79.489929,15.677928]]]},"properties":{"lp":"432","ac":"1.125","chaltha":"432"}},{"type":"Feature","geometry":{"type":"Polygon","coordinates":[[[79.48215,15.678345],[79.482205,15.678467],[79.482509,15.678367],[79.482584,15.678247],[79.482559,15.678191],[79.48215,15.678345]]]},"properties":{"lp":"1265","ac":"0.167","chaltha":"1265"}},{"type":"Feature","geometry":{"type":"Polygon","coordinates":[[[79.500483,15.673297],[79.50074,15.67383],[79.500838,15.67405],[79.501324,15.673824],[79.501658,15.673585],[79.501304,15.672861],[79.501219,15.672896],[79.500436,15.673199],[79.500483,15.673297]]]},"properties":{"lp":"652","ac":"2.445","chaltha":"652"}},{"type":"Feature","geometry":{"type":"Polygon","coordinates":[[[79.499703,15.674238],[79.50074,15.67383],[79.500483,15.673297],[79.499923,15.673524],[79.499503,15.673693],[79.499703,15.674238]]]},"properties":{"lp":"651","ac":"1.861","chaltha":"651"}},{"type":"Feature","geometry":{"type":"Polygon","coordinates":[[[79.499246,15.674413],[79.499399,15.674359],[79.499703,15.674238],[79.499503,15.673693],[79.499363,15.67375],[79.499038,15.673883],[79.499156,15.674185],[79.499246,15.674413]]]},"properties":{"lp":"650","ac":"0.839","chaltha":"650"}},{"type":"Feature","geometry":{"type":"Polygon","coordinates":[[[79.498462,15.674456],[79.499156,15.674185],[79.499038,15.673883],[79.498345,15.674166],[79.498462,15.674456]]]},"properties":{"lp":"648","ac":"0.697","chaltha":"648"}},{"type":"Feature","geometry":{"type":"Polygon","coordinates":[[[79.498553,15.67468],[79.499246,15.674413],[79.499156,15.674185],[79.498462,15.674456],[79.498553,15.67468]]]},"properties":{"lp":"649","ac":"0.53","chaltha":"649"}},{"type":"Feature","geometry":{"type":"Polygon","coordinates":[[[79.499258,15.673496],[79.497999,15.673976],[79.498139,15.67425],[79.498345,15.674166],[79.499038,15.673883],[79.499363,15.67375],[79.499258,15.673496]]]},"properties":{"lp":"647","ac":"1.136","chaltha":"647"}},{"type":"Feature","geometry":{"type":"Polygon","coordinates":[[[79.478654,15.679898],[79.478886,15.679515],[79.478872,15.679503],[79.478702,15.679597],[79.478654,15.679898]]]},"properties":{"lp":"1300","ac":"0.08","chaltha":"1300"}},{"type":"Feature","geometry":{"type":"Polygon","coordinates":[[[79.478688,15.680078],[79.479377,15.679964],[79.478886,15.679515],[79.478654,15.679898],[79.478688,15.680078]]]},"properties":{"lp":"1299","ac":"0.616","chaltha":"1299"}},{"type":"Feature","geometry":{"type":"Polygon","coordinates":[[[79.478824,15.680808],[79.478805,15.680703],[79.478755,15.680437],[79.478688,15.680078],[79.478654,15.679898],[79.478702,15.679597],[79.478872,15.679503],[79.478781,15.679091],[79.478621,15.679189],[79.478347,15.679289],[79.478483,15.679536],[79.478526,15.679614],[79.478499,15.679691],[79.478421,15.679918],[79.478307,15.67997],[79.478386,15.68015],[79.478459,15.680317],[79.478548,15.680519],[79.478587,15.680847],[79.478759,15.681046],[79.478854,15.680967],[79.478824,15.680808]]]},"properties":{"lp":"1341","ac":"1.5","chaltha":"1341"}},{"type":"Feature","geometry":{"type":"Polygon","coordinates":[[[79.479363,15.681078],[79.479097,15.680655],[79.478805,15.680703],[79.478824,15.680808],[79.478978,15.681138],[79.479196,15.681112],[79.479363,15.681078]]]},"properties":{"lp":"1303","ac":"0.479","chaltha":"1303"}},{"type":"Feature","geometry":{"type":"Polygon","coordinates":[[[79.479727,15.680566],[79.48011,15.680375],[79.480068,15.680375],[79.479742,15.680092],[79.479639,15.680086],[79.479554,15.680124],[79.479727,15.680566]]]},"properties":{"lp":"1298","ac":"0.381","chaltha":"1298"}},{"type":"Feature","geometry":{"type":"Polygon","coordinates":[[[79.479825,15.680816],[79.479947,15.68077],[79.480375,15.680608],[79.480188,15.680375],[79.48011,15.680375],[79.479727,15.680566],[79.479825,15.680816]]]},"properties":{"lp":"1297","ac":"0.463","chaltha":"1297"}},{"type":"Feature","geometry":{"type":"Polygon","coordinates":[[[79.478755,15.680437],[79.478805,15.680703],[79.479097,15.680655],[79.479108,15.680559],[79.479076,15.680455],[79.478755,15.680437]]]},"properties":{"lp":"1302","ac":"0.217","chaltha":"1302"}},{"type":"Feature","geometry":{"type":"Polygon","coordinates":[[[79.480289,15.681557],[79.480552,15.681212],[79.480484,15.680743],[79.480375,15.680608],[79.479947,15.68077],[79.48006,15.681029],[79.480098,15.681116],[79.480289,15.681557]]]},"properties":{"lp":"1296","ac":"0.959","chaltha":"1296"}},{"type":"Feature","geometry":{"type":"Polygon","coordinates":[[[79.480111,15.681791],[79.480289,15.681557],[79.480098,15.681116],[79.479971,15.681177],[79.480111,15.681791]]]},"properties":{"lp":"1295","ac":"0.307","chaltha":"1295"}},{"type":"Feature","geometry":{"type":"Polygon","coordinates":[[[79.480075,15.681838],[79.479886,15.681429],[79.479849,15.681134],[79.479834,15.681013],[79.479363,15.681078],[79.479196,15.681112],[79.478978,15.681138],[79.478824,15.680808],[79.478854,15.680967],[79.478759,15.681046],[79.47894,15.681416],[79.479244,15.681372],[79.479327,15.681601],[79.479471,15.682002],[79.479572,15.682036],[79.480027,15.681901],[79.480075,15.681838]]]},"properties":{"lp":"1305","ac":"2.071","chaltha":"1305"}},{"type":"Feature","geometry":{"type":"Polygon","coordinates":[[[79.481042,15.669933],[79.481204,15.669948],[79.48131,15.66959],[79.481426,15.669198],[79.481515,15.668901],[79.481625,15.668528],[79.481629,15.668516],[79.481474,15.668564],[79.481442,15.668666],[79.481356,15.66894],[79.481312,15.669079],[79.481268,15.669219],[79.481216,15.669381],[79.481184,15.669484],[79.481142,15.669615],[79.48106,15.669876],[79.481042,15.669933]]]},"properties":{"lp":"1527","ac":"0.629","chaltha":"1527"}},{"type":"Feature","geometry":{"type":"Polygon","coordinates":[[[79.481474,15.668564],[79.481629,15.668516],[79.481666,15.668318],[79.4817,15.668142],[79.481742,15.667925],[79.481781,15.667719],[79.481838,15.667591],[79.482039,15.667142],[79.48186,15.667214],[79.481765,15.667411],[79.481621,15.667709],[79.481617,15.667734],[79.481567,15.668027],[79.481497,15.668433],[79.481474,15.668564]]]},"properties":{"lp":"1528","ac":"0.616","chaltha":"1528"}},{"type":"Feature","geometry":{"type":"Polygon","coordinates":[[[79.48186,15.667214],[79.482039,15.667142],[79.482177,15.666714],[79.482228,15.666553],[79.482426,15.665939],[79.482335,15.665727],[79.482173,15.666233],[79.482059,15.666591],[79.481914,15.667043],[79.48186,15.667214]]]},"properties":{"lp":"1172","ac":"0.62","chaltha":"1172"}},{"type":"Feature","geometry":{"type":"Polygon","coordinates":[[[79.477539,15.677587],[79.477672,15.677481],[79.477922,15.677575],[79.478102,15.67748],[79.477927,15.67714],[79.477786,15.677192],[79.477708,15.67722],[79.477722,15.677264],[79.477602,15.677288],[79.477548,15.67711],[79.477486,15.677137],[79.477439,15.677033],[79.477313,15.676999],[79.477082,15.677105],[79.477096,15.67713],[79.477195,15.677312],[79.47734,15.677361],[79.477539,15.677587]]]},"properties":{"lp":"1393","ac":"0.894","chaltha":"1393"}},{"type":"Feature","geometry":{"type":"Polygon","coordinates":[[[79.482434,15.670936],[79.483801,15.670383],[79.483754,15.670277],[79.483975,15.670186],[79.483875,15.66999],[79.482664,15.670474],[79.482327,15.670617],[79.482417,15.670888],[79.482434,15.670936]]]},"properties":{"lp":"1110","ac":"1.603","chaltha":"1110"}},{"type":"Feature","geometry":{"type":"Polygon","coordinates":[[[79.482619,15.671483],[79.483004,15.671356],[79.482906,15.671065],[79.483918,15.670652],[79.483847,15.670489],[79.483801,15.670383],[79.482434,15.670936],[79.482619,15.671483]]]},"properties":{"lp":"1109","ac":"1.638","chaltha":"1109"}},{"type":"Feature","geometry":{"type":"Polygon","coordinates":[[[79.483699,15.668314],[79.484039,15.668194],[79.483952,15.668007],[79.483622,15.668132],[79.483627,15.668143],[79.483699,15.668314]]]},"properties":{"lp":"1125","ac":"0.211","chaltha":"1125"}},{"type":"Feature","geometry":{"type":"Polygon","coordinates":[[[79.483699,15.668314],[79.483701,15.668318],[79.483771,15.668484],[79.483809,15.668573],[79.484358,15.668361],[79.484272,15.668163],[79.484211,15.668184],[79.484057,15.668233],[79.484039,15.668194],[79.483699,15.668314]]]},"properties":{"lp":"1124","ac":"0.439","chaltha":"1124"}},{"type":"Feature","geometry":{"type":"Polygon","coordinates":[[[79.477836,15.678292],[79.477967,15.678075],[79.477936,15.677961],[79.47774,15.678038],[79.477625,15.678095],[79.477588,15.678301],[79.477673,15.678352],[79.477836,15.678292]]]},"properties":{"lp":"1400","ac":"0.26","chaltha":"1400"}},{"type":"Feature","geometry":{"type":"Polygon","coordinates":[[[79.477936,15.677961],[79.477994,15.677763],[79.47778,15.677744],[79.477684,15.677855],[79.477695,15.67789],[79.47774,15.678038],[79.477936,15.677961]]]},"properties":{"lp":"1397","ac":"0.178","chaltha":"1397"}},{"type":"Feature","geometry":{"type":"Polygon","coordinates":[[[79.477967,15.678075],[79.478062,15.678052],[79.478031,15.67795],[79.477936,15.677961],[79.477967,15.678075]]]},"properties":{"lp":"1399","ac":"0.032","chaltha":"1399"}},{"type":"Feature","geometry":{"type":"Polygon","coordinates":[[[79.477555,15.677647],[79.477684,15.677855],[79.47778,15.677744],[79.477994,15.677763],[79.47794,15.677641],[79.477555,15.677647]]]},"properties":{"lp":"1396","ac":"0.144","chaltha":"1396"}},{"type":"Feature","geometry":{"type":"Polygon","coordinates":[[[79.478246,15.67803],[79.478062,15.678052],[79.477967,15.678075],[79.477836,15.678292],[79.477673,15.678352],[79.477588,15.678301],[79.477553,15.678278],[79.47766,15.678651],[79.477935,15.678555],[79.477856,15.678415],[79.478147,15.67836],[79.4781,15.678151],[79.478276,15.678108],[79.478246,15.67803]]]},"properties":{"lp":"1401","ac":"0.501","chaltha":"1401"}},{"type":"Feature","geometry":{"type":"Polygon","coordinates":[[[79.477994,15.677763],[79.478119,15.677691],[79.478122,15.677518],[79.47794,15.677641],[79.477994,15.677763]]]},"properties":{"lp":"1395","ac":"0.074","chaltha":"1395"}},{"type":"Feature","geometry":{"type":"Polygon","coordinates":[[[79.478062,15.678052],[79.478246,15.67803],[79.478119,15.677691],[79.477994,15.677763],[79.477936,15.677961],[79.478031,15.67795],[79.478062,15.678052]]]},"properties":{"lp":"1398","ac":"0.185","chaltha":"1398"}},{"type":"Feature","geometry":{"type":"Polygon","coordinates":[[[79.487149,15.689206],[79.487585,15.689042],[79.487394,15.688635],[79.486926,15.68881],[79.487149,15.689206]]]},"properties":{"lp":"1940","ac":"0.635","chaltha":"1940"}},{"type":"Feature","geometry":{"type":"Polygon","coordinates":[[[79.486926,15.68881],[79.487394,15.688635],[79.487218,15.688258],[79.486724,15.688451],[79.486926,15.68881]]]},"properties":{"lp":"1939","ac":"0.62","chaltha":"1939"}},{"type":"Feature","geometry":{"type":"Polygon","coordinates":[[[79.486432,15.687935],[79.486724,15.688451],[79.487218,15.688258],[79.486959,15.687709],[79.486432,15.687935]]]},"properties":{"lp":"1938","ac":"0.966","chaltha":"1938"}},{"type":"Feature","geometry":{"type":"Polygon","coordinates":[[[79.486432,15.687935],[79.486959,15.687709],[79.486676,15.687147],[79.486165,15.68746],[79.486371,15.687825],[79.486432,15.687935]]]},"properties":{"lp":"1937","ac":"1.006","chaltha":"1937"}},{"type":"Feature","geometry":{"type":"Polygon","coordinates":[[[79.483697,15.689532],[79.484587,15.689267],[79.484449,15.688996],[79.484953,15.68882],[79.484437,15.687836],[79.48356,15.688205],[79.483697,15.689532]]]},"properties":{"lp":"1734","ac":"4.332","chaltha":"1734"}},{"type":"Feature","geometry":{"type":"Polygon","coordinates":[[[79.485409,15.689522],[79.485878,15.690351],[79.487388,15.689915],[79.487149,15.689206],[79.486235,15.689488],[79.486166,15.689292],[79.485695,15.689426],[79.485409,15.689522]]]},"properties":{"lp":"1949","ac":"4.007","chaltha":"1949"}},{"type":"Feature","geometry":{"type":"Polygon","coordinates":[[[79.486107,15.689206],[79.486926,15.68881],[79.486724,15.688451],[79.485911,15.688815],[79.486107,15.689206]]]},"properties":{"lp":"1951","ac":"1.118","chaltha":"1951"}},{"type":"Feature","geometry":{"type":"Polygon","coordinates":[[[79.485381,15.688176],[79.485911,15.688815],[79.486724,15.688451],[79.486432,15.687935],[79.486371,15.687825],[79.485381,15.688176]]]},"properties":{"lp":"1953","ac":"2.132","chaltha":"1953"}},{"type":"Feature","geometry":{"type":"Polygon","coordinates":[[[79.484568,15.687761],[79.484896,15.688294],[79.485381,15.688176],[79.486371,15.687825],[79.486165,15.68746],[79.484568,15.687761]]]},"properties":{"lp":"1954","ac":"2.401","chaltha":"1954"}},{"type":"Feature","geometry":{"type":"Polygon","coordinates":[[[79.485695,15.689426],[79.486166,15.689292],[79.486107,15.689206],[79.485911,15.688815],[79.485381,15.688176],[79.484896,15.688294],[79.485695,15.689426]]]},"properties":{"lp":"1952","ac":"1.989","chaltha":"1952"}},{"type":"Feature","geometry":{"type":"Polygon","coordinates":[[[79.484568,15.687761],[79.484437,15.687836],[79.484953,15.68882],[79.485344,15.689544],[79.485409,15.689522],[79.484568,15.687761]]]},"properties":{"lp":"1735","ac":"0.64","chaltha":"1735"}},{"type":"Feature","geometry":{"type":"Polygon","coordinates":[[[79.4834,15.685909],[79.483941,15.686667],[79.484482,15.687425],[79.484625,15.687379],[79.483574,15.685834],[79.4834,15.685909]]]},"properties":{"lp":"1958","ac":"0.901","chaltha":"1958"}},{"type":"Feature","geometry":{"type":"Polygon","coordinates":[[[79.484625,15.687379],[79.484767,15.687333],[79.483748,15.685758],[79.483574,15.685834],[79.484625,15.687379]]]},"properties":{"lp":"1959","ac":"0.906","chaltha":"1959"}},{"type":"Feature","geometry":{"type":"Polygon","coordinates":[[[79.484767,15.687333],[79.484911,15.687287],[79.483923,15.685683],[79.483748,15.685758],[79.484767,15.687333]]]},"properties":{"lp":"1960","ac":"0.919","chaltha":"1960"}},{"type":"Feature","geometry":{"type":"Polygon","coordinates":[[[79.484911,15.687287],[79.485053,15.687242],[79.484098,15.685607],[79.483923,15.685683],[79.484911,15.687287]]]},"properties":{"lp":"1961","ac":"0.925","chaltha":"1961"}},{"type":"Feature","geometry":{"type":"Polygon","coordinates":[[[79.485053,15.687242],[79.485195,15.687196],[79.484272,15.685532],[79.484098,15.685607],[79.485053,15.687242]]]},"properties":{"lp":"1962","ac":"0.932","chaltha":"1962"}},{"type":"Feature","geometry":{"type":"Polygon","coordinates":[[[79.485195,15.687196],[79.485338,15.68715],[79.484451,15.685455],[79.484272,15.685532],[79.485195,15.687196]]]},"properties":{"lp":"1963","ac":"0.957","chaltha":"1963"}},{"type":"Feature","geometry":{"type":"Polygon","coordinates":[[[79.485338,15.68715],[79.48548,15.687105],[79.484622,15.685381],[79.484451,15.685455],[79.485338,15.68715]]]},"properties":{"lp":"1964","ac":"0.935","chaltha":"1964"}},{"type":"Feature","geometry":{"type":"Polygon","coordinates":[[[79.48548,15.687105],[79.485623,15.687059],[79.484796,15.685306],[79.484622,15.685381],[79.48548,15.687105]]]},"properties":{"lp":"1965","ac":"0.958","chaltha":"1965"}},{"type":"Feature","geometry":{"type":"Polygon","coordinates":[[[79.485623,15.687059],[79.485765,15.687013],[79.484971,15.68523],[79.484796,15.685306],[79.485623,15.687059]]]},"properties":{"lp":"1966","ac":"0.968","chaltha":"1966"}},{"type":"Feature","geometry":{"type":"Polygon","coordinates":[[[79.485765,15.687013],[79.485908,15.686968],[79.485146,15.685154],[79.484971,15.68523],[79.485765,15.687013]]]},"properties":{"lp":"1967","ac":"0.975","chaltha":"1967"}},{"type":"Feature","geometry":{"type":"Polygon","coordinates":[[[79.485908,15.686968],[79.485978,15.686945],[79.485306,15.685085],[79.485146,15.685154],[79.485908,15.686968]]]},"properties":{"lp":"1968","ac":"0.715","chaltha":"1968"}},{"type":"Feature","geometry":{"type":"Polygon","coordinates":[[[79.484347,15.687468],[79.484568,15.687761],[79.486165,15.68746],[79.485978,15.686945],[79.485908,15.686968],[79.485765,15.687013],[79.485623,15.687059],[79.48548,15.687105],[79.485338,15.68715],[79.485195,15.687196],[79.485053,15.687242],[79.484911,15.687287],[79.484767,15.687333],[79.484625,15.687379],[79.484482,15.687425],[79.484347,15.687468]]]},"properties":{"lp":"1955","ac":"2.155","chaltha":"1955"}},{"type":"Feature","geometry":{"type":"Polygon","coordinates":[[[79.483769,15.686702],[79.484347,15.687468],[79.484482,15.687425],[79.483941,15.686667],[79.483769,15.686702]]]},"properties":{"lp":"1956","ac":"0.407","chaltha":"1956"}},{"type":"Feature","geometry":{"type":"Polygon","coordinates":[[[79.483227,15.685984],[79.483769,15.686702],[79.483941,15.686667],[79.4834,15.685909],[79.483227,15.685984]]]},"properties":{"lp":"1957","ac":"0.461","chaltha":"1957"}},{"type":"Feature","geometry":{"type":"Polygon","coordinates":[[[79.486144,15.686862],[79.485491,15.685045],[79.485306,15.685085],[79.485978,15.686945],[79.486144,15.686862]]]},"properties":{"lp":"1932","ac":"1.068","chaltha":"1932"}},{"type":"Feature","geometry":{"type":"Polygon","coordinates":[[[79.486144,15.686862],[79.48631,15.686779],[79.485675,15.685005],[79.485491,15.685045],[79.486144,15.686862]]]},"properties":{"lp":"1930","ac":"1.035","chaltha":"1930"}},{"type":"Feature","geometry":{"type":"Polygon","coordinates":[[[79.48631,15.686779],[79.486476,15.686697],[79.485856,15.684965],[79.485675,15.685005],[79.48631,15.686779]]]},"properties":{"lp":"1929","ac":"1.003","chaltha":"1929"}},{"type":"Feature","geometry":{"type":"Polygon","coordinates":[[[79.486476,15.686697],[79.486641,15.686614],[79.486038,15.684926],[79.485856,15.684965],[79.486476,15.686697]]]},"properties":{"lp":"1928","ac":"0.981","chaltha":"1928"}},{"type":"Feature","geometry":{"type":"Polygon","coordinates":[[[79.486641,15.686614],[79.486807,15.686531],[79.486221,15.684886],[79.486038,15.684926],[79.486641,15.686614]]]},"properties":{"lp":"1926","ac":"0.958","chaltha":"1926"}},{"type":"Feature","geometry":{"type":"Polygon","coordinates":[[[79.486807,15.686531],[79.486972,15.686449],[79.4864,15.684847],[79.486221,15.684886],[79.486807,15.686531]]]},"properties":{"lp":"1925","ac":"0.922","chaltha":"1925"}},{"type":"Feature","geometry":{"type":"Polygon","coordinates":[[[79.486972,15.686449],[79.487139,15.686365],[79.486585,15.684806],[79.48649,15.684827],[79.4864,15.684847],[79.486972,15.686449]]]},"properties":{"lp":"1924","ac":"0.915","chaltha":"1924"}},{"type":"Feature","geometry":{"type":"Polygon","coordinates":[[[79.487139,15.686365],[79.487305,15.686283],[79.486766,15.684767],[79.486585,15.684806],[79.487139,15.686365]]]},"properties":{"lp":"1922","ac":"0.881","chaltha":"1922"}},{"type":"Feature","geometry":{"type":"Polygon","coordinates":[[[79.48747,15.6862],[79.486949,15.684727],[79.486766,15.684767],[79.487305,15.686283],[79.48747,15.6862]]]},"properties":{"lp":"1921","ac":"0.857","chaltha":"1921"}},{"type":"Feature","geometry":{"type":"Polygon","coordinates":[[[79.48747,15.6862],[79.487636,15.686117],[79.487131,15.684687],[79.486949,15.684727],[79.48747,15.6862]]]},"properties":{"lp":"1920","ac":"0.831","chaltha":"1920"}},{"type":"Feature","geometry":{"type":"Polygon","coordinates":[[[79.487636,15.686117],[79.487802,15.686034],[79.487313,15.684648],[79.487131,15.684687],[79.487636,15.686117]]]},"properties":{"lp":"1919","ac":"0.807","chaltha":"1919"}},{"type":"Feature","geometry":{"type":"Polygon","coordinates":[[[79.487802,15.686034],[79.487841,15.686015],[79.487494,15.684608],[79.487313,15.684648],[79.487802,15.686034]]]},"properties":{"lp":"1918","ac":"0.486","chaltha":"1918"}},{"type":"Feature","geometry":{"type":"Polygon","coordinates":[[[79.486115,15.684003],[79.48649,15.684827],[79.486585,15.684806],[79.486766,15.684767],[79.486949,15.684727],[79.487131,15.684687],[79.487313,15.684648],[79.487494,15.684608],[79.48715,15.684399],[79.487003,15.68431],[79.486864,15.684226],[79.486805,15.68419],[79.486575,15.68412],[79.486397,15.684066],[79.486296,15.683959],[79.486283,15.683944],[79.486115,15.684003]]]},"properties":{"lp":"1923","ac":"1.621","chaltha":"1923"}},{"type":"Feature","geometry":{"type":"Polygon","coordinates":[[[79.485557,15.684233],[79.485074,15.68444],[79.485151,15.684656],[79.485306,15.685085],[79.485491,15.685045],[79.485675,15.685005],[79.485856,15.684965],[79.485557,15.684233]]]},"properties":{"lp":"1931","ac":"1.171","chaltha":"1931"}},{"type":"Feature","geometry":{"type":"Polygon","coordinates":[[[79.485557,15.684233],[79.485856,15.684965],[79.486038,15.684926],[79.486221,15.684886],[79.4864,15.684847],[79.48649,15.684827],[79.486115,15.684003],[79.485983,15.684049],[79.485557,15.684233]]]},"properties":{"lp":"1927","ac":"1.547","chaltha":"1927"}},{"type":"Feature","geometry":{"type":"Polygon","coordinates":[[[79.482463,15.684048],[79.482204,15.68416],[79.482867,15.68513],[79.483018,15.685063],[79.482463,15.684048]]]},"properties":{"lp":"1973","ac":"0.755","chaltha":"1973"}},{"type":"Feature","geometry":{"type":"Polygon","coordinates":[[[79.483018,15.685063],[79.483181,15.684995],[79.482641,15.683972],[79.482463,15.684048],[79.483018,15.685063]]]},"properties":{"lp":"1974","ac":"0.624","chaltha":"1974"}},{"type":"Feature","geometry":{"type":"Polygon","coordinates":[[[79.483181,15.684995],[79.483344,15.684927],[79.482813,15.683898],[79.482641,15.683972],[79.483181,15.684995]]]},"properties":{"lp":"1975","ac":"0.616","chaltha":"1975"}},{"type":"Feature","geometry":{"type":"Polygon","coordinates":[[[79.483344,15.684927],[79.483505,15.68486],[79.482982,15.683825],[79.482813,15.683898],[79.483344,15.684927]]]},"properties":{"lp":"1976","ac":"0.607","chaltha":"1976"}},{"type":"Feature","geometry":{"type":"Polygon","coordinates":[[[79.483505,15.68486],[79.483666,15.684793],[79.483151,15.683752],[79.482982,15.683825],[79.483505,15.68486]]]},"properties":{"lp":"1977","ac":"0.609","chaltha":"1977"}},{"type":"Feature","geometry":{"type":"Polygon","coordinates":[[[79.483666,15.684793],[79.483827,15.684726],[79.48332,15.683679],[79.483151,15.683752],[79.483666,15.684793]]]},"properties":{"lp":"1978","ac":"0.61","chaltha":"1978"}},{"type":"Feature","geometry":{"type":"Polygon","coordinates":[[[79.483827,15.684726],[79.483985,15.684654],[79.483481,15.68361],[79.483414,15.683639],[79.48332,15.683679],[79.483827,15.684726]]]},"properties":{"lp":"1979","ac":"0.593","chaltha":"1979"}},{"type":"Feature","geometry":{"type":"Polygon","coordinates":[[[79.483985,15.684654],[79.484148,15.684592],[79.48365,15.683537],[79.483481,15.68361],[79.483985,15.684654]]]},"properties":{"lp":"1980","ac":"0.609","chaltha":"1980"}},{"type":"Feature","geometry":{"type":"Polygon","coordinates":[[[79.484148,15.684592],[79.48431,15.684523],[79.483821,15.683464],[79.48365,15.683537],[79.484148,15.684592]]]},"properties":{"lp":"1981","ac":"0.618","chaltha":"1981"}},{"type":"Feature","geometry":{"type":"Polygon","coordinates":[[[79.48431,15.684523],[79.484461,15.684461],[79.483983,15.683394],[79.483821,15.683464],[79.48431,15.684523]]]},"properties":{"lp":"1982","ac":"0.582","chaltha":"1982"}},{"type":"Feature","geometry":{"type":"Polygon","coordinates":[[[79.484461,15.684461],[79.484618,15.684396],[79.484153,15.683321],[79.483983,15.683394],[79.484461,15.684461]]]},"properties":{"lp":"1983","ac":"0.608","chaltha":"1983"}},{"type":"Feature","geometry":{"type":"Polygon","coordinates":[[[79.484153,15.683321],[79.484618,15.684396],[79.484815,15.684312],[79.484721,15.684107],[79.484634,15.683919],[79.484546,15.683727],[79.484456,15.683532],[79.484372,15.683349],[79.484325,15.683247],[79.484153,15.683321]]]},"properties":{"lp":"1984","ac":"0.688","chaltha":"1984"}},{"type":"Feature","geometry":{"type":"Polygon","coordinates":[[[79.48305,15.685565],[79.483732,15.68527],[79.48442,15.684972],[79.485151,15.684656],[79.485074,15.68444],[79.485017,15.684306],[79.484815,15.684312],[79.484618,15.684396],[79.484461,15.684461],[79.48431,15.684523],[79.484148,15.684592],[79.483985,15.684654],[79.483827,15.684726],[79.483666,15.684793],[79.483505,15.68486],[79.483344,15.684927],[79.483181,15.684995],[79.483018,15.685063],[79.482867,15.68513],[79.48305,15.685565]]]},"properties":{"lp":"1972","ac":"3.085","chaltha":"1972"}},{"type":"Feature","geometry":{"type":"Polygon","coordinates":[[[79.483923,15.685683],[79.483732,15.68527],[79.48305,15.685565],[79.483227,15.685984],[79.4834,15.685909],[79.483574,15.685834],[79.483748,15.685758],[79.483923,15.685683]]]},"properties":{"lp":"1971","ac":"1.001","chaltha":"1971"}},{"type":"Feature","geometry":{"type":"Polygon","coordinates":[[[79.484622,15.685381],[79.48442,15.684972],[79.483732,15.68527],[79.483923,15.685683],[79.484098,15.685607],[79.484272,15.685532],[79.484451,15.685455],[79.484622,15.685381]]]},"properties":{"lp":"1970","ac":"1.008","chaltha":"1970"}},{"type":"Feature","geometry":{"type":"Polygon","coordinates":[[[79.48442,15.684972],[79.484622,15.685381],[79.484796,15.685306],[79.484971,15.68523],[79.485146,15.685154],[79.485306,15.685085],[79.485151,15.684656],[79.48442,15.684972]]]},"properties":{"lp":"1969","ac":"1.028","chaltha":"1969"}},{"type":"Feature","geometry":{"type":"Polygon","coordinates":[[[79.48164,15.683309],[79.483964,15.682393],[79.483957,15.682373],[79.483935,15.682312],[79.482574,15.682839],[79.481583,15.683223],[79.48164,15.683309]]]},"properties":{"lp":"1996","ac":"0.689","chaltha":"1996"}},{"type":"Feature","geometry":{"type":"Polygon","coordinates":[[[79.481692,15.683388],[79.483998,15.682489],[79.483964,15.682393],[79.48164,15.683309],[79.481692,15.683388]]]},"properties":{"lp":"1995","ac":"0.708","chaltha":"1995"}},{"type":"Feature","geometry":{"type":"Polygon","coordinates":[[[79.481692,15.683388],[79.481754,15.68348],[79.484029,15.682575],[79.483998,15.682489],[79.481692,15.683388]]]},"properties":{"lp":"1994","ac":"0.722","chaltha":"1994"}},{"type":"Feature","geometry":{"type":"Polygon","coordinates":[[[79.481754,15.68348],[79.481809,15.683564],[79.484062,15.68265],[79.484029,15.682575],[79.481754,15.68348]]]},"properties":{"lp":"1993","ac":"0.646","chaltha":"1993"}},{"type":"Feature","geometry":{"type":"Polygon","coordinates":[[[79.481809,15.683564],[79.481869,15.683654],[79.484101,15.682739],[79.484062,15.68265],[79.481809,15.683564]]]},"properties":{"lp":"1992","ac":"0.718","chaltha":"1992"}},{"type":"Feature","geometry":{"type":"Polygon","coordinates":[[[79.481869,15.683654],[79.481921,15.683733],[79.484135,15.682817],[79.48411,15.682759],[79.484101,15.682739],[79.481869,15.683654]]]},"properties":{"lp":"1991","ac":"0.628","chaltha":"1991"}},{"type":"Feature","geometry":{"type":"Polygon","coordinates":[[[79.481921,15.683733],[79.48198,15.683822],[79.484176,15.682908],[79.484135,15.682817],[79.481921,15.683733]]]},"properties":{"lp":"1990","ac":"0.715","chaltha":"1990"}},{"type":"Feature","geometry":{"type":"Polygon","coordinates":[[[79.477571,15.668425],[79.47731,15.66852],[79.477553,15.66943],[79.477828,15.669367],[79.477571,15.668425]]]},"properties":{"lp":"1602","ac":"0.784","chaltha":"1602"}},{"type":"Feature","geometry":{"type":"Polygon","coordinates":[[[79.498232,15.656116],[79.49847,15.656037],[79.498598,15.655994],[79.498503,15.655808],[79.498225,15.655888],[79.498232,15.656116]]]},"properties":{"lp":"851","ac":"0.21","chaltha":"851"}},{"type":"Feature","geometry":{"type":"Polygon","coordinates":[[[79.498225,15.655888],[79.498503,15.655808],[79.498281,15.655383],[79.498228,15.655274],[79.498225,15.655888]]]},"properties":{"lp":"852","ac":"0.247","chaltha":"852"}},{"type":"Feature","geometry":{"type":"Polygon","coordinates":[[[79.498087,15.654983],[79.497839,15.654902],[79.49741,15.654825],[79.497655,15.655415],[79.497889,15.655979],[79.498152,15.655908],[79.498228,15.655274],[79.498087,15.654983]]]},"properties":{"lp":"853","ac":"1.586","chaltha":"853"}},{"type":"Feature","geometry":{"type":"Polygon","coordinates":[[[79.497559,15.656486],[79.498127,15.656318],[79.498152,15.655908],[79.497889,15.655979],[79.497564,15.656066],[79.497314,15.656149],[79.497423,15.656514],[79.497454,15.656507],[79.497559,15.656486]]]},"properties":{"lp":"850","ac":"0.927","chaltha":"850"}},{"type":"Feature","geometry":{"type":"Polygon","coordinates":[[[79.481045,15.66743],[79.48078,15.66669],[79.480359,15.66686],[79.480619,15.667593],[79.481045,15.66743]]]},"properties":{"lp":"1608","ac":"1.043","chaltha":"1608"}},{"type":"Feature","geometry":{"type":"Polygon","coordinates":[[[79.478621,15.679189],[79.478781,15.679091],[79.478876,15.6786],[79.478626,15.678766],[79.478565,15.678807],[79.478585,15.678941],[79.478621,15.679189]]]},"properties":{"lp":"1330","ac":"0.292","chaltha":"1330"}},{"type":"Feature","geometry":{"type":"Polygon","coordinates":[[[79.478249,15.67881],[79.478565,15.678807],[79.478494,15.678636],[79.478219,15.678674],[79.478249,15.67881]]]},"properties":{"lp":"1331","ac":"0.136","chaltha":"1331"}},{"type":"Feature","geometry":{"type":"Polygon","coordinates":[[[79.485815,15.668964],[79.486287,15.668771],[79.485876,15.667726],[79.485936,15.667697],[79.485796,15.66736],[79.485683,15.667407],[79.485258,15.667586],[79.485436,15.668023],[79.485496,15.668161],[79.485566,15.668323],[79.485607,15.668434],[79.48568,15.668631],[79.485815,15.668964]]]},"properties":{"lp":"1085","ac":"2.314","chaltha":"1085"}},{"type":"Feature","geometry":{"type":"Polygon","coordinates":[[[79.485796,15.66736],[79.485936,15.667697],[79.486258,15.667549],[79.486488,15.667443],[79.486306,15.667007],[79.486257,15.666895],[79.485975,15.667008],[79.486098,15.667246],[79.485796,15.66736]]]},"properties":{"lp":"1139","ac":"0.843","chaltha":"1139"}},{"type":"Feature","geometry":{"type":"Polygon","coordinates":[[[79.500656,15.665151],[79.500911,15.665026],[79.5013,15.664831],[79.501667,15.664621],[79.501191,15.66347],[79.500824,15.663636],[79.50012,15.663953],[79.500656,15.665151]]]},"properties":{"lp":"808","ac":"4.362","chaltha":"808"}},{"type":"Feature","geometry":{"type":"Polygon","coordinates":[[[79.499456,15.663947],[79.499922,15.664894],[79.500166,15.665393],[79.500656,15.665151],[79.50012,15.663953],[79.500027,15.663714],[79.499633,15.663874],[79.499456,15.663947]]]},"properties":{"lp":"809","ac":"2.682","chaltha":"809"}},{"type":"Feature","geometry":{"type":"Polygon","coordinates":[[[79.481081,15.667416],[79.481171,15.667628],[79.481626,15.667462],[79.481476,15.667266],[79.481081,15.667416]]]},"properties":{"lp":"1530","ac":"0.309","chaltha":"1530"}},{"type":"Feature","geometry":{"type":"Polygon","coordinates":[[[79.481045,15.66743],[79.481081,15.667416],[79.481476,15.667266],[79.481535,15.667243],[79.481242,15.666503],[79.48078,15.66669],[79.481045,15.66743]]]},"properties":{"lp":"1609","ac":"1.185","chaltha":"1609"}},{"type":"Feature","geometry":{"type":"Polygon","coordinates":[[[79.485005,15.682003],[79.485234,15.681933],[79.484893,15.681719],[79.484928,15.681809],[79.485005,15.682003]]]},"properties":{"lp":"281","ac":"0.107","chaltha":"281"}},{"type":"Feature","geometry":{"type":"Polygon","coordinates":[[[79.485158,15.682393],[79.485695,15.682222],[79.485234,15.681933],[79.485005,15.682003],[79.48501,15.682016],[79.485087,15.682212],[79.485158,15.682393]]]},"properties":{"lp":"280","ac":"0.491","chaltha":"280"}},{"type":"Feature","geometry":{"type":"Polygon","coordinates":[[[79.485158,15.682393],[79.485163,15.682405],[79.485239,15.682599],[79.485264,15.68266],[79.486008,15.682418],[79.485695,15.682222],[79.485158,15.682393]]]},"properties":{"lp":"279","ac":"0.561","chaltha":"279"}},{"type":"Feature","geometry":{"type":"Polygon","coordinates":[[[79.485498,15.683255],[79.485566,15.683367],[79.485674,15.683543],[79.48576,15.683683],[79.487038,15.683125],[79.486884,15.682967],[79.486632,15.682809],[79.485498,15.683255]]]},"properties":{"lp":"274","ac":"1.829","chaltha":"274"}},{"type":"Feature","geometry":{"type":"Polygon","coordinates":[[[79.485873,15.683869],[79.487194,15.683285],[79.487038,15.683125],[79.48576,15.683683],[79.48579,15.683733],[79.485873,15.683869]]]},"properties":{"lp":"273","ac":"0.886","chaltha":"273"}},{"type":"Feature","geometry":{"type":"Polygon","coordinates":[[[79.486864,15.684226],[79.487787,15.683757],[79.487592,15.683611],[79.486575,15.68412],[79.486805,15.68419],[79.486864,15.684226]]]},"properties":{"lp":"268","ac":"0.699","chaltha":"268"}},{"type":"Feature","geometry":{"type":"Polygon","coordinates":[[[79.487727,15.684527],[79.487857,15.684289],[79.487929,15.684235],[79.4879,15.684005],[79.48715,15.684399],[79.487494,15.684608],[79.487727,15.684527]]]},"properties":{"lp":"265","ac":"0.652","chaltha":"265"}},{"type":"Feature","geometry":{"type":"Polygon","coordinates":[[[79.487727,15.684527],[79.487871,15.684756],[79.488,15.684737],[79.488297,15.684693],[79.488622,15.684537],[79.488391,15.684212],[79.487914,15.683853],[79.48788,15.683871],[79.4879,15.684005],[79.487929,15.684235],[79.487857,15.684289],[79.487727,15.684527]]]},"properties":{"lp":"264","ac":"1.271","chaltha":"264"}},{"type":"Feature","geometry":{"type":"Polygon","coordinates":[[[79.490079,15.676752],[79.490867,15.676465],[79.49083,15.676397],[79.49063,15.675867],[79.490301,15.675098],[79.48949,15.675408],[79.490079,15.676752]]]},"properties":{"lp":"437","ac":"3.694","chaltha":"437"}},{"type":"Feature","geometry":{"type":"Polygon","coordinates":[[[79.497077,15.675275],[79.497147,15.675441],[79.497231,15.675644],[79.497517,15.67553],[79.497793,15.675436],[79.498086,15.67533],[79.498607,15.675131],[79.499541,15.674774],[79.499504,15.674661],[79.499399,15.674359],[79.499246,15.674413],[79.498553,15.67468],[79.497077,15.675275]]]},"properties":{"lp":"137","ac":"3.117","chaltha":"137"}},{"type":"Feature","geometry":{"type":"Polygon","coordinates":[[[79.477098,15.675295],[79.477593,15.675049],[79.47756,15.674917],[79.477032,15.675132],[79.477098,15.675295]]]},"properties":{"lp":"1456","ac":"0.254","chaltha":"1456"}},{"type":"Feature","geometry":{"type":"Polygon","coordinates":[[[79.500213,15.657939],[79.500372,15.658445],[79.500678,15.65834],[79.500528,15.65784],[79.500919,15.657725],[79.501291,15.657632],[79.501247,15.657262],[79.501235,15.657163],[79.500342,15.657339],[79.500306,15.657347],[79.500437,15.657878],[79.500213,15.657939]]]},"properties":{"lp":"788","ac":"1.842","chaltha":"788"}},{"type":"Feature","geometry":{"type":"Polygon","coordinates":[[[79.496541,15.654697],[79.496226,15.654659],[79.49607,15.654672],[79.496033,15.654675],[79.496199,15.655085],[79.496365,15.655496],[79.496506,15.655831],[79.496646,15.656166],[79.496746,15.656377],[79.496891,15.656309],[79.49702,15.656646],[79.497212,15.656583],[79.49686,15.655592],[79.496541,15.654697]]]},"properties":{"lp":"858","ac":"2.407","chaltha":"858"}},{"type":"Feature","geometry":{"type":"Polygon","coordinates":[[[79.492334,15.681461],[79.492379,15.681558],[79.495475,15.680787],[79.495443,15.680712],[79.492334,15.681461]]]},"properties":{"lp":"380","ac":"0.866","chaltha":"380"}},{"type":"Feature","geometry":{"type":"Polygon","coordinates":[[[79.491339,15.681836],[79.492385,15.681982],[79.492583,15.68201],[79.49258,15.682004],[79.492478,15.681778],[79.492379,15.681558],[79.491339,15.681836]]]},"properties":{"lp":"366","ac":"0.773","chaltha":"366"}},{"type":"Feature","geometry":{"type":"Polygon","coordinates":[[[79.497581,15.668644],[79.497885,15.668512],[79.497288,15.667054],[79.496981,15.667236],[79.49741,15.668222],[79.497581,15.668644]]]},"properties":{"lp":"724","ac":"1.541","chaltha":"724"}},{"type":"Feature","geometry":{"type":"Polygon","coordinates":[[[79.490087,15.67791],[79.490318,15.677884],[79.489279,15.675488],[79.489065,15.675566],[79.490087,15.67791]]]},"properties":{"lp":"433","ac":"1.701","chaltha":"433"}},{"type":"Feature","geometry":{"type":"Polygon","coordinates":[[[79.490318,15.677884],[79.49055,15.677858],[79.490079,15.676752],[79.48949,15.675408],[79.489446,15.675426],[79.489279,15.675488],[79.490318,15.677884]]]},"properties":{"lp":"434","ac":"1.765","chaltha":"434"}},{"type":"Feature","geometry":{"type":"Polygon","coordinates":[[[79.491405,15.677748],[79.49055,15.677858],[79.490318,15.677884],[79.490087,15.67791],[79.489929,15.677928],[79.489775,15.677945],[79.489593,15.677968],[79.489616,15.678],[79.491439,15.677927],[79.491474,15.677917],[79.491405,15.677748]]]},"properties":{"lp":"435","ac":"0.571","chaltha":"435"}},{"type":"Feature","geometry":{"type":"Polygon","coordinates":[[[79.486289,15.67689],[79.486587,15.676841],[79.48613,15.675756],[79.486087,15.675769],[79.485843,15.67584],[79.486053,15.676295],[79.486158,15.676533],[79.486289,15.67689]]]},"properties":{"lp":"412","ac":"0.969","chaltha":"412"}},{"type":"Feature","geometry":{"type":"Polygon","coordinates":[[[79.486344,15.677096],[79.486963,15.676999],[79.486897,15.67679],[79.486886,15.676791],[79.486587,15.676841],[79.486289,15.67689],[79.486274,15.676892],[79.486344,15.677096]]]},"properties":{"lp":"416","ac":"0.396","chaltha":"416"}},{"type":"Feature","geometry":{"type":"Polygon","coordinates":[[[79.496926,15.688116],[79.497041,15.688301],[79.497365,15.688145],[79.497681,15.687993],[79.498017,15.687832],[79.498356,15.687669],[79.498235,15.687458],[79.497897,15.687627],[79.497565,15.687793],[79.497249,15.68795],[79.496926,15.688116]]]},"properties":{"lp":"30","ac":"0.991","chaltha":"30"}},{"type":"Feature","geometry":{"type":"Polygon","coordinates":[[[79.49768,15.688676],[79.497971,15.688494],[79.497681,15.687993],[79.497365,15.688145],[79.49768,15.688676]]]},"properties":{"lp":"27","ac":"0.606","chaltha":"27"}},{"type":"Feature","geometry":{"type":"Polygon","coordinates":[[[79.497971,15.688494],[79.498288,15.688294],[79.498017,15.687832],[79.497681,15.687993],[79.497971,15.688494]]]},"properties":{"lp":"28","ac":"0.609","chaltha":"28"}},{"type":"Feature","geometry":{"type":"Polygon","coordinates":[[[79.498288,15.688294],[79.498604,15.688096],[79.498356,15.687669],[79.498017,15.687832],[79.498288,15.688294]]]},"properties":{"lp":"29","ac":"0.565","chaltha":"29"}},{"type":"Feature","geometry":{"type":"Polygon","coordinates":[[[79.497249,15.68795],[79.497565,15.687793],[79.497436,15.687571],[79.497255,15.687657],[79.497113,15.687722],[79.497249,15.68795]]]},"properties":{"lp":"34","ac":"0.27","chaltha":"34"}},{"type":"Feature","geometry":{"type":"Polygon","coordinates":[[[79.497565,15.687793],[79.497897,15.687627],[79.497771,15.687411],[79.497436,15.687571],[79.497565,15.687793]]]},"properties":{"lp":"35","ac":"0.275","chaltha":"35"}},{"type":"Feature","geometry":{"type":"Polygon","coordinates":[[[79.497771,15.687411],[79.497897,15.687627],[79.498235,15.687458],[79.498114,15.687249],[79.498009,15.687297],[79.497771,15.687411]]]},"properties":{"lp":"36","ac":"0.273","chaltha":"36"}},{"type":"Feature","geometry":{"type":"Polygon","coordinates":[[[79.496926,15.688116],[79.497249,15.68795],[79.497113,15.687722],[79.496783,15.687872],[79.496926,15.688116]]]},"properties":{"lp":"33","ac":"0.291","chaltha":"33"}},{"type":"Feature","geometry":{"type":"Polygon","coordinates":[[[79.494673,15.665586],[79.495482,15.665243],[79.495339,15.664935],[79.494783,15.663729],[79.494629,15.663776],[79.494096,15.664001],[79.494035,15.664027],[79.494566,15.665305],[79.494539,15.665317],[79.494673,15.665586]]]},"properties":{"lp":"941","ac":"4.144","chaltha":"941"}},{"type":"Feature","geometry":{"type":"Polygon","coordinates":[[[79.497905,15.664985],[79.499014,15.664525],[79.498836,15.6642],[79.498732,15.66399],[79.497643,15.664434],[79.497712,15.664584],[79.497905,15.664985]]]},"properties":{"lp":"814","ac":"2.106","chaltha":"814"}},{"type":"Feature","geometry":{"type":"Polygon","coordinates":[[[79.498836,15.6642],[79.499013,15.664128],[79.498367,15.662613],[79.498159,15.66269],[79.498149,15.662694],[79.498162,15.662723],[79.498567,15.663657],[79.498732,15.66399],[79.498836,15.6642]]]},"properties":{"lp":"816","ac":"1.067","chaltha":"816"}},{"type":"Feature","geometry":{"type":"Polygon","coordinates":[[[79.497641,15.663172],[79.497954,15.663905],[79.498255,15.663783],[79.497838,15.66284],[79.497545,15.662945],[79.497641,15.663172]]]},"properties":{"lp":"826","ac":"0.966","chaltha":"826"}},{"type":"Feature","geometry":{"type":"Polygon","coordinates":[[[79.492992,15.664502],[79.493333,15.664345],[79.493484,15.66426],[79.493341,15.663902],[79.493199,15.663546],[79.493045,15.66317],[79.492851,15.662688],[79.492673,15.662248],[79.492106,15.662456],[79.492168,15.6626],[79.492305,15.662919],[79.492439,15.663233],[79.492573,15.663545],[79.492709,15.663862],[79.492866,15.664218],[79.492992,15.664502]]]},"properties":{"lp":"974","ac":"3.742","chaltha":"974"}},{"type":"Feature","geometry":{"type":"Polygon","coordinates":[[[79.491588,15.665257],[79.491807,15.665159],[79.492085,15.665035],[79.492217,15.664977],[79.49205,15.664573],[79.491413,15.664856],[79.491588,15.665257]]]},"properties":{"lp":"990","ac":"0.886","chaltha":"990"}},{"type":"Feature","geometry":{"type":"Polygon","coordinates":[[[79.48768,15.665463],[79.489116,15.664866],[79.489105,15.664837],[79.488929,15.664385],[79.488916,15.664353],[79.488635,15.664469],[79.488348,15.664588],[79.487535,15.664925],[79.487388,15.664535],[79.48725,15.664171],[79.486948,15.663375],[79.486452,15.663554],[79.486577,15.663874],[79.486701,15.664187],[79.48684,15.664539],[79.486971,15.664872],[79.487067,15.665116],[79.487282,15.665042],[79.487498,15.664969],[79.48768,15.665463]]]},"properties":{"lp":"1013","ac":"5.05","chaltha":"1013"}},{"type":"Feature","geometry":{"type":"Polygon","coordinates":[[[79.501914,15.667236],[79.503361,15.666642],[79.503316,15.666576],[79.503267,15.666367],[79.501796,15.666926],[79.501914,15.667236]]]},"properties":{"lp":"742","ac":"1.422","chaltha":"742"}},{"type":"Feature","geometry":{"type":"Polygon","coordinates":[[[79.486077,15.665819],[79.486339,15.665684],[79.486619,15.665585],[79.486576,15.665476],[79.486354,15.665546],[79.486082,15.665665],[79.486021,15.665688],[79.486077,15.665819]]]},"properties":{"lp":"1152","ac":"0.218","chaltha":"1152"}},{"type":"Feature","geometry":{"type":"Polygon","coordinates":[[[79.484961,15.669798],[79.484776,15.669344],[79.484412,15.669465],[79.484613,15.66993],[79.484844,15.669841],[79.484961,15.669798]]]},"properties":{"lp":"1088","ac":"0.55","chaltha":"1088"}},{"type":"Feature","geometry":{"type":"Polygon","coordinates":[[[79.484998,15.668345],[79.485061,15.668496],[79.485566,15.668323],[79.485496,15.668161],[79.484998,15.668345]]]},"properties":{"lp":"1120","ac":"0.266","chaltha":"1120"}},{"type":"Feature","geometry":{"type":"Polygon","coordinates":[[[79.484358,15.668361],[79.48443,15.668537],[79.484442,15.668564],[79.484998,15.668345],[79.485496,15.668161],[79.485436,15.668023],[79.484748,15.668195],[79.484615,15.668023],[79.484511,15.668048],[79.484333,15.667621],[79.484177,15.667689],[79.484364,15.668128],[79.484272,15.668163],[79.484358,15.668361]]]},"properties":{"lp":"1122","ac":"1.154","chaltha":"1122"}},{"type":"Feature","geometry":{"type":"Polygon","coordinates":[[[79.483887,15.668755],[79.48443,15.668537],[79.484358,15.668361],[79.483809,15.668573],[79.483887,15.668755]]]},"properties":{"lp":"1123","ac":"0.334","chaltha":"1123"}},{"type":"Feature","geometry":{"type":"Polygon","coordinates":[[[79.481619,15.666408],[79.481503,15.666003],[79.481331,15.66606],[79.481425,15.666457],[79.481619,15.666408]]]},"properties":{"lp":"1167","ac":"0.232","chaltha":"1167"}},{"type":"Feature","geometry":{"type":"Polygon","coordinates":[[[79.481503,15.666003],[79.481619,15.666408],[79.481674,15.666394],[79.481658,15.666333],[79.482037,15.666249],[79.481944,15.665857],[79.481503,15.666003]]]},"properties":{"lp":"1166","ac":"0.517","chaltha":"1166"}},{"type":"Feature","geometry":{"type":"Polygon","coordinates":[[[79.482762,15.666887],[79.482679,15.666669],[79.482648,15.666587],[79.482177,15.666714],[79.482039,15.667142],[79.481838,15.667591],[79.482939,15.667286],[79.482858,15.667102],[79.482762,15.666887]]]},"properties":{"lp":"1175","ac":"1.754","chaltha":"1175"}},{"type":"Feature","geometry":{"type":"Polygon","coordinates":[[[79.482858,15.667102],[79.482939,15.667286],[79.48295,15.667321],[79.483471,15.667087],[79.483523,15.667065],[79.484076,15.666855],[79.484145,15.666827],[79.484032,15.666579],[79.482858,15.667102]]]},"properties":{"lp":"1185","ac":"0.929","chaltha":"1185"}},{"type":"Feature","geometry":{"type":"Polygon","coordinates":[[[79.482762,15.666887],[79.482858,15.667102],[79.484032,15.666579],[79.484017,15.666545],[79.483929,15.666335],[79.482762,15.666887]]]},"properties":{"lp":"1186","ac":"0.944","chaltha":"1186"}},{"type":"Feature","geometry":{"type":"Polygon","coordinates":[[[79.479125,15.663723],[79.478737,15.663136],[79.477731,15.664017],[79.47787,15.664532],[79.478401,15.664196],[79.478367,15.664114],[79.479125,15.663723]]]},"properties":{"lp":"1681","ac":"2.38","chaltha":"1681"}},{"type":"Feature","geometry":{"type":"Polygon","coordinates":[[[79.478737,15.663136],[79.479125,15.663723],[79.479404,15.663539],[79.478933,15.662972],[79.478737,15.663136]]]},"properties":{"lp":"1680","ac":"0.62","chaltha":"1680"}},{"type":"Feature","geometry":{"type":"Polygon","coordinates":[[[79.478933,15.662972],[79.479404,15.663539],[79.479837,15.663255],[79.479363,15.662615],[79.478933,15.662972]]]},"properties":{"lp":"1679","ac":"1.206","chaltha":"1679"}},{"type":"Feature","geometry":{"type":"Polygon","coordinates":[[[79.480049,15.663116],[79.479551,15.662458],[79.479363,15.662615],[79.479837,15.663255],[79.480049,15.663116]]]},"properties":{"lp":"1678","ac":"0.592","chaltha":"1678"}},{"type":"Feature","geometry":{"type":"Polygon","coordinates":[[[79.479551,15.662458],[79.480049,15.663116],[79.480368,15.662884],[79.480323,15.662544],[79.480069,15.662],[79.479551,15.662458]]]},"properties":{"lp":"1677","ac":"1.438","chaltha":"1677"}},{"type":"Feature","geometry":{"type":"Polygon","coordinates":[[[79.479774,15.674762],[79.479757,15.674688],[79.479714,15.674532],[79.479382,15.674686],[79.479378,15.674748],[79.479439,15.67485],[79.479774,15.674762]]]},"properties":{"lp":"1496","ac":"0.22","chaltha":"1496"}},{"type":"Feature","geometry":{"type":"Polygon","coordinates":[[[79.479681,15.674413],[79.479623,15.674199],[79.479605,15.674131],[79.4795,15.674166],[79.479401,15.674394],[79.479382,15.674686],[79.479714,15.674532],[79.479681,15.674413]]]},"properties":{"lp":"1495","ac":"0.329","chaltha":"1495"}},{"type":"Feature","geometry":{"type":"Polygon","coordinates":[[[79.479623,15.674199],[79.479681,15.674413],[79.480084,15.674281],[79.480189,15.674246],[79.480114,15.674024],[79.479623,15.674199]]]},"properties":{"lp":"1492","ac":"0.353","chaltha":"1492"}},{"type":"Feature","geometry":{"type":"Polygon","coordinates":[[[79.480016,15.673792],[79.479648,15.673897],[79.479576,15.673992],[79.4795,15.674166],[79.479605,15.674131],[79.479623,15.674199],[79.480114,15.674024],[79.480016,15.673792]]]},"properties":{"lp":"1491","ac":"0.403","chaltha":"1491"}},{"type":"Feature","geometry":{"type":"Polygon","coordinates":[[[79.480016,15.673792],[79.480148,15.673287],[79.480043,15.673375],[79.479648,15.673897],[79.480016,15.673792]]]},"properties":{"lp":"1490","ac":"0.281","chaltha":"1490"}},{"type":"Feature","geometry":{"type":"Polygon","coordinates":[[[79.480016,15.673792],[79.480114,15.674024],[79.480513,15.673892],[79.480521,15.673916],[79.481037,15.673773],[79.480959,15.673531],[79.480461,15.673689],[79.480403,15.673511],[79.480323,15.673334],[79.480251,15.673273],[79.480148,15.673287],[79.480016,15.673792]]]},"properties":{"lp":"1487","ac":"1.082","chaltha":"1487"}},{"type":"Feature","geometry":{"type":"Polygon","coordinates":[[[79.480521,15.673916],[79.480513,15.673892],[79.480114,15.674024],[79.480189,15.674246],[79.480084,15.674281],[79.480176,15.674531],[79.480661,15.674342],[79.480591,15.674129],[79.480521,15.673916]]]},"properties":{"lp":"1493","ac":"0.678","chaltha":"1493"}},{"type":"Feature","geometry":{"type":"Polygon","coordinates":[[[79.479439,15.67485],[79.47956,15.675054],[79.479827,15.674991],[79.479774,15.674762],[79.479439,15.67485]]]},"properties":{"lp":"1483","ac":"0.21","chaltha":"1483"}},{"type":"Feature","geometry":{"type":"Polygon","coordinates":[[[79.4791,15.675353],[79.479317,15.675109],[79.479378,15.674748],[79.479382,15.674686],[79.479401,15.674394],[79.4795,15.674166],[79.479576,15.673992],[79.479607,15.673799],[79.479422,15.673976],[79.479283,15.674329],[79.479192,15.674788],[79.479159,15.674953],[79.4791,15.675353]]]},"properties":{"lp":"1498","ac":"0.643","chaltha":"1498"}},{"type":"Feature","geometry":{"type":"Polygon","coordinates":[[[79.488034,15.676578],[79.488456,15.676428],[79.487857,15.675116],[79.487484,15.675265],[79.487449,15.675279],[79.488034,15.676578]]]},"properties":{"lp":"427","ac":"1.861","chaltha":"427"}},{"type":"Feature","geometry":{"type":"Polygon","coordinates":[[[79.488456,15.676428],[79.488034,15.676578],[79.488042,15.676611],[79.488171,15.676935],[79.489049,15.676659],[79.488871,15.67629],[79.488456,15.676428]]]},"properties":{"lp":"426","ac":"1.051","chaltha":"426"}},{"type":"Feature","geometry":{"type":"Polygon","coordinates":[[[79.488871,15.67629],[79.488611,15.67575],[79.488439,15.675352],[79.489272,15.675038],[79.489102,15.674627],[79.488849,15.674726],[79.488246,15.674936],[79.487875,15.675109],[79.487857,15.675116],[79.488456,15.676428],[79.488871,15.67629]]]},"properties":{"lp":"428","ac":"3.02","chaltha":"428"}},{"type":"Feature","geometry":{"type":"Polygon","coordinates":[[[79.478715,15.681134],[79.479009,15.68168],[79.479145,15.681588],[79.479327,15.681601],[79.479244,15.681372],[79.47894,15.681416],[79.478759,15.681046],[79.478715,15.681134]]]},"properties":{"lp":"1306","ac":"0.318","chaltha":"1306"}},{"type":"Feature","geometry":{"type":"Polygon","coordinates":[[[79.492992,15.682934],[79.493568,15.682741],[79.493397,15.682284],[79.492786,15.682467],[79.492837,15.682582],[79.492936,15.682806],[79.492992,15.682934]]]},"properties":{"lp":"375","ac":"0.908","chaltha":"375"}},{"type":"Feature","geometry":{"type":"Polygon","coordinates":[[[79.493397,15.682284],[79.493568,15.682741],[79.493954,15.682625],[79.493966,15.682634],[79.494095,15.682576],[79.494087,15.682554],[79.493923,15.682126],[79.493397,15.682284]]]},"properties":{"lp":"374","ac":"0.788","chaltha":"374"}},{"type":"Feature","geometry":{"type":"Polygon","coordinates":[[[79.477363,15.679936],[79.477426,15.680136],[79.477544,15.680114],[79.477939,15.680039],[79.478307,15.67997],[79.478421,15.679918],[79.478499,15.679691],[79.477363,15.679936]]]},"properties":{"lp":"1318","ac":"0.701","chaltha":"1318"}},{"type":"Feature","geometry":{"type":"Polygon","coordinates":[[[79.478125,15.679567],[79.478144,15.679672],[79.478209,15.679673],[79.478312,15.67957],[79.478483,15.679536],[79.478347,15.679289],[79.478203,15.679327],[79.478125,15.679567]]]},"properties":{"lp":"1328","ac":"0.231","chaltha":"1328"}},{"type":"Feature","geometry":{"type":"Polygon","coordinates":[[[79.4773,15.679737],[79.477363,15.679936],[79.478499,15.679691],[79.478526,15.679614],[79.478483,15.679536],[79.478312,15.67957],[79.478209,15.679673],[79.478144,15.679672],[79.478125,15.679567],[79.477807,15.679605],[79.4773,15.679737]]]},"properties":{"lp":"1319","ac":"0.673","chaltha":"1319"}},{"type":"Feature","geometry":{"type":"Polygon","coordinates":[[[79.501601,15.666432],[79.501796,15.666926],[79.503267,15.666367],[79.50325,15.6663],[79.503638,15.666138],[79.503489,15.665756],[79.501601,15.666432]]]},"properties":{"lp":"743","ac":"2.91","chaltha":"743"}},{"type":"Feature","geometry":{"type":"Polygon","coordinates":[[[79.501601,15.666432],[79.503489,15.665756],[79.503306,15.665284],[79.502803,15.66547],[79.502614,15.665536],[79.502425,15.665603],[79.502222,15.665682],[79.502006,15.665767],[79.501592,15.665908],[79.501603,15.66593],[79.50148,15.666124],[79.501601,15.666432]]]},"properties":{"lp":"744","ac":"2.882","chaltha":"744"}},{"type":"Feature","geometry":{"type":"Polygon","coordinates":[[[79.494125,15.683082],[79.493966,15.682634],[79.493954,15.682625],[79.493568,15.682741],[79.492992,15.682934],[79.493031,15.683021],[79.493104,15.683184],[79.493179,15.683351],[79.493203,15.683403],[79.494125,15.683082]]]},"properties":{"lp":"370","ac":"1.47","chaltha":"370"}},{"type":"Feature","geometry":{"type":"Polygon","coordinates":[[[79.494087,15.682554],[79.494095,15.682576],[79.493966,15.682634],[79.494125,15.683082],[79.494657,15.682884],[79.495154,15.682699],[79.495412,15.682601],[79.495934,15.682404],[79.495968,15.682483],[79.496175,15.682408],[79.495962,15.681925],[79.495241,15.682167],[79.494087,15.682554]]]},"properties":{"lp":"371","ac":"3.023","chaltha":"371"}},{"type":"Feature","geometry":{"type":"Polygon","coordinates":[[[79.495241,15.682167],[79.495092,15.681767],[79.493923,15.682126],[79.494087,15.682554],[79.495241,15.682167]]]},"properties":{"lp":"372","ac":"1.582","chaltha":"372"}},{"type":"Feature","geometry":{"type":"Polygon","coordinates":[[[79.495241,15.682167],[79.495962,15.681925],[79.495793,15.681541],[79.495092,15.681767],[79.495241,15.682167]]]},"properties":{"lp":"373","ac":"0.927","chaltha":"373"}},{"type":"Feature","geometry":{"type":"Polygon","coordinates":[[[79.501144,15.66067],[79.501238,15.660947],[79.502748,15.660509],[79.502748,15.660219],[79.501144,15.66067]]]},"properties":{"lp":"764","ac":"1.357","chaltha":"764"}},{"type":"Feature","geometry":{"type":"Polygon","coordinates":[[[79.501144,15.66067],[79.502748,15.660219],[79.502748,15.660091],[79.502775,15.659932],[79.501752,15.660219],[79.501737,15.660125],[79.501492,15.660209],[79.501221,15.660301],[79.501034,15.660364],[79.501144,15.66067]]]},"properties":{"lp":"766","ac":"1.518","chaltha":"766"}},{"type":"Feature","geometry":{"type":"Polygon","coordinates":[[[79.50148,15.666124],[79.501116,15.6662],[79.501446,15.667068],[79.501796,15.666926],[79.501601,15.666432],[79.50148,15.666124]]]},"properties":{"lp":"735","ac":"0.978","chaltha":"735"}},{"type":"Feature","geometry":{"type":"Polygon","coordinates":[[[79.499217,15.678449],[79.499357,15.678721],[79.500412,15.67836],[79.500389,15.678294],[79.500359,15.678218],[79.5005,15.678174],[79.500278,15.677674],[79.499064,15.678115],[79.499217,15.678449]]]},"properties":{"lp":"118","ac":"2.498","chaltha":"118"}},{"type":"Feature","geometry":{"type":"Polygon","coordinates":[[[79.499364,15.678767],[79.500427,15.678414],[79.500412,15.67836],[79.499357,15.678721],[79.499364,15.678767]]]},"properties":{"lp":"115","ac":"0.166","chaltha":"115"}},{"type":"Feature","geometry":{"type":"Polygon","coordinates":[[[79.499352,15.678813],[79.499364,15.678767],[79.499357,15.678721],[79.499217,15.678449],[79.498191,15.678823],[79.498246,15.678945],[79.498324,15.679156],[79.498776,15.679002],[79.499352,15.678813]]]},"properties":{"lp":"116","ac":"1.205","chaltha":"116"}},{"type":"Feature","geometry":{"type":"Polygon","coordinates":[[[79.499364,15.678767],[79.499352,15.678813],[79.499456,15.679086],[79.500874,15.678594],[79.500933,15.678312],[79.501066,15.67819],[79.500946,15.677979],[79.5005,15.678174],[79.500359,15.678218],[79.500389,15.678294],[79.500412,15.67836],[79.500427,15.678414],[79.499364,15.678767]]]},"properties":{"lp":"114","ac":"1.941","chaltha":"114"}},{"type":"Feature","geometry":{"type":"Polygon","coordinates":[[[79.477562,15.667506],[79.47849,15.666957],[79.478353,15.666624],[79.477689,15.664991],[79.476763,15.665885],[79.476944,15.666325],[79.477143,15.66683],[79.477242,15.66708],[79.477335,15.667315],[79.477395,15.667468],[79.477562,15.667506]]]},"properties":{"lp":"1620","ac":"6.899","chaltha":"1620"}},{"type":"Feature","geometry":{"type":"Polygon","coordinates":[[[79.494582,15.677703],[79.494557,15.67771],[79.494562,15.677758],[79.494669,15.677723],[79.495053,15.677597],[79.495572,15.677437],[79.495332,15.677501],[79.494973,15.677598],[79.494782,15.677649],[79.494582,15.677703]]]},"properties":{"lp":"474","ac":"0.067","chaltha":"474"}},{"type":"Feature","geometry":{"type":"Polygon","coordinates":[[[79.494782,15.677649],[79.494539,15.676975],[79.494357,15.677037],[79.494467,15.677353],[79.494582,15.677703],[79.494782,15.677649]]]},"properties":{"lp":"475","ac":"0.412","chaltha":"475"}},{"type":"Feature","geometry":{"type":"Polygon","coordinates":[[[79.494973,15.677598],[79.49472,15.676914],[79.494539,15.676975],[79.494782,15.677649],[79.494973,15.677598]]]},"properties":{"lp":"476","ac":"0.411","chaltha":"476"}},{"type":"Feature","geometry":{"type":"Polygon","coordinates":[[[79.494973,15.677598],[79.495332,15.677501],[79.495205,15.677151],[79.495069,15.676796],[79.49472,15.676914],[79.494973,15.677598]]]},"properties":{"lp":"477","ac":"0.806","chaltha":"477"}},{"type":"Feature","geometry":{"type":"Polygon","coordinates":[[[79.493511,15.686033],[79.493611,15.685993],[79.493743,15.68594],[79.493126,15.684494],[79.493015,15.684541],[79.492905,15.684588],[79.493511,15.686033]]]},"properties":{"lp":"206","ac":"1.127","chaltha":"206"}},{"type":"Feature","geometry":{"type":"Polygon","coordinates":[[[79.493743,15.68594],[79.493888,15.685881],[79.493562,15.685174],[79.493228,15.684451],[79.493126,15.684494],[79.493743,15.68594]]]},"properties":{"lp":"205","ac":"0.615","chaltha":"205"}},{"type":"Feature","geometry":{"type":"Polygon","coordinates":[[[79.493511,15.686033],[79.49378,15.686683],[79.494022,15.68659],[79.493743,15.68594],[79.493611,15.685993],[79.493511,15.686033]]]},"properties":{"lp":"211","ac":"0.526","chaltha":"211"}},{"type":"Feature","geometry":{"type":"Polygon","coordinates":[[[79.492596,15.686403],[79.493283,15.686874],[79.49378,15.686683],[79.493511,15.686033],[79.492596,15.686403]]]},"properties":{"lp":"212","ac":"1.551","chaltha":"212"}},{"type":"Feature","geometry":{"type":"Polygon","coordinates":[[[79.494022,15.68659],[79.494648,15.68635],[79.494366,15.685688],[79.493888,15.685881],[79.493743,15.68594],[79.494022,15.68659]]]},"properties":{"lp":"210","ac":"1.403","chaltha":"210"}},{"type":"Feature","geometry":{"type":"Polygon","coordinates":[[[79.492596,15.686403],[79.493511,15.686033],[79.492905,15.684588],[79.492161,15.684927],[79.491892,15.685044],[79.491635,15.685156],[79.491386,15.685264],[79.491261,15.685319],[79.491116,15.685382],[79.491077,15.685374],[79.492596,15.686403]]]},"properties":{"lp":"207","ac":"6.683","chaltha":"207"}},{"type":"Feature","geometry":{"type":"Polygon","coordinates":[[[79.487462,15.679002],[79.487569,15.678965],[79.487213,15.678064],[79.487095,15.678048],[79.487462,15.679002]]]},"properties":{"lp":"316","ac":"0.317","chaltha":"316"}},{"type":"Feature","geometry":{"type":"Polygon","coordinates":[[[79.486465,15.679094],[79.486495,15.679173],[79.486557,15.679321],[79.487304,15.679056],[79.487211,15.678832],[79.486465,15.679094]]]},"properties":{"lp":"313","ac":"0.566","chaltha":"313"}},{"type":"Feature","geometry":{"type":"Polygon","coordinates":[[[79.486875,15.678019],[79.486883,15.678039],[79.486936,15.678168],[79.487026,15.678385],[79.487116,15.678602],[79.487211,15.678832],[79.487304,15.679056],[79.487338,15.679044],[79.487462,15.679002],[79.487095,15.678048],[79.486875,15.678019]]]},"properties":{"lp":"315","ac":"0.567","chaltha":"315"}},{"type":"Feature","geometry":{"type":"Polygon","coordinates":[[[79.484275,15.679101],[79.484311,15.679178],[79.484399,15.679369],[79.484966,15.679173],[79.485518,15.678984],[79.485481,15.678895],[79.485398,15.678693],[79.485297,15.678448],[79.484697,15.678635],[79.484834,15.678901],[79.484275,15.679101]]]},"properties":{"lp":"295","ac":"1.557","chaltha":"295"}},{"type":"Feature","geometry":{"type":"Polygon","coordinates":[[[79.48461,15.678465],[79.484697,15.678635],[79.485297,15.678448],[79.48522,15.67826],[79.48588,15.678038],[79.486203,15.677929],[79.485993,15.677902],[79.484714,15.677802],[79.484928,15.678358],[79.484626,15.67846],[79.48461,15.678465]]]},"properties":{"lp":"296","ac":"1.559","chaltha":"296"}},{"type":"Feature","geometry":{"type":"Polygon","coordinates":[[[79.485098,15.679818],[79.484915,15.67937],[79.484723,15.679437],[79.484912,15.679886],[79.485098,15.679818]]]},"properties":{"lp":"306","ac":"0.284","chaltha":"306"}},{"type":"Feature","geometry":{"type":"Polygon","coordinates":[[[79.485098,15.679818],[79.485204,15.679778],[79.485203,15.679775],[79.485231,15.679766],[79.485036,15.679328],[79.484915,15.67937],[79.485098,15.679818]]]},"properties":{"lp":"307","ac":"0.191","chaltha":"307"}},{"type":"Feature","geometry":{"type":"Polygon","coordinates":[[[79.48447,15.679526],[79.484576,15.679758],[79.484675,15.679975],[79.484912,15.679886],[79.484723,15.679437],[79.48447,15.679526]]]},"properties":{"lp":"305","ac":"0.374","chaltha":"305"}},{"type":"Feature","geometry":{"type":"Polygon","coordinates":[[[79.489194,15.68366],[79.489054,15.683726],[79.488739,15.683873],[79.488379,15.684072],[79.489193,15.684407],[79.4894,15.684521],[79.489554,15.684502],[79.489194,15.68366]]]},"properties":{"lp":"235","ac":"1.338","chaltha":"235"}},{"type":"Feature","geometry":{"type":"Polygon","coordinates":[[[79.489554,15.684502],[79.48991,15.684457],[79.48949,15.683521],[79.489283,15.683618],[79.489194,15.68366],[79.489554,15.684502]]]},"properties":{"lp":"236","ac":"0.954","chaltha":"236"}},{"type":"Feature","geometry":{"type":"Polygon","coordinates":[[[79.491251,15.681826],[79.490825,15.681967],[79.490851,15.682025],[79.490954,15.682257],[79.491032,15.682433],[79.491083,15.682547],[79.492385,15.681982],[79.491339,15.681836],[79.491251,15.681826]]]},"properties":{"lp":"249","ac":"1.656","chaltha":"249"}},{"type":"Feature","geometry":{"type":"Polygon","coordinates":[[[79.491272,15.682998],[79.491367,15.683206],[79.492837,15.682582],[79.492786,15.682467],[79.492746,15.682378],[79.491272,15.682998]]]},"properties":{"lp":"246","ac":"1.058","chaltha":"246"}},{"type":"Feature","geometry":{"type":"Polygon","coordinates":[[[79.491178,15.682784],[79.491272,15.682998],[79.492746,15.682378],[79.49268,15.682228],[79.492649,15.682159],[79.491178,15.682784]]]},"properties":{"lp":"247","ac":"1.108","chaltha":"247"}},{"type":"Feature","geometry":{"type":"Polygon","coordinates":[[[79.491083,15.682547],[79.491097,15.682589],[79.491145,15.682693],[79.491178,15.682784],[79.492649,15.682159],[79.492583,15.68201],[79.492385,15.681982],[79.491083,15.682547]]]},"properties":{"lp":"248","ac":"1.194","chaltha":"248"}},{"type":"Feature","geometry":{"type":"Polygon","coordinates":[[[79.488173,15.683913],[79.488379,15.684072],[79.488739,15.683873],[79.488653,15.683679],[79.488173,15.683913]]]},"properties":{"lp":"258","ac":"0.311","chaltha":"258"}},{"type":"Feature","geometry":{"type":"Polygon","coordinates":[[[79.488011,15.683787],[79.488173,15.683913],[79.488653,15.683679],[79.488579,15.683513],[79.488011,15.683787]]]},"properties":{"lp":"259","ac":"0.311","chaltha":"259"}},{"type":"Feature","geometry":{"type":"Polygon","coordinates":[[[79.487865,15.683674],[79.488011,15.683787],[79.488579,15.683513],[79.488515,15.683368],[79.487865,15.683674]]]},"properties":{"lp":"260","ac":"0.319","chaltha":"260"}},{"type":"Feature","geometry":{"type":"Polygon","coordinates":[[[79.487003,15.68431],[79.48715,15.684399],[79.4879,15.684005],[79.48788,15.683871],[79.487003,15.68431]]]},"properties":{"lp":"266","ac":"0.368","chaltha":"266"}},{"type":"Feature","geometry":{"type":"Polygon","coordinates":[[[79.486864,15.684226],[79.487003,15.68431],[79.48788,15.683871],[79.487914,15.683853],[79.487787,15.683757],[79.486864,15.684226]]]},"properties":{"lp":"267","ac":"0.423","chaltha":"267"}},{"type":"Feature","geometry":{"type":"Polygon","coordinates":[[[79.486397,15.684066],[79.486575,15.68412],[79.487592,15.683611],[79.487493,15.683536],[79.486397,15.684066]]]},"properties":{"lp":"269","ac":"0.409","chaltha":"269"}},{"type":"Feature","geometry":{"type":"Polygon","coordinates":[[[79.486296,15.683959],[79.486397,15.684066],[79.487493,15.683536],[79.487368,15.683443],[79.486296,15.683959]]]},"properties":{"lp":"270","ac":"0.492","chaltha":"270"}},{"type":"Feature","geometry":{"type":"Polygon","coordinates":[[[79.485933,15.683967],[79.485983,15.684049],[79.486115,15.684003],[79.486283,15.683944],[79.486296,15.683959],[79.487368,15.683443],[79.48729,15.683384],[79.487275,15.683369],[79.485933,15.683967]]]},"properties":{"lp":"271","ac":"0.525","chaltha":"271"}},{"type":"Feature","geometry":{"type":"Polygon","coordinates":[[[79.485873,15.683869],[79.485933,15.683967],[79.487275,15.683369],[79.487194,15.683285],[79.485873,15.683869]]]},"properties":{"lp":"272","ac":"0.475","chaltha":"272"}},{"type":"Feature","geometry":{"type":"Polygon","coordinates":[[[79.485433,15.68309],[79.485473,15.683191],[79.485498,15.683255],[79.486632,15.682809],[79.486473,15.682709],[79.485433,15.68309]]]},"properties":{"lp":"275","ac":"0.559","chaltha":"275"}},{"type":"Feature","geometry":{"type":"Polygon","coordinates":[[[79.485377,15.682948],[79.485395,15.682992],[79.485433,15.68309],[79.486473,15.682709],[79.486321,15.682614],[79.485377,15.682948]]]},"properties":{"lp":"276","ac":"0.453","chaltha":"276"}},{"type":"Feature","geometry":{"type":"Polygon","coordinates":[[[79.485327,15.68282],[79.485377,15.682948],[79.486321,15.682614],[79.486175,15.682522],[79.485327,15.68282]]]},"properties":{"lp":"277","ac":"0.379","chaltha":"277"}},{"type":"Feature","geometry":{"type":"Polygon","coordinates":[[[79.485264,15.68266],[79.485317,15.682796],[79.485327,15.68282],[79.486175,15.682522],[79.486008,15.682418],[79.485264,15.68266]]]},"properties":{"lp":"278","ac":"0.399","chaltha":"278"}},{"type":"Feature","geometry":{"type":"Polygon","coordinates":[[[79.49362,15.674841],[79.493677,15.674815],[79.492846,15.673028],[79.492802,15.673052],[79.49362,15.674841]]]},"properties":{"lp":"461","ac":"0.326","chaltha":"461"}},{"type":"Feature","geometry":{"type":"Polygon","coordinates":[[[79.493552,15.675444],[79.493838,15.675321],[79.49362,15.674841],[79.492802,15.673052],[79.492663,15.673127],[79.493498,15.674898],[79.493333,15.674965],[79.493552,15.675444]]]},"properties":{"lp":"460","ac":"1.319","chaltha":"460"}},{"type":"Feature","geometry":{"type":"Polygon","coordinates":[[[79.493741,15.670641],[79.493751,15.670662],[79.493986,15.671146],[79.49423,15.671648],[79.494473,15.672149],[79.494587,15.672096],[79.494634,15.67208],[79.494435,15.671664],[79.49426,15.671297],[79.494155,15.671078],[79.493911,15.670567],[79.493741,15.670641]]]},"properties":{"lp":"505","ac":"0.884","chaltha":"505"}},{"type":"Feature","geometry":{"type":"Polygon","coordinates":[[[79.496085,15.672927],[79.495934,15.672601],[79.495676,15.672745],[79.496123,15.67371],[79.496215,15.67367],[79.496394,15.673592],[79.496085,15.672927]]]},"properties":{"lp":"500","ac":"0.931","chaltha":"500"}},{"type":"Feature","geometry":{"type":"Polygon","coordinates":[[[79.496463,15.672324],[79.495973,15.672581],[79.495934,15.672601],[79.496085,15.672927],[79.496628,15.672682],[79.49662,15.672664],[79.496463,15.672324]]]},"properties":{"lp":"628","ac":"0.658","chaltha":"628"}},{"type":"Feature","geometry":{"type":"Polygon","coordinates":[[[79.495743,15.672095],[79.495973,15.672581],[79.496463,15.672324],[79.49663,15.672254],[79.496398,15.671776],[79.495743,15.672095]]]},"properties":{"lp":"627","ac":"1.133","chaltha":"627"}},{"type":"Feature","geometry":{"type":"Polygon","coordinates":[[[79.49343,15.668947],[79.493704,15.669472],[79.493947,15.66997],[79.494177,15.670458],[79.494603,15.670254],[79.494621,15.670244],[79.494314,15.669612],[79.493888,15.668726],[79.49343,15.668947]]]},"properties":{"lp":"509","ac":"2.432","chaltha":"509"}},{"type":"Feature","geometry":{"type":"Polygon","coordinates":[[[79.491615,15.671373],[79.491497,15.671426],[79.491449,15.671448],[79.49232,15.673298],[79.492487,15.673221],[79.491615,15.671373]]]},"properties":{"lp":"527","ac":"1.097","chaltha":"527"}},{"type":"Feature","geometry":{"type":"Polygon","coordinates":[[[79.491615,15.671373],[79.492487,15.673221],[79.492506,15.673212],[79.492663,15.673127],[79.492802,15.673052],[79.492846,15.673028],[79.492977,15.672957],[79.492111,15.671156],[79.49177,15.671305],[79.491752,15.671313],[79.491615,15.671373]]]},"properties":{"lp":"526","ac":"3.252","chaltha":"526"}},{"type":"Feature","geometry":{"type":"Polygon","coordinates":[[[79.489249,15.671803],[79.489297,15.671909],[79.48949,15.671781],[79.489673,15.671684],[79.48978,15.671612],[79.489849,15.671468],[79.489732,15.671411],[79.489249,15.671803]]]},"properties":{"lp":"537","ac":"0.294","chaltha":"537"}},{"type":"Feature","geometry":{"type":"Polygon","coordinates":[[[79.488965,15.671943],[79.489073,15.672137],[79.489311,15.67194],[79.489297,15.671909],[79.489249,15.671803],[79.488965,15.671943]]]},"properties":{"lp":"552","ac":"0.169","chaltha":"552"}},{"type":"Feature","geometry":{"type":"Polygon","coordinates":[[[79.488706,15.672085],[79.488874,15.672302],[79.489073,15.672137],[79.488965,15.671943],[79.488706,15.672085]]]},"properties":{"lp":"555","ac":"0.2","chaltha":"555"}},{"type":"Feature","geometry":{"type":"Polygon","coordinates":[[[79.488515,15.672232],[79.488647,15.67249],[79.488874,15.672302],[79.488706,15.672085],[79.488666,15.672033],[79.488615,15.672085],[79.488515,15.672232]]]},"properties":{"lp":"557","ac":"0.246","chaltha":"557"}},{"type":"Feature","geometry":{"type":"Polygon","coordinates":[[[79.480647,15.663794],[79.480202,15.663899],[79.480062,15.663945],[79.479953,15.663981],[79.479823,15.664024],[79.479672,15.664074],[79.479726,15.664195],[79.479737,15.664219],[79.479983,15.664122],[79.480245,15.664038],[79.480689,15.663906],[79.480647,15.663794]]]},"properties":{"lp":"1653","ac":"0.417","chaltha":"1653"}},{"type":"Feature","geometry":{"type":"Polygon","coordinates":[[[79.477689,15.664991],[79.478353,15.666624],[79.479439,15.666236],[79.479247,15.665963],[79.479131,15.665871],[79.478924,15.665398],[79.478481,15.664386],[79.477897,15.664635],[79.477689,15.664991]]]},"properties":{"lp":"1621","ac":"5.903","chaltha":"1621"}},{"type":"Feature","geometry":{"type":"Polygon","coordinates":[[[79.47644,15.675605],[79.476451,15.675764],[79.47679,15.675761],[79.4771,15.675704],[79.476902,15.675507],[79.476674,15.675592],[79.47644,15.675605]]]},"properties":{"lp":"1447","ac":"0.316","chaltha":"1447"}},{"type":"Feature","geometry":{"type":"Polygon","coordinates":[[[79.485978,15.686945],[79.486165,15.68746],[79.486676,15.687147],[79.487076,15.686892],[79.487445,15.686658],[79.487927,15.686365],[79.487841,15.686015],[79.487802,15.686034],[79.487636,15.686117],[79.48747,15.6862],[79.487305,15.686283],[79.487139,15.686365],[79.486972,15.686449],[79.486807,15.686531],[79.486641,15.686614],[79.486476,15.686697],[79.48631,15.686779],[79.486144,15.686862],[79.485978,15.686945]]]},"properties":{"lp":"1933","ac":"2.699","chaltha":"1933"}},{"type":"Feature","geometry":{"type":"Polygon","coordinates":[[[79.486107,15.689206],[79.486166,15.689292],[79.486235,15.689488],[79.487149,15.689206],[79.486926,15.68881],[79.486107,15.689206]]]},"properties":{"lp":"1950","ac":"1.029","chaltha":"1950"}},{"type":"Feature","geometry":{"type":"Polygon","coordinates":[[[79.485409,15.689522],[79.485695,15.689426],[79.484896,15.688294],[79.484568,15.687761],[79.485409,15.689522]]]},"properties":{"lp":"1736","ac":"0.777","chaltha":"1736"}},{"type":"Feature","geometry":{"type":"Polygon","coordinates":[[[79.476839,15.676191],[79.476859,15.676245],[79.476946,15.676492],[79.47716,15.676435],[79.4771,15.676137],[79.476839,15.676191]]]},"properties":{"lp":"1437","ac":"0.222","chaltha":"1437"}},{"type":"Feature","geometry":{"type":"Polygon","coordinates":[[[79.477204,15.676426],[79.477497,15.676427],[79.47745,15.676157],[79.477197,15.676136],[79.477204,15.676426]]]},"properties":{"lp":"1440","ac":"0.223","chaltha":"1440"}},{"type":"Feature","geometry":{"type":"Polygon","coordinates":[[[79.477263,15.67663],[79.477522,15.676572],[79.477497,15.676427],[79.477204,15.676426],[79.477263,15.67663]]]},"properties":{"lp":"1439","ac":"0.145","chaltha":"1439"}},{"type":"Feature","geometry":{"type":"Polygon","coordinates":[[[79.476977,15.677024],[79.477082,15.677105],[79.477313,15.676999],[79.477302,15.676971],[79.477081,15.677024],[79.476977,15.677024]]]},"properties":{"lp":"1433","ac":"0.05","chaltha":"1433"}},{"type":"Feature","geometry":{"type":"Polygon","coordinates":[[[79.477539,15.677587],[79.477555,15.677647],[79.47794,15.677641],[79.478122,15.677518],[79.478102,15.67748],[79.477922,15.677575],[79.477672,15.677481],[79.477539,15.677587]]]},"properties":{"lp":"1394","ac":"0.162","chaltha":"1394"}},{"type":"Feature","geometry":{"type":"Polygon","coordinates":[[[79.477548,15.67711],[79.477602,15.677288],[79.477722,15.677264],[79.477708,15.67722],[79.477655,15.677061],[79.477548,15.67711]]]},"properties":{"lp":"1392","ac":"0.07","chaltha":"1392"}},{"type":"Feature","geometry":{"type":"Polygon","coordinates":[[[79.477708,15.67722],[79.477786,15.677192],[79.477927,15.67714],[79.477843,15.676976],[79.477655,15.677061],[79.477708,15.67722]]]},"properties":{"lp":"1391","ac":"0.113","chaltha":"1391"}},{"type":"Feature","geometry":{"type":"Polygon","coordinates":[[[79.479305,15.675721],[79.479115,15.675808],[79.479284,15.676069],[79.479329,15.676004],[79.479399,15.675918],[79.479305,15.675721]]]},"properties":{"lp":"1472","ac":"0.147","chaltha":"1472"}},{"type":"Feature","geometry":{"type":"Polygon","coordinates":[[[79.479641,15.676021],[79.479739,15.67582],[79.479622,15.675462],[79.47952,15.67545],[79.479418,15.675438],[79.479641,15.676021]]]},"properties":{"lp":"1475","ac":"0.253","chaltha":"1475"}},{"type":"Feature","geometry":{"type":"Polygon","coordinates":[[[79.479238,15.675409],[79.479192,15.675441],[79.479305,15.675721],[79.479399,15.675918],[79.479329,15.676004],[79.479555,15.676196],[79.479641,15.676021],[79.479418,15.675438],[79.479336,15.675429],[79.479328,15.675379],[79.479246,15.675417],[79.479238,15.675409]]]},"properties":{"lp":"1474","ac":"0.476","chaltha":"1474"}},{"type":"Feature","geometry":{"type":"Polygon","coordinates":[[[79.480021,15.675212],[79.479502,15.675366],[79.47952,15.67545],[79.479622,15.675462],[79.479614,15.675435],[79.480041,15.67527],[79.480021,15.675212]]]},"properties":{"lp":"1477","ac":"0.135","chaltha":"1477"}},{"type":"Feature","geometry":{"type":"Polygon","coordinates":[[[79.479238,15.675409],[79.479246,15.675417],[79.479328,15.675379],[79.479336,15.675429],[79.479418,15.675438],[79.47952,15.67545],[79.479502,15.675366],[79.480021,15.675212],[79.479981,15.6751],[79.479272,15.675304],[79.479238,15.675409]]]},"properties":{"lp":"1478","ac":"0.296","chaltha":"1478"}},{"type":"Feature","geometry":{"type":"Polygon","coordinates":[[[79.480661,15.674342],[79.480176,15.674531],[79.479757,15.674688],[79.479774,15.674762],[79.479827,15.674991],[79.480138,15.674917],[79.48073,15.674634],[79.480756,15.674608],[79.480661,15.674342]]]},"properties":{"lp":"1484","ac":"0.933","chaltha":"1484"}},{"type":"Feature","geometry":{"type":"Polygon","coordinates":[[[79.472755,15.672541],[79.47312,15.672759],[79.473106,15.672741],[79.472855,15.672433],[79.472755,15.672541]]]},"properties":{"lp":"1701","ac":"0.09","chaltha":"1701"}},{"type":"Feature","geometry":{"type":"Polygon","coordinates":[[[79.473263,15.673035],[79.473243,15.672996],[79.473202,15.672917],[79.473141,15.672799],[79.47312,15.672759],[79.472755,15.672541],[79.472319,15.673055],[79.472728,15.673046],[79.472864,15.673043],[79.473205,15.673036],[79.473222,15.673035],[79.473263,15.673035]]]},"properties":{"lp":"1703","ac":"0.801","chaltha":"1703"}},{"type":"Feature","geometry":{"type":"Polygon","coordinates":[[[79.472855,15.672433],[79.473106,15.672741],[79.473324,15.672571],[79.473251,15.672339],[79.473166,15.672172],[79.473139,15.672127],[79.472855,15.672433]]]},"properties":{"lp":"1700","ac":"0.445","chaltha":"1700"}},{"type":"Feature","geometry":{"type":"Polygon","coordinates":[[[79.501648,15.659636],[79.50168,15.659825],[79.501718,15.660012],[79.501737,15.660125],[79.501752,15.660219],[79.502775,15.659932],[79.502784,15.65976],[79.502793,15.659583],[79.502802,15.659401],[79.501648,15.659636]]]},"properties":{"lp":"767","ac":"1.805","chaltha":"767"}},{"type":"Feature","geometry":{"type":"Polygon","coordinates":[[[79.49793,15.659393],[79.498164,15.66001],[79.498547,15.659858],[79.499532,15.659461],[79.499823,15.659339],[79.49994,15.65929],[79.499914,15.659152],[79.499799,15.658793],[79.499353,15.658935],[79.49793,15.659393]]]},"properties":{"lp":"836","ac":"3.369","chaltha":"836"}},{"type":"Feature","geometry":{"type":"Polygon","coordinates":[[[79.472252,15.673057],[79.472319,15.673055],[79.472755,15.672541],[79.472855,15.672433],[79.473139,15.672127],[79.47304,15.671936],[79.472678,15.672432],[79.472252,15.673057]]]},"properties":{"lp":"1702","ac":"0.47","chaltha":"1702"}},{"type":"Feature","geometry":{"type":"Polygon","coordinates":[[[79.4802,15.676129],[79.48043,15.676163],[79.480423,15.675999],[79.480469,15.675828],[79.480769,15.67572],[79.480279,15.67583],[79.480157,15.675884],[79.4802,15.676129]]]},"properties":{"lp":"1387","ac":"0.262","chaltha":"1387"}},{"type":"Feature","geometry":{"type":"Polygon","coordinates":[[[79.48043,15.676163],[79.480584,15.676187],[79.481065,15.67602],[79.480769,15.67572],[79.480469,15.675828],[79.480423,15.675999],[79.48043,15.676163]]]},"properties":{"lp":"1386","ac":"0.55","chaltha":"1386"}},{"type":"Feature","geometry":{"type":"Polygon","coordinates":[[[79.479291,15.677324],[79.479439,15.677742],[79.479531,15.677787],[79.480268,15.677627],[79.480062,15.677187],[79.479586,15.67716],[79.479291,15.677324]]]},"properties":{"lp":"1366","ac":"1.267","chaltha":"1366"}},{"type":"Feature","geometry":{"type":"Polygon","coordinates":[[[79.47796,15.675957],[79.47818,15.67594],[79.478177,15.675888],[79.478091,15.675712],[79.478067,15.675655],[79.478055,15.675659],[79.477903,15.675706],[79.47796,15.675957]]]},"properties":{"lp":"1461","ac":"0.166","chaltha":"1461"}},{"type":"Feature","geometry":{"type":"Polygon","coordinates":[[[79.478091,15.675712],[79.478177,15.675888],[79.478377,15.675838],[79.478234,15.67569],[79.478091,15.675712]]]},"properties":{"lp":"1462","ac":"0.093","chaltha":"1462"}},{"type":"Feature","geometry":{"type":"Polygon","coordinates":[[[79.477311,15.675798],[79.477409,15.675999],[79.47796,15.675957],[79.477903,15.675706],[79.477678,15.675726],[79.477311,15.675798]]]},"properties":{"lp":"1460","ac":"0.407","chaltha":"1460"}},{"type":"Feature","geometry":{"type":"Polygon","coordinates":[[[79.477678,15.675726],[79.47768,15.675603],[79.477682,15.675488],[79.477684,15.675379],[79.47721,15.67559],[79.477311,15.675798],[79.477678,15.675726]]]},"properties":{"lp":"1459","ac":"0.362","chaltha":"1459"}},{"type":"Feature","geometry":{"type":"Polygon","coordinates":[[[79.47768,15.675603],[79.477678,15.675726],[79.477903,15.675706],[79.478055,15.675659],[79.478026,15.675544],[79.477967,15.675551],[79.47768,15.675603]]]},"properties":{"lp":"1464","ac":"0.141","chaltha":"1464"}},{"type":"Feature","geometry":{"type":"Polygon","coordinates":[[[79.477682,15.675488],[79.477965,15.675438],[79.478141,15.675407],[79.4781,15.675174],[79.477647,15.675264],[79.477684,15.675379],[79.477682,15.675488]]]},"properties":{"lp":"1466","ac":"0.309","chaltha":"1466"}},{"type":"Feature","geometry":{"type":"Polygon","coordinates":[[[79.477682,15.675488],[79.47768,15.675603],[79.477967,15.675551],[79.477965,15.675438],[79.477682,15.675488]]]},"properties":{"lp":"1465","ac":"0.095","chaltha":"1465"}},{"type":"Feature","geometry":{"type":"Polygon","coordinates":[[[79.478025,15.675493],[79.478026,15.675544],[79.478055,15.675659],[79.478067,15.675655],[79.478091,15.675712],[79.478234,15.67569],[79.478163,15.675431],[79.478025,15.675493]]]},"properties":{"lp":"1463","ac":"0.114","chaltha":"1463"}},{"type":"Feature","geometry":{"type":"Polygon","coordinates":[[[79.487842,15.66581],[79.488006,15.666157],[79.488682,15.665841],[79.489386,15.665513],[79.489294,15.665288],[79.48924,15.665183],[79.487842,15.66581]]]},"properties":{"lp":"1030","ac":"1.671","chaltha":"1030"}},{"type":"Feature","geometry":{"type":"Polygon","coordinates":[[[79.477571,15.668425],[79.477828,15.669367],[79.477917,15.669346],[79.478276,15.669264],[79.4785,15.669213],[79.478603,15.669189],[79.478793,15.669148],[79.478798,15.669017],[79.478809,15.66876],[79.478819,15.668524],[79.47883,15.668258],[79.478499,15.667597],[79.478416,15.66763],[79.4783,15.667341],[79.478592,15.667212],[79.47849,15.666957],[79.477562,15.667506],[79.47772,15.667781],[79.478,15.668268],[79.477571,15.668425]]]},"properties":{"lp":"1603","ac":"5.808","chaltha":"1603"}},{"type":"Feature","geometry":{"type":"Polygon","coordinates":[[[79.486903,15.670972],[79.487156,15.670864],[79.486987,15.670472],[79.48688,15.670224],[79.486785,15.670006],[79.486549,15.670241],[79.486719,15.670569],[79.486825,15.6708],[79.486903,15.670972]]]},"properties":{"lp":"1093","ac":"0.741","chaltha":"1093"}},{"type":"Feature","geometry":{"type":"Polygon","coordinates":[[[79.493603,15.658485],[79.494083,15.658283],[79.493904,15.657778],[79.493632,15.657148],[79.493263,15.657605],[79.493367,15.657856],[79.493603,15.658485]]]},"properties":{"lp":"873","ac":"1.664","chaltha":"873"}},{"type":"Feature","geometry":{"type":"Polygon","coordinates":[[[79.491229,15.661594],[79.491242,15.661627],[79.492263,15.66123],[79.492319,15.661209],[79.492233,15.660958],[79.492063,15.660536],[79.492011,15.660405],[79.491821,15.659923],[79.491786,15.659836],[79.49126,15.660067],[79.491046,15.660161],[79.490725,15.660357],[79.490969,15.660956],[79.491145,15.661387],[79.491229,15.661594]]]},"properties":{"lp":"966","ac":"4.941","chaltha":"966"}},{"type":"Feature","geometry":{"type":"Polygon","coordinates":[[[79.48466,15.66451],[79.484741,15.664716],[79.484824,15.664929],[79.484879,15.66507],[79.485024,15.665441],[79.485041,15.665435],[79.485554,15.665249],[79.485434,15.664923],[79.48572,15.664803],[79.485361,15.663948],[79.485314,15.663965],[79.48504,15.664249],[79.48466,15.66451]]]},"properties":{"lp":"1020","ac":"2.573","chaltha":"1020"}},{"type":"Feature","geometry":{"type":"Polygon","coordinates":[[[79.486354,15.665546],[79.485653,15.663842],[79.485361,15.663948],[79.48572,15.664803],[79.486082,15.665665],[79.486354,15.665546]]]},"properties":{"lp":"1019","ac":"1.65","chaltha":"1019"}},{"type":"Feature","geometry":{"type":"Polygon","coordinates":[[[79.485653,15.663842],[79.486354,15.665546],[79.486576,15.665476],[79.486656,15.665451],[79.486498,15.665065],[79.486352,15.664713],[79.486287,15.664553],[79.486211,15.664369],[79.486079,15.66405],[79.48595,15.663735],[79.485653,15.663842]]]},"properties":{"lp":"1018","ac":"1.709","chaltha":"1018"}},{"type":"Feature","geometry":{"type":"Polygon","coordinates":[[[79.478459,15.673627],[79.478525,15.673909],[79.479162,15.673844],[79.479104,15.673525],[79.478459,15.673627]]]},"properties":{"lp":"1516","ac":"0.58","chaltha":"1516"}},{"type":"Feature","geometry":{"type":"Polygon","coordinates":[[[79.476839,15.674389],[79.476907,15.674655],[79.477434,15.674414],[79.477369,15.674153],[79.476883,15.67437],[79.476839,15.674389]]]},"properties":{"lp":"1451","ac":"0.454","chaltha":"1451"}},{"type":"Feature","geometry":{"type":"Polygon","coordinates":[[[79.484497,15.667552],[79.484615,15.668023],[79.484748,15.668195],[79.485436,15.668023],[79.485258,15.667586],[79.485141,15.667341],[79.485112,15.667281],[79.48469,15.667465],[79.484497,15.667552]]]},"properties":{"lp":"1130","ac":"1.587","chaltha":"1130"}},{"type":"Feature","geometry":{"type":"Polygon","coordinates":[[[79.484961,15.669798],[79.485269,15.669687],[79.485837,15.66948],[79.485655,15.669022],[79.485328,15.669139],[79.48509,15.669225],[79.484794,15.669338],[79.484776,15.669344],[79.484961,15.669798]]]},"properties":{"lp":"1087","ac":"1.351","chaltha":"1087"}},{"type":"Feature","geometry":{"type":"Polygon","coordinates":[[[79.48768,15.665463],[79.487827,15.665779],[79.487842,15.66581],[79.48924,15.665183],[79.489116,15.664866],[79.48768,15.665463]]]},"properties":{"lp":"1026","ac":"1.635","chaltha":"1026"}},{"type":"Feature","geometry":{"type":"Polygon","coordinates":[[[79.476636,15.679347],[79.476969,15.679211],[79.477062,15.679064],[79.476917,15.679103],[79.476593,15.679189],[79.476636,15.679347]]]},"properties":{"lp":"1324","ac":"0.169","chaltha":"1324"}},{"type":"Feature","geometry":{"type":"Polygon","coordinates":[[[79.478178,15.676029],[79.478547,15.675898],[79.478977,15.675594],[79.479192,15.675441],[79.479238,15.675409],[79.479272,15.675304],[79.479317,15.675109],[79.4791,15.675353],[79.478455,15.675818],[79.478377,15.675838],[79.478177,15.675888],[79.47818,15.67594],[79.478178,15.676029]]]},"properties":{"lp":"1470","ac":"0.481","chaltha":"1470"}},{"type":"Feature","geometry":{"type":"Polygon","coordinates":[[[79.479076,15.680455],[79.479049,15.680198],[79.478884,15.680268],[79.47871,15.680115],[79.478921,15.680072],[79.478997,15.68012],[79.479451,15.680087],[79.479736,15.680819],[79.479825,15.680816],[79.479727,15.680566],[79.479554,15.680124],[79.479377,15.679964],[79.478688,15.680078],[79.478755,15.680437],[79.479076,15.680455]]]},"properties":{"lp":"1301","ac":"0.603","chaltha":"1301"}},{"type":"Feature","geometry":{"type":"Polygon","coordinates":[[[79.48404,15.665068],[79.484741,15.664716],[79.48466,15.66451],[79.484048,15.664837],[79.483964,15.664894],[79.48404,15.665068]]]},"properties":{"lp":"1162","ac":"0.484","chaltha":"1162"}},{"type":"Feature","geometry":{"type":"Polygon","coordinates":[[[79.487585,15.665876],[79.487827,15.665779],[79.48768,15.665463],[79.487498,15.664969],[79.487282,15.665042],[79.487585,15.665876]]]},"properties":{"lp":"1025","ac":"0.608","chaltha":"1025"}},{"type":"Feature","geometry":{"type":"Polygon","coordinates":[[[79.501501,15.669675],[79.501868,15.670636],[79.503138,15.67019],[79.502481,15.669272],[79.501512,15.669671],[79.501501,15.669675]]]},"properties":{"lp":"690","ac":"3.736","chaltha":"690"}},{"type":"Feature","geometry":{"type":"Polygon","coordinates":[[[79.484612,15.668917],[79.484442,15.668564],[79.48443,15.668537],[79.483887,15.668755],[79.48398,15.668975],[79.484088,15.66923],[79.484212,15.669522],[79.484341,15.669488],[79.484412,15.669465],[79.484776,15.669344],[79.484794,15.669338],[79.484612,15.668917]]]},"properties":{"lp":"1115","ac":"1.512","chaltha":"1115"}},{"type":"Feature","geometry":{"type":"Polygon","coordinates":[[[79.484442,15.668564],[79.484612,15.668917],[79.485148,15.668706],[79.485105,15.668601],[79.485061,15.668496],[79.484998,15.668345],[79.484442,15.668564]]]},"properties":{"lp":"1121","ac":"0.674","chaltha":"1121"}},{"type":"Feature","geometry":{"type":"Polygon","coordinates":[[[79.484607,15.667292],[79.48469,15.667465],[79.485112,15.667281],[79.485031,15.667107],[79.484607,15.667292]]]},"properties":{"lp":"1199","ac":"0.259","chaltha":"1199"}},{"type":"Feature","geometry":{"type":"Polygon","coordinates":[[[79.483093,15.669299],[79.48319,15.669559],[79.483226,15.669654],[79.483309,15.669869],[79.483773,15.669683],[79.484212,15.669522],[79.484088,15.66923],[79.48398,15.668975],[79.483093,15.669299]]]},"properties":{"lp":"1207","ac":"1.678","chaltha":"1207"}},{"type":"Feature","geometry":{"type":"Polygon","coordinates":[[[79.480844,15.671219],[79.481067,15.670757],[79.480873,15.670833],[79.480762,15.671253],[79.480844,15.671219]]]},"properties":{"lp":"1219","ac":"0.152","chaltha":"1219"}},{"type":"Feature","geometry":{"type":"Polygon","coordinates":[[[79.480844,15.671219],[79.481585,15.670918],[79.481465,15.6706],[79.481067,15.670757],[79.480844,15.671219]]]},"properties":{"lp":"1218","ac":"0.617","chaltha":"1218"}},{"type":"Feature","geometry":{"type":"Polygon","coordinates":[[[79.482048,15.678117],[79.48215,15.678345],[79.482559,15.678191],[79.482542,15.678154],[79.482444,15.677964],[79.482048,15.678117]]]},"properties":{"lp":"1268","ac":"0.317","chaltha":"1268"}},{"type":"Feature","geometry":{"type":"Polygon","coordinates":[[[79.48006,15.681029],[79.479849,15.681134],[79.479886,15.681429],[79.480075,15.681838],[79.480111,15.681791],[79.479971,15.681177],[79.480098,15.681116],[79.48006,15.681029]]]},"properties":{"lp":"1294","ac":"0.265","chaltha":"1294"}},{"type":"Feature","geometry":{"type":"Polygon","coordinates":[[[79.479363,15.681078],[79.479834,15.681013],[79.479849,15.681134],[79.48006,15.681029],[79.479947,15.68077],[79.479825,15.680816],[79.479736,15.680819],[79.479451,15.680087],[79.478997,15.68012],[79.478921,15.680072],[79.47871,15.680115],[79.478884,15.680268],[79.479049,15.680198],[79.479076,15.680455],[79.479108,15.680559],[79.479097,15.680655],[79.479363,15.681078]]]},"properties":{"lp":"1304","ac":"1.709","chaltha":"1304"}},{"type":"Feature","geometry":{"type":"Polygon","coordinates":[[[79.479471,15.682002],[79.479594,15.682975],[79.479647,15.682459],[79.479572,15.682036],[79.479471,15.682002]]]},"properties":{"lp":"1307","ac":"0.228","chaltha":"1307"}},{"type":"Feature","geometry":{"type":"Polygon","coordinates":[[[79.478241,15.681642],[79.478744,15.682138],[79.479594,15.682975],[79.479471,15.682002],[79.479327,15.681601],[79.479145,15.681588],[79.479009,15.68168],[79.478715,15.681134],[79.478572,15.681425],[79.478241,15.681642]]]},"properties":{"lp":"1308","ac":"2.758","chaltha":"1308"}},{"type":"Feature","geometry":{"type":"Polygon","coordinates":[[[79.476636,15.679347],[79.476771,15.679838],[79.4773,15.679737],[79.477082,15.679059],[79.477062,15.679064],[79.476969,15.679211],[79.476636,15.679347]]]},"properties":{"lp":"1325","ac":"0.888","chaltha":"1325"}},{"type":"Feature","geometry":{"type":"Polygon","coordinates":[[[79.478821,15.678457],[79.478739,15.6783],[79.478466,15.67839],[79.478543,15.678571],[79.478821,15.678457]]]},"properties":{"lp":"1339","ac":"0.16","chaltha":"1339"}},{"type":"Feature","geometry":{"type":"Polygon","coordinates":[[[79.478592,15.677948],[79.478649,15.6781],[79.478739,15.6783],[79.478821,15.678457],[79.478876,15.6786],[79.478945,15.678461],[79.478592,15.677948]]]},"properties":{"lp":"1338","ac":"0.129","chaltha":"1338"}},{"type":"Feature","geometry":{"type":"Polygon","coordinates":[[[79.478375,15.678179],[79.478466,15.67839],[79.478739,15.6783],[79.478649,15.6781],[79.478375,15.678179]]]},"properties":{"lp":"1337","ac":"0.187","chaltha":"1337"}},{"type":"Feature","geometry":{"type":"Polygon","coordinates":[[[79.478375,15.678179],[79.478649,15.6781],[79.478592,15.677948],[79.478587,15.677904],[79.478509,15.677945],[79.478478,15.677853],[79.478273,15.677938],[79.478375,15.678179]]]},"properties":{"lp":"1336","ac":"0.216","chaltha":"1336"}},{"type":"Feature","geometry":{"type":"Polygon","coordinates":[[[79.481252,15.680255],[79.481346,15.68054],[79.481815,15.680474],[79.481752,15.680323],[79.481674,15.680137],[79.481252,15.680255]]]},"properties":{"lp":"1348","ac":"0.438","chaltha":"1348"}},{"type":"Feature","geometry":{"type":"Polygon","coordinates":[[[79.481182,15.68003],[79.481192,15.680071],[79.481252,15.680255],[79.481674,15.680137],[79.48163,15.680032],[79.481588,15.679931],[79.481182,15.68003]]]},"properties":{"lp":"1349","ac":"0.288","chaltha":"1349"}},{"type":"Feature","geometry":{"type":"Polygon","coordinates":[[[79.481142,15.679847],[79.481182,15.68003],[79.481588,15.679931],[79.481508,15.679738],[79.481142,15.679847]]]},"properties":{"lp":"1350","ac":"0.231","chaltha":"1350"}},{"type":"Feature","geometry":{"type":"Polygon","coordinates":[[[79.479531,15.677787],[79.479777,15.67829],[79.480253,15.678649],[79.480494,15.678622],[79.480434,15.678449],[79.480451,15.678416],[79.480822,15.678331],[79.481145,15.678465],[79.481602,15.67828],[79.481037,15.677375],[79.480628,15.677509],[79.480268,15.677627],[79.479531,15.677787]]]},"properties":{"lp":"1365","ac":"4.384","chaltha":"1365"}},{"type":"Feature","geometry":{"type":"Polygon","coordinates":[[[79.480062,15.677187],[79.480268,15.677627],[79.480628,15.677509],[79.480528,15.677173],[79.480062,15.677187]]]},"properties":{"lp":"1367","ac":"0.5","chaltha":"1367"}},{"type":"Feature","geometry":{"type":"Polygon","coordinates":[[[79.479546,15.677059],[79.479586,15.67716],[79.480062,15.677187],[79.480528,15.677173],[79.480628,15.677509],[79.481037,15.677375],[79.481092,15.67714],[79.479546,15.677059]]]},"properties":{"lp":"1368","ac":"0.72","chaltha":"1368"}},{"type":"Feature","geometry":{"type":"Polygon","coordinates":[[[79.479602,15.676691],[79.479546,15.677059],[79.481092,15.67714],[79.481015,15.676598],[79.48121,15.67631],[79.481143,15.676177],[79.480468,15.676349],[79.480173,15.676654],[79.479978,15.676727],[79.479769,15.67684],[79.479602,15.676691]]]},"properties":{"lp":"1369","ac":"2.651","chaltha":"1369"}},{"type":"Feature","geometry":{"type":"Polygon","coordinates":[[[79.479617,15.67659],[79.479602,15.676691],[79.479769,15.67684],[79.479978,15.676727],[79.479617,15.67659]]]},"properties":{"lp":"1370","ac":"0.13","chaltha":"1370"}},{"type":"Feature","geometry":{"type":"Polygon","coordinates":[[[79.479636,15.676466],[79.479617,15.67659],[79.479978,15.676727],[79.479839,15.676262],[79.479636,15.676466]]]},"properties":{"lp":"1371","ac":"0.249","chaltha":"1371"}},{"type":"Feature","geometry":{"type":"Polygon","coordinates":[[[79.479839,15.676262],[79.479978,15.676727],[79.480173,15.676654],[79.480468,15.676349],[79.48043,15.676163],[79.4802,15.676129],[79.479839,15.676262]]]},"properties":{"lp":"1372","ac":"0.696","chaltha":"1372"}},{"type":"Feature","geometry":{"type":"Polygon","coordinates":[[[79.48043,15.676163],[79.480468,15.676349],[79.481143,15.676177],[79.481065,15.67602],[79.480584,15.676187],[79.48043,15.676163]]]},"properties":{"lp":"1373","ac":"0.302","chaltha":"1373"}},{"type":"Feature","geometry":{"type":"Polygon","coordinates":[[[79.476773,15.676749],[79.476797,15.676887],[79.476977,15.677024],[79.477081,15.677024],[79.477041,15.676858],[79.4769,15.676676],[79.476773,15.676749]]]},"properties":{"lp":"1432","ac":"0.182","chaltha":"1432"}},{"type":"Feature","geometry":{"type":"Polygon","coordinates":[[[79.477041,15.676858],[79.477081,15.677024],[79.477302,15.676971],[79.477218,15.676748],[79.477041,15.676858]]]},"properties":{"lp":"1434","ac":"0.129","chaltha":"1434"}},{"type":"Feature","geometry":{"type":"Polygon","coordinates":[[[79.4769,15.676676],[79.477041,15.676858],[79.477218,15.676748],[79.477181,15.676649],[79.477172,15.67659],[79.477059,15.676571],[79.476978,15.676583],[79.4769,15.676676]]]},"properties":{"lp":"1435","ac":"0.168","chaltha":"1435"}},{"type":"Feature","geometry":{"type":"Polygon","coordinates":[[[79.476946,15.676492],[79.476978,15.676583],[79.477059,15.676571],[79.477172,15.67659],[79.47716,15.676435],[79.476946,15.676492]]]},"properties":{"lp":"1436","ac":"0.071","chaltha":"1436"}},{"type":"Feature","geometry":{"type":"Polygon","coordinates":[[[79.476774,15.676007],[79.476839,15.676191],[79.4771,15.676137],[79.47716,15.676435],[79.477172,15.67659],[79.477181,15.676649],[79.477263,15.67663],[79.477204,15.676426],[79.477197,15.676136],[79.47745,15.676157],[79.476774,15.676007]]]},"properties":{"lp":"1438","ac":"0.233","chaltha":"1438"}},{"type":"Feature","geometry":{"type":"Polygon","coordinates":[[[79.47471,15.674886],[79.475191,15.675937],[79.476173,15.675767],[79.476451,15.675764],[79.47644,15.675605],[79.476281,15.675346],[79.476115,15.67504],[79.475906,15.674741],[79.47471,15.674886]]]},"properties":{"lp":"1444","ac":"4.041","chaltha":"1444"}},{"type":"Feature","geometry":{"type":"Polygon","coordinates":[[[79.478163,15.675431],[79.478234,15.67569],[79.478377,15.675838],[79.478455,15.675818],[79.478263,15.675668],[79.478274,15.675616],[79.478184,15.67527],[79.478163,15.675431]]]},"properties":{"lp":"1468","ac":"0.09","chaltha":"1468"}},{"type":"Feature","geometry":{"type":"Polygon","coordinates":[[[79.477965,15.675438],[79.477967,15.675551],[79.478026,15.675544],[79.478025,15.675493],[79.478163,15.675431],[79.478184,15.67527],[79.478156,15.675163],[79.478135,15.675167],[79.4781,15.675174],[79.478141,15.675407],[79.477965,15.675438]]]},"properties":{"lp":"1467","ac":"0.076","chaltha":"1467"}},{"type":"Feature","geometry":{"type":"Polygon","coordinates":[[[79.476781,15.675191],[79.477017,15.675092],[79.476913,15.674834],[79.47674,15.674914],[79.476571,15.674996],[79.476781,15.675191]]]},"properties":{"lp":"1454","ac":"0.253","chaltha":"1454"}},{"type":"Feature","geometry":{"type":"Polygon","coordinates":[[[79.476781,15.675191],[79.476964,15.675361],[79.477098,15.675295],[79.477032,15.675132],[79.477017,15.675092],[79.476781,15.675191]]]},"properties":{"lp":"1457","ac":"0.133","chaltha":"1457"}},{"type":"Feature","geometry":{"type":"Polygon","coordinates":[[[79.479981,15.6751],[79.480589,15.675473],[79.480635,15.675458],[79.480712,15.675354],[79.480647,15.674831],[79.479981,15.6751]]]},"properties":{"lp":"1480","ac":"0.714","chaltha":"1480"}},{"type":"Feature","geometry":{"type":"Polygon","coordinates":[[[79.480635,15.675458],[79.48077,15.675413],[79.481017,15.675309],[79.480774,15.67478],[79.480647,15.674831],[79.480712,15.675354],[79.480635,15.675458]]]},"properties":{"lp":"1481","ac":"0.401","chaltha":"1481"}},{"type":"Feature","geometry":{"type":"Polygon","coordinates":[[[79.480591,15.674129],[79.480661,15.674342],[79.480756,15.674608],[79.481043,15.674328],[79.481112,15.674008],[79.4811,15.673971],[79.480591,15.674129]]]},"properties":{"lp":"1485","ac":"0.533","chaltha":"1485"}},{"type":"Feature","geometry":{"type":"Polygon","coordinates":[[[79.480591,15.674129],[79.4811,15.673971],[79.481037,15.673773],[79.480521,15.673916],[79.480591,15.674129]]]},"properties":{"lp":"1486","ac":"0.338","chaltha":"1486"}},{"type":"Feature","geometry":{"type":"Polygon","coordinates":[[[79.478603,15.669189],[79.47884,15.669776],[79.479701,15.669474],[79.480118,15.669315],[79.480116,15.669239],[79.480113,15.669138],[79.480084,15.668955],[79.480078,15.668938],[79.48059,15.668759],[79.48046,15.668422],[79.479918,15.668611],[79.479384,15.668806],[79.478798,15.669017],[79.478793,15.669148],[79.478603,15.669189]]]},"properties":{"lp":"1555","ac":"3.597","chaltha":"1555"}},{"type":"Feature","geometry":{"type":"Polygon","coordinates":[[[79.475755,15.678173],[79.4758,15.678229],[79.475838,15.67827],[79.476123,15.678099],[79.476818,15.677824],[79.476832,15.677818],[79.477555,15.677647],[79.477539,15.677587],[79.476926,15.677742],[79.47644,15.677877],[79.475755,15.678173]]]},"properties":{"lp":"1408","ac":"0.398","chaltha":"1408"}},{"type":"Feature","geometry":{"type":"Polygon","coordinates":[[[79.475838,15.67827],[79.475879,15.678456],[79.476204,15.678331],[79.476123,15.678099],[79.475838,15.67827]]]},"properties":{"lp":"1409","ac":"0.213","chaltha":"1409"}},{"type":"Feature","geometry":{"type":"Polygon","coordinates":[[[79.477185,15.673574],[79.477321,15.674002],[79.477369,15.674153],[79.47774,15.674045],[79.477998,15.674001],[79.478378,15.673935],[79.478525,15.673909],[79.478459,15.673627],[79.478388,15.673329],[79.478352,15.673062],[79.478316,15.672793],[79.478719,15.672693],[79.478424,15.6715],[79.47782,15.671686],[79.477966,15.672152],[79.47715,15.672386],[79.477271,15.672772],[79.477498,15.6735],[79.477185,15.673574]]]},"properties":{"lp":"1580","ac":"7.354","chaltha":"1580"}},{"type":"Feature","geometry":{"type":"Polygon","coordinates":[[[79.476883,15.67437],[79.477369,15.674153],[79.477321,15.674002],[79.476828,15.674209],[79.476883,15.67437]]]},"properties":{"lp":"1581","ac":"0.255","chaltha":"1581"}},{"type":"Feature","geometry":{"type":"Polygon","coordinates":[[[79.476828,15.674209],[79.476568,15.673535],[79.476297,15.673646],[79.476283,15.674638],[79.476341,15.674585],[79.476466,15.67453],[79.476607,15.674482],[79.476839,15.674389],[79.476883,15.67437],[79.476828,15.674209]]]},"properties":{"lp":"1582","ac":"1.233","chaltha":"1582"}},{"type":"Feature","geometry":{"type":"Polygon","coordinates":[[[79.476305,15.673039],[79.477271,15.672772],[79.47715,15.672386],[79.477966,15.672152],[79.47782,15.671686],[79.477693,15.671285],[79.476319,15.671987],[79.476305,15.673039]]]},"properties":{"lp":"1584","ac":"4.672","chaltha":"1584"}},{"type":"Feature","geometry":{"type":"Polygon","coordinates":[[[79.476305,15.673039],[79.476297,15.673646],[79.476568,15.673535],[79.476828,15.674209],[79.477321,15.674002],[79.477185,15.673574],[79.477498,15.6735],[79.477271,15.672772],[79.476305,15.673039]]]},"properties":{"lp":"1583","ac":"3.078","chaltha":"1583"}},{"type":"Feature","geometry":{"type":"Polygon","coordinates":[[[79.476339,15.668876],[79.476584,15.668788],[79.476646,15.668765],[79.477211,15.668557],[79.47696,15.668071],[79.476685,15.667593],[79.476411,15.667709],[79.476392,15.667678],[79.475926,15.667877],[79.475962,15.667964],[79.476339,15.668876]]]},"properties":{"lp":"1592","ac":"2.794","chaltha":"1592"}},{"type":"Feature","geometry":{"type":"Polygon","coordinates":[[[79.478687,15.664701],[79.478768,15.664878],[79.479243,15.664717],[79.479185,15.664634],[79.47917,15.664528],[79.478687,15.664701]]]},"properties":{"lp":"1642","ac":"0.288","chaltha":"1642"}},{"type":"Feature","geometry":{"type":"Polygon","coordinates":[[[79.479922,15.664555],[79.479819,15.664375],[79.479737,15.664219],[79.479726,15.664195],[79.479506,15.664293],[79.47964,15.664517],[79.479701,15.664527],[79.479775,15.664608],[79.479784,15.664605],[79.479922,15.664555]]]},"properties":{"lp":"1647","ac":"0.25","chaltha":"1647"}},{"type":"Feature","geometry":{"type":"Polygon","coordinates":[[[79.479597,15.663888],[79.479308,15.664007],[79.47937,15.664166],[79.479421,15.66415],[79.479506,15.664293],[79.479726,15.664195],[79.479672,15.664074],[79.47961,15.66392],[79.479597,15.663888]]]},"properties":{"lp":"1667","ac":"0.28","chaltha":"1667"}},{"type":"Feature","geometry":{"type":"Polygon","coordinates":[[[79.479775,15.664608],[79.479701,15.664527],[79.47964,15.664517],[79.479506,15.664293],[79.479421,15.66415],[79.47937,15.664166],[79.479595,15.664696],[79.479691,15.664639],[79.479775,15.664608]]]},"properties":{"lp":"1646","ac":"0.171","chaltha":"1646"}},{"type":"Feature","geometry":{"type":"Polygon","coordinates":[[[79.479308,15.664007],[79.479217,15.664037],[79.47931,15.664252],[79.479368,15.664464],[79.47917,15.664528],[79.479185,15.664634],[79.479243,15.664717],[79.47941,15.664806],[79.479595,15.664696],[79.47937,15.664166],[79.479308,15.664007]]]},"properties":{"lp":"1645","ac":"0.426","chaltha":"1645"}},{"type":"Feature","geometry":{"type":"Polygon","coordinates":[[[79.478488,15.664249],[79.479338,15.663776],[79.479186,15.663819],[79.478439,15.664123],[79.478488,15.664249]]]},"properties":{"lp":"1669","ac":"0.21","chaltha":"1669"}},{"type":"Feature","geometry":{"type":"Polygon","coordinates":[[[79.47851,15.664307],[79.479217,15.664037],[79.479308,15.664007],[79.479597,15.663888],[79.47961,15.66392],[79.479762,15.663871],[79.479894,15.663829],[79.480009,15.663792],[79.480159,15.663744],[79.480133,15.663651],[79.479571,15.663813],[79.479537,15.663719],[79.479338,15.663776],[79.478488,15.664249],[79.47851,15.664307]]]},"properties":{"lp":"1668","ac":"0.665","chaltha":"1668"}},{"type":"Feature","geometry":{"type":"Polygon","coordinates":[[[79.479823,15.664024],[79.479953,15.663981],[79.480062,15.663945],[79.480009,15.663792],[79.479894,15.663829],[79.479762,15.663871],[79.479823,15.664024]]]},"properties":{"lp":"1655","ac":"0.122","chaltha":"1655"}},{"type":"Feature","geometry":{"type":"Polygon","coordinates":[[[79.47787,15.664532],[79.477897,15.664635],[79.478481,15.664386],[79.478401,15.664196],[79.47787,15.664532]]]},"properties":{"lp":"1682","ac":"0.286","chaltha":"1682"}},{"type":"Feature","geometry":{"type":"Polygon","coordinates":[[[79.47471,15.674886],[79.475906,15.674741],[79.47619,15.674707],[79.476283,15.674638],[79.476297,15.673646],[79.476305,15.673039],[79.476319,15.671987],[79.475677,15.670651],[79.476503,15.670372],[79.47627,15.669793],[79.476248,15.669739],[79.476054,15.669258],[79.475956,15.669016],[79.476339,15.668876],[79.475962,15.667964],[79.475926,15.667877],[79.476392,15.667678],[79.476317,15.667464],[79.476234,15.667225],[79.476075,15.666772],[79.476944,15.666325],[79.476763,15.665885],[79.477689,15.664991],[79.477897,15.664635],[79.47787,15.664532],[79.477731,15.664017],[79.475125,15.666299],[79.473359,15.668145],[79.473239,15.668271],[79.4727,15.668834],[79.47155,15.670192],[79.471484,15.671197],[79.471403,15.672422],[79.471315,15.673771],[79.472252,15.673057],[79.472678,15.672432],[79.47304,15.671936],[79.473281,15.671487],[79.473801,15.671336],[79.473834,15.671327],[79.474272,15.671199],[79.474463,15.671594],[79.474764,15.672215],[79.475091,15.673183],[79.474932,15.673256],[79.47434,15.673527],[79.474658,15.67355],[79.474801,15.673851],[79.47452,15.674061],[79.474644,15.674557],[79.47471,15.674886]]]},"properties":{"lp":"1683","ac":"79.027","chaltha":"1683"}},{"type":"Feature","geometry":{"type":"Polygon","coordinates":[[[79.473325,15.673304],[79.473928,15.673154],[79.473952,15.67306],[79.473282,15.673205],[79.473325,15.673304]]]},"properties":{"lp":"1710","ac":"0.183","chaltha":"1710"}},{"type":"Feature","geometry":{"type":"Polygon","coordinates":[[[79.472413,15.673708],[79.473016,15.673529],[79.472957,15.673328],[79.472359,15.673491],[79.472413,15.673708]]]},"properties":{"lp":"1705","ac":"0.395","chaltha":"1705"}},{"type":"Feature","geometry":{"type":"Polygon","coordinates":[[[79.47309,15.673769],[79.473031,15.673576],[79.473016,15.673529],[79.472413,15.673708],[79.47247,15.673939],[79.472945,15.673806],[79.47309,15.673769]]]},"properties":{"lp":"1706","ac":"0.454","chaltha":"1706"}},{"type":"Feature","geometry":{"type":"Polygon","coordinates":[[[79.473044,15.67455],[79.473644,15.674872],[79.474054,15.674815],[79.473895,15.674393],[79.473946,15.674369],[79.473808,15.674043],[79.473044,15.67455]]]},"properties":{"lp":"1721","ac":"1.293","chaltha":"1721"}},{"type":"Feature","geometry":{"type":"Polygon","coordinates":[[[79.489301,15.696352],[79.489382,15.696505],[79.490563,15.696047],[79.49051,15.695911],[79.489301,15.696352]]]},"properties":{"lp":"1801","ac":"0.594","chaltha":"1801"}},{"type":"Feature","geometry":{"type":"Polygon","coordinates":[[[79.489217,15.696194],[79.489301,15.696352],[79.49051,15.695911],[79.490451,15.695776],[79.490438,15.695742],[79.489217,15.696194]]]},"properties":{"lp":"1800","ac":"0.682","chaltha":"1800"}},{"type":"Feature","geometry":{"type":"Polygon","coordinates":[[[79.489098,15.696076],[79.489162,15.696221],[79.489217,15.696194],[79.490438,15.695742],[79.490374,15.695613],[79.489098,15.696076]]]},"properties":{"lp":"1799","ac":"0.59","chaltha":"1799"}},{"type":"Feature","geometry":{"type":"Polygon","coordinates":[[[79.489065,15.695899],[79.489098,15.696076],[79.490374,15.695613],[79.490311,15.6955],[79.490301,15.695483],[79.489065,15.695899]]]},"properties":{"lp":"1798","ac":"0.633","chaltha":"1798"}},{"type":"Feature","geometry":{"type":"Polygon","coordinates":[[[79.488999,15.695731],[79.489065,15.695899],[79.490301,15.695483],[79.490229,15.695352],[79.488999,15.695731]]]},"properties":{"lp":"1797","ac":"0.62","chaltha":"1797"}},{"type":"Feature","geometry":{"type":"Polygon","coordinates":[[[79.488941,15.695599],[79.488999,15.695731],[79.490229,15.695352],[79.49014,15.695208],[79.488941,15.695599]]]},"properties":{"lp":"1796","ac":"0.574","chaltha":"1796"}},{"type":"Feature","geometry":{"type":"Polygon","coordinates":[[[79.488883,15.695439],[79.488921,15.695545],[79.488941,15.695599],[79.49014,15.695208],[79.49007,15.695087],[79.488883,15.695439]]]},"properties":{"lp":"1795","ac":"0.561","chaltha":"1795"}},{"type":"Feature","geometry":{"type":"Polygon","coordinates":[[[79.488861,15.695362],[79.488883,15.695439],[79.49007,15.695087],[79.490001,15.694966],[79.489977,15.694975],[79.488861,15.695362]]]},"properties":{"lp":"1794","ac":"0.388","chaltha":"1794"}},{"type":"Feature","geometry":{"type":"Polygon","coordinates":[[[79.483373,15.683548],[79.483414,15.683639],[79.483481,15.68361],[79.48365,15.683537],[79.483821,15.683464],[79.483983,15.683394],[79.484153,15.683321],[79.484325,15.683247],[79.484286,15.68316],[79.483373,15.683548]]]},"properties":{"lp":"1985","ac":"0.284","chaltha":"1985"}},{"type":"Feature","geometry":{"type":"Polygon","coordinates":[[[79.482145,15.684071],[79.482204,15.68416],[79.482463,15.684048],[79.482641,15.683972],[79.482813,15.683898],[79.482982,15.683825],[79.483151,15.683752],[79.48332,15.683679],[79.483414,15.683639],[79.483373,15.683548],[79.482145,15.684071]]]},"properties":{"lp":"1986","ac":"0.397","chaltha":"1986"}},{"type":"Feature","geometry":{"type":"Polygon","coordinates":[[[79.482089,15.683985],[79.482145,15.684071],[79.483373,15.683548],[79.484286,15.68316],[79.484246,15.683068],[79.482089,15.683985]]]},"properties":{"lp":"1987","ac":"0.686","chaltha":"1987"}},{"type":"Feature","geometry":{"type":"Polygon","coordinates":[[[79.482032,15.6839],[79.482089,15.683985],[79.484246,15.683068],[79.484211,15.682988],[79.482032,15.6839]]]},"properties":{"lp":"1988","ac":"0.648","chaltha":"1988"}},{"type":"Feature","geometry":{"type":"Polygon","coordinates":[[[79.48198,15.683822],[79.482032,15.6839],[79.484211,15.682988],[79.484199,15.682961],[79.484176,15.682908],[79.48198,15.683822]]]},"properties":{"lp":"1989","ac":"0.625","chaltha":"1989"}},{"type":"Feature","geometry":{"type":"Polygon","coordinates":[[[79.484721,15.684107],[79.484815,15.684312],[79.485017,15.684306],[79.485074,15.68444],[79.485557,15.684233],[79.485983,15.684049],[79.485933,15.683967],[79.485873,15.683869],[79.48579,15.683733],[79.484721,15.684107]]]},"properties":{"lp":"2019","ac":"1.269","chaltha":"2019"}},{"type":"Feature","geometry":{"type":"Polygon","coordinates":[[[79.484634,15.683919],[79.484721,15.684107],[79.48579,15.683733],[79.48576,15.683683],[79.485674,15.683543],[79.484634,15.683919]]]},"properties":{"lp":"2020","ac":"0.696","chaltha":"2020"}},{"type":"Feature","geometry":{"type":"Polygon","coordinates":[[[79.484546,15.683727],[79.484634,15.683919],[79.485674,15.683543],[79.485566,15.683367],[79.484546,15.683727]]]},"properties":{"lp":"2021","ac":"0.662","chaltha":"2021"}},{"type":"Feature","geometry":{"type":"Polygon","coordinates":[[[79.484456,15.683532],[79.484546,15.683727],[79.485566,15.683367],[79.485498,15.683255],[79.485473,15.683191],[79.484456,15.683532]]]},"properties":{"lp":"2022","ac":"0.644","chaltha":"2022"}},{"type":"Feature","geometry":{"type":"Polygon","coordinates":[[[79.484372,15.683349],[79.484456,15.683532],[79.485473,15.683191],[79.485433,15.68309],[79.485395,15.682992],[79.484372,15.683349]]]},"properties":{"lp":"2023","ac":"0.654","chaltha":"2023"}},{"type":"Feature","geometry":{"type":"Polygon","coordinates":[[[79.484286,15.68316],[79.484325,15.683247],[79.484372,15.683349],[79.485395,15.682992],[79.485377,15.682948],[79.485327,15.68282],[79.485317,15.682796],[79.484286,15.68316]]]},"properties":{"lp":"2024","ac":"0.666","chaltha":"2024"}},{"type":"Feature","geometry":{"type":"Polygon","coordinates":[[[79.484199,15.682961],[79.484211,15.682988],[79.484246,15.683068],[79.484286,15.68316],[79.485317,15.682796],[79.485264,15.68266],[79.485239,15.682599],[79.484199,15.682961]]]},"properties":{"lp":"2025","ac":"0.689","chaltha":"2025"}},{"type":"Feature","geometry":{"type":"Polygon","coordinates":[[[79.48411,15.682759],[79.484135,15.682817],[79.484176,15.682908],[79.484199,15.682961],[79.485239,15.682599],[79.485163,15.682405],[79.48411,15.682759]]]},"properties":{"lp":"2026","ac":"0.693","chaltha":"2026"}},{"type":"Feature","geometry":{"type":"Polygon","coordinates":[[[79.484029,15.682575],[79.484062,15.68265],[79.484101,15.682739],[79.48411,15.682759],[79.485163,15.682405],[79.485158,15.682393],[79.485087,15.682212],[79.484029,15.682575]]]},"properties":{"lp":"2027","ac":"0.665","chaltha":"2027"}},{"type":"Feature","geometry":{"type":"Polygon","coordinates":[[[79.481538,15.683151],[79.481583,15.683223],[79.482574,15.682839],[79.482529,15.682736],[79.481538,15.683151]]]},"properties":{"lp":"1997","ac":"0.307","chaltha":"1997"}},{"type":"Feature","geometry":{"type":"Polygon","coordinates":[[[79.481445,15.683002],[79.481538,15.683151],[79.482529,15.682736],[79.482519,15.682714],[79.482464,15.68259],[79.481445,15.683002]]]},"properties":{"lp":"1998","ac":"0.53","chaltha":"1998"}},{"type":"Feature","geometry":{"type":"Polygon","coordinates":[[[79.482405,15.682457],[79.481369,15.68288],[79.481445,15.683002],[79.482464,15.68259],[79.482405,15.682457]]]},"properties":{"lp":"1999","ac":"0.466","chaltha":"1999"}},{"type":"Feature","geometry":{"type":"Polygon","coordinates":[[[79.482346,15.682322],[79.481286,15.682747],[79.481369,15.68288],[79.482405,15.682457],[79.482403,15.68245],[79.482346,15.682322]]]},"properties":{"lp":"2000","ac":"0.5","chaltha":"2000"}},{"type":"Feature","geometry":{"type":"Polygon","coordinates":[[[79.482289,15.682193],[79.481195,15.682601],[79.481286,15.682747],[79.482346,15.682322],[79.482333,15.682292],[79.482289,15.682193]]]},"properties":{"lp":"2001","ac":"0.527","chaltha":"2001"}},{"type":"Feature","geometry":{"type":"Polygon","coordinates":[[[79.48223,15.68206],[79.481132,15.6825],[79.481195,15.682601],[79.482289,15.682193],[79.482272,15.682156],[79.48223,15.68206]]]},"properties":{"lp":"2002","ac":"0.45","chaltha":"2002"}},{"type":"Feature","geometry":{"type":"Polygon","coordinates":[[[79.48217,15.681923],[79.481072,15.682367],[79.481103,15.682454],[79.481132,15.6825],[79.48223,15.68206],[79.482214,15.682023],[79.48217,15.681923]]]},"properties":{"lp":"2003","ac":"0.513","chaltha":"2003"}},{"type":"Feature","geometry":{"type":"Polygon","coordinates":[[[79.48211,15.681789],[79.481017,15.682212],[79.481072,15.682367],[79.48217,15.681923],[79.482153,15.681887],[79.48211,15.681789]]]},"properties":{"lp":"2004","ac":"0.538","chaltha":"2004"}},{"type":"Feature","geometry":{"type":"Polygon","coordinates":[[[79.482048,15.681649],[79.480968,15.682056],[79.481017,15.682212],[79.48211,15.681789],[79.482094,15.681752],[79.482048,15.681649]]]},"properties":{"lp":"2005","ac":"0.537","chaltha":"2005"}},{"type":"Feature","geometry":{"type":"Polygon","coordinates":[[[79.481992,15.681523],[79.48092,15.6819],[79.480968,15.682056],[79.482048,15.681649],[79.482033,15.681614],[79.481992,15.681523]]]},"properties":{"lp":"2006","ac":"0.506","chaltha":"2006"}},{"type":"Feature","geometry":{"type":"Polygon","coordinates":[[[79.48087,15.681742],[79.48092,15.6819],[79.481992,15.681523],[79.481969,15.68147],[79.481947,15.68142],[79.481875,15.681441],[79.481354,15.681597],[79.48087,15.681742]]]},"properties":{"lp":"2007","ac":"0.46","chaltha":"2007"}},{"type":"Feature","geometry":{"type":"Polygon","coordinates":[[[79.481947,15.68142],[79.481969,15.68147],[79.483317,15.681011],[79.482406,15.681283],[79.481947,15.68142]]]},"properties":{"lp":"2008","ac":"0.113","chaltha":"2008"}},{"type":"Feature","geometry":{"type":"Polygon","coordinates":[[[79.481969,15.68147],[79.481992,15.681523],[79.482033,15.681614],[79.483505,15.681112],[79.483317,15.681011],[79.481969,15.68147]]]},"properties":{"lp":"2009","ac":"0.686","chaltha":"2009"}},{"type":"Feature","geometry":{"type":"Polygon","coordinates":[[[79.482033,15.681614],[79.482048,15.681649],[79.482094,15.681752],[79.483555,15.681251],[79.483505,15.681112],[79.482033,15.681614]]]},"properties":{"lp":"2010","ac":"0.675","chaltha":"2010"}},{"type":"Feature","geometry":{"type":"Polygon","coordinates":[[[79.482094,15.681752],[79.48211,15.681789],[79.482153,15.681887],[79.483604,15.681389],[79.483555,15.681251],[79.482094,15.681752]]]},"properties":{"lp":"2011","ac":"0.662","chaltha":"2011"}},{"type":"Feature","geometry":{"type":"Polygon","coordinates":[[[79.482153,15.681887],[79.48217,15.681923],[79.482214,15.682023],[79.483652,15.681522],[79.483604,15.681389],[79.482153,15.681887]]]},"properties":{"lp":"2012","ac":"0.649","chaltha":"2012"}},{"type":"Feature","geometry":{"type":"Polygon","coordinates":[[[79.482214,15.682023],[79.48223,15.68206],[79.482272,15.682156],[79.483698,15.681652],[79.483652,15.681522],[79.482214,15.682023]]]},"properties":{"lp":"2013","ac":"0.629","chaltha":"2013"}},{"type":"Feature","geometry":{"type":"Polygon","coordinates":[[[79.482272,15.682156],[79.482289,15.682193],[79.482333,15.682292],[79.483747,15.681789],[79.483698,15.681652],[79.482272,15.682156]]]},"properties":{"lp":"2014","ac":"0.648","chaltha":"2014"}},{"type":"Feature","geometry":{"type":"Polygon","coordinates":[[[79.482333,15.682292],[79.482346,15.682322],[79.482403,15.68245],[79.483798,15.68193],[79.483747,15.681789],[79.482333,15.682292]]]},"properties":{"lp":"2015","ac":"0.707","chaltha":"2015"}},{"type":"Feature","geometry":{"type":"Polygon","coordinates":[[[79.482403,15.68245],[79.482405,15.682457],[79.482464,15.68259],[79.48385,15.682075],[79.483798,15.68193],[79.482403,15.68245]]]},"properties":{"lp":"2016","ac":"0.666","chaltha":"2016"}},{"type":"Feature","geometry":{"type":"Polygon","coordinates":[[[79.482464,15.68259],[79.482519,15.682714],[79.483892,15.682193],[79.483884,15.682169],[79.48385,15.682075],[79.482464,15.68259]]]},"properties":{"lp":"2017","ac":"0.564","chaltha":"2017"}},{"type":"Feature","geometry":{"type":"Polygon","coordinates":[[[79.482519,15.682714],[79.482529,15.682736],[79.482574,15.682839],[79.483935,15.682312],[79.483892,15.682193],[79.482519,15.682714]]]},"properties":{"lp":"2018","ac":"0.562","chaltha":"2018"}},{"type":"Feature","geometry":{"type":"Polygon","coordinates":[[[79.483957,15.682373],[79.483964,15.682393],[79.483998,15.682489],[79.484029,15.682575],[79.485087,15.682212],[79.48501,15.682016],[79.483957,15.682373]]]},"properties":{"lp":"2028","ac":"0.694","chaltha":"2028"}},{"type":"Feature","geometry":{"type":"Polygon","coordinates":[[[79.483884,15.682169],[79.483892,15.682193],[79.483935,15.682312],[79.483957,15.682373],[79.48501,15.682016],[79.485005,15.682003],[79.484928,15.681809],[79.483884,15.682169]]]},"properties":{"lp":"2029","ac":"0.712","chaltha":"2029"}},{"type":"Feature","geometry":{"type":"Polygon","coordinates":[[[79.483798,15.68193],[79.48385,15.682075],[79.483884,15.682169],[79.484928,15.681809],[79.484893,15.681719],[79.48464,15.681627],[79.484255,15.681766],[79.483798,15.68193]]]},"properties":{"lp":"2030","ac":"0.793","chaltha":"2030"}},{"type":"Feature","geometry":{"type":"Polygon","coordinates":[[[79.484079,15.681422],[79.484255,15.681766],[79.48464,15.681627],[79.484079,15.681422]]]},"properties":{"lp":"2031","ac":"0.23","chaltha":"2031"}},{"type":"Feature","geometry":{"type":"Polygon","coordinates":[[[79.483798,15.68193],[79.484255,15.681766],[79.484079,15.681422],[79.483505,15.681112],[79.483555,15.681251],[79.483604,15.681389],[79.483652,15.681522],[79.483698,15.681652],[79.483747,15.681789],[79.483798,15.68193]]]},"properties":{"lp":"2032","ac":"0.828","chaltha":"2032"}},{"type":"Feature","geometry":{"type":"Polygon","coordinates":[[[79.483317,15.681011],[79.483505,15.681112],[79.484079,15.681422],[79.48464,15.681627],[79.484893,15.681719],[79.484838,15.681591],[79.484756,15.681585],[79.484043,15.681265],[79.483744,15.681092],[79.483494,15.680948],[79.483317,15.681011]]]},"properties":{"lp":"2033","ac":"0.548","chaltha":"2033"}},{"type":"Feature","geometry":{"type":"Polygon","coordinates":[[[79.479712,15.667932],[79.479382,15.667247],[79.478499,15.667597],[79.47883,15.668258],[79.479528,15.668],[79.479712,15.667932]]]},"properties":{"lp":"1604","ac":"2.068","chaltha":"1604"}},{"type":"Feature","geometry":{"type":"Polygon","coordinates":[[[79.479712,15.667932],[79.480202,15.667752],[79.47991,15.667037],[79.479382,15.667247],[79.479712,15.667932]]]},"properties":{"lp":"1605","ac":"1.222","chaltha":"1605"}},{"type":"Feature","geometry":{"type":"Polygon","coordinates":[[[79.47956,15.671454],[79.479762,15.671402],[79.479756,15.67133],[79.479722,15.671067],[79.479578,15.671118],[79.47956,15.671454]]]},"properties":{"lp":"2037","ac":"0.173","chaltha":"2037"}},{"type":"Feature","geometry":{"type":"Polygon","coordinates":[[[79.478904,15.671624],[79.47956,15.671454],[79.479578,15.671118],[79.478819,15.671345],[79.478904,15.671624]]]},"properties":{"lp":"1574","ac":"0.658","chaltha":"1574"}},{"type":"Feature","geometry":{"type":"Polygon","coordinates":[[[79.501247,15.657262],[79.501667,15.657185],[79.501567,15.656542],[79.50114,15.656502],[79.501155,15.656601],[79.501235,15.657163],[79.501247,15.657262]]]},"properties":{"lp":"779","ac":"0.874","chaltha":"779"}},{"type":"Feature","geometry":{"type":"Polygon","coordinates":[[[79.501789,15.657933],[79.502023,15.657893],[79.501804,15.656565],[79.501567,15.656542],[79.501667,15.657185],[79.501789,15.657933]]]},"properties":{"lp":"778","ac":"0.949","chaltha":"778"}},{"type":"Feature","geometry":{"type":"Polygon","coordinates":[[[79.499045,15.665945],[79.499592,15.665675],[79.499337,15.665164],[79.499107,15.664703],[79.498524,15.664938],[79.499045,15.665945]]]},"properties":{"lp":"812","ac":"2.01","chaltha":"812"}},{"type":"Feature","geometry":{"type":"Polygon","coordinates":[[[79.498498,15.666214],[79.499045,15.665945],[79.498524,15.664938],[79.497987,15.665155],[79.498139,15.665481],[79.498315,15.665834],[79.498498,15.666214]]]},"properties":{"lp":"715","ac":"2.014","chaltha":"715"}},{"type":"Feature","geometry":{"type":"Polygon","coordinates":[[[79.498549,15.668751],[79.499403,15.66841],[79.499379,15.668354],[79.499221,15.667956],[79.49887,15.668098],[79.498833,15.668119],[79.49837,15.668308],[79.498549,15.668751]]]},"properties":{"lp":"717","ac":"1.304","chaltha":"717"}},{"type":"Feature","geometry":{"type":"Polygon","coordinates":[[[79.501423,15.661357],[79.502766,15.660889],[79.502748,15.660509],[79.501238,15.660947],[79.500574,15.661152],[79.500618,15.661256],[79.500651,15.66134],[79.501304,15.661111],[79.501423,15.661357]]]},"properties":{"lp":"760","ac":"2.176","chaltha":"760"}},{"type":"Feature","geometry":{"type":"Polygon","coordinates":[[[79.502128,15.658394],[79.502845,15.658222],[79.502842,15.6582],[79.50284,15.65811],[79.502941,15.657954],[79.502075,15.658128],[79.502128,15.658394]]]},"properties":{"lp":"762","ac":"0.59","chaltha":"762"}},{"type":"Feature","geometry":{"type":"Polygon","coordinates":[[[79.501564,15.659166],[79.50284,15.658893],[79.502876,15.65851],[79.502845,15.658222],[79.502128,15.658394],[79.50143,15.658554],[79.501462,15.658642],[79.501564,15.659166]]]},"properties":{"lp":"770","ac":"2.601","chaltha":"770"}},{"type":"Feature","geometry":{"type":"Polygon","coordinates":[[[79.473282,15.673205],[79.473952,15.67306],[79.473963,15.673019],[79.473887,15.672917],[79.473786,15.67294],[79.473525,15.672999],[79.473382,15.673032],[79.473295,15.673034],[79.473263,15.673035],[79.473222,15.673035],[79.473205,15.673036],[79.473282,15.673205]]]},"properties":{"lp":"1704","ac":"0.316","chaltha":"1704"}},{"type":"Feature","geometry":{"type":"Polygon","coordinates":[[[79.472957,15.673328],[79.473016,15.673529],[79.473031,15.673576],[79.473409,15.67346],[79.473385,15.673403],[79.473325,15.673304],[79.473282,15.673205],[79.473205,15.673036],[79.472864,15.673043],[79.472896,15.673139],[79.472957,15.673328]]]},"properties":{"lp":"2038","ac":"0.531","chaltha":"2038"}},{"type":"Feature","geometry":{"type":"Polygon","coordinates":[[[79.472312,15.6733],[79.472896,15.673139],[79.472864,15.673043],[79.472728,15.673046],[79.472319,15.673055],[79.472252,15.673057],[79.472312,15.6733]]]},"properties":{"lp":"2039","ac":"0.309","chaltha":"2039"}},{"type":"Feature","geometry":{"type":"Polygon","coordinates":[[[79.472312,15.6733],[79.472359,15.673491],[79.472957,15.673328],[79.472896,15.673139],[79.472312,15.6733]]]},"properties":{"lp":"2040","ac":"0.355","chaltha":"2040"}},{"type":"Feature","geometry":{"type":"Polygon","coordinates":[[[79.473031,15.673576],[79.47309,15.673769],[79.47335,15.673702],[79.473459,15.673575],[79.473409,15.67346],[79.473031,15.673576]]]},"properties":{"lp":"1709","ac":"0.231","chaltha":"1709"}},{"type":"Feature","geometry":{"type":"Polygon","coordinates":[[[79.47081,15.674773],[79.471803,15.675413],[79.472409,15.676176],[79.473192,15.675065],[79.471315,15.673771],[79.47081,15.674773]]]},"properties":{"lp":"1656","ac":"7.387","chaltha":"1656"}},{"type":"Feature","geometry":{"type":"Polygon","coordinates":[[[79.472409,15.676176],[79.472821,15.676694],[79.473752,15.67798],[79.474346,15.677263],[79.473891,15.676396],[79.473802,15.676227],[79.473192,15.675065],[79.472409,15.676176]]]},"properties":{"lp":"1657","ac":"7.313","chaltha":"1657"}},{"type":"Feature","geometry":{"type":"Polygon","coordinates":[[[79.473752,15.67798],[79.47405,15.678392],[79.474382,15.678863],[79.474589,15.679107],[79.475093,15.679878],[79.475672,15.679284],[79.474346,15.677263],[79.473752,15.67798]]]},"properties":{"lp":"1658","ac":"5.857","chaltha":"1658"}},{"type":"Feature","geometry":{"type":"Polygon","coordinates":[[[79.476725,15.681419],[79.47721,15.680863],[79.476809,15.680441],[79.476627,15.680471],[79.476332,15.680065],[79.476256,15.67996],[79.476237,15.680143],[79.475885,15.679608],[79.475672,15.679284],[79.475093,15.679878],[79.475405,15.680355],[79.476008,15.680986],[79.476725,15.681419]]]},"properties":{"lp":"1659","ac":"5.378","chaltha":"1659"}},{"type":"Feature","geometry":{"type":"Polygon","coordinates":[[[79.478334,15.68268],[79.478744,15.682138],[79.478241,15.681642],[79.47764,15.681316],[79.47721,15.680863],[79.476725,15.681419],[79.477225,15.681644],[79.477807,15.682335],[79.478334,15.68268]]]},"properties":{"lp":"1660","ac":"4.02","chaltha":"1660"}},{"type":"Feature","geometry":{"type":"Polygon","coordinates":[[[79.478334,15.68268],[79.47881,15.68352],[79.479553,15.684016],[79.480126,15.68496],[79.480764,15.683507],[79.479986,15.683158],[79.479594,15.682975],[79.478744,15.682138],[79.478334,15.68268]]]},"properties":{"lp":"1661","ac":"7.6","chaltha":"1661"}},{"type":"Feature","geometry":{"type":"Polygon","coordinates":[[[79.480126,15.68496],[79.481519,15.687252],[79.482001,15.685591],[79.481439,15.684645],[79.480931,15.683789],[79.480764,15.683507],[79.480126,15.68496]]]},"properties":{"lp":"1662","ac":"9.59","chaltha":"1662"}},{"type":"Feature","geometry":{"type":"Polygon","coordinates":[[[79.482492,15.689701],[79.48356,15.688205],[79.483216,15.687628],[79.48262,15.68663],[79.482001,15.685591],[79.481519,15.687252],[79.482376,15.688935],[79.482492,15.689701]]]},"properties":{"lp":"1663","ac":"10.931","chaltha":"1663"}},{"type":"Feature","geometry":{"type":"Polygon","coordinates":[[[79.482828,15.691917],[79.482897,15.692373],[79.483353,15.694106],[79.484453,15.693513],[79.48427,15.693045],[79.484007,15.692372],[79.483889,15.691302],[79.482828,15.691917]]]},"properties":{"lp":"1665","ac":"7.554","chaltha":"1665"}},{"type":"Feature","geometry":{"type":"Polygon","coordinates":[[[79.485036,15.696154],[79.486284,15.695537],[79.485997,15.695286],[79.485605,15.694943],[79.485443,15.694802],[79.485267,15.694648],[79.484672,15.694072],[79.484534,15.693721],[79.484453,15.693513],[79.483353,15.694106],[79.483564,15.694912],[79.485036,15.696154]]]},"properties":{"lp":"2034","ac":"10.543","chaltha":"2034"}},{"type":"Feature","geometry":{"type":"Polygon","coordinates":[[[79.485036,15.696154],[79.485649,15.696672],[79.486753,15.698577],[79.488125,15.69831],[79.488057,15.698192],[79.487962,15.698026],[79.487853,15.697836],[79.487696,15.697564],[79.487681,15.697536],[79.487327,15.69692],[79.487236,15.696762],[79.487045,15.696431],[79.486946,15.696257],[79.486782,15.695973],[79.486284,15.695537],[79.485036,15.696154]]]},"properties":{"lp":"2035","ac":"12.254","chaltha":"2035"}},{"type":"Feature","geometry":{"type":"Polygon","coordinates":[[[79.492473,15.668016],[79.492913,15.669012],[79.493305,15.668847],[79.493297,15.66883],[79.492866,15.667857],[79.492473,15.668016]]]},"properties":{"lp":"1057","ac":"1.35","chaltha":"1057"}},{"type":"Feature","geometry":{"type":"Polygon","coordinates":[[[79.492473,15.668016],[79.492866,15.667857],[79.492708,15.667501],[79.492426,15.666863],[79.492032,15.66702],[79.492473,15.668016]]]},"properties":{"lp":"2036","ac":"1.35","chaltha":"2036"}},{"type":"Feature","geometry":{"type":"Polygon","coordinates":[[[79.482492,15.689701],[79.482828,15.691917],[79.483889,15.691302],[79.483747,15.690024],[79.483697,15.689532],[79.48356,15.688205],[79.482492,15.689701]]]},"properties":{"lp":"1664","ac":"9.291","chaltha":"1664"}},{"type":"Feature","geometry":{"type":"Polygon","coordinates":[[[79.48991,15.684457],[79.490137,15.684851],[79.490326,15.684936],[79.490563,15.684602],[79.490473,15.684409],[79.490732,15.684217],[79.490717,15.684123],[79.491142,15.683884],[79.491188,15.683859],[79.491365,15.683592],[79.490988,15.683896],[79.490503,15.684022],[79.490545,15.684174],[79.48991,15.684457]]]},"properties":{"lp":"2041","ac":"1.172","chaltha":"2041"}},{"type":"Feature","geometry":{"type":"Polygon","coordinates":[[[79.490326,15.684936],[79.490826,15.68516],[79.490563,15.684602],[79.490326,15.684936]]]},"properties":{"lp":"227","ac":"0.323","chaltha":"227"}},{"type":"Feature","geometry":{"type":"Polygon","coordinates":[[[79.4894,15.684521],[79.490137,15.684851],[79.48991,15.684457],[79.489554,15.684502],[79.4894,15.684521]]]},"properties":{"lp":"2042","ac":"0.315","chaltha":"2042"}},{"type":"Feature","geometry":{"type":"Polygon","coordinates":[[[79.479439,15.677742],[79.479512,15.678566],[79.479562,15.678762],[79.480056,15.67952],[79.48065,15.680639],[79.480518,15.68028],[79.4805,15.680233],[79.480395,15.679946],[79.480298,15.679684],[79.480182,15.679368],[79.480144,15.679266],[79.480184,15.67904],[79.480253,15.678649],[79.479777,15.67829],[79.479531,15.677787],[79.479439,15.677742]]]},"properties":{"lp":"2044","ac":"2.195","chaltha":"2044"}},{"type":"Feature","geometry":{"type":"Polygon","coordinates":[[[79.479317,15.677842],[79.479439,15.677742],[79.479291,15.677324],[79.479232,15.677245],[79.479204,15.677367],[79.479317,15.677842]]]},"properties":{"lp":"2045","ac":"0.178","chaltha":"2045"}},{"type":"Feature","geometry":{"type":"Polygon","coordinates":[[[79.475191,15.675937],[79.47471,15.674886],[79.473192,15.675065],[79.473802,15.676227],[79.474484,15.676158],[79.475191,15.675937]]]},"properties":{"lp":"1443","ac":"5.236","chaltha":"1443"}},{"type":"Feature","geometry":{"type":"Polygon","coordinates":[[[79.474812,15.676219],[79.474451,15.676336],[79.473891,15.676396],[79.474346,15.677263],[79.474812,15.676219]]]},"properties":{"lp":"2046","ac":"1.224","chaltha":"2046"}},{"type":"Feature","geometry":{"type":"Polygon","coordinates":[[[79.473802,15.676227],[79.473891,15.676396],[79.474451,15.676336],[79.474812,15.676219],[79.475191,15.675937],[79.474484,15.676158],[79.473802,15.676227]]]},"properties":{"lp":"2047","ac":"0.578","chaltha":"2047"}},{"type":"Feature","geometry":{"type":"Polygon","coordinates":[[[79.475672,15.679284],[79.475422,15.678483],[79.47542,15.678335],[79.475755,15.678173],[79.475537,15.677712],[79.475432,15.677489],[79.475337,15.677289],[79.475233,15.677068],[79.475124,15.676839],[79.475034,15.676649],[79.474941,15.67645],[79.474812,15.676219],[79.474346,15.677263],[79.475672,15.679284]]]},"properties":{"lp":"1418","ac":"4.653","chaltha":"1418"}},{"type":"Feature","geometry":{"type":"Polygon","coordinates":[[[79.475885,15.679608],[79.475867,15.679387],[79.475811,15.679258],[79.475737,15.679032],[79.475688,15.678924],[79.475596,15.678622],[79.475547,15.678391],[79.4758,15.678229],[79.475755,15.678173],[79.47542,15.678335],[79.475422,15.678483],[79.475672,15.679284],[79.475885,15.679608]]]},"properties":{"lp":"2049","ac":"0.54","chaltha":"2049"}},{"type":"Feature","geometry":{"type":"Polygon","coordinates":[[[79.475885,15.679608],[79.476237,15.680143],[79.476256,15.67996],[79.47615,15.679764],[79.475935,15.679365],[79.475886,15.679249],[79.475789,15.679018],[79.475741,15.678903],[79.475824,15.678875],[79.475962,15.67883],[79.475894,15.678521],[79.475879,15.678456],[79.475838,15.67827],[79.4758,15.678229],[79.475547,15.678391],[79.475596,15.678622],[79.475688,15.678924],[79.475737,15.679032],[79.475811,15.679258],[79.475867,15.679387],[79.475885,15.679608]]]},"properties":{"lp":"2048","ac":"0.91","chaltha":"2048"}},{"type":"Feature","geometry":{"type":"Polygon","coordinates":[[[79.487314,15.695969],[79.487396,15.696066],[79.488251,15.695774],[79.488856,15.695567],[79.48879,15.695388],[79.488225,15.695602],[79.487314,15.695969]]]},"properties":{"lp":"1793","ac":"0.728","chaltha":"1793"}},{"type":"Feature","geometry":{"type":"Polygon","coordinates":[[[79.487396,15.696066],[79.4874,15.696072],[79.487536,15.696233],[79.488315,15.695951],[79.488251,15.695774],[79.487396,15.696066]]]},"properties":{"lp":"1792","ac":"0.498","chaltha":"1792"}},{"type":"Feature","geometry":{"type":"Polygon","coordinates":[[[79.488251,15.695774],[79.488315,15.695951],[79.488924,15.695731],[79.488856,15.695567],[79.488251,15.695774]]]},"properties":{"lp":"2050","ac":"0.344","chaltha":"2050"}},{"type":"Feature","geometry":{"type":"Polygon","coordinates":[[[79.487536,15.696233],[79.487799,15.696545],[79.488165,15.696407],[79.488129,15.696282],[79.488997,15.6959],[79.488924,15.695731],[79.488315,15.695951],[79.487536,15.696233]]]},"properties":{"lp":"1791","ac":"1.119","chaltha":"1791"}},{"type":"Feature","geometry":{"type":"Polygon","coordinates":[[[79.489028,15.696083],[79.488997,15.6959],[79.488129,15.696282],[79.488165,15.696407],[79.489028,15.696083]]]},"properties":{"lp":"1790","ac":"0.426","chaltha":"1790"}},{"type":"Feature","geometry":{"type":"Polygon","coordinates":[[[79.487799,15.696545],[79.487908,15.696674],[79.489086,15.696254],[79.489028,15.696083],[79.488165,15.696407],[79.487799,15.696545]]]},"properties":{"lp":"1789","ac":"0.636","chaltha":"1789"}},{"type":"Feature","geometry":{"type":"Polygon","coordinates":[[[79.488856,15.695567],[79.488921,15.695545],[79.488883,15.695439],[79.488861,15.695362],[79.488852,15.695365],[79.48879,15.695388],[79.488856,15.695567]]]},"properties":{"lp":"2051","ac":"0.04","chaltha":"2051"}},{"type":"Feature","geometry":{"type":"Polygon","coordinates":[[[79.488924,15.695731],[79.488999,15.695731],[79.488941,15.695599],[79.488921,15.695545],[79.488856,15.695567],[79.488924,15.695731]]]},"properties":{"lp":"2052","ac":"0.038","chaltha":"2052"}},{"type":"Feature","geometry":{"type":"Polygon","coordinates":[[[79.488997,15.6959],[79.489065,15.695899],[79.488999,15.695731],[79.488924,15.695731],[79.488997,15.6959]]]},"properties":{"lp":"2053","ac":"0.036","chaltha":"2053"}},{"type":"Feature","geometry":{"type":"Polygon","coordinates":[[[79.489028,15.696083],[79.489098,15.696076],[79.489065,15.695899],[79.488997,15.6959],[79.489028,15.696083]]]},"properties":{"lp":"2054","ac":"0.037","chaltha":"2054"}},{"type":"Feature","geometry":{"type":"Polygon","coordinates":[[[79.489086,15.696254],[79.489125,15.69624],[79.489162,15.696221],[79.489098,15.696076],[79.489028,15.696083],[79.489086,15.696254]]]},"properties":{"lp":"2055","ac":"0.038","chaltha":"2055"}},{"type":"Feature","geometry":{"type":"Polygon","coordinates":[[[79.487908,15.696674],[79.488133,15.69694],[79.489231,15.696557],[79.489086,15.696254],[79.487908,15.696674]]]},"properties":{"lp":"1788","ac":"1.168","chaltha":"1788"}},{"type":"Feature","geometry":{"type":"Polygon","coordinates":[[[79.488133,15.69694],[79.488358,15.697207],[79.489392,15.696864],[79.489231,15.696557],[79.488133,15.69694]]]},"properties":{"lp":"1787","ac":"1.1","chaltha":"1787"}},{"type":"Feature","geometry":{"type":"Polygon","coordinates":[[[79.489231,15.696557],[79.489382,15.696505],[79.489301,15.696352],[79.489217,15.696194],[79.489162,15.696221],[79.489125,15.69624],[79.489086,15.696254],[79.489231,15.696557]]]},"properties":{"lp":"2056","ac":"0.151","chaltha":"2056"}},{"type":"Feature","geometry":{"type":"Polygon","coordinates":[[[79.489231,15.696557],[79.489392,15.696864],[79.489464,15.69684],[79.489493,15.69683],[79.489481,15.696794],[79.489429,15.696642],[79.489382,15.696505],[79.489231,15.696557]]]},"properties":{"lp":"2057","ac":"0.134","chaltha":"2057"}},{"type":"Feature","geometry":{"type":"Polygon","coordinates":[[[79.488358,15.697207],[79.488367,15.697218],[79.488387,15.697242],[79.488615,15.697512],[79.488828,15.697764],[79.488958,15.697918],[79.489166,15.698164],[79.48954,15.698067],[79.489431,15.697376],[79.489392,15.696864],[79.488358,15.697207]]]},"properties":{"lp":"1786","ac":"2.496","chaltha":"1786"}},{"type":"Feature","geometry":{"type":"Polygon","coordinates":[[[79.48954,15.698067],[79.48959,15.698054],[79.489536,15.697202],[79.489464,15.69684],[79.489392,15.696864],[79.489431,15.697376],[79.48954,15.698067]]]},"properties":{"lp":"2058","ac":"0.327","chaltha":"2058"}},{"type":"Feature","geometry":{"type":"Polygon","coordinates":[[[79.48959,15.698054],[79.489888,15.697977],[79.489797,15.697713],[79.489744,15.697559],[79.489686,15.69739],[79.489635,15.697241],[79.489583,15.697091],[79.489532,15.696942],[79.489493,15.69683],[79.489464,15.69684],[79.489536,15.697202],[79.48959,15.698054]]]},"properties":{"lp":"2059","ac":"0.538","chaltha":"2059"}},{"type":"Feature","geometry":{"type":"Polygon","coordinates":[[[79.486461,15.691524],[79.486016,15.691057],[79.485421,15.691279],[79.485499,15.691467],[79.485507,15.691491],[79.485449,15.691516],[79.485568,15.691868],[79.486259,15.691595],[79.486461,15.691524]]]},"properties":{"lp":"1945","ac":"1.394","chaltha":"1945"}},{"type":"Feature","geometry":{"type":"Polygon","coordinates":[[[79.486154,15.691005],[79.486016,15.691057],[79.486461,15.691524],[79.486154,15.691005]]]},"properties":{"lp":"2060","ac":"0.128","chaltha":"2060"}},{"type":"Feature","geometry":{"type":"Polygon","coordinates":[[[79.486016,15.691057],[79.485607,15.690017],[79.485344,15.689544],[79.485299,15.689559],[79.484815,15.68972],[79.485278,15.690896],[79.485421,15.691279],[79.486016,15.691057]]]},"properties":{"lp":"1946","ac":"3.008","chaltha":"1946"}},{"type":"Feature","geometry":{"type":"Polygon","coordinates":[[[79.486016,15.691057],[79.486154,15.691005],[79.485808,15.69038],[79.485607,15.690017],[79.486016,15.691057]]]},"properties":{"lp":"2061","ac":"0.242","chaltha":"2061"}},{"type":"Feature","geometry":{"type":"Polygon","coordinates":[[[79.485299,15.689559],[79.485344,15.689544],[79.484953,15.68882],[79.484999,15.689152],[79.485299,15.689559]]]},"properties":{"lp":"2062","ac":"0.175","chaltha":"2062"}},{"type":"Feature","geometry":{"type":"Polygon","coordinates":[[[79.484815,15.68972],[79.485299,15.689559],[79.484999,15.689152],[79.484953,15.68882],[79.484449,15.688996],[79.484587,15.689267],[79.484815,15.68972]]]},"properties":{"lp":"1737","ac":"1.115","chaltha":"1737"}},{"type":"Feature","geometry":{"type":"Polygon","coordinates":[[[79.493036,15.665988],[79.492454,15.664756],[79.492322,15.664818],[79.492363,15.664912],[79.492888,15.66605],[79.493036,15.665988]]]},"properties":{"lp":"938","ac":"0.612","chaltha":"938"}},{"type":"Feature","geometry":{"type":"Polygon","coordinates":[[[79.493492,15.665791],[79.492905,15.664544],[79.492454,15.664756],[79.493036,15.665988],[79.493374,15.665844],[79.493492,15.665791]]]},"properties":{"lp":"2063","ac":"2.001","chaltha":"2063"}},{"type":"Feature","geometry":{"type":"Polygon","coordinates":[[[79.493492,15.665791],[79.493584,15.665751],[79.493813,15.665649],[79.493861,15.665627],[79.493333,15.664345],[79.492992,15.664502],[79.492905,15.664544],[79.493492,15.665791]]]},"properties":{"lp":"2064","ac":"1.775","chaltha":"2064"}},{"type":"Feature","geometry":{"type":"Polygon","coordinates":[[[79.487696,15.697564],[79.487853,15.697836],[79.488615,15.697512],[79.488387,15.697242],[79.487696,15.697564]]]},"properties":{"lp":"1782","ac":"0.76","chaltha":"1782"}},{"type":"Feature","geometry":{"type":"Polygon","coordinates":[[[79.487681,15.697536],[79.487696,15.697564],[79.488387,15.697242],[79.488367,15.697218],[79.487681,15.697536]]]},"properties":{"lp":"2065","ac":"0.069","chaltha":"2065"}},{"type":"Feature","geometry":{"type":"Polygon","coordinates":[[[79.488622,15.684537],[79.488897,15.684733],[79.489405,15.684662],[79.489099,15.684512],[79.488391,15.684212],[79.488622,15.684537]]]},"properties":{"lp":"2066","ac":"0.527","chaltha":"2066"}},{"type":"Feature","geometry":{"type":"Polygon","coordinates":[[[79.49094,15.685413],[79.489405,15.684662],[79.488897,15.684733],[79.488622,15.684537],[79.488747,15.684756],[79.48883,15.684897],[79.490406,15.685613],[79.490341,15.685502],[79.49064,15.685359],[79.490836,15.68544],[79.49094,15.685413]]]},"properties":{"lp":"225","ac":"2.213","chaltha":"225"}},{"type":"Feature","geometry":{"type":"Polygon","coordinates":[[[79.502384,15.664211],[79.502904,15.664172],[79.503293,15.663968],[79.503743,15.663731],[79.503702,15.663546],[79.502384,15.664211]]]},"properties":{"lp":"755","ac":"0.687","chaltha":"755"}},{"type":"Feature","geometry":{"type":"Polygon","coordinates":[[[79.501667,15.664621],[79.50183,15.66475],[79.502015,15.66465],[79.5022,15.664551],[79.502384,15.664452],[79.502904,15.664172],[79.502384,15.664211],[79.501667,15.664621]]]},"properties":{"lp":"2067","ac":"0.612","chaltha":"2067"}},{"type":"Feature","geometry":{"type":"Polygon","coordinates":[[[79.500911,15.665026],[79.500989,15.665201],[79.501612,15.664866],[79.50183,15.66475],[79.501667,15.664621],[79.5013,15.664831],[79.500911,15.665026]]]},"properties":{"lp":"2068","ac":"0.493","chaltha":"2068"}},{"type":"Feature","geometry":{"type":"Polygon","coordinates":[[[79.499733,15.665755],[79.500989,15.665201],[79.500911,15.665026],[79.500656,15.665151],[79.500166,15.665393],[79.499592,15.665675],[79.499733,15.665755]]]},"properties":{"lp":"730","ac":"0.675","chaltha":"730"}},{"type":"Feature","geometry":{"type":"Polygon","coordinates":[[[79.498484,15.666221],[79.498547,15.666339],[79.499733,15.665755],[79.499592,15.665675],[79.499045,15.665945],[79.498498,15.666214],[79.498484,15.666221]]]},"properties":{"lp":"2069","ac":"0.502","chaltha":"2069"}},{"type":"Feature","geometry":{"type":"Polygon","coordinates":[[[79.49744,15.666826],[79.497581,15.66688],[79.498257,15.66648],[79.498296,15.666461],[79.498547,15.666339],[79.498484,15.666221],[79.49744,15.666826]]]},"properties":{"lp":"727","ac":"0.395","chaltha":"727"}},{"type":"Feature","geometry":{"type":"Polygon","coordinates":[[[79.496113,15.667572],[79.496173,15.667714],[79.496981,15.667236],[79.497288,15.667054],[79.497581,15.66688],[79.49744,15.666826],[79.497077,15.667037],[79.496532,15.667353],[79.496113,15.667572]]]},"properties":{"lp":"2070","ac":"0.593","chaltha":"2070"}},{"type":"Feature","geometry":{"type":"Polygon","coordinates":[[[79.495192,15.667988],[79.495165,15.668159],[79.495332,15.668085],[79.495451,15.668032],[79.495498,15.668012],[79.495644,15.667947],[79.4958,15.667877],[79.496173,15.667714],[79.496113,15.667572],[79.495981,15.667634],[79.495621,15.667802],[79.495612,15.667806],[79.495192,15.667988]]]},"properties":{"lp":"602","ac":"0.45","chaltha":"602"}},{"type":"Feature","geometry":{"type":"Polygon","coordinates":[[[79.494312,15.66837],[79.494447,15.668478],[79.494812,15.668316],[79.495038,15.668215],[79.495165,15.668159],[79.495192,15.667988],[79.494818,15.668151],[79.494568,15.668259],[79.494312,15.66837]]]},"properties":{"lp":"2071","ac":"0.381","chaltha":"2071"}},{"type":"Feature","geometry":{"type":"Polygon","coordinates":[[[79.493305,15.668847],[79.493366,15.668977],[79.49343,15.668947],[79.493888,15.668726],[79.494447,15.668478],[79.494312,15.66837],[79.493816,15.668606],[79.493475,15.668767],[79.493305,15.668847]]]},"properties":{"lp":"2072","ac":"0.489","chaltha":"2072"}},{"type":"Feature","geometry":{"type":"Polygon","coordinates":[[[79.49226,15.669287],[79.492237,15.669504],[79.492606,15.669335],[79.492982,15.669162],[79.492998,15.669155],[79.493366,15.668977],[79.493305,15.668847],[79.492913,15.669012],[79.492544,15.669168],[79.49226,15.669287]]]},"properties":{"lp":"601","ac":"0.589","chaltha":"601"}},{"type":"Feature","geometry":{"type":"Polygon","coordinates":[[[79.491192,15.669737],[79.491239,15.669891],[79.491724,15.669703],[79.492225,15.669509],[79.492237,15.669504],[79.49226,15.669287],[79.492005,15.669395],[79.491719,15.669515],[79.491192,15.669737]]]},"properties":{"lp":"2073","ac":"0.576","chaltha":"2073"}},{"type":"Feature","geometry":{"type":"Polygon","coordinates":[[[79.491161,15.669659],[79.490387,15.669998],[79.490192,15.670083],[79.490327,15.670313],[79.4907,15.670141],[79.49098,15.670011],[79.491239,15.669891],[79.491192,15.669737],[79.491161,15.669659]]]},"properties":{"lp":"600","ac":"0.771","chaltha":"600"}},{"type":"Feature","geometry":{"type":"Polygon","coordinates":[[[79.488902,15.670649],[79.488955,15.670774],[79.48888,15.670984],[79.489571,15.670664],[79.489932,15.670497],[79.490327,15.670313],[79.490192,15.670083],[79.488902,15.670649]]]},"properties":{"lp":"2074","ac":"1.205","chaltha":"2074"}},{"type":"Feature","geometry":{"type":"Polygon","coordinates":[[[79.487927,15.671239],[79.487936,15.671394],[79.488206,15.671277],[79.488283,15.671243],[79.488582,15.671113],[79.48888,15.670984],[79.488955,15.670774],[79.487927,15.671239]]]},"properties":{"lp":"599","ac":"0.484","chaltha":"599"}},{"type":"Feature","geometry":{"type":"Polygon","coordinates":[[[79.487174,15.671566],[79.487085,15.671764],[79.487395,15.671629],[79.487658,15.671515],[79.487936,15.671394],[79.487927,15.671239],[79.487418,15.67147],[79.487174,15.671566]]]},"properties":{"lp":"2075","ac":"0.364","chaltha":"2075"}},{"type":"Feature","geometry":{"type":"Polygon","coordinates":[[[79.485909,15.671971],[79.486172,15.67209],[79.486749,15.671901],[79.486839,15.671871],[79.487085,15.671764],[79.487174,15.671566],[79.486761,15.671729],[79.485909,15.671971]]]},"properties":{"lp":"2076","ac":"0.569","chaltha":"2076"}},{"type":"Feature","geometry":{"type":"Polygon","coordinates":[[[79.484667,15.672311],[79.48478,15.672475],[79.485481,15.672195],[79.485809,15.67212],[79.486172,15.67209],[79.485909,15.671971],[79.485648,15.672031],[79.48553,15.672058],[79.485383,15.672101],[79.485128,15.672175],[79.484667,15.672311]]]},"properties":{"lp":"598","ac":"0.577","chaltha":"598"}},{"type":"Feature","geometry":{"type":"Polygon","coordinates":[[[79.483585,15.672907],[79.483631,15.673031],[79.484125,15.672736],[79.48478,15.672475],[79.484667,15.672311],[79.484625,15.672334],[79.484079,15.672635],[79.483585,15.672907]]]},"properties":{"lp":"2077","ac":"0.51","chaltha":"2077"}},{"type":"Feature","geometry":{"type":"Polygon","coordinates":[[[79.482586,15.673285],[79.482469,15.673568],[79.483631,15.673031],[79.483585,15.672907],[79.482586,15.673285]]]},"properties":{"lp":"1245","ac":"0.595","chaltha":"1245"}},{"type":"Feature","geometry":{"type":"Polygon","coordinates":[[[79.481531,15.674002],[79.481931,15.673803],[79.482469,15.673568],[79.482586,15.673285],[79.48209,15.673529],[79.481607,15.673765],[79.48143,15.673852],[79.481531,15.674002]]]},"properties":{"lp":"2078","ac":"0.633","chaltha":"2078"}},{"type":"Feature","geometry":{"type":"Polygon","coordinates":[[[79.48073,15.674634],[79.480774,15.67478],[79.481531,15.674002],[79.48143,15.673852],[79.481264,15.673934],[79.481112,15.674008],[79.481043,15.674328],[79.480756,15.674608],[79.48073,15.674634]]]},"properties":{"lp":"2079","ac":"0.57","chaltha":"2079"}},{"type":"Feature","geometry":{"type":"Polygon","coordinates":[[[79.476387,15.675948],[79.476774,15.676007],[79.476936,15.675941],[79.47679,15.675761],[79.476451,15.675764],[79.476173,15.675767],[79.476387,15.675948]]]},"properties":{"lp":"1442","ac":"0.363","chaltha":"1442"}},{"type":"Feature","geometry":{"type":"Polygon","coordinates":[[[79.474812,15.676219],[79.474941,15.67645],[79.475664,15.676199],[79.476387,15.675948],[79.476173,15.675767],[79.475191,15.675937],[79.474812,15.676219]]]},"properties":{"lp":"2080","ac":"1.401","chaltha":"2080"}},{"type":"Feature","geometry":{"type":"Polygon","coordinates":[[[79.495611,15.688481],[79.495828,15.68862],[79.496099,15.688794],[79.496308,15.688928],[79.496517,15.689062],[79.496784,15.689233],[79.497031,15.689084],[79.496726,15.689065],[79.496229,15.688759],[79.496167,15.688721],[79.49598,15.688606],[79.495959,15.688594],[79.495754,15.688467],[79.495611,15.688481]]]},"properties":{"lp":"25","ac":"0.444","chaltha":"25"}},{"type":"Feature","geometry":{"type":"Polygon","coordinates":[[[79.494456,15.687783],[79.495159,15.688192],[79.495388,15.688339],[79.495611,15.688481],[79.495754,15.688467],[79.494549,15.687743],[79.494456,15.687783]]]},"properties":{"lp":"2081","ac":"0.312","chaltha":"2081"}},{"type":"Feature","geometry":{"type":"Polygon","coordinates":[[[79.479186,15.663819],[79.480179,15.663084],[79.480386,15.662908],[79.480368,15.662884],[79.480049,15.663116],[79.479837,15.663255],[79.479404,15.663539],[79.479125,15.663723],[79.479186,15.663819]]]},"properties":{"lp":"1676","ac":"0.321","chaltha":"1676"}},{"type":"Feature","geometry":{"type":"Polygon","coordinates":[[[79.478481,15.664386],[79.478534,15.664367],[79.47851,15.664307],[79.478488,15.664249],[79.478439,15.664123],[79.479186,15.663819],[79.479125,15.663723],[79.478367,15.664114],[79.478401,15.664196],[79.478481,15.664386]]]},"properties":{"lp":"2082","ac":"0.233","chaltha":"2082"}},{"type":"Feature","geometry":{"type":"Polygon","coordinates":[[[79.479131,15.665871],[79.479178,15.665847],[79.47911,15.665683],[79.479013,15.665449],[79.478924,15.665235],[79.47885,15.665055],[79.478768,15.664878],[79.478687,15.664701],[79.478595,15.664502],[79.478534,15.664367],[79.478481,15.664386],[79.478924,15.665398],[79.479131,15.665871]]]},"properties":{"lp":"1622","ac":"0.291","chaltha":"1622"}},{"type":"Feature","geometry":{"type":"Polygon","coordinates":[[[79.479131,15.665871],[79.479247,15.665963],[79.479439,15.666236],[79.47948,15.666222],[79.479268,15.665841],[79.479178,15.665847],[79.479131,15.665871]]]},"properties":{"lp":"2083","ac":"0.096","chaltha":"2083"}},{"type":"Feature","geometry":{"type":"Polygon","coordinates":[[[79.480786,15.669268],[79.480822,15.669363],[79.480863,15.669469],[79.480906,15.669581],[79.480948,15.669689],[79.481042,15.669933],[79.48106,15.669876],[79.480982,15.669674],[79.48094,15.669565],[79.480905,15.669474],[79.480859,15.669353],[79.480821,15.669255],[79.480786,15.669268]]]},"properties":{"lp":"1545","ac":"0.076","chaltha":"1545"}},{"type":"Feature","geometry":{"type":"Polygon","coordinates":[[[79.480786,15.669268],[79.480821,15.669255],[79.480772,15.669128],[79.480687,15.668905],[79.480621,15.668735],[79.480496,15.668409],[79.480401,15.668161],[79.480319,15.667949],[79.480238,15.667738],[79.480202,15.667752],[79.480296,15.667996],[79.480384,15.668224],[79.48046,15.668422],[79.48059,15.668759],[79.480696,15.669035],[79.480737,15.669142],[79.480786,15.669268]]]},"properties":{"lp":"2084","ac":"0.183","chaltha":"2084"}},{"type":"Feature","geometry":{"type":"Polygon","coordinates":[[[79.480764,15.670712],[79.480666,15.671086],[79.480573,15.671439],[79.480358,15.672254],[79.480517,15.672179],[79.480591,15.671898],[79.480702,15.67148],[79.480762,15.671253],[79.480873,15.670833],[79.480764,15.670712]]]},"properties":{"lp":"1526","ac":"0.592","chaltha":"1526"}},{"type":"Feature","geometry":{"type":"Polygon","coordinates":[[[79.480764,15.670712],[79.480873,15.670833],[79.481204,15.669948],[79.481042,15.669933],[79.480974,15.670123],[79.480764,15.670712]]]},"properties":{"lp":"2085","ac":"0.391","chaltha":"2085"}},{"type":"Feature","geometry":{"type":"Polygon","coordinates":[[[79.483068,15.665329],[79.4833,15.665345],[79.483624,15.665125],[79.483964,15.664894],[79.484048,15.664837],[79.483955,15.664613],[79.483068,15.665329]]]},"properties":{"lp":"1164","ac":"0.58","chaltha":"1164"}},{"type":"Feature","geometry":{"type":"Polygon","coordinates":[[[79.482335,15.665727],[79.482426,15.665939],[79.483083,15.665493],[79.4833,15.665345],[79.483068,15.665329],[79.482335,15.665727]]]},"properties":{"lp":"2086","ac":"0.501","chaltha":"2086"}},{"type":"Feature","geometry":{"type":"Polygon","coordinates":[[[79.481037,15.677375],[79.482537,15.677644],[79.48274,15.677373],[79.481849,15.677053],[79.481092,15.67714],[79.481037,15.677375]]]},"properties":{"lp":"1253","ac":"1.728","chaltha":"1253"}},{"type":"Feature","geometry":{"type":"Polygon","coordinates":[[[79.482537,15.677644],[79.483022,15.677742],[79.483654,15.67772],[79.48385,15.677587],[79.483527,15.677545],[79.483367,15.677524],[79.483225,15.677506],[79.482964,15.677471],[79.48274,15.677373],[79.482537,15.677644]]]},"properties":{"lp":"2087","ac":"0.759","chaltha":"2087"}},{"type":"Feature","geometry":{"type":"Polygon","coordinates":[[[79.485993,15.677902],[79.486203,15.677929],[79.486875,15.678019],[79.487095,15.678048],[79.487213,15.678064],[79.487228,15.677952],[79.48659,15.677875],[79.485952,15.677798],[79.485993,15.677902]]]},"properties":{"lp":"406","ac":"0.387","chaltha":"406"}},{"type":"Feature","geometry":{"type":"Polygon","coordinates":[[[79.487213,15.678064],[79.487535,15.678085],[79.487723,15.678097],[79.487893,15.678108],[79.488091,15.678121],[79.488277,15.678132],[79.488474,15.678145],[79.488462,15.67804],[79.487975,15.678005],[79.487228,15.677952],[79.487213,15.678064]]]},"properties":{"lp":"2088","ac":"0.398","chaltha":"2088"}},{"type":"Feature","geometry":{"type":"Polygon","coordinates":[[[79.488474,15.678145],[79.48942,15.678139],[79.489731,15.678118],[79.489616,15.678],[79.488876,15.678023],[79.488676,15.678029],[79.488462,15.67804],[79.488474,15.678145]]]},"properties":{"lp":"405","ac":"0.431","chaltha":"405"}},{"type":"Feature","geometry":{"type":"Polygon","coordinates":[[[79.489616,15.678],[79.489731,15.678118],[79.490336,15.678078],[79.490701,15.678054],[79.491467,15.678003],[79.491439,15.677927],[79.489616,15.678]]]},"properties":{"lp":"2089","ac":"0.526","chaltha":"2089"}},{"type":"Feature","geometry":{"type":"Polygon","coordinates":[[[79.493138,15.67783],[79.494245,15.677878],[79.494214,15.677791],[79.493807,15.677782],[79.493782,15.677782],[79.493342,15.677757],[79.493138,15.67783]]]},"properties":{"lp":"404","ac":"0.234","chaltha":"404"}},{"type":"Feature","geometry":{"type":"Polygon","coordinates":[[[79.491467,15.678003],[79.492089,15.67784],[79.49227,15.677793],[79.493138,15.67783],[79.493342,15.677757],[79.492556,15.677712],[79.492241,15.677694],[79.492016,15.677759],[79.491474,15.677917],[79.491439,15.677927],[79.491467,15.678003]]]},"properties":{"lp":"2090","ac":"0.485","chaltha":"2090"}},{"type":"Feature","geometry":{"type":"Polygon","coordinates":[[[79.492632,15.686594],[79.492883,15.686773],[79.493087,15.68692],[79.493097,15.686926],[79.493393,15.68711],[79.493571,15.687222],[79.493746,15.687331],[79.494,15.687493],[79.494134,15.687578],[79.494456,15.687783],[79.494549,15.687743],[79.494277,15.687556],[79.493443,15.686984],[79.493283,15.686874],[79.492596,15.686403],[79.492632,15.686594]]]},"properties":{"lp":"213","ac":"0.816","chaltha":"213"}},{"type":"Feature","geometry":{"type":"Polygon","coordinates":[[[79.49094,15.685413],[79.491541,15.685832],[79.492054,15.68619],[79.49234,15.68639],[79.492605,15.686575],[79.492632,15.686594],[79.492596,15.686403],[79.491077,15.685374],[79.49094,15.685413]]]},"properties":{"lp":"2091","ac":"0.705","chaltha":"2091"}},{"type":"Feature","geometry":{"type":"Polygon","coordinates":[[[79.486331,15.682488],[79.486321,15.682614],[79.486473,15.682709],[79.486632,15.682809],[79.486884,15.682967],[79.487038,15.683125],[79.487194,15.683285],[79.487275,15.683369],[79.48729,15.683384],[79.487364,15.683287],[79.487357,15.68328],[79.487036,15.682949],[79.486954,15.682865],[79.486682,15.6827],[79.486331,15.682488]]]},"properties":{"lp":"263","ac":"0.448","chaltha":"263"}},{"type":"Feature","geometry":{"type":"Polygon","coordinates":[[[79.486321,15.682614],[79.486331,15.682488],[79.486133,15.682369],[79.48582,15.682181],[79.485355,15.681901],[79.484838,15.681591],[79.484893,15.681719],[79.485234,15.681933],[79.485695,15.682222],[79.486008,15.682418],[79.486175,15.682522],[79.486321,15.682614]]]},"properties":{"lp":"2092","ac":"0.485","chaltha":"2092"}},{"type":"Feature","geometry":{"type":"Polygon","coordinates":[[[79.480019,15.679743],[79.480484,15.680743],[79.48065,15.680639],[79.480056,15.67952],[79.480019,15.679743]]]},"properties":{"lp":"2043","ac":"0.569","chaltha":"2043"}},{"type":"Feature","geometry":{"type":"Polygon","coordinates":[[[79.480019,15.679743],[79.480056,15.67952],[79.479562,15.678762],[79.479512,15.678566],[79.479439,15.677742],[79.479317,15.677842],[79.479319,15.678616],[79.480019,15.679743]]]},"properties":{"lp":"2093","ac":"0.891","chaltha":"2093"}},{"type":"Feature","geometry":{"type":"Polygon","coordinates":[[[79.481643,15.68347],[79.481754,15.68348],[79.481692,15.683388],[79.48164,15.683309],[79.481583,15.683223],[79.481538,15.683151],[79.481445,15.683002],[79.481369,15.68288],[79.481286,15.682747],[79.481195,15.682601],[79.481132,15.6825],[79.481103,15.682454],[79.481072,15.682367],[79.481017,15.682212],[79.480968,15.682056],[79.48092,15.6819],[79.48087,15.681742],[79.480779,15.681769],[79.480956,15.682331],[79.481005,15.682487],[79.481321,15.682975],[79.4815,15.683251],[79.481643,15.68347]]]},"properties":{"lp":"1729","ac":"0.529","chaltha":"1729"}},{"type":"Feature","geometry":{"type":"Polygon","coordinates":[[[79.481643,15.68347],[79.48219,15.684311],[79.482741,15.685197],[79.482867,15.68513],[79.482204,15.68416],[79.482145,15.684071],[79.482089,15.683985],[79.482032,15.6839],[79.48198,15.683822],[79.481921,15.683733],[79.481869,15.683654],[79.481809,15.683564],[79.481754,15.68348],[79.481643,15.68347]]]},"properties":{"lp":"2094","ac":"0.627","chaltha":"2094"}},{"type":"Feature","geometry":{"type":"Polygon","coordinates":[[[79.482741,15.685197],[79.483306,15.686326],[79.483628,15.686739],[79.483769,15.686702],[79.483227,15.685984],[79.48305,15.685565],[79.482867,15.68513],[79.482741,15.685197]]]},"properties":{"lp":"1733","ac":"0.637","chaltha":"1733"}},{"type":"Feature","geometry":{"type":"Polygon","coordinates":[[[79.483628,15.686739],[79.484195,15.687464],[79.484437,15.687836],[79.484568,15.687761],[79.484347,15.687468],[79.483769,15.686702],[79.483628,15.686739]]]},"properties":{"lp":"2095","ac":"0.511","chaltha":"2095"}},{"type":"Feature","geometry":{"type":"Polygon","coordinates":[[[79.485878,15.690351],[79.485808,15.69038],[79.486154,15.691005],[79.486461,15.691524],[79.486533,15.691505],[79.486237,15.690983],[79.485878,15.690351]]]},"properties":{"lp":"1947","ac":"0.302","chaltha":"1947"}},{"type":"Feature","geometry":{"type":"Polygon","coordinates":[[[79.485808,15.69038],[79.485878,15.690351],[79.485409,15.689522],[79.485344,15.689544],[79.485607,15.690017],[79.485808,15.69038]]]},"properties":{"lp":"2096","ac":"0.198","chaltha":"2096"}},{"type":"Feature","geometry":{"type":"Polygon","coordinates":[[[79.486461,15.691524],[79.486542,15.691641],[79.48663,15.691765],[79.486718,15.691888],[79.486811,15.692018],[79.486899,15.69214],[79.48699,15.692267],[79.487091,15.692408],[79.487226,15.692369],[79.487086,15.692229],[79.486945,15.692089],[79.486844,15.691946],[79.486743,15.691804],[79.48664,15.69166],[79.486533,15.691505],[79.486461,15.691524]]]},"properties":{"lp":"2097","ac":"0.251","chaltha":"2097"}},{"type":"Feature","geometry":{"type":"Polygon","coordinates":[[[79.487091,15.692408],[79.487182,15.692534],[79.487286,15.692679],[79.487379,15.692808],[79.487549,15.693046],[79.487658,15.693198],[79.487944,15.693595],[79.488016,15.693568],[79.488001,15.693545],[79.487924,15.693426],[79.487779,15.693161],[79.487671,15.692979],[79.487516,15.692749],[79.487407,15.692569],[79.487226,15.692369],[79.487091,15.692408]]]},"properties":{"lp":"1879","ac":"0.54","chaltha":"1879"}},{"type":"Feature","geometry":{"type":"Polygon","coordinates":[[[79.498127,15.656318],[79.498467,15.656218],[79.49847,15.656037],[79.498232,15.656116],[79.498225,15.655888],[79.498152,15.655908],[79.498127,15.656318]]]},"properties":{"lp":"2099","ac":"0.229","chaltha":"2099"}},{"type":"Feature","geometry":{"type":"Polygon","coordinates":[[[79.498467,15.656218],[79.499023,15.656054],[79.498598,15.655994],[79.49847,15.656037],[79.498467,15.656218]]]},"properties":{"lp":"2100","ac":"0.185","chaltha":"2100"}},{"type":"Feature","geometry":{"type":"Polygon","coordinates":[[[79.498152,15.655908],[79.498225,15.655888],[79.498228,15.655274],[79.498152,15.655908]]]},"properties":{"lp":"2098","ac":"0.065","chaltha":"2098"}}]}