{"type":"FeatureCollection","village":"HANUMANTHUNIPADU","features":[{"type":"Feature","geometry":{"type":"Polygon","coordinates":[[[79.394724,15.466029],[79.394621,15.465646],[79.393693,15.465883],[79.393809,15.466266],[79.394724,15.466029]]]},"properties":{"lp":"49"}},{"type":"Feature","geometry":{"type":"Polygon","coordinates":[[[79.417826,15.450229],[79.418139,15.45104],[79.41827,15.451377],[79.418681,15.451263],[79.419948,15.450909],[79.419876,15.449632],[79.417826,15.450229]]]},"properties":{"lp":"598"}},{"type":"Feature","geometry":{"type":"Polygon","coordinates":[[[79.420397,15.453142],[79.419023,15.453358],[79.419382,15.454509],[79.420543,15.454105],[79.420563,15.454011],[79.420397,15.453142]]]},"properties":{"lp":"602"}},{"type":"Feature","geometry":{"type":"Polygon","coordinates":[[[79.422278,15.4591],[79.423,15.458927],[79.422776,15.457904],[79.422677,15.457448],[79.422556,15.456894],[79.422499,15.456632],[79.422448,15.4564],[79.421565,15.456467],[79.421609,15.456694],[79.421745,15.457349],[79.421825,15.457739],[79.421911,15.457996],[79.422126,15.458642],[79.42222,15.458924],[79.422278,15.4591]]]},"properties":{"lp":"631"}},{"type":"Feature","geometry":{"type":"Polygon","coordinates":[[[79.419023,15.453358],[79.418991,15.453375],[79.418593,15.453582],[79.417244,15.454524],[79.417376,15.454512],[79.417648,15.454488],[79.417919,15.455166],[79.419093,15.454639],[79.419382,15.454509],[79.419023,15.453358]]]},"properties":{"lp":"528"}},{"type":"Feature","geometry":{"type":"Polygon","coordinates":[[[79.412837,15.464177],[79.412927,15.464666],[79.413006,15.465168],[79.414394,15.464835],[79.414329,15.463822],[79.414191,15.463855],[79.412837,15.464177]]]},"properties":{"lp":"345"}},{"type":"Feature","geometry":{"type":"Polygon","coordinates":[[[79.414191,15.463855],[79.41394,15.462355],[79.41253,15.462645],[79.412748,15.464127],[79.412837,15.464177],[79.414191,15.463855]]]},"properties":{"lp":"346"}},{"type":"Feature","geometry":{"type":"Polygon","coordinates":[[[79.41394,15.462355],[79.414191,15.463855],[79.414329,15.463822],[79.415078,15.46347],[79.415194,15.462766],[79.414242,15.462293],[79.41394,15.462355]]]},"properties":{"lp":"347"}},{"type":"Feature","geometry":{"type":"Polygon","coordinates":[[[79.415194,15.462766],[79.415078,15.46347],[79.414329,15.463822],[79.414394,15.464835],[79.415963,15.464344],[79.417352,15.463997],[79.415194,15.462766]]]},"properties":{"lp":"348"}},{"type":"Feature","geometry":{"type":"Polygon","coordinates":[[[79.407114,15.451817],[79.407523,15.45286],[79.408353,15.452706],[79.408036,15.451415],[79.407437,15.451676],[79.407364,15.451708],[79.407281,15.451744],[79.407203,15.451778],[79.407114,15.451817]]]},"properties":{"lp":"404"}},{"type":"Feature","geometry":{"type":"Polygon","coordinates":[[[79.412472,15.452065],[79.412821,15.451957],[79.412752,15.451723],[79.412363,15.451727],[79.412445,15.451983],[79.412472,15.452065]]]},"properties":{"lp":"429"}},{"type":"Feature","geometry":{"type":"Polygon","coordinates":[[[79.408353,15.452706],[79.409325,15.452537],[79.40965,15.452406],[79.409214,15.451203],[79.408998,15.451271],[79.408887,15.450954],[79.408438,15.45109],[79.408208,15.45116],[79.40798,15.451229],[79.408036,15.451415],[79.408353,15.452706]]]},"properties":{"lp":"405"}},{"type":"Feature","geometry":{"type":"Polygon","coordinates":[[[79.417674,15.463685],[79.419045,15.463486],[79.418603,15.46171],[79.417752,15.461737],[79.417021,15.462083],[79.417064,15.463163],[79.417576,15.463129],[79.417674,15.463685]]]},"properties":{"lp":"501"}},{"type":"Feature","geometry":{"type":"Polygon","coordinates":[[[79.41753,15.463977],[79.417674,15.463685],[79.417576,15.463129],[79.417064,15.463163],[79.417021,15.462083],[79.416987,15.461766],[79.415671,15.461857],[79.415631,15.462815],[79.41753,15.463977]]]},"properties":{"lp":"500"}},{"type":"Feature","geometry":{"type":"Polygon","coordinates":[[[79.410394,15.454809],[79.41107,15.454584],[79.410649,15.454579],[79.410394,15.454809]]]},"properties":{"lp":"455"}},{"type":"Feature","geometry":{"type":"Polygon","coordinates":[[[79.422755,15.444986],[79.424281,15.443868],[79.424069,15.443739],[79.422605,15.443949],[79.422448,15.444311],[79.422641,15.444355],[79.422705,15.444708],[79.422755,15.444986]]]},"properties":{"lp":"592"}},{"type":"Feature","geometry":{"type":"Polygon","coordinates":[[[79.426598,15.451385],[79.426491,15.450771],[79.426331,15.45035],[79.425253,15.450722],[79.425313,15.451076],[79.424533,15.451371],[79.424616,15.45166],[79.424684,15.451899],[79.424774,15.451872],[79.426598,15.451385]]]},"properties":{"lp":"669"}},{"type":"Feature","geometry":{"type":"Polygon","coordinates":[[[79.427352,15.452412],[79.427507,15.452884],[79.427912,15.45412],[79.428825,15.453778],[79.428569,15.453005],[79.428479,15.452553],[79.428291,15.452202],[79.427352,15.452412]]]},"properties":{"lp":"678"}},{"type":"Feature","geometry":{"type":"Polygon","coordinates":[[[79.427352,15.452412],[79.428291,15.452202],[79.428093,15.451836],[79.427583,15.451067],[79.427521,15.450804],[79.426491,15.450771],[79.426598,15.451385],[79.427144,15.452129],[79.427352,15.452412]]]},"properties":{"lp":"677"}},{"type":"Feature","geometry":{"type":"Polygon","coordinates":[[[79.425666,15.453615],[79.425844,15.453962],[79.426572,15.455383],[79.427313,15.454977],[79.426525,15.453274],[79.425666,15.453615]]]},"properties":{"lp":"664"}},{"type":"Feature","geometry":{"type":"Polygon","coordinates":[[[79.427313,15.454977],[79.427962,15.454621],[79.427912,15.45412],[79.427507,15.452884],[79.426525,15.453274],[79.427313,15.454977]]]},"properties":{"lp":"665"}},{"type":"Feature","geometry":{"type":"Polygon","coordinates":[[[79.425666,15.453615],[79.426525,15.453274],[79.427507,15.452884],[79.427352,15.452412],[79.427144,15.452129],[79.425165,15.452961],[79.425666,15.453615]]]},"properties":{"lp":"667"}},{"type":"Feature","geometry":{"type":"Polygon","coordinates":[[[79.423823,15.453477],[79.425165,15.452961],[79.424774,15.451872],[79.424684,15.451899],[79.423448,15.452268],[79.423823,15.453477]]]},"properties":{"lp":"646"}},{"type":"Feature","geometry":{"type":"Polygon","coordinates":[[[79.424032,15.454354],[79.425073,15.454129],[79.425844,15.453962],[79.425666,15.453615],[79.425165,15.452961],[79.423823,15.453477],[79.423964,15.454002],[79.424032,15.454354]]]},"properties":{"lp":"647"}},{"type":"Feature","geometry":{"type":"Polygon","coordinates":[[[79.425648,15.45591],[79.426616,15.455623],[79.426572,15.455383],[79.425844,15.453962],[79.425073,15.454129],[79.425648,15.45591]]]},"properties":{"lp":"663"}},{"type":"Feature","geometry":{"type":"Polygon","coordinates":[[[79.425073,15.454129],[79.424032,15.454354],[79.42392,15.455526],[79.424027,15.455978],[79.425175,15.455857],[79.425176,15.45605],[79.425648,15.45591],[79.425073,15.454129]]]},"properties":{"lp":"649"}},{"type":"Feature","geometry":{"type":"Polygon","coordinates":[[[79.413745,15.445378],[79.413745,15.445501],[79.41555,15.445861],[79.415412,15.445572],[79.413745,15.445378]]]},"properties":{"lp":"550"}},{"type":"Feature","geometry":{"type":"Polygon","coordinates":[[[79.413745,15.445378],[79.413295,15.445223],[79.412817,15.445231],[79.412977,15.446184],[79.412256,15.446384],[79.412368,15.447011],[79.412599,15.447578],[79.413989,15.447201],[79.4139,15.446582],[79.413745,15.445501],[79.413745,15.445378]]]},"properties":{"lp":"417"}},{"type":"Feature","geometry":{"type":"Polygon","coordinates":[[[79.408331,15.463239],[79.408115,15.462996],[79.406773,15.463341],[79.406798,15.463436],[79.406853,15.463618],[79.406915,15.463609],[79.407991,15.463328],[79.408331,15.463239]]]},"properties":{"lp":"220"}},{"type":"Feature","geometry":{"type":"Polygon","coordinates":[[[79.406773,15.463341],[79.408115,15.462996],[79.407862,15.462711],[79.407284,15.462872],[79.406988,15.462955],[79.406693,15.463037],[79.406773,15.463341]]]},"properties":{"lp":"221"}},{"type":"Feature","geometry":{"type":"Polygon","coordinates":[[[79.406597,15.462679],[79.406886,15.4626],[79.407178,15.462521],[79.407697,15.462379],[79.407616,15.462147],[79.407593,15.462019],[79.407038,15.462171],[79.406479,15.462324],[79.406567,15.462568],[79.406597,15.462679]]]},"properties":{"lp":"225"}},{"type":"Feature","geometry":{"type":"Polygon","coordinates":[[[79.407461,15.461524],[79.4075,15.461662],[79.40758,15.461951],[79.407755,15.461987],[79.407461,15.461524]]]},"properties":{"lp":"246"}},{"type":"Feature","geometry":{"type":"Polygon","coordinates":[[[79.416095,15.457407],[79.416057,15.457151],[79.415564,15.457261],[79.415751,15.457983],[79.416188,15.457902],[79.416095,15.457407]]]},"properties":{"lp":"488"}},{"type":"Feature","geometry":{"type":"Polygon","coordinates":[[[79.416188,15.457902],[79.416815,15.457788],[79.416774,15.457607],[79.416726,15.457395],[79.416095,15.457407],[79.416188,15.457902]]]},"properties":{"lp":"487"}},{"type":"Feature","geometry":{"type":"Polygon","coordinates":[[[79.415751,15.457983],[79.415564,15.457261],[79.415454,15.457286],[79.415457,15.457457],[79.41492,15.457581],[79.415013,15.458118],[79.415751,15.457983]]]},"properties":{"lp":"489"}},{"type":"Feature","geometry":{"type":"Polygon","coordinates":[[[79.422448,15.4564],[79.424081,15.456198],[79.424027,15.455978],[79.423749,15.455577],[79.423208,15.455696],[79.422562,15.455832],[79.422448,15.4564]]]},"properties":{"lp":"634"}},{"type":"Feature","geometry":{"type":"Polygon","coordinates":[[[79.422448,15.4564],[79.422499,15.456632],[79.424135,15.456414],[79.424081,15.456198],[79.422448,15.4564]]]},"properties":{"lp":"633"}},{"type":"Feature","geometry":{"type":"Polygon","coordinates":[[[79.422499,15.456632],[79.422556,15.456894],[79.424182,15.456603],[79.424148,15.456464],[79.424135,15.456414],[79.422499,15.456632]]]},"properties":{"lp":"632"}},{"type":"Feature","geometry":{"type":"Polygon","coordinates":[[[79.421677,15.451407],[79.42217,15.452787],[79.423448,15.452268],[79.423393,15.451985],[79.423194,15.450964],[79.42241,15.451132],[79.421647,15.451297],[79.421677,15.451407]]]},"properties":{"lp":"638"}},{"type":"Feature","geometry":{"type":"Polygon","coordinates":[[[79.421413,15.450452],[79.42155,15.450946],[79.421647,15.451297],[79.42241,15.451132],[79.422205,15.45031],[79.421413,15.450452]]]},"properties":{"lp":"639"}},{"type":"Feature","geometry":{"type":"Polygon","coordinates":[[[79.422205,15.45031],[79.42241,15.451132],[79.423194,15.450964],[79.423038,15.450161],[79.422205,15.45031]]]},"properties":{"lp":"640"}},{"type":"Feature","geometry":{"type":"Polygon","coordinates":[[[79.408397,15.459853],[79.409102,15.459763],[79.409069,15.45961],[79.408363,15.459675],[79.408397,15.459853]]]},"properties":{"lp":"310"}},{"type":"Feature","geometry":{"type":"Polygon","coordinates":[[[79.424616,15.45166],[79.423393,15.451985],[79.423448,15.452268],[79.424684,15.451899],[79.424616,15.45166]]]},"properties":{"lp":"645"}},{"type":"Feature","geometry":{"type":"Polygon","coordinates":[[[79.423393,15.451985],[79.424616,15.45166],[79.424533,15.451371],[79.424129,15.449957],[79.423038,15.450161],[79.423194,15.450964],[79.423393,15.451985]]]},"properties":{"lp":"644"}},{"type":"Feature","geometry":{"type":"Polygon","coordinates":[[[79.431057,15.444594],[79.432636,15.444113],[79.432446,15.443335],[79.43085,15.443622],[79.430168,15.444282],[79.431057,15.444594]]]},"properties":{"lp":"700"}},{"type":"Feature","geometry":{"type":"Polygon","coordinates":[[[79.409008,15.457643],[79.408907,15.457993],[79.409106,15.457955],[79.409008,15.457643]]]},"properties":{"lp":"331"}},{"type":"Feature","geometry":{"type":"Polygon","coordinates":[[[79.40181,15.463079],[79.40241,15.462815],[79.402302,15.462255],[79.401606,15.462374],[79.40181,15.463079]]]},"properties":{"lp":"709"}},{"type":"Feature","geometry":{"type":"Polygon","coordinates":[[[79.405044,15.461103],[79.405295,15.461117],[79.405262,15.460936],[79.405041,15.460907],[79.405044,15.461103]]]},"properties":{"lp":"234"}},{"type":"Feature","geometry":{"type":"Polygon","coordinates":[[[79.422556,15.456894],[79.422677,15.457448],[79.424315,15.457128],[79.424257,15.456899],[79.424182,15.456603],[79.422556,15.456894]]]},"properties":{"lp":"630"}},{"type":"Feature","geometry":{"type":"Polygon","coordinates":[[[79.422677,15.457448],[79.422776,15.457904],[79.42445,15.457658],[79.424315,15.457128],[79.422677,15.457448]]]},"properties":{"lp":"629"}},{"type":"Feature","geometry":{"type":"Polygon","coordinates":[[[79.423,15.458927],[79.424707,15.458673],[79.424484,15.457793],[79.42445,15.457658],[79.422776,15.457904],[79.423,15.458927]]]},"properties":{"lp":"628"}},{"type":"Feature","geometry":{"type":"Polygon","coordinates":[[[79.408363,15.459675],[79.409069,15.45961],[79.409028,15.459388],[79.408451,15.459399],[79.408363,15.459675]]]},"properties":{"lp":"311"}},{"type":"Feature","geometry":{"type":"Polygon","coordinates":[[[79.408559,15.45906],[79.40897,15.45908],[79.408945,15.458947],[79.408599,15.458931],[79.408559,15.45906]]]},"properties":{"lp":"315"}},{"type":"Feature","geometry":{"type":"Polygon","coordinates":[[[79.408599,15.458931],[79.408945,15.458947],[79.408896,15.45869],[79.408871,15.45859],[79.408807,15.458336],[79.408799,15.458303],[79.408599,15.458931]]]},"properties":{"lp":"316"}},{"type":"Feature","geometry":{"type":"Polygon","coordinates":[[[79.408451,15.459399],[79.409028,15.459388],[79.409014,15.459314],[79.408474,15.459326],[79.408451,15.459399]]]},"properties":{"lp":"312"}},{"type":"Feature","geometry":{"type":"Polygon","coordinates":[[[79.408474,15.459326],[79.409014,15.459314],[79.408987,15.459173],[79.408529,15.459154],[79.408474,15.459326]]]},"properties":{"lp":"313"}},{"type":"Feature","geometry":{"type":"Polygon","coordinates":[[[79.408529,15.459154],[79.408987,15.459173],[79.40897,15.45908],[79.408559,15.45906],[79.408529,15.459154]]]},"properties":{"lp":"314"}},{"type":"Feature","geometry":{"type":"Polygon","coordinates":[[[79.422538,15.462999],[79.423642,15.462711],[79.423483,15.461815],[79.421726,15.46246],[79.422538,15.462999]]]},"properties":{"lp":"621"}},{"type":"Feature","geometry":{"type":"Polygon","coordinates":[[[79.424774,15.451872],[79.425165,15.452961],[79.427144,15.452129],[79.426598,15.451385],[79.424774,15.451872]]]},"properties":{"lp":"668"}},{"type":"Feature","geometry":{"type":"Polygon","coordinates":[[[79.430897,15.454006],[79.432295,15.453231],[79.432361,15.450613],[79.429808,15.452615],[79.430897,15.454006]]]},"properties":{"lp":"686"}},{"type":"Feature","geometry":{"type":"Polygon","coordinates":[[[79.433209,15.452779],[79.432824,15.450532],[79.432361,15.450613],[79.432295,15.453231],[79.433209,15.452779]]]},"properties":{"lp":"687"}},{"type":"Feature","geometry":{"type":"Polygon","coordinates":[[[79.433209,15.452779],[79.433405,15.452682],[79.433508,15.452334],[79.434135,15.452265],[79.4337,15.450379],[79.432824,15.450532],[79.433209,15.452779]]]},"properties":{"lp":"688"}},{"type":"Feature","geometry":{"type":"Polygon","coordinates":[[[79.434135,15.452265],[79.434811,15.452191],[79.434919,15.450474],[79.4337,15.450379],[79.434135,15.452265]]]},"properties":{"lp":"689"}},{"type":"Feature","geometry":{"type":"Polygon","coordinates":[[[79.4337,15.450379],[79.434919,15.450474],[79.434972,15.449709],[79.434453,15.449473],[79.4337,15.450379]]]},"properties":{"lp":"690"}},{"type":"Feature","geometry":{"type":"Polygon","coordinates":[[[79.432483,15.447285],[79.431952,15.447398],[79.432203,15.44937],[79.432638,15.44939],[79.433098,15.448015],[79.432483,15.447285]]]},"properties":{"lp":"693"}},{"type":"Feature","geometry":{"type":"Polygon","coordinates":[[[79.433098,15.448015],[79.432638,15.44939],[79.434003,15.449452],[79.434069,15.449455],[79.434077,15.448009],[79.433288,15.448011],[79.433098,15.448015]]]},"properties":{"lp":"694"}},{"type":"Feature","geometry":{"type":"Polygon","coordinates":[[[79.434069,15.449455],[79.434453,15.449473],[79.434972,15.449709],[79.434905,15.448007],[79.434077,15.448009],[79.434069,15.449455]]]},"properties":{"lp":"697"}},{"type":"Feature","geometry":{"type":"Polygon","coordinates":[[[79.429931,15.454488],[79.430897,15.454006],[79.429808,15.452615],[79.429183,15.452812],[79.429931,15.454488]]]},"properties":{"lp":"685"}},{"type":"Feature","geometry":{"type":"Polygon","coordinates":[[[79.411972,15.465387],[79.411972,15.465429],[79.412674,15.465405],[79.414374,15.465007],[79.417074,15.464376],[79.418482,15.464047],[79.41753,15.463977],[79.417352,15.463997],[79.415963,15.464344],[79.414394,15.464835],[79.413006,15.465168],[79.411972,15.465387]]]},"properties":{"lp":"344"}},{"type":"Feature","geometry":{"type":"Polygon","coordinates":[[[79.414242,15.462293],[79.415194,15.462766],[79.417352,15.463997],[79.41753,15.463977],[79.415631,15.462815],[79.414242,15.462293]]]},"properties":{"lp":"349"}},{"type":"Feature","geometry":{"type":"Polygon","coordinates":[[[79.415581,15.461419],[79.415671,15.461857],[79.416987,15.461766],[79.417021,15.462083],[79.417752,15.461737],[79.418603,15.46171],[79.418632,15.461577],[79.415581,15.461419]]]},"properties":{"lp":"499"}},{"type":"Feature","geometry":{"type":"Polygon","coordinates":[[[79.411781,15.461189],[79.411821,15.461329],[79.412965,15.460889],[79.413807,15.460893],[79.41343,15.460591],[79.411781,15.461189]]]},"properties":{"lp":"341"}},{"type":"Feature","geometry":{"type":"Polygon","coordinates":[[[79.410862,15.461835],[79.411821,15.461329],[79.411781,15.461189],[79.410862,15.461835]]]},"properties":{"lp":"340"}},{"type":"Feature","geometry":{"type":"Polygon","coordinates":[[[79.422755,15.444986],[79.422848,15.445338],[79.424614,15.444035],[79.424281,15.443868],[79.422755,15.444986]]]},"properties":{"lp":"593"}},{"type":"Feature","geometry":{"type":"Polygon","coordinates":[[[79.432483,15.447285],[79.431961,15.445879],[79.431323,15.446135],[79.43182,15.447404],[79.431952,15.447398],[79.432483,15.447285]]]},"properties":{"lp":"698"}},{"type":"Feature","geometry":{"type":"Polygon","coordinates":[[[79.428394,15.459978],[79.427296,15.460211],[79.42735,15.460472],[79.427611,15.461615],[79.42889,15.461222],[79.428394,15.459978]]]},"properties":{"lp":"655"}},{"type":"Feature","geometry":{"type":"Polygon","coordinates":[[[79.427611,15.461615],[79.42735,15.460472],[79.42617,15.460846],[79.426437,15.461976],[79.427611,15.461615]]]},"properties":{"lp":"654"}},{"type":"Feature","geometry":{"type":"Polygon","coordinates":[[[79.426437,15.461976],[79.42617,15.460846],[79.42498,15.461272],[79.425229,15.462294],[79.426437,15.461976]]]},"properties":{"lp":"623"}},{"type":"Feature","geometry":{"type":"Polygon","coordinates":[[[79.425229,15.462294],[79.42498,15.461272],[79.424628,15.461399],[79.424597,15.461601],[79.423483,15.461815],[79.423642,15.462711],[79.425229,15.462294]]]},"properties":{"lp":"622"}},{"type":"Feature","geometry":{"type":"Polygon","coordinates":[[[79.42133,15.446556],[79.422609,15.446597],[79.422409,15.445691],[79.42133,15.446556]]]},"properties":{"lp":"581"}},{"type":"Feature","geometry":{"type":"Polygon","coordinates":[[[79.422609,15.446597],[79.423155,15.446615],[79.422848,15.445338],[79.422409,15.445691],[79.422609,15.446597]]]},"properties":{"lp":"582"}},{"type":"Feature","geometry":{"type":"Polygon","coordinates":[[[79.422705,15.444708],[79.422641,15.444355],[79.422448,15.444311],[79.421631,15.444589],[79.421808,15.445081],[79.422705,15.444708]]]},"properties":{"lp":"591"}},{"type":"Feature","geometry":{"type":"Polygon","coordinates":[[[79.421808,15.445081],[79.421631,15.444589],[79.420804,15.44487],[79.420994,15.445419],[79.421808,15.445081]]]},"properties":{"lp":"590"}},{"type":"Feature","geometry":{"type":"Polygon","coordinates":[[[79.420994,15.445419],[79.421254,15.446172],[79.422755,15.444986],[79.422705,15.444708],[79.421808,15.445081],[79.420994,15.445419]]]},"properties":{"lp":"589"}},{"type":"Feature","geometry":{"type":"Polygon","coordinates":[[[79.421254,15.446172],[79.42133,15.446556],[79.422409,15.445691],[79.422848,15.445338],[79.422755,15.444986],[79.421254,15.446172]]]},"properties":{"lp":"583"}},{"type":"Feature","geometry":{"type":"Polygon","coordinates":[[[79.425735,15.443911],[79.425026,15.44427],[79.424988,15.446196],[79.425907,15.446151],[79.425735,15.443911]]]},"properties":{"lp":"675"}},{"type":"Feature","geometry":{"type":"Polygon","coordinates":[[[79.424988,15.446196],[79.424961,15.447556],[79.425095,15.448039],[79.425954,15.447915],[79.425916,15.446272],[79.425907,15.446151],[79.424988,15.446196]]]},"properties":{"lp":"674"}},{"type":"Feature","geometry":{"type":"Polygon","coordinates":[[[79.420365,15.456894],[79.420431,15.457309],[79.420482,15.457632],[79.421745,15.457349],[79.421609,15.456694],[79.420365,15.456894]]]},"properties":{"lp":"604"}},{"type":"Feature","geometry":{"type":"Polygon","coordinates":[[[79.42056,15.458277],[79.421911,15.457996],[79.421825,15.457739],[79.421745,15.457349],[79.420482,15.457632],[79.42054,15.458106],[79.42056,15.458277]]]},"properties":{"lp":"605"}},{"type":"Feature","geometry":{"type":"Polygon","coordinates":[[[79.420117,15.462197],[79.420555,15.462222],[79.420986,15.462247],[79.420786,15.460938],[79.420025,15.461049],[79.420117,15.462197]]]},"properties":{"lp":"510"}},{"type":"Feature","geometry":{"type":"Polygon","coordinates":[[[79.420025,15.461049],[79.420786,15.460938],[79.420759,15.460763],[79.420649,15.460044],[79.420341,15.460071],[79.42002,15.4601],[79.419949,15.460106],[79.420025,15.461049]]]},"properties":{"lp":"511"}},{"type":"Feature","geometry":{"type":"Polygon","coordinates":[[[79.418769,15.4517],[79.418139,15.451884],[79.418231,15.45223],[79.418391,15.452827],[79.41853,15.453346],[79.418593,15.453582],[79.418991,15.453375],[79.418769,15.4517]]]},"properties":{"lp":"533"}},{"type":"Feature","geometry":{"type":"Polygon","coordinates":[[[79.413989,15.447201],[79.414243,15.448459],[79.414682,15.448309],[79.414419,15.447048],[79.413989,15.447201]]]},"properties":{"lp":"544"}},{"type":"Feature","geometry":{"type":"Polygon","coordinates":[[[79.414419,15.447048],[79.414682,15.448309],[79.415935,15.447881],[79.415733,15.446923],[79.415667,15.446606],[79.415104,15.446805],[79.414544,15.447004],[79.414419,15.447048]]]},"properties":{"lp":"545"}},{"type":"Feature","geometry":{"type":"Polygon","coordinates":[[[79.421726,15.46246],[79.423483,15.461815],[79.42345,15.461641],[79.423063,15.461776],[79.42255,15.461956],[79.421807,15.462217],[79.421726,15.46246]]]},"properties":{"lp":"620"}},{"type":"Feature","geometry":{"type":"Polygon","coordinates":[[[79.42617,15.460846],[79.42735,15.460472],[79.427296,15.460211],[79.427129,15.459368],[79.425805,15.459748],[79.42617,15.460846]]]},"properties":{"lp":"656"}},{"type":"Feature","geometry":{"type":"Polygon","coordinates":[[[79.425805,15.459748],[79.427129,15.459368],[79.42701,15.45876],[79.425639,15.459147],[79.425728,15.459515],[79.425805,15.459748]]]},"properties":{"lp":"657"}},{"type":"Feature","geometry":{"type":"Polygon","coordinates":[[[79.425616,15.457931],[79.426911,15.457702],[79.426955,15.457515],[79.426852,15.45694],[79.425452,15.457229],[79.425531,15.457567],[79.425616,15.457931]]]},"properties":{"lp":"660"}},{"type":"Feature","geometry":{"type":"Polygon","coordinates":[[[79.425452,15.457229],[79.426852,15.45694],[79.426702,15.456106],[79.425259,15.456406],[79.425325,15.456687],[79.425452,15.457229]]]},"properties":{"lp":"661"}},{"type":"Feature","geometry":{"type":"Polygon","coordinates":[[[79.425259,15.456406],[79.426702,15.456106],[79.426616,15.455623],[79.425648,15.45591],[79.425176,15.45605],[79.425221,15.456242],[79.425259,15.456406]]]},"properties":{"lp":"662"}},{"type":"Feature","geometry":{"type":"Polygon","coordinates":[[[79.4337,15.450379],[79.434453,15.449473],[79.434069,15.449455],[79.434003,15.449452],[79.4337,15.450379]]]},"properties":{"lp":"691"}},{"type":"Feature","geometry":{"type":"Polygon","coordinates":[[[79.432361,15.450613],[79.432824,15.450532],[79.4337,15.450379],[79.434003,15.449452],[79.432638,15.44939],[79.432203,15.44937],[79.432361,15.450613]]]},"properties":{"lp":"692"}},{"type":"Feature","geometry":{"type":"Polygon","coordinates":[[[79.417233,15.447308],[79.41769,15.44715],[79.417389,15.44603],[79.417168,15.446116],[79.417045,15.446163],[79.417077,15.44636],[79.417233,15.447308]]]},"properties":{"lp":"557"}},{"type":"Feature","geometry":{"type":"Polygon","coordinates":[[[79.417168,15.446116],[79.417389,15.44603],[79.41778,15.44588],[79.417744,15.445147],[79.417009,15.445274],[79.417168,15.446116]]]},"properties":{"lp":"553"}},{"type":"Feature","geometry":{"type":"Polygon","coordinates":[[[79.417077,15.44636],[79.417045,15.446163],[79.417168,15.446116],[79.417009,15.445274],[79.41666,15.445335],[79.416477,15.445369],[79.416686,15.446428],[79.416732,15.44642],[79.417077,15.44636]]]},"properties":{"lp":"552"}},{"type":"Feature","geometry":{"type":"Polygon","coordinates":[[[79.415667,15.446606],[79.416686,15.446428],[79.416477,15.445369],[79.415412,15.445572],[79.41555,15.445861],[79.415582,15.446064],[79.415667,15.446606]]]},"properties":{"lp":"551"}},{"type":"Feature","geometry":{"type":"Polygon","coordinates":[[[79.415935,15.447881],[79.416775,15.447693],[79.416589,15.447066],[79.415733,15.446923],[79.415935,15.447881]]]},"properties":{"lp":"556"}},{"type":"Feature","geometry":{"type":"Polygon","coordinates":[[[79.416686,15.446428],[79.415667,15.446606],[79.415733,15.446923],[79.416589,15.447066],[79.416873,15.447007],[79.416732,15.44642],[79.416686,15.446428]]]},"properties":{"lp":"554"}},{"type":"Feature","geometry":{"type":"Polygon","coordinates":[[[79.416775,15.447693],[79.417262,15.447585],[79.417233,15.447308],[79.417077,15.44636],[79.416732,15.44642],[79.416873,15.447007],[79.416589,15.447066],[79.416775,15.447693]]]},"properties":{"lp":"555"}},{"type":"Feature","geometry":{"type":"Polygon","coordinates":[[[79.418781,15.446807],[79.418715,15.446589],[79.418664,15.44642],[79.417984,15.446619],[79.418091,15.447011],[79.418453,15.446904],[79.418781,15.446807]]]},"properties":{"lp":"559"}},{"type":"Feature","geometry":{"type":"Polygon","coordinates":[[[79.417984,15.446619],[79.418664,15.44642],[79.418637,15.446329],[79.418561,15.446078],[79.417886,15.446264],[79.417984,15.446619]]]},"properties":{"lp":"560"}},{"type":"Feature","geometry":{"type":"Polygon","coordinates":[[[79.417886,15.446264],[79.418561,15.446078],[79.418403,15.445555],[79.418316,15.445582],[79.418345,15.445717],[79.41778,15.44588],[79.417886,15.446264]]]},"properties":{"lp":"561"}},{"type":"Feature","geometry":{"type":"Polygon","coordinates":[[[79.418715,15.446589],[79.419272,15.446424],[79.419798,15.446268],[79.419726,15.445992],[79.418637,15.446329],[79.418664,15.44642],[79.418715,15.446589]]]},"properties":{"lp":"567"}},{"type":"Feature","geometry":{"type":"Polygon","coordinates":[[[79.418561,15.446078],[79.419004,15.445953],[79.418931,15.445698],[79.41885,15.445418],[79.418403,15.445555],[79.418561,15.446078]]]},"properties":{"lp":"562"}},{"type":"Feature","geometry":{"type":"Polygon","coordinates":[[[79.419004,15.445953],[79.41931,15.445867],[79.419266,15.445705],[79.419241,15.445608],[79.418931,15.445698],[79.419004,15.445953]]]},"properties":{"lp":"564"}},{"type":"Feature","geometry":{"type":"Polygon","coordinates":[[[79.418931,15.445698],[79.419241,15.445608],[79.419164,15.445322],[79.41885,15.445418],[79.418931,15.445698]]]},"properties":{"lp":"563"}},{"type":"Feature","geometry":{"type":"Polygon","coordinates":[[[79.419564,15.445376],[79.419498,15.44522],[79.419164,15.445322],[79.419241,15.445608],[79.419266,15.445705],[79.419624,15.445604],[79.419564,15.445376]]]},"properties":{"lp":"565"}},{"type":"Feature","geometry":{"type":"Polygon","coordinates":[[[79.418561,15.446078],[79.418637,15.446329],[79.419726,15.445992],[79.419624,15.445604],[79.419266,15.445705],[79.41931,15.445867],[79.419004,15.445953],[79.418561,15.446078]]]},"properties":{"lp":"566"}},{"type":"Feature","geometry":{"type":"Polygon","coordinates":[[[79.418715,15.446589],[79.418781,15.446807],[79.419259,15.446673],[79.419325,15.446655],[79.419272,15.446424],[79.418715,15.446589]]]},"properties":{"lp":"568"}},{"type":"Feature","geometry":{"type":"Polygon","coordinates":[[[79.419325,15.446655],[79.41986,15.446505],[79.419798,15.446268],[79.419272,15.446424],[79.419325,15.446655]]]},"properties":{"lp":"569"}},{"type":"Feature","geometry":{"type":"Polygon","coordinates":[[[79.421254,15.446172],[79.420994,15.445419],[79.420804,15.44487],[79.42034,15.445071],[79.419564,15.445376],[79.419624,15.445604],[79.419726,15.445992],[79.419798,15.446268],[79.41986,15.446505],[79.419976,15.446664],[79.420087,15.446816],[79.420205,15.446978],[79.421254,15.446172]]]},"properties":{"lp":"588"}},{"type":"Feature","geometry":{"type":"Polygon","coordinates":[[[79.419012,15.447532],[79.419483,15.447218],[79.420087,15.446816],[79.419976,15.446664],[79.419315,15.446984],[79.418905,15.447182],[79.41896,15.447347],[79.419012,15.447532]]]},"properties":{"lp":"586"}},{"type":"Feature","geometry":{"type":"Polygon","coordinates":[[[79.419095,15.447831],[79.419617,15.44743],[79.419483,15.447218],[79.419012,15.447532],[79.419095,15.447831]]]},"properties":{"lp":"584"}},{"type":"Feature","geometry":{"type":"Polygon","coordinates":[[[79.419617,15.44743],[79.420205,15.446978],[79.420087,15.446816],[79.419483,15.447218],[79.419617,15.44743]]]},"properties":{"lp":"585"}},{"type":"Feature","geometry":{"type":"Polygon","coordinates":[[[79.425954,15.447915],[79.425095,15.448039],[79.425468,15.449243],[79.426052,15.449133],[79.426519,15.448949],[79.426245,15.447843],[79.425954,15.447915]]]},"properties":{"lp":"672"}},{"type":"Feature","geometry":{"type":"Polygon","coordinates":[[[79.426245,15.447843],[79.426519,15.448949],[79.427709,15.448479],[79.427574,15.447514],[79.426245,15.447843]]]},"properties":{"lp":"673"}},{"type":"Feature","geometry":{"type":"Polygon","coordinates":[[[79.424257,15.456899],[79.424315,15.457128],[79.42445,15.457658],[79.424484,15.457793],[79.425531,15.457567],[79.425452,15.457229],[79.425325,15.456687],[79.424257,15.456899]]]},"properties":{"lp":"652"}},{"type":"Feature","geometry":{"type":"Polygon","coordinates":[[[79.424484,15.457793],[79.424707,15.458673],[79.425479,15.458486],[79.425866,15.458382],[79.425616,15.457931],[79.425531,15.457567],[79.424484,15.457793]]]},"properties":{"lp":"653"}},{"type":"Feature","geometry":{"type":"Polygon","coordinates":[[[79.424707,15.458673],[79.424938,15.45971],[79.425728,15.459515],[79.425639,15.459147],[79.425479,15.458486],[79.424707,15.458673]]]},"properties":{"lp":"627"}},{"type":"Feature","geometry":{"type":"Polygon","coordinates":[[[79.421992,15.461657],[79.422418,15.461409],[79.422864,15.461148],[79.423307,15.46089],[79.423292,15.460625],[79.421838,15.460964],[79.421992,15.461657]]]},"properties":{"lp":"616"}},{"type":"Feature","geometry":{"type":"Polygon","coordinates":[[[79.421838,15.460964],[79.423292,15.460625],[79.423281,15.460424],[79.423262,15.460072],[79.421756,15.460591],[79.421838,15.460964]]]},"properties":{"lp":"615"}},{"type":"Feature","geometry":{"type":"Polygon","coordinates":[[[79.421756,15.460591],[79.423262,15.460072],[79.423253,15.459925],[79.423,15.458927],[79.422278,15.4591],[79.422304,15.459193],[79.422463,15.459758],[79.421608,15.459925],[79.421756,15.460591]]]},"properties":{"lp":"614"}},{"type":"Feature","geometry":{"type":"Polygon","coordinates":[[[79.420986,15.462247],[79.421726,15.46246],[79.421807,15.462217],[79.421992,15.461657],[79.421838,15.460964],[79.421756,15.460591],[79.421352,15.46066],[79.420759,15.460763],[79.420786,15.460938],[79.420986,15.462247]]]},"properties":{"lp":"613"}},{"type":"Feature","geometry":{"type":"Polygon","coordinates":[[[79.420649,15.460044],[79.420759,15.460763],[79.421352,15.46066],[79.421221,15.459973],[79.420649,15.460044]]]},"properties":{"lp":"612"}},{"type":"Feature","geometry":{"type":"Polygon","coordinates":[[[79.421352,15.46066],[79.421756,15.460591],[79.421608,15.459925],[79.421574,15.459929],[79.421221,15.459973],[79.421352,15.46066]]]},"properties":{"lp":"611"}},{"type":"Feature","geometry":{"type":"Polygon","coordinates":[[[79.418632,15.461577],[79.419209,15.461682],[79.419021,15.460188],[79.418926,15.459884],[79.418276,15.45998],[79.418632,15.461577]]]},"properties":{"lp":"507"}},{"type":"Feature","geometry":{"type":"Polygon","coordinates":[[[79.411362,15.448517],[79.412779,15.448065],[79.412599,15.447578],[79.41131,15.447746],[79.411362,15.448517]]]},"properties":{"lp":"415"}},{"type":"Feature","geometry":{"type":"Polygon","coordinates":[[[79.411362,15.448517],[79.411407,15.449183],[79.412118,15.449032],[79.413061,15.448832],[79.412779,15.448065],[79.411362,15.448517]]]},"properties":{"lp":"414"}},{"type":"Feature","geometry":{"type":"Polygon","coordinates":[[[79.411378,15.454391],[79.411302,15.454402],[79.411286,15.45457],[79.411795,15.456179],[79.41188,15.456162],[79.411378,15.454391]]]},"properties":{"lp":"457"}},{"type":"Feature","geometry":{"type":"Polygon","coordinates":[[[79.41253,15.462645],[79.41394,15.462355],[79.414242,15.462293],[79.413807,15.460893],[79.412965,15.460889],[79.411821,15.461329],[79.41253,15.462645]]]},"properties":{"lp":"350"}},{"type":"Feature","geometry":{"type":"Polygon","coordinates":[[[79.409101,15.446622],[79.40879,15.446765],[79.408535,15.44694],[79.407805,15.447099],[79.407955,15.447939],[79.407993,15.448156],[79.409482,15.447678],[79.409101,15.446622]]]},"properties":{"lp":"385"}},{"type":"Feature","geometry":{"type":"Polygon","coordinates":[[[79.409482,15.447678],[79.409641,15.447621],[79.409743,15.447875],[79.410101,15.447803],[79.411037,15.447616],[79.410487,15.446488],[79.410374,15.446181],[79.409521,15.446392],[79.409101,15.446622],[79.409482,15.447678]]]},"properties":{"lp":"695"}},{"type":"Feature","geometry":{"type":"Polygon","coordinates":[[[79.410566,15.44942],[79.411407,15.449183],[79.411278,15.448637],[79.410409,15.448873],[79.410566,15.44942]]]},"properties":{"lp":"390"}},{"type":"Feature","geometry":{"type":"Polygon","coordinates":[[[79.410409,15.448873],[79.411278,15.448637],[79.411037,15.447616],[79.410101,15.447803],[79.410409,15.448873]]]},"properties":{"lp":"389"}},{"type":"Feature","geometry":{"type":"Polygon","coordinates":[[[79.411037,15.447616],[79.411278,15.448637],[79.411407,15.449183],[79.411362,15.448517],[79.41131,15.447746],[79.411037,15.447616]]]},"properties":{"lp":"388"}},{"type":"Feature","geometry":{"type":"Polygon","coordinates":[[[79.411037,15.447616],[79.41131,15.447746],[79.411447,15.447013],[79.411037,15.447616]]]},"properties":{"lp":"387"}},{"type":"Feature","geometry":{"type":"Polygon","coordinates":[[[79.411037,15.447616],[79.411447,15.447013],[79.411715,15.446511],[79.410487,15.446488],[79.411037,15.447616]]]},"properties":{"lp":"386"}},{"type":"Feature","geometry":{"type":"Polygon","coordinates":[[[79.410164,15.449548],[79.409937,15.449621],[79.410138,15.450395],[79.410739,15.450227],[79.410924,15.450946],[79.411648,15.450789],[79.411584,15.450494],[79.411516,15.449992],[79.411465,15.44961],[79.411407,15.449183],[79.410566,15.44942],[79.410409,15.448873],[79.410101,15.447803],[79.409743,15.447875],[79.410164,15.449548]]]},"properties":{"lp":"391"}},{"type":"Feature","geometry":{"type":"Polygon","coordinates":[[[79.396124,15.462839],[79.396291,15.462796],[79.396434,15.462492],[79.396295,15.462399],[79.396289,15.462267],[79.396073,15.462301],[79.396124,15.462839]]]},"properties":{"lp":"63"}},{"type":"Feature","geometry":{"type":"Polygon","coordinates":[[[79.389918,15.463137],[79.390059,15.463559],[79.390142,15.463771],[79.391611,15.46346],[79.391597,15.463401],[79.391461,15.462842],[79.389918,15.463137]]]},"properties":{"lp":"35"}},{"type":"Feature","geometry":{"type":"Polygon","coordinates":[[[79.390142,15.463771],[79.390355,15.464317],[79.390378,15.464377],[79.390395,15.464431],[79.391773,15.464123],[79.39173,15.463948],[79.391611,15.46346],[79.390142,15.463771]]]},"properties":{"lp":"34"}},{"type":"Feature","geometry":{"type":"Polygon","coordinates":[[[79.390395,15.464431],[79.3905,15.464762],[79.390789,15.464657],[79.390875,15.465008],[79.390914,15.465165],[79.391986,15.464909],[79.391898,15.464583],[79.391773,15.464123],[79.390395,15.464431]]]},"properties":{"lp":"1"}},{"type":"Feature","geometry":{"type":"Polygon","coordinates":[[[79.391134,15.466075],[79.392211,15.465736],[79.39202,15.465033],[79.392002,15.464967],[79.391986,15.464909],[79.390914,15.465165],[79.390954,15.465329],[79.391033,15.465652],[79.391134,15.466075]]]},"properties":{"lp":"2"}},{"type":"Feature","geometry":{"type":"Polygon","coordinates":[[[79.391738,15.469204],[79.392295,15.468873],[79.393026,15.468627],[79.393076,15.468613],[79.393009,15.468464],[79.392976,15.468479],[79.391697,15.469045],[79.391738,15.469204]]]},"properties":{"lp":"9"}},{"type":"Feature","geometry":{"type":"Polygon","coordinates":[[[79.393076,15.468613],[79.394155,15.468146],[79.39403,15.468008],[79.393009,15.468464],[79.393076,15.468613]]]},"properties":{"lp":"11"}},{"type":"Feature","geometry":{"type":"Polygon","coordinates":[[[79.414354,15.453723],[79.414446,15.454007],[79.41452,15.454262],[79.415373,15.454049],[79.415372,15.453529],[79.414354,15.453723]]]},"properties":{"lp":"469"}},{"type":"Feature","geometry":{"type":"Polygon","coordinates":[[[79.413894,15.452172],[79.413976,15.452569],[79.414473,15.452463],[79.414338,15.451856],[79.413894,15.452172]]]},"properties":{"lp":"471"}},{"type":"Feature","geometry":{"type":"Polygon","coordinates":[[[79.414338,15.451856],[79.414473,15.452463],[79.414843,15.452384],[79.414656,15.451629],[79.414338,15.451856]]]},"properties":{"lp":"472"}},{"type":"Feature","geometry":{"type":"Polygon","coordinates":[[[79.414656,15.451629],[79.414843,15.452384],[79.414995,15.452352],[79.414799,15.451527],[79.414656,15.451629]]]},"properties":{"lp":"473"}},{"type":"Feature","geometry":{"type":"Polygon","coordinates":[[[79.414799,15.451527],[79.414995,15.452352],[79.415133,15.452322],[79.414928,15.451435],[79.414799,15.451527]]]},"properties":{"lp":"474"}},{"type":"Feature","geometry":{"type":"Polygon","coordinates":[[[79.415179,15.451256],[79.414928,15.451435],[79.415133,15.452322],[79.415278,15.452291],[79.415371,15.452272],[79.415308,15.451935],[79.415179,15.451256]]]},"properties":{"lp":"475"}},{"type":"Feature","geometry":{"type":"Polygon","coordinates":[[[79.421413,15.450452],[79.422205,15.45031],[79.423038,15.450161],[79.422933,15.449598],[79.421304,15.44992],[79.421413,15.450452]]]},"properties":{"lp":"641"}},{"type":"Feature","geometry":{"type":"Polygon","coordinates":[[[79.418091,15.447011],[79.417934,15.447066],[79.418406,15.448448],[79.41885,15.448116],[79.418453,15.446904],[79.418091,15.447011]]]},"properties":{"lp":"571"}},{"type":"Feature","geometry":{"type":"Polygon","coordinates":[[[79.41119,15.453019],[79.411468,15.452948],[79.412037,15.452806],[79.412012,15.45271],[79.411168,15.452928],[79.41119,15.453019]]]},"properties":{"lp":"436"}},{"type":"Feature","geometry":{"type":"Polygon","coordinates":[[[79.411168,15.452928],[79.412012,15.45271],[79.411987,15.452614],[79.411146,15.452837],[79.411168,15.452928]]]},"properties":{"lp":"435"}},{"type":"Feature","geometry":{"type":"Polygon","coordinates":[[[79.412867,15.452151],[79.413312,15.452026],[79.413261,15.451853],[79.412821,15.451957],[79.412844,15.452055],[79.412867,15.452151]]]},"properties":{"lp":"425"}},{"type":"Feature","geometry":{"type":"Polygon","coordinates":[[[79.412821,15.451957],[79.413261,15.451853],[79.413221,15.451719],[79.412752,15.451723],[79.412821,15.451957]]]},"properties":{"lp":"426"}},{"type":"Feature","geometry":{"type":"Polygon","coordinates":[[[79.412548,15.452255],[79.412867,15.452151],[79.412844,15.452055],[79.412508,15.452156],[79.412548,15.452255]]]},"properties":{"lp":"427"}},{"type":"Feature","geometry":{"type":"Polygon","coordinates":[[[79.412472,15.452065],[79.412508,15.452156],[79.412844,15.452055],[79.412821,15.451957],[79.412472,15.452065]]]},"properties":{"lp":"428"}},{"type":"Feature","geometry":{"type":"Polygon","coordinates":[[[79.41214,15.452081],[79.412445,15.451983],[79.412363,15.451727],[79.412223,15.451728],[79.41203,15.451803],[79.41214,15.452081]]]},"properties":{"lp":"431"}},{"type":"Feature","geometry":{"type":"Polygon","coordinates":[[[79.422126,15.458642],[79.421911,15.457996],[79.42056,15.458277],[79.420564,15.45831],[79.420592,15.458536],[79.420607,15.458943],[79.422126,15.458642]]]},"properties":{"lp":"606"}},{"type":"Feature","geometry":{"type":"Polygon","coordinates":[[[79.420629,15.459516],[79.42149,15.45935],[79.422304,15.459193],[79.422278,15.4591],[79.42222,15.458924],[79.420618,15.459229],[79.420629,15.459516]]]},"properties":{"lp":"608"}},{"type":"Feature","geometry":{"type":"Polygon","coordinates":[[[79.420618,15.459229],[79.42222,15.458924],[79.422126,15.458642],[79.420607,15.458943],[79.420618,15.459229]]]},"properties":{"lp":"607"}},{"type":"Feature","geometry":{"type":"Polygon","coordinates":[[[79.424257,15.456899],[79.425325,15.456687],[79.425259,15.456406],[79.425221,15.456242],[79.424148,15.456464],[79.424182,15.456603],[79.424257,15.456899]]]},"properties":{"lp":"651"}},{"type":"Feature","geometry":{"type":"Polygon","coordinates":[[[79.409897,15.454824],[79.410108,15.454685],[79.409961,15.454129],[79.409712,15.454201],[79.409897,15.454824]]]},"properties":{"lp":"453"}},{"type":"Feature","geometry":{"type":"Polygon","coordinates":[[[79.409961,15.454129],[79.410108,15.454685],[79.410371,15.45451],[79.410232,15.454052],[79.409961,15.454129]]]},"properties":{"lp":"452"}},{"type":"Feature","geometry":{"type":"Polygon","coordinates":[[[79.409712,15.454201],[79.409961,15.454129],[79.410232,15.454052],[79.410371,15.45451],[79.410725,15.454276],[79.410621,15.453949],[79.410288,15.454044],[79.410166,15.453596],[79.409594,15.453745],[79.40961,15.453856],[79.409712,15.454201]]]},"properties":{"lp":"451"}},{"type":"Feature","geometry":{"type":"Polygon","coordinates":[[[79.410621,15.453949],[79.410725,15.454276],[79.410972,15.454113],[79.410894,15.45385],[79.410621,15.453949]]]},"properties":{"lp":"450"}},{"type":"Feature","geometry":{"type":"Polygon","coordinates":[[[79.410166,15.453596],[79.410288,15.454044],[79.410621,15.453949],[79.410894,15.45385],[79.410778,15.453456],[79.410166,15.453596]]]},"properties":{"lp":"449"}},{"type":"Feature","geometry":{"type":"Polygon","coordinates":[[[79.410166,15.453596],[79.410061,15.453151],[79.409523,15.453254],[79.409594,15.453745],[79.410166,15.453596]]]},"properties":{"lp":"447"}},{"type":"Feature","geometry":{"type":"Polygon","coordinates":[[[79.410061,15.453151],[79.410049,15.453105],[79.409956,15.452751],[79.409893,15.45251],[79.409487,15.452663],[79.409463,15.45284],[79.409523,15.453254],[79.410061,15.453151]]]},"properties":{"lp":"446"}},{"type":"Feature","geometry":{"type":"Polygon","coordinates":[[[79.410061,15.453151],[79.410166,15.453596],[79.410778,15.453456],[79.410759,15.453391],[79.410633,15.452964],[79.410049,15.453105],[79.410061,15.453151]]]},"properties":{"lp":"448"}},{"type":"Feature","geometry":{"type":"Polygon","coordinates":[[[79.409893,15.45251],[79.409956,15.452751],[79.410189,15.452694],[79.410109,15.452429],[79.409893,15.45251]]]},"properties":{"lp":"444"}},{"type":"Feature","geometry":{"type":"Polygon","coordinates":[[[79.410189,15.452694],[79.409956,15.452751],[79.410049,15.453105],[79.410633,15.452964],[79.410597,15.45284],[79.410439,15.452304],[79.410342,15.452341],[79.410435,15.452659],[79.410189,15.452694]]]},"properties":{"lp":"445"}},{"type":"Feature","geometry":{"type":"Polygon","coordinates":[[[79.418139,15.45104],[79.417826,15.450229],[79.417397,15.450417],[79.417653,15.451207],[79.418139,15.45104]]]},"properties":{"lp":"538"}},{"type":"Feature","geometry":{"type":"Polygon","coordinates":[[[79.417653,15.451207],[79.417894,15.451951],[79.418139,15.451884],[79.418769,15.4517],[79.418681,15.451263],[79.41827,15.451377],[79.418139,15.45104],[79.417653,15.451207]]]},"properties":{"lp":"539"}},{"type":"Feature","geometry":{"type":"Polygon","coordinates":[[[79.416234,15.450927],[79.416359,15.451345],[79.416906,15.451171],[79.417133,15.451098],[79.417317,15.451651],[79.417457,15.452071],[79.417894,15.451951],[79.417653,15.451207],[79.417397,15.450417],[79.416234,15.450927]]]},"properties":{"lp":"540"}},{"type":"Feature","geometry":{"type":"Polygon","coordinates":[[[79.416641,15.452294],[79.417457,15.452071],[79.417317,15.451651],[79.417077,15.451721],[79.416519,15.451884],[79.416566,15.452041],[79.416641,15.452294]]]},"properties":{"lp":"535"}},{"type":"Feature","geometry":{"type":"Polygon","coordinates":[[[79.416519,15.451884],[79.417077,15.451721],[79.416906,15.451171],[79.416359,15.451345],[79.416468,15.451713],[79.416519,15.451884]]]},"properties":{"lp":"536"}},{"type":"Feature","geometry":{"type":"Polygon","coordinates":[[[79.416906,15.451171],[79.417077,15.451721],[79.417317,15.451651],[79.417133,15.451098],[79.416906,15.451171]]]},"properties":{"lp":"537"}},{"type":"Feature","geometry":{"type":"Polygon","coordinates":[[[79.406614,15.447329],[79.405607,15.447529],[79.40558,15.447532],[79.40567,15.447895],[79.405735,15.448209],[79.406681,15.448039],[79.406676,15.447988],[79.406614,15.447329]]]},"properties":{"lp":"379"}},{"type":"Feature","geometry":{"type":"Polygon","coordinates":[[[79.406021,15.448914],[79.406678,15.448795],[79.40675,15.448782],[79.406726,15.448531],[79.406701,15.448257],[79.406681,15.448039],[79.405735,15.448209],[79.405811,15.448559],[79.405783,15.448959],[79.406021,15.448914]]]},"properties":{"lp":"378"}},{"type":"Feature","geometry":{"type":"Polygon","coordinates":[[[79.405615,15.448991],[79.405783,15.448959],[79.405811,15.448559],[79.405735,15.448209],[79.40567,15.447895],[79.40558,15.447532],[79.404902,15.447596],[79.405149,15.448205],[79.405615,15.448991]]]},"properties":{"lp":"377"}},{"type":"Feature","geometry":{"type":"Polygon","coordinates":[[[79.406021,15.448914],[79.406179,15.449523],[79.406503,15.450187],[79.407049,15.450228],[79.406847,15.449122],[79.40675,15.448782],[79.406678,15.448795],[79.406021,15.448914]]]},"properties":{"lp":"376"}},{"type":"Feature","geometry":{"type":"Polygon","coordinates":[[[79.403418,15.465148],[79.40448,15.464862],[79.404441,15.464714],[79.404256,15.464407],[79.403695,15.464789],[79.403517,15.46491],[79.403418,15.465148]]]},"properties":{"lp":"150"}},{"type":"Feature","geometry":{"type":"Polygon","coordinates":[[[79.40448,15.464862],[79.403418,15.465148],[79.403454,15.465313],[79.403462,15.465447],[79.404561,15.46517],[79.40448,15.464862]]]},"properties":{"lp":"151"}},{"type":"Feature","geometry":{"type":"Polygon","coordinates":[[[79.40353,15.465966],[79.404585,15.465824],[79.404714,15.465753],[79.404561,15.46517],[79.403462,15.465447],[79.403484,15.465806],[79.40353,15.465966]]]},"properties":{"lp":"152"}},{"type":"Feature","geometry":{"type":"Polygon","coordinates":[[[79.414419,15.447048],[79.414544,15.447004],[79.414418,15.446423],[79.4139,15.446582],[79.413989,15.447201],[79.414419,15.447048]]]},"properties":{"lp":"546"}},{"type":"Feature","geometry":{"type":"Polygon","coordinates":[[[79.414418,15.446423],[79.414544,15.447004],[79.415104,15.446805],[79.414975,15.446251],[79.414418,15.446423]]]},"properties":{"lp":"547"}},{"type":"Feature","geometry":{"type":"Polygon","coordinates":[[[79.414975,15.446251],[79.415104,15.446805],[79.415667,15.446606],[79.415582,15.446064],[79.414975,15.446251]]]},"properties":{"lp":"548"}},{"type":"Feature","geometry":{"type":"Polygon","coordinates":[[[79.413745,15.445501],[79.4139,15.446582],[79.414418,15.446423],[79.414975,15.446251],[79.415582,15.446064],[79.41555,15.445861],[79.413745,15.445501]]]},"properties":{"lp":"549"}},{"type":"Feature","geometry":{"type":"Polygon","coordinates":[[[79.418259,15.458519],[79.418322,15.458708],[79.41837,15.458731],[79.419415,15.458531],[79.419381,15.458316],[79.418259,15.458519]]]},"properties":{"lp":"519"}},{"type":"Feature","geometry":{"type":"Polygon","coordinates":[[[79.419415,15.458531],[79.419532,15.458508],[79.420564,15.45831],[79.42056,15.458277],[79.42054,15.458106],[79.419381,15.458316],[79.419415,15.458531]]]},"properties":{"lp":"520"}},{"type":"Feature","geometry":{"type":"Polygon","coordinates":[[[79.41837,15.458731],[79.418738,15.458912],[79.419016,15.458855],[79.419423,15.458773],[79.419574,15.458742],[79.419532,15.458508],[79.419415,15.458531],[79.41837,15.458731]]]},"properties":{"lp":"518"}},{"type":"Feature","geometry":{"type":"Polygon","coordinates":[[[79.419532,15.458508],[79.419574,15.458742],[79.419808,15.458695],[79.420203,15.458615],[79.420592,15.458536],[79.420564,15.45831],[79.419532,15.458508]]]},"properties":{"lp":"517"}},{"type":"Feature","geometry":{"type":"Polygon","coordinates":[[[79.418259,15.458519],[79.419381,15.458316],[79.42054,15.458106],[79.420482,15.457632],[79.418139,15.458157],[79.418259,15.458519]]]},"properties":{"lp":"521"}},{"type":"Feature","geometry":{"type":"Polygon","coordinates":[[[79.416726,15.457395],[79.416774,15.457607],[79.417825,15.457388],[79.417702,15.456979],[79.416057,15.457151],[79.416095,15.457407],[79.416726,15.457395]]]},"properties":{"lp":"486"}},{"type":"Feature","geometry":{"type":"Polygon","coordinates":[[[79.418139,15.451884],[79.417894,15.451951],[79.417457,15.452071],[79.416641,15.452294],[79.416767,15.452762],[79.417363,15.452596],[79.417339,15.452483],[79.418231,15.45223],[79.418139,15.451884]]]},"properties":{"lp":"532"}},{"type":"Feature","geometry":{"type":"Polygon","coordinates":[[[79.417244,15.454524],[79.418593,15.453582],[79.41853,15.453346],[79.417099,15.453986],[79.417244,15.454524]]]},"properties":{"lp":"529"}},{"type":"Feature","geometry":{"type":"Polygon","coordinates":[[[79.417099,15.453986],[79.41853,15.453346],[79.418391,15.452827],[79.41692,15.453325],[79.417099,15.453986]]]},"properties":{"lp":"530"}},{"type":"Feature","geometry":{"type":"Polygon","coordinates":[[[79.41692,15.453325],[79.418391,15.452827],[79.418231,15.45223],[79.417339,15.452483],[79.417363,15.452596],[79.416767,15.452762],[79.41692,15.453325]]]},"properties":{"lp":"531"}},{"type":"Feature","geometry":{"type":"Polygon","coordinates":[[[79.41789,15.455292],[79.417919,15.455166],[79.417648,15.454488],[79.417376,15.454512],[79.41768,15.455399],[79.41789,15.455292]]]},"properties":{"lp":"484"}},{"type":"Feature","geometry":{"type":"Polygon","coordinates":[[[79.417244,15.454524],[79.417128,15.454547],[79.417444,15.455518],[79.41768,15.455399],[79.417376,15.454512],[79.417244,15.454524]]]},"properties":{"lp":"483"}},{"type":"Feature","geometry":{"type":"Polygon","coordinates":[[[79.417295,15.455593],[79.417444,15.455518],[79.417128,15.454547],[79.416812,15.454608],[79.417093,15.455628],[79.417295,15.455593]]]},"properties":{"lp":"482"}},{"type":"Feature","geometry":{"type":"Polygon","coordinates":[[[79.41676,15.455687],[79.417093,15.455628],[79.416812,15.454608],[79.416469,15.454674],[79.41676,15.455687]]]},"properties":{"lp":"481"}},{"type":"Feature","geometry":{"type":"Polygon","coordinates":[[[79.416057,15.457151],[79.417702,15.456979],[79.417295,15.455593],[79.417093,15.455628],[79.41676,15.455687],[79.415812,15.455852],[79.415914,15.456391],[79.416057,15.457151]]]},"properties":{"lp":"485"}},{"type":"Feature","geometry":{"type":"Polygon","coordinates":[[[79.415686,15.460324],[79.416058,15.460236],[79.417373,15.460065],[79.417197,15.459403],[79.416263,15.459617],[79.415547,15.459782],[79.415686,15.460324]]]},"properties":{"lp":"497"}},{"type":"Feature","geometry":{"type":"Polygon","coordinates":[[[79.415112,15.458687],[79.416938,15.458328],[79.416815,15.457788],[79.416188,15.457902],[79.415751,15.457983],[79.415013,15.458118],[79.415112,15.458687]]]},"properties":{"lp":"490"}},{"type":"Feature","geometry":{"type":"Polygon","coordinates":[[[79.417197,15.459403],[79.417092,15.459006],[79.417068,15.458899],[79.416513,15.459001],[79.416145,15.459069],[79.416263,15.459617],[79.417197,15.459403]]]},"properties":{"lp":"496"}},{"type":"Feature","geometry":{"type":"Polygon","coordinates":[[[79.416263,15.459617],[79.416145,15.459069],[79.415965,15.459102],[79.415208,15.459242],[79.415275,15.459625],[79.415494,15.459577],[79.415547,15.459782],[79.416263,15.459617]]]},"properties":{"lp":"495"}},{"type":"Feature","geometry":{"type":"Polygon","coordinates":[[[79.417068,15.458899],[79.416995,15.45858],[79.416479,15.458692],[79.416513,15.459001],[79.417068,15.458899]]]},"properties":{"lp":"494"}},{"type":"Feature","geometry":{"type":"Polygon","coordinates":[[[79.415965,15.459102],[79.416145,15.459069],[79.416513,15.459001],[79.416479,15.458692],[79.415923,15.458791],[79.415965,15.459102]]]},"properties":{"lp":"493"}},{"type":"Feature","geometry":{"type":"Polygon","coordinates":[[[79.411516,15.449992],[79.412305,15.449838],[79.412228,15.449455],[79.411465,15.44961],[79.411516,15.449992]]]},"properties":{"lp":"412"}},{"type":"Feature","geometry":{"type":"Polygon","coordinates":[[[79.412118,15.449032],[79.412212,15.449392],[79.41313,15.449249],[79.413061,15.448832],[79.412118,15.449032]]]},"properties":{"lp":"413"}},{"type":"Feature","geometry":{"type":"Polygon","coordinates":[[[79.413073,15.450056],[79.413261,15.450034],[79.413241,15.449912],[79.413069,15.449944],[79.413073,15.450056]]]},"properties":{"lp":"409"}},{"type":"Feature","geometry":{"type":"Polygon","coordinates":[[[79.413073,15.450056],[79.413069,15.449944],[79.41289,15.44997],[79.412904,15.450102],[79.413073,15.450056]]]},"properties":{"lp":"410"}},{"type":"Feature","geometry":{"type":"Polygon","coordinates":[[[79.411465,15.44961],[79.412228,15.449455],[79.412305,15.449838],[79.411516,15.449992],[79.411584,15.450494],[79.412904,15.450102],[79.41289,15.44997],[79.413069,15.449944],[79.413241,15.449912],[79.41313,15.449249],[79.412212,15.449392],[79.412118,15.449032],[79.411407,15.449183],[79.411465,15.44961]]]},"properties":{"lp":"411"}},{"type":"Feature","geometry":{"type":"Polygon","coordinates":[[[79.411302,15.454402],[79.411378,15.454391],[79.412986,15.454156],[79.412666,15.453182],[79.412634,15.453095],[79.411234,15.454164],[79.411269,15.454243],[79.411302,15.454402]]]},"properties":{"lp":"459"}},{"type":"Feature","geometry":{"type":"Polygon","coordinates":[[[79.418406,15.448448],[79.417934,15.447066],[79.41769,15.44715],[79.417233,15.447308],[79.417262,15.447585],[79.417853,15.44878],[79.417876,15.448845],[79.418406,15.448448]]]},"properties":{"lp":"572"}},{"type":"Feature","geometry":{"type":"Polygon","coordinates":[[[79.408807,15.458336],[79.408871,15.45859],[79.409494,15.458472],[79.409431,15.458201],[79.408807,15.458336]]]},"properties":{"lp":"333"}},{"type":"Feature","geometry":{"type":"Polygon","coordinates":[[[79.408807,15.458336],[79.409431,15.458201],[79.409358,15.457907],[79.409106,15.457955],[79.408907,15.457993],[79.408799,15.458303],[79.408807,15.458336]]]},"properties":{"lp":"332"}},{"type":"Feature","geometry":{"type":"Polygon","coordinates":[[[79.412986,15.454156],[79.413852,15.454088],[79.413805,15.453886],[79.413425,15.4526],[79.412666,15.453182],[79.412986,15.454156]]]},"properties":{"lp":"460"}},{"type":"Feature","geometry":{"type":"Polygon","coordinates":[[[79.398392,15.465346],[79.398499,15.465555],[79.399509,15.464674],[79.399258,15.464536],[79.398392,15.465346]]]},"properties":{"lp":"93"}},{"type":"Feature","geometry":{"type":"Polygon","coordinates":[[[79.40181,15.463079],[79.401917,15.463326],[79.402537,15.463038],[79.40241,15.462815],[79.40181,15.463079]]]},"properties":{"lp":"147"}},{"type":"Feature","geometry":{"type":"Polygon","coordinates":[[[79.402537,15.463038],[79.403907,15.46241],[79.403129,15.462545],[79.40241,15.462815],[79.402537,15.463038]]]},"properties":{"lp":"146"}},{"type":"Feature","geometry":{"type":"Polygon","coordinates":[[[79.403129,15.462545],[79.403907,15.46241],[79.405231,15.461694],[79.40563,15.461544],[79.405535,15.461366],[79.404839,15.461728],[79.403129,15.462545]]]},"properties":{"lp":"161"}},{"type":"Feature","geometry":{"type":"Polygon","coordinates":[[[79.406388,15.461257],[79.406354,15.461575],[79.407742,15.460451],[79.408397,15.459853],[79.408006,15.459901],[79.406388,15.461257]]]},"properties":{"lp":"243"}},{"type":"Feature","geometry":{"type":"Polygon","coordinates":[[[79.409616,15.455287],[79.409971,15.455285],[79.410394,15.454809],[79.410649,15.454579],[79.411269,15.454243],[79.411234,15.454164],[79.411265,15.453918],[79.410972,15.454113],[79.410725,15.454276],[79.410371,15.45451],[79.410108,15.454685],[79.409897,15.454824],[79.409868,15.45498],[79.409672,15.455264],[79.409616,15.455287]]]},"properties":{"lp":"365"}},{"type":"Feature","geometry":{"type":"Polygon","coordinates":[[[79.411234,15.454164],[79.412634,15.453095],[79.412666,15.453182],[79.413425,15.4526],[79.413375,15.452239],[79.412999,15.452516],[79.412447,15.452923],[79.41237,15.45298],[79.412366,15.453062],[79.411265,15.453918],[79.411234,15.454164]]]},"properties":{"lp":"423"}},{"type":"Feature","geometry":{"type":"Polygon","coordinates":[[[79.413425,15.4526],[79.413894,15.452172],[79.414338,15.451856],[79.414656,15.451629],[79.414799,15.451527],[79.414928,15.451435],[79.415179,15.451256],[79.414984,15.451037],[79.413523,15.452129],[79.413375,15.452239],[79.413425,15.4526]]]},"properties":{"lp":"422"}},{"type":"Feature","geometry":{"type":"Polygon","coordinates":[[[79.414984,15.451037],[79.415179,15.451256],[79.416348,15.450397],[79.416321,15.450056],[79.414984,15.451037]]]},"properties":{"lp":"542"}},{"type":"Feature","geometry":{"type":"Polygon","coordinates":[[[79.416348,15.450397],[79.41785,15.449246],[79.417876,15.448845],[79.417853,15.44878],[79.41628,15.449984],[79.416321,15.450056],[79.416348,15.450397]]]},"properties":{"lp":"574"}},{"type":"Feature","geometry":{"type":"Polygon","coordinates":[[[79.403544,15.46014],[79.403334,15.46013],[79.404024,15.461025],[79.404948,15.461458],[79.405097,15.461528],[79.405295,15.461117],[79.405044,15.461103],[79.404554,15.460985],[79.404446,15.460959],[79.404038,15.460895],[79.403895,15.46071],[79.403544,15.46014]]]},"properties":{"lp":"233"}},{"type":"Feature","geometry":{"type":"Polygon","coordinates":[[[79.40973,15.465752],[79.411146,15.465607],[79.411972,15.465429],[79.411972,15.465387],[79.41191,15.465392],[79.411838,15.465397],[79.411769,15.465402],[79.411518,15.46542],[79.411251,15.465439],[79.410957,15.46546],[79.410646,15.465482],[79.410317,15.465505],[79.409977,15.46553],[79.40973,15.465752]]]},"properties":{"lp":"250"}},{"type":"Feature","geometry":{"type":"Polygon","coordinates":[[[79.427709,15.448479],[79.427508,15.450324],[79.427521,15.450804],[79.427583,15.451067],[79.428093,15.451836],[79.428291,15.452202],[79.428479,15.452553],[79.428569,15.453005],[79.429183,15.452812],[79.429808,15.452615],[79.432361,15.450613],[79.432203,15.44937],[79.431952,15.447398],[79.43182,15.447404],[79.431323,15.446135],[79.431199,15.445414],[79.430743,15.445718],[79.428991,15.446889],[79.428222,15.447402],[79.427709,15.448479]]]},"properties":{"lp":"704"}},{"type":"Feature","geometry":{"type":"Polygon","coordinates":[[[79.428761,15.443856],[79.42777,15.443603],[79.427949,15.445016],[79.427485,15.445043],[79.427677,15.445768],[79.427832,15.446017],[79.428624,15.446158],[79.428991,15.446889],[79.430743,15.445718],[79.429378,15.443683],[79.428761,15.443856]]]},"properties":{"lp":"703"}},{"type":"Feature","geometry":{"type":"Polygon","coordinates":[[[79.40946,15.459759],[79.410437,15.459575],[79.410302,15.458951],[79.409677,15.459078],[79.4096,15.459363],[79.40946,15.459759]]]},"properties":{"lp":"335"}},{"type":"Feature","geometry":{"type":"Polygon","coordinates":[[[79.415208,15.459242],[79.415965,15.459102],[79.415923,15.458791],[79.415149,15.458902],[79.415208,15.459242]]]},"properties":{"lp":"492"}},{"type":"Feature","geometry":{"type":"Polygon","coordinates":[[[79.422562,15.455832],[79.423208,15.455696],[79.423213,15.454027],[79.422289,15.454057],[79.422562,15.455832]]]},"properties":{"lp":"635"}},{"type":"Feature","geometry":{"type":"Polygon","coordinates":[[[79.423208,15.455696],[79.423749,15.455577],[79.423964,15.454002],[79.423213,15.454027],[79.423208,15.455696]]]},"properties":{"lp":"636"}},{"type":"Feature","geometry":{"type":"Polygon","coordinates":[[[79.395676,15.467797],[79.395643,15.467634],[79.394155,15.468146],[79.395378,15.467924],[79.395676,15.467797]]]},"properties":{"lp":"54"}},{"type":"Feature","geometry":{"type":"Polygon","coordinates":[[[79.408331,15.463239],[79.407991,15.463328],[79.408295,15.464297],[79.408886,15.464061],[79.408331,15.463239]]]},"properties":{"lp":"218"}},{"type":"Feature","geometry":{"type":"Polygon","coordinates":[[[79.406853,15.463618],[79.406798,15.463436],[79.406545,15.463529],[79.406967,15.464549],[79.407555,15.464438],[79.408295,15.464297],[79.407991,15.463328],[79.406915,15.463609],[79.406853,15.463618]]]},"properties":{"lp":"219"}},{"type":"Feature","geometry":{"type":"Polygon","coordinates":[[[79.400892,15.463895],[79.400977,15.464127],[79.401163,15.464062],[79.401338,15.464002],[79.401246,15.463749],[79.401147,15.463769],[79.400892,15.463895]]]},"properties":{"lp":"103"}},{"type":"Feature","geometry":{"type":"Polygon","coordinates":[[[79.400361,15.465381],[79.400382,15.465468],[79.400689,15.466031],[79.401055,15.466603],[79.401443,15.466685],[79.402008,15.466594],[79.40207,15.466572],[79.401904,15.465864],[79.402006,15.46587],[79.402592,15.465698],[79.402365,15.464935],[79.402358,15.46489],[79.402035,15.464969],[79.40175,15.465039],[79.401446,15.465114],[79.401149,15.465187],[79.400821,15.465268],[79.400361,15.465381]]]},"properties":{"lp":"95"}},{"type":"Feature","geometry":{"type":"Polygon","coordinates":[[[79.419021,15.460188],[79.419284,15.460164],[79.419016,15.458855],[79.418738,15.458912],[79.418926,15.459884],[79.419021,15.460188]]]},"properties":{"lp":"512"}},{"type":"Feature","geometry":{"type":"Polygon","coordinates":[[[79.419016,15.458855],[79.419284,15.460164],[79.419653,15.460132],[79.419423,15.458773],[79.419016,15.458855]]]},"properties":{"lp":"513"}},{"type":"Feature","geometry":{"type":"Polygon","coordinates":[[[79.419949,15.460106],[79.42002,15.4601],[79.419808,15.458695],[79.419574,15.458742],[79.419423,15.458773],[79.419653,15.460132],[79.419949,15.460106]]]},"properties":{"lp":"514"}},{"type":"Feature","geometry":{"type":"Polygon","coordinates":[[[79.42002,15.4601],[79.420341,15.460071],[79.420203,15.458615],[79.419808,15.458695],[79.42002,15.4601]]]},"properties":{"lp":"515"}},{"type":"Feature","geometry":{"type":"Polygon","coordinates":[[[79.420341,15.460071],[79.420649,15.460044],[79.420629,15.459516],[79.420618,15.459229],[79.420607,15.458943],[79.420592,15.458536],[79.420203,15.458615],[79.420341,15.460071]]]},"properties":{"lp":"516"}},{"type":"Feature","geometry":{"type":"Polygon","coordinates":[[[79.402563,15.463356],[79.402151,15.463561],[79.40231,15.46458],[79.402867,15.464465],[79.402563,15.463356]]]},"properties":{"lp":"148"}},{"type":"Feature","geometry":{"type":"Polygon","coordinates":[[[79.401904,15.465864],[79.40207,15.466572],[79.402199,15.466526],[79.402683,15.466367],[79.402757,15.466348],[79.403548,15.466161],[79.40353,15.465966],[79.403484,15.465806],[79.403462,15.465447],[79.403454,15.465313],[79.403418,15.465148],[79.403078,15.465232],[79.402867,15.464465],[79.40231,15.46458],[79.402358,15.46489],[79.402365,15.464935],[79.402592,15.465698],[79.402006,15.46587],[79.401904,15.465864]]]},"properties":{"lp":"96"}},{"type":"Feature","geometry":{"type":"Polygon","coordinates":[[[79.405231,15.461694],[79.405683,15.461692],[79.40563,15.461544],[79.405231,15.461694]]]},"properties":{"lp":"162"}},{"type":"Feature","geometry":{"type":"Polygon","coordinates":[[[79.40563,15.461544],[79.405683,15.461692],[79.406153,15.461744],[79.40588,15.461499],[79.40563,15.461544]]]},"properties":{"lp":"163"}},{"type":"Feature","geometry":{"type":"Polygon","coordinates":[[[79.406292,15.461689],[79.406613,15.461754],[79.406619,15.461502],[79.406354,15.461575],[79.406292,15.461689]]]},"properties":{"lp":"232"}},{"type":"Feature","geometry":{"type":"Polygon","coordinates":[[[79.411265,15.453918],[79.412366,15.453062],[79.412136,15.453127],[79.41156,15.45329],[79.411276,15.453371],[79.411265,15.453918]]]},"properties":{"lp":"439"}},{"type":"Feature","geometry":{"type":"Polygon","coordinates":[[[79.414918,15.45608],[79.415812,15.455852],[79.415581,15.454984],[79.414708,15.45517],[79.414724,15.455241],[79.414792,15.455534],[79.414855,15.455804],[79.414918,15.45608]]]},"properties":{"lp":"467"}},{"type":"Feature","geometry":{"type":"Polygon","coordinates":[[[79.414708,15.45517],[79.415581,15.454984],[79.415401,15.454307],[79.415373,15.454049],[79.41452,15.454262],[79.414579,15.454611],[79.414651,15.454925],[79.414708,15.45517]]]},"properties":{"lp":"468"}},{"type":"Feature","geometry":{"type":"Polygon","coordinates":[[[79.414202,15.456268],[79.414918,15.45608],[79.414855,15.455804],[79.414136,15.455978],[79.414202,15.456268]]]},"properties":{"lp":"466"}},{"type":"Feature","geometry":{"type":"Polygon","coordinates":[[[79.414084,15.455752],[79.414136,15.455978],[79.414855,15.455804],[79.414792,15.455534],[79.414076,15.45568],[79.414084,15.455752]]]},"properties":{"lp":"465"}},{"type":"Feature","geometry":{"type":"Polygon","coordinates":[[[79.414076,15.45568],[79.414792,15.455534],[79.414724,15.455241],[79.414042,15.455381],[79.414076,15.45568]]]},"properties":{"lp":"666"}},{"type":"Feature","geometry":{"type":"Polygon","coordinates":[[[79.414042,15.455381],[79.414724,15.455241],[79.414708,15.45517],[79.414651,15.454925],[79.414006,15.455063],[79.414042,15.455381]]]},"properties":{"lp":"464"}},{"type":"Feature","geometry":{"type":"Polygon","coordinates":[[[79.414006,15.455063],[79.414651,15.454925],[79.414579,15.454611],[79.413966,15.454704],[79.414006,15.455063]]]},"properties":{"lp":"463"}},{"type":"Feature","geometry":{"type":"Polygon","coordinates":[[[79.413966,15.454704],[79.414579,15.454611],[79.41452,15.454262],[79.413925,15.454343],[79.413966,15.454704]]]},"properties":{"lp":"462"}},{"type":"Feature","geometry":{"type":"Polygon","coordinates":[[[79.408397,15.459853],[79.408622,15.46024],[79.409177,15.460251],[79.409149,15.459861],[79.408397,15.459853]]]},"properties":{"lp":"308"}},{"type":"Feature","geometry":{"type":"Polygon","coordinates":[[[79.409149,15.459861],[79.409177,15.460251],[79.409575,15.460289],[79.40954,15.459814],[79.409489,15.459846],[79.409149,15.459861]]]},"properties":{"lp":"307"}},{"type":"Feature","geometry":{"type":"Polygon","coordinates":[[[79.408397,15.459853],[79.409149,15.459861],[79.409489,15.459846],[79.40954,15.459814],[79.409897,15.459726],[79.410333,15.459653],[79.410466,15.459708],[79.410437,15.459575],[79.40946,15.459759],[79.409102,15.459763],[79.408397,15.459853]]]},"properties":{"lp":"309"}},{"type":"Feature","geometry":{"type":"Polygon","coordinates":[[[79.409575,15.460289],[79.409177,15.460251],[79.408622,15.46024],[79.408986,15.460864],[79.409352,15.461494],[79.410643,15.460527],[79.410466,15.459708],[79.410333,15.459653],[79.409897,15.459726],[79.40954,15.459814],[79.409575,15.460289]]]},"properties":{"lp":"306"}},{"type":"Feature","geometry":{"type":"Polygon","coordinates":[[[79.415319,15.452863],[79.416641,15.452294],[79.416566,15.452041],[79.415371,15.452272],[79.415278,15.452291],[79.415319,15.452863]]]},"properties":{"lp":"478"}},{"type":"Feature","geometry":{"type":"Polygon","coordinates":[[[79.415371,15.452272],[79.416566,15.452041],[79.416519,15.451884],[79.416468,15.451713],[79.415308,15.451935],[79.415371,15.452272]]]},"properties":{"lp":"477"}},{"type":"Feature","geometry":{"type":"Polygon","coordinates":[[[79.415308,15.451935],[79.416468,15.451713],[79.416359,15.451345],[79.416234,15.450927],[79.415179,15.451256],[79.415308,15.451935]]]},"properties":{"lp":"476"}},{"type":"Feature","geometry":{"type":"Polygon","coordinates":[[[79.409977,15.46553],[79.410317,15.465505],[79.410194,15.46516],[79.409854,15.465247],[79.409977,15.46553]]]},"properties":{"lp":"251"}},{"type":"Feature","geometry":{"type":"Polygon","coordinates":[[[79.409854,15.465247],[79.410194,15.46516],[79.41015,15.465035],[79.410087,15.464858],[79.40973,15.46496],[79.409854,15.465247]]]},"properties":{"lp":"252"}},{"type":"Feature","geometry":{"type":"Polygon","coordinates":[[[79.40973,15.46496],[79.410087,15.464858],[79.409989,15.464581],[79.409608,15.464677],[79.40973,15.46496]]]},"properties":{"lp":"253"}},{"type":"Feature","geometry":{"type":"Polygon","coordinates":[[[79.410317,15.465505],[79.410646,15.465482],[79.410485,15.464969],[79.41015,15.465035],[79.410194,15.46516],[79.410317,15.465505]]]},"properties":{"lp":"254"}},{"type":"Feature","geometry":{"type":"Polygon","coordinates":[[[79.41015,15.465035],[79.410485,15.464969],[79.410335,15.464494],[79.409989,15.464581],[79.410087,15.464858],[79.41015,15.465035]]]},"properties":{"lp":"255"}},{"type":"Feature","geometry":{"type":"Polygon","coordinates":[[[79.410485,15.464969],[79.410646,15.465482],[79.410957,15.46546],[79.410808,15.464928],[79.410485,15.464969]]]},"properties":{"lp":"256"}},{"type":"Feature","geometry":{"type":"Polygon","coordinates":[[[79.410485,15.464969],[79.410808,15.464928],[79.410663,15.464412],[79.410335,15.464494],[79.410485,15.464969]]]},"properties":{"lp":"257"}},{"type":"Feature","geometry":{"type":"Polygon","coordinates":[[[79.410808,15.464928],[79.410957,15.46546],[79.411251,15.465439],[79.411179,15.46515],[79.411109,15.464867],[79.410808,15.464928]]]},"properties":{"lp":"258"}},{"type":"Feature","geometry":{"type":"Polygon","coordinates":[[[79.410808,15.464928],[79.411109,15.464867],[79.41104,15.464593],[79.410975,15.464333],[79.410663,15.464412],[79.410808,15.464928]]]},"properties":{"lp":"259"}},{"type":"Feature","geometry":{"type":"Polygon","coordinates":[[[79.411739,15.465193],[79.411769,15.465402],[79.411838,15.465397],[79.411809,15.465184],[79.411739,15.465193]]]},"properties":{"lp":"264"}},{"type":"Feature","geometry":{"type":"Polygon","coordinates":[[[79.411838,15.465397],[79.41191,15.465392],[79.411878,15.465176],[79.411809,15.465184],[79.411838,15.465397]]]},"properties":{"lp":"265"}},{"type":"Feature","geometry":{"type":"Polygon","coordinates":[[[79.41191,15.465392],[79.411972,15.465387],[79.411945,15.465167],[79.411878,15.465176],[79.41191,15.465392]]]},"properties":{"lp":"266"}},{"type":"Feature","geometry":{"type":"Polygon","coordinates":[[[79.41192,15.464956],[79.411709,15.464986],[79.411724,15.465091],[79.411932,15.465058],[79.41192,15.464956]]]},"properties":{"lp":"268"}},{"type":"Feature","geometry":{"type":"Polygon","coordinates":[[[79.411724,15.465091],[79.411739,15.465193],[79.411809,15.465184],[79.411878,15.465176],[79.411945,15.465167],[79.411932,15.465058],[79.411724,15.465091]]]},"properties":{"lp":"267"}},{"type":"Feature","geometry":{"type":"Polygon","coordinates":[[[79.411709,15.464986],[79.41192,15.464956],[79.411901,15.464803],[79.411894,15.46475],[79.411679,15.464786],[79.411709,15.464986]]]},"properties":{"lp":"269"}},{"type":"Feature","geometry":{"type":"Polygon","coordinates":[[[79.411679,15.464786],[79.411894,15.46475],[79.411861,15.464547],[79.411756,15.464564],[79.41165,15.464582],[79.411676,15.464761],[79.411679,15.464786]]]},"properties":{"lp":"270"}},{"type":"Feature","geometry":{"type":"Polygon","coordinates":[[[79.411396,15.464801],[79.411454,15.465097],[79.411518,15.46542],[79.411769,15.465402],[79.411739,15.465193],[79.411724,15.465091],[79.411709,15.464986],[79.411679,15.464786],[79.411676,15.464761],[79.411396,15.464801]]]},"properties":{"lp":"262"}},{"type":"Feature","geometry":{"type":"Polygon","coordinates":[[[79.411396,15.464801],[79.411676,15.464761],[79.41165,15.464582],[79.41162,15.464379],[79.411591,15.464178],[79.411287,15.464255],[79.41134,15.464523],[79.411396,15.464801]]]},"properties":{"lp":"263"}},{"type":"Feature","geometry":{"type":"Polygon","coordinates":[[[79.41162,15.464379],[79.41165,15.464582],[79.411756,15.464564],[79.411725,15.464358],[79.41162,15.464379]]]},"properties":{"lp":"271"}},{"type":"Feature","geometry":{"type":"Polygon","coordinates":[[[79.411756,15.464564],[79.411861,15.464547],[79.411827,15.464337],[79.411725,15.464358],[79.411756,15.464564]]]},"properties":{"lp":"272"}},{"type":"Feature","geometry":{"type":"Polygon","coordinates":[[[79.411591,15.464178],[79.41162,15.464379],[79.411725,15.464358],[79.411697,15.464149],[79.411591,15.464178]]]},"properties":{"lp":"273"}},{"type":"Feature","geometry":{"type":"Polygon","coordinates":[[[79.411697,15.464149],[79.411725,15.464358],[79.411827,15.464337],[79.411793,15.464122],[79.411697,15.464149]]]},"properties":{"lp":"274"}},{"type":"Feature","geometry":{"type":"Polygon","coordinates":[[[79.409595,15.464647],[79.4099,15.464572],[79.409745,15.464184],[79.409443,15.464297],[79.409595,15.464647]]]},"properties":{"lp":"276"}},{"type":"Feature","geometry":{"type":"Polygon","coordinates":[[[79.409304,15.463976],[79.409443,15.464297],[79.409745,15.464184],[79.409588,15.463794],[79.409304,15.463976]]]},"properties":{"lp":"277"}},{"type":"Feature","geometry":{"type":"Polygon","coordinates":[[[79.409745,15.464184],[79.4099,15.464572],[79.41016,15.464507],[79.410078,15.464275],[79.409995,15.464039],[79.409745,15.464184]]]},"properties":{"lp":"278"}},{"type":"Feature","geometry":{"type":"Polygon","coordinates":[[[79.41016,15.464507],[79.410401,15.464448],[79.410321,15.464203],[79.410078,15.464275],[79.41016,15.464507]]]},"properties":{"lp":"280"}},{"type":"Feature","geometry":{"type":"Polygon","coordinates":[[[79.409995,15.464039],[79.410078,15.464275],[79.410321,15.464203],[79.410245,15.463971],[79.409995,15.464039]]]},"properties":{"lp":"281"}},{"type":"Feature","geometry":{"type":"Polygon","coordinates":[[[79.409995,15.464039],[79.410245,15.463971],[79.410165,15.46373],[79.409918,15.463823],[79.409995,15.464039]]]},"properties":{"lp":"282"}},{"type":"Feature","geometry":{"type":"Polygon","coordinates":[[[79.409918,15.463823],[79.410165,15.46373],[79.410082,15.463477],[79.409849,15.463627],[79.409918,15.463823]]]},"properties":{"lp":"283"}},{"type":"Feature","geometry":{"type":"Polygon","coordinates":[[[79.409588,15.463794],[79.409745,15.464184],[79.409995,15.464039],[79.409918,15.463823],[79.409849,15.463627],[79.409588,15.463794]]]},"properties":{"lp":"279"}},{"type":"Feature","geometry":{"type":"Polygon","coordinates":[[[79.410245,15.463971],[79.410321,15.464203],[79.410401,15.464448],[79.410626,15.464392],[79.410453,15.463843],[79.410245,15.463971]]]},"properties":{"lp":"284"}},{"type":"Feature","geometry":{"type":"Polygon","coordinates":[[[79.410453,15.463843],[79.410626,15.464392],[79.410825,15.464343],[79.410717,15.463954],[79.410666,15.463769],[79.410453,15.463843]]]},"properties":{"lp":"285"}},{"type":"Feature","geometry":{"type":"Polygon","coordinates":[[[79.410825,15.464343],[79.411025,15.464294],[79.410966,15.464072],[79.410922,15.463904],[79.410717,15.463954],[79.410825,15.464343]]]},"properties":{"lp":"287"}},{"type":"Feature","geometry":{"type":"Polygon","coordinates":[[[79.410666,15.463769],[79.410717,15.463954],[79.410922,15.463904],[79.410909,15.463855],[79.410854,15.463644],[79.410823,15.463525],[79.410612,15.463576],[79.410666,15.463769]]]},"properties":{"lp":"288"}},{"type":"Feature","geometry":{"type":"Polygon","coordinates":[[[79.410612,15.463576],[79.410823,15.463525],[79.410802,15.463443],[79.410775,15.463343],[79.410744,15.463225],[79.410719,15.463129],[79.410516,15.463232],[79.410612,15.463576]]]},"properties":{"lp":"289"}},{"type":"Feature","geometry":{"type":"Polygon","coordinates":[[[79.410453,15.463843],[79.410666,15.463769],[79.410612,15.463576],[79.410516,15.463232],[79.410297,15.463344],[79.410453,15.463843]]]},"properties":{"lp":"286"}},{"type":"Feature","geometry":{"type":"Polygon","coordinates":[[[79.410966,15.464072],[79.411025,15.464294],[79.411402,15.464201],[79.411355,15.463981],[79.410966,15.464072]]]},"properties":{"lp":"290"}},{"type":"Feature","geometry":{"type":"Polygon","coordinates":[[[79.411355,15.463981],[79.411402,15.464201],[79.41179,15.464105],[79.411755,15.463888],[79.411355,15.463981]]]},"properties":{"lp":"291"}},{"type":"Feature","geometry":{"type":"Polygon","coordinates":[[[79.410909,15.463855],[79.410922,15.463904],[79.410966,15.464072],[79.411355,15.463981],[79.411312,15.463768],[79.410909,15.463855]]]},"properties":{"lp":"292"}},{"type":"Feature","geometry":{"type":"Polygon","coordinates":[[[79.411312,15.463768],[79.411355,15.463981],[79.411755,15.463888],[79.411722,15.46368],[79.411312,15.463768]]]},"properties":{"lp":"293"}},{"type":"Feature","geometry":{"type":"Polygon","coordinates":[[[79.410854,15.463644],[79.410909,15.463855],[79.411312,15.463768],[79.411267,15.463559],[79.411135,15.463586],[79.410854,15.463644]]]},"properties":{"lp":"294"}},{"type":"Feature","geometry":{"type":"Polygon","coordinates":[[[79.411267,15.463559],[79.411312,15.463768],[79.411722,15.46368],[79.411688,15.463473],[79.411416,15.463528],[79.411267,15.463559]]]},"properties":{"lp":"295"}},{"type":"Feature","geometry":{"type":"Polygon","coordinates":[[[79.410802,15.463443],[79.410823,15.463525],[79.410854,15.463644],[79.411135,15.463586],[79.411086,15.463385],[79.410802,15.463443]]]},"properties":{"lp":"296"}},{"type":"Feature","geometry":{"type":"Polygon","coordinates":[[[79.411086,15.463385],[79.411135,15.463586],[79.411267,15.463559],[79.411416,15.463528],[79.411369,15.463327],[79.411086,15.463385]]]},"properties":{"lp":"297"}},{"type":"Feature","geometry":{"type":"Polygon","coordinates":[[[79.411369,15.463327],[79.411416,15.463528],[79.411688,15.463473],[79.411656,15.463268],[79.411369,15.463327]]]},"properties":{"lp":"298"}},{"type":"Feature","geometry":{"type":"Polygon","coordinates":[[[79.410802,15.463443],[79.411086,15.463385],[79.411369,15.463327],[79.411656,15.463268],[79.411636,15.463148],[79.410775,15.463343],[79.410802,15.463443]]]},"properties":{"lp":"299"}},{"type":"Feature","geometry":{"type":"Polygon","coordinates":[[[79.410775,15.463343],[79.411636,15.463148],[79.411608,15.462973],[79.410744,15.463225],[79.410775,15.463343]]]},"properties":{"lp":"300"}},{"type":"Feature","geometry":{"type":"Polygon","coordinates":[[[79.411608,15.462973],[79.41158,15.462796],[79.411026,15.462992],[79.410724,15.463126],[79.410719,15.463129],[79.410744,15.463225],[79.411608,15.462973]]]},"properties":{"lp":"301"}},{"type":"Feature","geometry":{"type":"Polygon","coordinates":[[[79.407301,15.465412],[79.407341,15.465516],[79.407363,15.465563],[79.407449,15.465535],[79.407538,15.465505],[79.407648,15.465468],[79.407734,15.46544],[79.408002,15.46535],[79.408258,15.465265],[79.408531,15.465174],[79.408579,15.465158],[79.408523,15.464992],[79.407301,15.465412]]]},"properties":{"lp":"179"}},{"type":"Feature","geometry":{"type":"Polygon","coordinates":[[[79.407301,15.465412],[79.408523,15.464992],[79.408483,15.464871],[79.408475,15.464845],[79.408063,15.464977],[79.407647,15.46511],[79.407235,15.465242],[79.407301,15.465412]]]},"properties":{"lp":"178"}},{"type":"Feature","geometry":{"type":"Polygon","coordinates":[[[79.406726,15.448531],[79.40675,15.448782],[79.406847,15.449122],[79.407049,15.450228],[79.407831,15.450153],[79.40857,15.450016],[79.408529,15.449903],[79.408616,15.449885],[79.409529,15.449702],[79.409937,15.449621],[79.410164,15.449548],[79.409743,15.447875],[79.409641,15.447621],[79.409482,15.447678],[79.407993,15.448156],[79.406726,15.448531]]]},"properties":{"lp":"384"}},{"type":"Feature","geometry":{"type":"Polygon","coordinates":[[[79.406701,15.448257],[79.40731,15.448069],[79.407273,15.447824],[79.406676,15.447988],[79.406681,15.448039],[79.406701,15.448257]]]},"properties":{"lp":"382"}},{"type":"Feature","geometry":{"type":"Polygon","coordinates":[[[79.406856,15.447282],[79.406895,15.447629],[79.407344,15.447531],[79.407305,15.447195],[79.406856,15.447282]]]},"properties":{"lp":"381"}},{"type":"Feature","geometry":{"type":"Polygon","coordinates":[[[79.40995,15.462648],[79.41094,15.462382],[79.410862,15.461835],[79.410626,15.461848],[79.409722,15.462125],[79.40995,15.462648]]]},"properties":{"lp":"303"}},{"type":"Feature","geometry":{"type":"Polygon","coordinates":[[[79.40995,15.462648],[79.41025,15.463337],[79.410265,15.46336],[79.410297,15.463344],[79.410516,15.463232],[79.410719,15.463129],[79.410724,15.463126],[79.411026,15.462992],[79.41094,15.462382],[79.40995,15.462648]]]},"properties":{"lp":"302"}},{"type":"Feature","geometry":{"type":"Polygon","coordinates":[[[79.407661,15.466648],[79.408177,15.466485],[79.408113,15.466334],[79.407599,15.466508],[79.407661,15.466648]]]},"properties":{"lp":"181"}},{"type":"Feature","geometry":{"type":"Polygon","coordinates":[[[79.407537,15.466368],[79.407599,15.466508],[79.408113,15.466334],[79.40805,15.466184],[79.407794,15.466276],[79.407537,15.466368]]]},"properties":{"lp":"182"}},{"type":"Feature","geometry":{"type":"Polygon","coordinates":[[[79.407606,15.466175],[79.407473,15.466223],[79.407537,15.466368],[79.407794,15.466276],[79.407736,15.466129],[79.407606,15.466175]]]},"properties":{"lp":"183"}},{"type":"Feature","geometry":{"type":"Polygon","coordinates":[[[79.407736,15.466129],[79.407794,15.466276],[79.40805,15.466184],[79.407988,15.466039],[79.407736,15.466129]]]},"properties":{"lp":"184"}},{"type":"Feature","geometry":{"type":"Polygon","coordinates":[[[79.407527,15.465978],[79.407606,15.466175],[79.407736,15.466129],[79.407988,15.466039],[79.407905,15.465844],[79.407774,15.465891],[79.407651,15.465934],[79.407527,15.465978]]]},"properties":{"lp":"185"}},{"type":"Feature","geometry":{"type":"Polygon","coordinates":[[[79.407449,15.46578],[79.407527,15.465978],[79.407651,15.465934],[79.407574,15.465734],[79.407536,15.465748],[79.407449,15.46578]]]},"properties":{"lp":"186"}},{"type":"Feature","geometry":{"type":"Polygon","coordinates":[[[79.407574,15.465734],[79.407651,15.465934],[79.407774,15.465891],[79.4077,15.465688],[79.407621,15.465717],[79.407574,15.465734]]]},"properties":{"lp":"187"}},{"type":"Feature","geometry":{"type":"Polygon","coordinates":[[[79.4077,15.465688],[79.407774,15.465891],[79.407905,15.465844],[79.40782,15.465644],[79.4077,15.465688]]]},"properties":{"lp":"188"}},{"type":"Feature","geometry":{"type":"Polygon","coordinates":[[[79.407363,15.465563],[79.407449,15.46578],[79.407536,15.465748],[79.407449,15.465535],[79.407363,15.465563]]]},"properties":{"lp":"189"}},{"type":"Feature","geometry":{"type":"Polygon","coordinates":[[[79.407574,15.465734],[79.407621,15.465717],[79.407538,15.465505],[79.407449,15.465535],[79.407536,15.465748],[79.407574,15.465734]]]},"properties":{"lp":"190"}},{"type":"Feature","geometry":{"type":"Polygon","coordinates":[[[79.4077,15.465688],[79.407648,15.465468],[79.407538,15.465505],[79.407621,15.465717],[79.4077,15.465688]]]},"properties":{"lp":"191"}},{"type":"Feature","geometry":{"type":"Polygon","coordinates":[[[79.4077,15.465688],[79.40782,15.465644],[79.407734,15.46544],[79.407648,15.465468],[79.4077,15.465688]]]},"properties":{"lp":"192"}},{"type":"Feature","geometry":{"type":"Polygon","coordinates":[[[79.408177,15.466485],[79.408441,15.466402],[79.4083,15.466066],[79.408154,15.465713],[79.408002,15.46535],[79.407734,15.46544],[79.40782,15.465644],[79.407905,15.465844],[79.407988,15.466039],[79.40805,15.466184],[79.408113,15.466334],[79.408177,15.466485]]]},"properties":{"lp":"193"}},{"type":"Feature","geometry":{"type":"Polygon","coordinates":[[[79.408714,15.466313],[79.408563,15.465967],[79.4083,15.466066],[79.408441,15.466402],[79.40867,15.46633],[79.408714,15.466313]]]},"properties":{"lp":"194"}},{"type":"Feature","geometry":{"type":"Polygon","coordinates":[[[79.4083,15.466066],[79.408563,15.465967],[79.408411,15.465618],[79.408154,15.465713],[79.4083,15.466066]]]},"properties":{"lp":"195"}},{"type":"Feature","geometry":{"type":"Polygon","coordinates":[[[79.408154,15.465713],[79.408411,15.465618],[79.408258,15.465265],[79.408002,15.46535],[79.408154,15.465713]]]},"properties":{"lp":"196"}},{"type":"Feature","geometry":{"type":"Polygon","coordinates":[[[79.408967,15.466215],[79.409162,15.466139],[79.409034,15.465798],[79.408826,15.465878],[79.408967,15.466215]]]},"properties":{"lp":"198"}},{"type":"Feature","geometry":{"type":"Polygon","coordinates":[[[79.408826,15.465878],[79.409034,15.465798],[79.408913,15.465476],[79.408692,15.465557],[79.408826,15.465878]]]},"properties":{"lp":"199"}},{"type":"Feature","geometry":{"type":"Polygon","coordinates":[[[79.408692,15.465557],[79.408913,15.465476],[79.408798,15.465172],[79.408566,15.465257],[79.408692,15.465557]]]},"properties":{"lp":"200"}},{"type":"Feature","geometry":{"type":"Polygon","coordinates":[[[79.408566,15.465257],[79.408798,15.465172],[79.408663,15.464813],[79.408483,15.464871],[79.408523,15.464992],[79.408579,15.465158],[79.408531,15.465174],[79.408566,15.465257]]]},"properties":{"lp":"201"}},{"type":"Feature","geometry":{"type":"Polygon","coordinates":[[[79.409162,15.466139],[79.409388,15.466051],[79.409129,15.46541],[79.408862,15.46475],[79.408663,15.464813],[79.408798,15.465172],[79.408913,15.465476],[79.409034,15.465798],[79.409162,15.466139]]]},"properties":{"lp":"202"}},{"type":"Feature","geometry":{"type":"Polygon","coordinates":[[[79.409388,15.466051],[79.409433,15.466033],[79.409588,15.465886],[79.409557,15.465815],[79.409523,15.465736],[79.409486,15.465649],[79.4094,15.46545],[79.409346,15.465326],[79.409129,15.46541],[79.409388,15.466051]]]},"properties":{"lp":"203"}},{"type":"Feature","geometry":{"type":"Polygon","coordinates":[[[79.409129,15.46541],[79.409346,15.465326],[79.409314,15.465252],[79.409232,15.465063],[79.409211,15.465015],[79.409192,15.46497],[79.409172,15.464924],[79.409151,15.464875],[79.409111,15.464784],[79.409068,15.464684],[79.408862,15.46475],[79.409129,15.46541]]]},"properties":{"lp":"204"}},{"type":"Feature","geometry":{"type":"Polygon","coordinates":[[[79.409588,15.465886],[79.40973,15.465752],[79.409703,15.465688],[79.409557,15.465815],[79.409588,15.465886]]]},"properties":{"lp":"205"}},{"type":"Feature","geometry":{"type":"Polygon","coordinates":[[[79.409557,15.465815],[79.409703,15.465688],[79.40968,15.465632],[79.409523,15.465736],[79.409557,15.465815]]]},"properties":{"lp":"206"}},{"type":"Feature","geometry":{"type":"Polygon","coordinates":[[[79.409523,15.465736],[79.40968,15.465632],[79.409659,15.465581],[79.409486,15.465649],[79.409523,15.465736]]]},"properties":{"lp":"207"}},{"type":"Feature","geometry":{"type":"Polygon","coordinates":[[[79.409486,15.465649],[79.409659,15.465581],[79.409576,15.46538],[79.4094,15.46545],[79.409486,15.465649]]]},"properties":{"lp":"208"}},{"type":"Feature","geometry":{"type":"Polygon","coordinates":[[[79.4094,15.46545],[79.409576,15.46538],[79.409496,15.465185],[79.409314,15.465252],[79.409346,15.465326],[79.4094,15.46545]]]},"properties":{"lp":"209"}},{"type":"Feature","geometry":{"type":"Polygon","coordinates":[[[79.409314,15.465252],[79.409496,15.465185],[79.409416,15.464991],[79.409232,15.465063],[79.409314,15.465252]]]},"properties":{"lp":"210"}},{"type":"Feature","geometry":{"type":"Polygon","coordinates":[[[79.409232,15.465063],[79.409416,15.464991],[79.409397,15.464945],[79.409211,15.465015],[79.409232,15.465063]]]},"properties":{"lp":"211"}},{"type":"Feature","geometry":{"type":"Polygon","coordinates":[[[79.409211,15.465015],[79.409397,15.464945],[79.409377,15.464896],[79.409192,15.46497],[79.409211,15.465015]]]},"properties":{"lp":"212"}},{"type":"Feature","geometry":{"type":"Polygon","coordinates":[[[79.409192,15.46497],[79.409377,15.464896],[79.409358,15.464848],[79.409172,15.464924],[79.409192,15.46497]]]},"properties":{"lp":"213"}},{"type":"Feature","geometry":{"type":"Polygon","coordinates":[[[79.409172,15.464924],[79.409358,15.464848],[79.409339,15.464802],[79.409151,15.464875],[79.409172,15.464924]]]},"properties":{"lp":"214"}},{"type":"Feature","geometry":{"type":"Polygon","coordinates":[[[79.409151,15.464875],[79.409339,15.464802],[79.409299,15.464706],[79.409111,15.464784],[79.409151,15.464875]]]},"properties":{"lp":"215"}},{"type":"Feature","geometry":{"type":"Polygon","coordinates":[[[79.409111,15.464784],[79.409299,15.464706],[79.409264,15.464621],[79.409068,15.464684],[79.409111,15.464784]]]},"properties":{"lp":"216"}},{"type":"Feature","geometry":{"type":"Polygon","coordinates":[[[79.407174,15.465085],[79.407235,15.465242],[79.407647,15.46511],[79.407591,15.464952],[79.407174,15.465085]]]},"properties":{"lp":"177"}},{"type":"Feature","geometry":{"type":"Polygon","coordinates":[[[79.407591,15.464952],[79.407647,15.46511],[79.408063,15.464977],[79.408002,15.464822],[79.407747,15.464903],[79.407591,15.464952]]]},"properties":{"lp":"176"}},{"type":"Feature","geometry":{"type":"Polygon","coordinates":[[[79.408002,15.464822],[79.408063,15.464977],[79.408475,15.464845],[79.408423,15.464688],[79.408002,15.464822]]]},"properties":{"lp":"175"}},{"type":"Feature","geometry":{"type":"Polygon","coordinates":[[[79.407591,15.464952],[79.407747,15.464903],[79.407698,15.464742],[79.407388,15.464828],[79.407105,15.464906],[79.407174,15.465085],[79.407591,15.464952]]]},"properties":{"lp":"173"}},{"type":"Feature","geometry":{"type":"Polygon","coordinates":[[[79.407698,15.464742],[79.407747,15.464903],[79.408002,15.464822],[79.408423,15.464688],[79.408379,15.464554],[79.408025,15.464652],[79.407698,15.464742]]]},"properties":{"lp":"174"}},{"type":"Feature","geometry":{"type":"Polygon","coordinates":[[[79.407105,15.464906],[79.407388,15.464828],[79.407333,15.464659],[79.407037,15.464729],[79.407105,15.464906]]]},"properties":{"lp":"172"}},{"type":"Feature","geometry":{"type":"Polygon","coordinates":[[[79.407333,15.464659],[79.407388,15.464828],[79.407698,15.464742],[79.407637,15.464587],[79.407333,15.464659]]]},"properties":{"lp":"171"}},{"type":"Feature","geometry":{"type":"Polygon","coordinates":[[[79.407637,15.464587],[79.407698,15.464742],[79.408025,15.464652],[79.407973,15.464507],[79.407637,15.464587]]]},"properties":{"lp":"170"}},{"type":"Feature","geometry":{"type":"Polygon","coordinates":[[[79.407973,15.464507],[79.408025,15.464652],[79.408379,15.464554],[79.408336,15.46442],[79.407973,15.464507]]]},"properties":{"lp":"169"}},{"type":"Feature","geometry":{"type":"Polygon","coordinates":[[[79.407637,15.464587],[79.407555,15.464438],[79.406967,15.464549],[79.407037,15.464729],[79.407333,15.464659],[79.407637,15.464587]]]},"properties":{"lp":"167"}},{"type":"Feature","geometry":{"type":"Polygon","coordinates":[[[79.408336,15.46442],[79.408295,15.464297],[79.407555,15.464438],[79.407637,15.464587],[79.407973,15.464507],[79.408336,15.46442]]]},"properties":{"lp":"168"}},{"type":"Feature","geometry":{"type":"Polygon","coordinates":[[[79.406693,15.463037],[79.406988,15.462955],[79.406886,15.4626],[79.406597,15.462679],[79.406661,15.46292],[79.406693,15.463037]]]},"properties":{"lp":"222"}},{"type":"Feature","geometry":{"type":"Polygon","coordinates":[[[79.406886,15.4626],[79.406988,15.462955],[79.407284,15.462872],[79.407178,15.462521],[79.406886,15.4626]]]},"properties":{"lp":"223"}},{"type":"Feature","geometry":{"type":"Polygon","coordinates":[[[79.407178,15.462521],[79.407284,15.462872],[79.407862,15.462711],[79.407781,15.462619],[79.407697,15.462379],[79.407178,15.462521]]]},"properties":{"lp":"224"}},{"type":"Feature","geometry":{"type":"Polygon","coordinates":[[[79.406479,15.462324],[79.407038,15.462171],[79.406937,15.461822],[79.406764,15.461871],[79.406361,15.461985],[79.406479,15.462324]]]},"properties":{"lp":"226"}},{"type":"Feature","geometry":{"type":"Polygon","coordinates":[[[79.407038,15.462171],[79.407593,15.462019],[79.40758,15.461951],[79.4075,15.461662],[79.407254,15.461732],[79.407023,15.461797],[79.406937,15.461822],[79.407038,15.462171]]]},"properties":{"lp":"227"}},{"type":"Feature","geometry":{"type":"Polygon","coordinates":[[[79.406613,15.461754],[79.406292,15.461689],[79.406263,15.4617],[79.406361,15.461985],[79.406764,15.461871],[79.406647,15.461491],[79.406619,15.461502],[79.406613,15.461754]]]},"properties":{"lp":"228"}},{"type":"Feature","geometry":{"type":"Polygon","coordinates":[[[79.406937,15.461822],[79.407023,15.461797],[79.406882,15.461397],[79.406647,15.461491],[79.406764,15.461871],[79.406937,15.461822]]]},"properties":{"lp":"229"}},{"type":"Feature","geometry":{"type":"Polygon","coordinates":[[[79.406882,15.461397],[79.407023,15.461797],[79.407254,15.461732],[79.407118,15.461303],[79.406882,15.461397]]]},"properties":{"lp":"230"}},{"type":"Feature","geometry":{"type":"Polygon","coordinates":[[[79.407118,15.461303],[79.407254,15.461732],[79.4075,15.461662],[79.407461,15.461524],[79.40728,15.461238],[79.407118,15.461303]]]},"properties":{"lp":"231"}},{"type":"Feature","geometry":{"type":"Polygon","coordinates":[[[79.399779,15.460119],[79.40001,15.460853],[79.400381,15.460744],[79.400704,15.460649],[79.400584,15.460301],[79.400456,15.459924],[79.399779,15.460119]]]},"properties":{"lp":"121"}},{"type":"Feature","geometry":{"type":"Polygon","coordinates":[[[79.400206,15.461475],[79.400253,15.461624],[79.40073,15.461507],[79.400586,15.46127],[79.400206,15.461475]]]},"properties":{"lp":"139"}},{"type":"Feature","geometry":{"type":"Polygon","coordinates":[[[79.40073,15.461507],[79.401055,15.461278],[79.400914,15.461094],[79.400586,15.46127],[79.40073,15.461507]]]},"properties":{"lp":"138"}},{"type":"Feature","geometry":{"type":"Polygon","coordinates":[[[79.401055,15.461278],[79.401122,15.461231],[79.401476,15.46085],[79.401739,15.460649],[79.401322,15.460874],[79.400914,15.461094],[79.401055,15.461278]]]},"properties":{"lp":"137"}},{"type":"Feature","geometry":{"type":"Polygon","coordinates":[[[79.400206,15.461475],[79.400586,15.46127],[79.400491,15.461121],[79.40015,15.461298],[79.400206,15.461475]]]},"properties":{"lp":"133"}},{"type":"Feature","geometry":{"type":"Polygon","coordinates":[[[79.400914,15.461094],[79.400884,15.460917],[79.400636,15.461045],[79.400491,15.461121],[79.400586,15.46127],[79.400914,15.461094]]]},"properties":{"lp":"134"}},{"type":"Feature","geometry":{"type":"Polygon","coordinates":[[[79.400914,15.461094],[79.401322,15.460874],[79.401254,15.460724],[79.401126,15.46079],[79.400884,15.460917],[79.400914,15.461094]]]},"properties":{"lp":"135"}},{"type":"Feature","geometry":{"type":"Polygon","coordinates":[[[79.401322,15.460874],[79.401739,15.460649],[79.401668,15.460509],[79.401254,15.460724],[79.401322,15.460874]]]},"properties":{"lp":"136"}},{"type":"Feature","geometry":{"type":"Polygon","coordinates":[[[79.400491,15.461121],[79.400636,15.461045],[79.400541,15.460892],[79.400092,15.461114],[79.40015,15.461298],[79.400491,15.461121]]]},"properties":{"lp":"132"}},{"type":"Feature","geometry":{"type":"Polygon","coordinates":[[[79.400884,15.460917],[79.401126,15.46079],[79.401052,15.46064],[79.400541,15.460892],[79.400636,15.461045],[79.400884,15.460917]]]},"properties":{"lp":"131"}},{"type":"Feature","geometry":{"type":"Polygon","coordinates":[[[79.401126,15.46079],[79.401254,15.460724],[79.401668,15.460509],[79.401598,15.460369],[79.401052,15.46064],[79.401126,15.46079]]]},"properties":{"lp":"130"}},{"type":"Feature","geometry":{"type":"Polygon","coordinates":[[[79.400541,15.460892],[79.400469,15.460928],[79.400381,15.460744],[79.40001,15.460853],[79.400092,15.461114],[79.400541,15.460892]]]},"properties":{"lp":"127"}},{"type":"Feature","geometry":{"type":"Polygon","coordinates":[[[79.400541,15.460892],[79.401052,15.46064],[79.400914,15.460543],[79.400704,15.460649],[79.400381,15.460744],[79.400469,15.460928],[79.400541,15.460892]]]},"properties":{"lp":"128"}},{"type":"Feature","geometry":{"type":"Polygon","coordinates":[[[79.400914,15.460543],[79.401052,15.46064],[79.401598,15.460369],[79.401529,15.460232],[79.401225,15.460385],[79.400955,15.460522],[79.400914,15.460543]]]},"properties":{"lp":"129"}},{"type":"Feature","geometry":{"type":"Polygon","coordinates":[[[79.400914,15.460543],[79.400955,15.460522],[79.400831,15.4602],[79.400584,15.460301],[79.400704,15.460649],[79.400914,15.460543]]]},"properties":{"lp":"126"}},{"type":"Feature","geometry":{"type":"Polygon","coordinates":[[[79.400955,15.460522],[79.401225,15.460385],[79.401094,15.460094],[79.400964,15.460147],[79.400831,15.4602],[79.400955,15.460522]]]},"properties":{"lp":"125"}},{"type":"Feature","geometry":{"type":"Polygon","coordinates":[[[79.401225,15.460385],[79.401529,15.460232],[79.401397,15.459971],[79.401094,15.460094],[79.401225,15.460385]]]},"properties":{"lp":"124"}},{"type":"Feature","geometry":{"type":"Polygon","coordinates":[[[79.400964,15.460147],[79.40081,15.459822],[79.400456,15.459924],[79.400584,15.460301],[79.400831,15.4602],[79.400964,15.460147]]]},"properties":{"lp":"122"}},{"type":"Feature","geometry":{"type":"Polygon","coordinates":[[[79.400964,15.460147],[79.401094,15.460094],[79.401397,15.459971],[79.401257,15.459694],[79.40081,15.459822],[79.400964,15.460147]]]},"properties":{"lp":"123"}},{"type":"Feature","geometry":{"type":"Polygon","coordinates":[[[79.408714,15.466313],[79.408967,15.466215],[79.408826,15.465878],[79.408692,15.465557],[79.408566,15.465257],[79.408531,15.465174],[79.408258,15.465265],[79.408411,15.465618],[79.408563,15.465967],[79.408714,15.466313]]]},"properties":{"lp":"197"}},{"type":"Feature","geometry":{"type":"Polygon","coordinates":[[[79.411468,15.452948],[79.41156,15.45329],[79.412136,15.453127],[79.412037,15.452806],[79.411468,15.452948]]]},"properties":{"lp":"438"}},{"type":"Feature","geometry":{"type":"Polygon","coordinates":[[[79.409214,15.451203],[79.409773,15.450985],[79.409883,15.451173],[79.409529,15.449702],[79.408616,15.449885],[79.408887,15.450954],[79.408998,15.451271],[79.409214,15.451203]]]},"properties":{"lp":"393"}},{"type":"Feature","geometry":{"type":"Polygon","coordinates":[[[79.407049,15.450228],[79.407051,15.450248],[79.407743,15.450184],[79.407837,15.450175],[79.407957,15.450154],[79.408181,15.450114],[79.40857,15.450044],[79.40857,15.450016],[79.407831,15.450153],[79.407049,15.450228]]]},"properties":{"lp":"397"}},{"type":"Feature","geometry":{"type":"Polygon","coordinates":[[[79.408887,15.450954],[79.408616,15.449885],[79.408529,15.449903],[79.40857,15.450016],[79.40857,15.450044],[79.408181,15.450114],[79.408438,15.45109],[79.408887,15.450954]]]},"properties":{"lp":"394"}},{"type":"Feature","geometry":{"type":"Polygon","coordinates":[[[79.408438,15.45109],[79.408181,15.450114],[79.407957,15.450154],[79.408208,15.45116],[79.408438,15.45109]]]},"properties":{"lp":"395"}},{"type":"Feature","geometry":{"type":"Polygon","coordinates":[[[79.40798,15.451229],[79.408208,15.45116],[79.407957,15.450154],[79.407837,15.450175],[79.407743,15.450184],[79.407784,15.450362],[79.40798,15.451229]]]},"properties":{"lp":"396"}},{"type":"Feature","geometry":{"type":"Polygon","coordinates":[[[79.406503,15.450187],[79.406614,15.450481],[79.407094,15.450432],[79.407051,15.450248],[79.407049,15.450228],[79.406503,15.450187]]]},"properties":{"lp":"399"}},{"type":"Feature","geometry":{"type":"Polygon","coordinates":[[[79.407094,15.450432],[79.407784,15.450362],[79.407743,15.450184],[79.407051,15.450248],[79.407094,15.450432]]]},"properties":{"lp":"398"}},{"type":"Feature","geometry":{"type":"Polygon","coordinates":[[[79.407993,15.448156],[79.407955,15.447939],[79.40731,15.448069],[79.406701,15.448257],[79.406726,15.448531],[79.407993,15.448156]]]},"properties":{"lp":"383"}},{"type":"Feature","geometry":{"type":"Polygon","coordinates":[[[79.421807,15.462217],[79.42255,15.461956],[79.422418,15.461409],[79.421992,15.461657],[79.421807,15.462217]]]},"properties":{"lp":"619"}},{"type":"Feature","geometry":{"type":"Polygon","coordinates":[[[79.422418,15.461409],[79.42255,15.461956],[79.423063,15.461776],[79.422864,15.461148],[79.422418,15.461409]]]},"properties":{"lp":"618"}},{"type":"Feature","geometry":{"type":"Polygon","coordinates":[[[79.422864,15.461148],[79.423063,15.461776],[79.42345,15.461641],[79.423307,15.46089],[79.422864,15.461148]]]},"properties":{"lp":"617"}},{"type":"Feature","geometry":{"type":"Polygon","coordinates":[[[79.413566,15.451469],[79.414984,15.451037],[79.414586,15.449717],[79.413261,15.450034],[79.413566,15.451469]]]},"properties":{"lp":"420"}},{"type":"Feature","geometry":{"type":"Polygon","coordinates":[[[79.414984,15.451037],[79.416321,15.450056],[79.41628,15.449984],[79.415935,15.447881],[79.414682,15.448309],[79.414243,15.448459],[79.414586,15.449717],[79.414984,15.451037]]]},"properties":{"lp":"543"}},{"type":"Feature","geometry":{"type":"Polygon","coordinates":[[[79.400161,15.46328],[79.400679,15.463118],[79.400611,15.462853],[79.400071,15.463013],[79.400161,15.46328]]]},"properties":{"lp":"109"}},{"type":"Feature","geometry":{"type":"Polygon","coordinates":[[[79.400106,15.46397],[79.399968,15.463599],[79.399386,15.463839],[79.399546,15.464317],[79.400106,15.46397]]]},"properties":{"lp":"107"}},{"type":"Feature","geometry":{"type":"Polygon","coordinates":[[[79.396408,15.467376],[79.396494,15.467604],[79.396604,15.467578],[79.396878,15.467512],[79.396785,15.467263],[79.396408,15.467376]]]},"properties":{"lp":"57"}},{"type":"Feature","geometry":{"type":"Polygon","coordinates":[[[79.396408,15.467376],[79.396338,15.467221],[79.396053,15.46739],[79.396177,15.467678],[79.396494,15.467604],[79.396408,15.467376]]]},"properties":{"lp":"56"}},{"type":"Feature","geometry":{"type":"Polygon","coordinates":[[[79.396715,15.463029],[79.396744,15.463287],[79.397325,15.463214],[79.397271,15.463016],[79.39725,15.462939],[79.396715,15.463029]]]},"properties":{"lp":"78"}},{"type":"Feature","geometry":{"type":"Polygon","coordinates":[[[79.396715,15.463029],[79.396672,15.462757],[79.396291,15.462796],[79.396162,15.463121],[79.396715,15.463029]]]},"properties":{"lp":"76"}},{"type":"Feature","geometry":{"type":"Polygon","coordinates":[[[79.396672,15.462757],[79.396715,15.463029],[79.39725,15.462939],[79.397225,15.462849],[79.397186,15.462705],[79.396672,15.462757]]]},"properties":{"lp":"75"}},{"type":"Feature","geometry":{"type":"Polygon","coordinates":[[[79.396714,15.46329],[79.396738,15.463528],[79.396755,15.463695],[79.397427,15.463586],[79.397364,15.463357],[79.397325,15.463214],[79.396744,15.463287],[79.396714,15.46329]]]},"properties":{"lp":"80"}},{"type":"Feature","geometry":{"type":"Polygon","coordinates":[[[79.396166,15.463861],[79.396762,15.463763],[79.396755,15.463695],[79.396738,15.463528],[79.396112,15.463605],[79.396166,15.463861]]]},"properties":{"lp":"81"}},{"type":"Feature","geometry":{"type":"Polygon","coordinates":[[[79.396112,15.463605],[79.396738,15.463528],[79.396714,15.46329],[79.396063,15.463371],[79.396112,15.463605]]]},"properties":{"lp":"79"}},{"type":"Feature","geometry":{"type":"Polygon","coordinates":[[[79.396257,15.464295],[79.396807,15.464198],[79.396762,15.463763],[79.396166,15.463861],[79.396257,15.464295]]]},"properties":{"lp":"82"}},{"type":"Feature","geometry":{"type":"Polygon","coordinates":[[[79.396257,15.464295],[79.396264,15.46433],[79.396809,15.464223],[79.396807,15.464198],[79.396257,15.464295]]]},"properties":{"lp":"85"}},{"type":"Feature","geometry":{"type":"Polygon","coordinates":[[[79.396878,15.467512],[79.397371,15.467362],[79.398361,15.467064],[79.398456,15.465673],[79.398499,15.465555],[79.396691,15.467011],[79.396785,15.467263],[79.396878,15.467512]]]},"properties":{"lp":"89"}},{"type":"Feature","geometry":{"type":"Polygon","coordinates":[[[79.398361,15.467064],[79.398701,15.466967],[79.398874,15.465711],[79.398456,15.465673],[79.398361,15.467064]]]},"properties":{"lp":"90"}},{"type":"Feature","geometry":{"type":"Polygon","coordinates":[[[79.398701,15.466967],[79.399367,15.466741],[79.399314,15.46547],[79.398874,15.465711],[79.398701,15.466967]]]},"properties":{"lp":"91"}},{"type":"Feature","geometry":{"type":"Polygon","coordinates":[[[79.398499,15.465555],[79.398456,15.465673],[79.398874,15.465711],[79.399314,15.46547],[79.399367,15.466741],[79.399548,15.466726],[79.399639,15.466726],[79.400031,15.466694],[79.400698,15.466636],[79.400781,15.466629],[79.400907,15.466617],[79.401055,15.466603],[79.400689,15.466031],[79.400382,15.465468],[79.400361,15.465381],[79.400091,15.46429],[79.40007,15.464241],[79.399509,15.464674],[79.398499,15.465555]]]},"properties":{"lp":"92"}},{"type":"Feature","geometry":{"type":"Polygon","coordinates":[[[79.402563,15.463356],[79.402867,15.464465],[79.403078,15.465232],[79.403418,15.465148],[79.403517,15.46491],[79.403695,15.464789],[79.404256,15.464407],[79.404152,15.464089],[79.403942,15.463051],[79.403469,15.463129],[79.402563,15.463356]]]},"properties":{"lp":"149"}},{"type":"Feature","geometry":{"type":"Polygon","coordinates":[[[79.395798,15.461311],[79.396088,15.461222],[79.396301,15.461608],[79.396528,15.46156],[79.396502,15.461759],[79.397028,15.461682],[79.397031,15.461593],[79.397041,15.461272],[79.397241,15.461206],[79.397186,15.460573],[79.39565,15.460696],[79.395798,15.461311]]]},"properties":{"lp":"65"}},{"type":"Feature","geometry":{"type":"Polygon","coordinates":[[[79.397241,15.461206],[79.397804,15.461114],[79.397932,15.461081],[79.398142,15.460567],[79.397186,15.460573],[79.397241,15.461206]]]},"properties":{"lp":"66"}},{"type":"Feature","geometry":{"type":"Polygon","coordinates":[[[79.398392,15.465346],[79.399258,15.464536],[79.399065,15.464352],[79.398455,15.462909],[79.39831,15.4617],[79.398319,15.461584],[79.398335,15.461113],[79.397932,15.461081],[79.397943,15.461439],[79.397951,15.461732],[79.397958,15.461971],[79.397976,15.462554],[79.398002,15.462713],[79.39803,15.462879],[79.398089,15.463227],[79.398224,15.464031],[79.398392,15.465346]]]},"properties":{"lp":"94"}},{"type":"Feature","geometry":{"type":"Polygon","coordinates":[[[79.399546,15.464317],[79.399386,15.463839],[79.399019,15.462734],[79.398455,15.462909],[79.399065,15.464352],[79.399258,15.464536],[79.399546,15.464317]]]},"properties":{"lp":"706"}},{"type":"Feature","geometry":{"type":"Polygon","coordinates":[[[79.398455,15.462909],[79.399019,15.462734],[79.40049,15.462387],[79.400362,15.461677],[79.399896,15.461738],[79.399417,15.461668],[79.39831,15.4617],[79.398455,15.462909]]]},"properties":{"lp":"110"}},{"type":"Feature","geometry":{"type":"Polygon","coordinates":[[[79.404101,15.463467],[79.404904,15.463017],[79.404983,15.462977],[79.404771,15.462265],[79.403907,15.46241],[79.404101,15.463467]]]},"properties":{"lp":"157"}},{"type":"Feature","geometry":{"type":"Polygon","coordinates":[[[79.405688,15.463813],[79.405896,15.463751],[79.406218,15.463642],[79.406062,15.463172],[79.406194,15.463106],[79.405683,15.461692],[79.405231,15.461694],[79.404771,15.462265],[79.404983,15.462977],[79.404904,15.463017],[79.405163,15.463259],[79.405568,15.463699],[79.405688,15.463813]]]},"properties":{"lp":"159"}},{"type":"Feature","geometry":{"type":"Polygon","coordinates":[[[79.403907,15.46241],[79.404771,15.462265],[79.405231,15.461694],[79.403907,15.46241]]]},"properties":{"lp":"160"}},{"type":"Feature","geometry":{"type":"Polygon","coordinates":[[[79.406194,15.463106],[79.406251,15.463068],[79.406661,15.46292],[79.406597,15.462679],[79.406567,15.462568],[79.406479,15.462324],[79.406361,15.461985],[79.406263,15.4617],[79.406153,15.461744],[79.405683,15.461692],[79.406194,15.463106]]]},"properties":{"lp":"164"}},{"type":"Feature","geometry":{"type":"Polygon","coordinates":[[[79.406354,15.461575],[79.406619,15.461502],[79.406647,15.461491],[79.406882,15.461397],[79.407118,15.461303],[79.40728,15.461238],[79.407237,15.461097],[79.407825,15.460824],[79.407742,15.460451],[79.406354,15.461575]]]},"properties":{"lp":"244"}},{"type":"Feature","geometry":{"type":"Polygon","coordinates":[[[79.407755,15.461987],[79.407987,15.461893],[79.408039,15.46178],[79.407881,15.461074],[79.407825,15.460824],[79.407237,15.461097],[79.40728,15.461238],[79.407461,15.461524],[79.407755,15.461987]]]},"properties":{"lp":"245"}},{"type":"Feature","geometry":{"type":"Polygon","coordinates":[[[79.410265,15.46336],[79.41025,15.463337],[79.40995,15.462648],[79.409722,15.462125],[79.409352,15.461494],[79.408039,15.46178],[79.407987,15.461893],[79.407755,15.461987],[79.408107,15.462809],[79.408433,15.463166],[79.409304,15.463976],[79.409588,15.463794],[79.409849,15.463627],[79.410082,15.463477],[79.410265,15.46336]]]},"properties":{"lp":"248"}},{"type":"Feature","geometry":{"type":"Polygon","coordinates":[[[79.411901,15.464803],[79.41192,15.464956],[79.411932,15.465058],[79.411945,15.465167],[79.411972,15.465387],[79.413006,15.465168],[79.412927,15.464666],[79.411901,15.464803]]]},"properties":{"lp":"343"}},{"type":"Feature","geometry":{"type":"Polygon","coordinates":[[[79.411901,15.464803],[79.412927,15.464666],[79.412837,15.464177],[79.412748,15.464127],[79.41253,15.462645],[79.411821,15.461329],[79.410862,15.461835],[79.41094,15.462382],[79.411026,15.462992],[79.41158,15.462796],[79.411608,15.462973],[79.411636,15.463148],[79.411656,15.463268],[79.411688,15.463473],[79.411722,15.46368],[79.411755,15.463888],[79.41179,15.464105],[79.411793,15.464122],[79.411827,15.464337],[79.411861,15.464547],[79.411894,15.46475],[79.411901,15.464803]]]},"properties":{"lp":"342"}},{"type":"Feature","geometry":{"type":"Polygon","coordinates":[[[79.418482,15.464047],[79.419794,15.463731],[79.420806,15.463352],[79.421826,15.463211],[79.420544,15.462514],[79.420723,15.463309],[79.419045,15.463486],[79.417674,15.463685],[79.41753,15.463977],[79.418482,15.464047]]]},"properties":{"lp":"502"}},{"type":"Feature","geometry":{"type":"Polygon","coordinates":[[[79.419045,15.463486],[79.420723,15.463309],[79.420544,15.462514],[79.418603,15.46171],[79.419045,15.463486]]]},"properties":{"lp":"503"}},{"type":"Feature","geometry":{"type":"Polygon","coordinates":[[[79.424628,15.461399],[79.42498,15.461272],[79.42617,15.460846],[79.425805,15.459748],[79.425728,15.459515],[79.424938,15.45971],[79.424488,15.459821],[79.424525,15.460237],[79.424564,15.460672],[79.424628,15.461399]]]},"properties":{"lp":"625"}},{"type":"Feature","geometry":{"type":"Polygon","coordinates":[[[79.427296,15.460211],[79.428394,15.459978],[79.427965,15.458389],[79.427668,15.458451],[79.427014,15.458666],[79.42701,15.45876],[79.427129,15.459368],[79.427296,15.460211]]]},"properties":{"lp":"658"}},{"type":"Feature","geometry":{"type":"Polygon","coordinates":[[[79.423,15.458927],[79.423253,15.459925],[79.424488,15.459821],[79.424938,15.45971],[79.424707,15.458673],[79.423,15.458927]]]},"properties":{"lp":"626"}},{"type":"Feature","geometry":{"type":"Polygon","coordinates":[[[79.425639,15.459147],[79.42701,15.45876],[79.427014,15.458666],[79.427668,15.458451],[79.427484,15.457538],[79.426955,15.457515],[79.426911,15.457702],[79.425616,15.457931],[79.425866,15.458382],[79.425479,15.458486],[79.425639,15.459147]]]},"properties":{"lp":"659"}},{"type":"Feature","geometry":{"type":"Polygon","coordinates":[[[79.428245,15.457389],[79.428111,15.456688],[79.428015,15.456185],[79.427932,15.45575],[79.428319,15.455615],[79.427962,15.454621],[79.427313,15.454977],[79.426572,15.455383],[79.426616,15.455623],[79.426702,15.456106],[79.426852,15.45694],[79.426955,15.457515],[79.427484,15.457538],[79.428245,15.457389]]]},"properties":{"lp":"680"}},{"type":"Feature","geometry":{"type":"Polygon","coordinates":[[[79.427962,15.454621],[79.428319,15.455615],[79.429457,15.455099],[79.429367,15.454769],[79.429017,15.454784],[79.428825,15.453778],[79.427912,15.45412],[79.427962,15.454621]]]},"properties":{"lp":"679"}},{"type":"Feature","geometry":{"type":"Polygon","coordinates":[[[79.421467,15.454091],[79.422289,15.454057],[79.423213,15.454027],[79.423964,15.454002],[79.423823,15.453477],[79.423448,15.452268],[79.42217,15.452787],[79.421454,15.453094],[79.421452,15.453845],[79.421467,15.454091]]]},"properties":{"lp":"637"}},{"type":"Feature","geometry":{"type":"Polygon","coordinates":[[[79.420563,15.454011],[79.421452,15.453845],[79.421454,15.453094],[79.42217,15.452787],[79.421677,15.451407],[79.42012,15.451746],[79.420397,15.453142],[79.420563,15.454011]]]},"properties":{"lp":"601"}},{"type":"Feature","geometry":{"type":"Polygon","coordinates":[[[79.418991,15.453375],[79.419023,15.453358],[79.420397,15.453142],[79.42012,15.451746],[79.420021,15.451264],[79.419948,15.450909],[79.418681,15.451263],[79.418769,15.4517],[79.418991,15.453375]]]},"properties":{"lp":"534"}},{"type":"Feature","geometry":{"type":"Polygon","coordinates":[[[79.415401,15.454307],[79.415835,15.454245],[79.416095,15.454747],[79.416469,15.454674],[79.416812,15.454608],[79.417128,15.454547],[79.417244,15.454524],[79.417099,15.453986],[79.41692,15.453325],[79.416767,15.452762],[79.416641,15.452294],[79.415319,15.452863],[79.415372,15.453131],[79.415372,15.453529],[79.415373,15.454049],[79.415401,15.454307]]]},"properties":{"lp":"479"}},{"type":"Feature","geometry":{"type":"Polygon","coordinates":[[[79.421304,15.44992],[79.422933,15.449598],[79.422721,15.448466],[79.421591,15.448748],[79.421095,15.448909],[79.421304,15.44992]]]},"properties":{"lp":"642"}},{"type":"Feature","geometry":{"type":"Polygon","coordinates":[[[79.422721,15.448466],[79.422933,15.449598],[79.423038,15.450161],[79.424129,15.449957],[79.424286,15.449829],[79.424261,15.449554],[79.423812,15.448318],[79.422721,15.448466]]]},"properties":{"lp":"643"}},{"type":"Feature","geometry":{"type":"Polygon","coordinates":[[[79.423812,15.448318],[79.424261,15.449554],[79.425468,15.449243],[79.425095,15.448039],[79.423812,15.448318]]]},"properties":{"lp":"671"}},{"type":"Feature","geometry":{"type":"Polygon","coordinates":[[[79.424533,15.451371],[79.425313,15.451076],[79.425253,15.450722],[79.426331,15.45035],[79.426052,15.449133],[79.425468,15.449243],[79.424261,15.449554],[79.424286,15.449829],[79.424129,15.449957],[79.424533,15.451371]]]},"properties":{"lp":"670"}},{"type":"Feature","geometry":{"type":"Polygon","coordinates":[[[79.426331,15.45035],[79.426491,15.450771],[79.427521,15.450804],[79.427508,15.450324],[79.427709,15.448479],[79.426519,15.448949],[79.426052,15.449133],[79.426331,15.45035]]]},"properties":{"lp":"676"}},{"type":"Feature","geometry":{"type":"Polygon","coordinates":[[[79.42777,15.443603],[79.427311,15.443485],[79.426963,15.443579],[79.425735,15.443911],[79.425907,15.446151],[79.425916,15.446272],[79.425954,15.447915],[79.426245,15.447843],[79.427574,15.447514],[79.427709,15.448479],[79.428222,15.447402],[79.428991,15.446889],[79.428624,15.446158],[79.427832,15.446017],[79.427677,15.445768],[79.427485,15.445043],[79.427949,15.445016],[79.42777,15.443603]]]},"properties":{"lp":"702"}},{"type":"Feature","geometry":{"type":"Polygon","coordinates":[[[79.430743,15.445718],[79.431199,15.445414],[79.431142,15.445084],[79.431057,15.444594],[79.430168,15.444282],[79.43085,15.443622],[79.429378,15.443683],[79.430743,15.445718]]]},"properties":{"lp":"701"}},{"type":"Feature","geometry":{"type":"Polygon","coordinates":[[[79.42133,15.446556],[79.421469,15.448489],[79.423856,15.448033],[79.423488,15.446531],[79.423155,15.446615],[79.422609,15.446597],[79.42133,15.446556]]]},"properties":{"lp":"580"}},{"type":"Feature","geometry":{"type":"Polygon","coordinates":[[[79.423856,15.448033],[79.424961,15.447556],[79.424988,15.446196],[79.425026,15.44427],[79.424614,15.444035],[79.422848,15.445338],[79.423155,15.446615],[79.423488,15.446531],[79.423856,15.448033]]]},"properties":{"lp":"594"}},{"type":"Feature","geometry":{"type":"Polygon","coordinates":[[[79.4415,15.459549],[79.443315,15.458789],[79.443506,15.458718],[79.446435,15.458948],[79.447517,15.459044],[79.449297,15.459151],[79.450067,15.459228],[79.452101,15.459381],[79.446285,15.451043],[79.4461,15.450763],[79.445914,15.450424],[79.445312,15.449437],[79.444818,15.448583],[79.444192,15.447515],[79.443587,15.446464],[79.44208,15.442948],[79.441319,15.442798],[79.440924,15.442712],[79.44031,15.442555],[79.436675,15.442514],[79.437639,15.444204],[79.438016,15.445562],[79.438356,15.446692],[79.438651,15.447102],[79.439048,15.447458],[79.439579,15.448575],[79.440317,15.454275],[79.440523,15.455507],[79.440713,15.456298],[79.440697,15.457077],[79.440815,15.458021],[79.4415,15.459549]]]},"properties":{"lp":"730"}},{"type":"Feature","geometry":{"type":"Polygon","coordinates":[[[79.41628,15.449984],[79.417853,15.44878],[79.417262,15.447585],[79.416775,15.447693],[79.415935,15.447881],[79.41628,15.449984]]]},"properties":{"lp":"573"}},{"type":"Feature","geometry":{"type":"Polygon","coordinates":[[[79.412599,15.447578],[79.412779,15.448065],[79.413061,15.448832],[79.414243,15.448459],[79.413989,15.447201],[79.412599,15.447578]]]},"properties":{"lp":"418"}},{"type":"Feature","geometry":{"type":"Polygon","coordinates":[[[79.410227,15.452175],[79.410942,15.451923],[79.410641,15.45119],[79.40999,15.451354],[79.409883,15.451173],[79.409773,15.450985],[79.409214,15.451203],[79.40965,15.452406],[79.410227,15.452175]]]},"properties":{"lp":"407"}},{"type":"Feature","geometry":{"type":"Polygon","coordinates":[[[79.410942,15.451923],[79.411864,15.451598],[79.411648,15.450789],[79.410924,15.450946],[79.410816,15.45106],[79.410725,15.451168],[79.410641,15.45119],[79.410942,15.451923]]]},"properties":{"lp":"406"}},{"type":"Feature","geometry":{"type":"Polygon","coordinates":[[[79.411864,15.451598],[79.413566,15.451469],[79.413261,15.450034],[79.413073,15.450056],[79.412904,15.450102],[79.411584,15.450494],[79.411648,15.450789],[79.411864,15.451598]]]},"properties":{"lp":"408"}},{"type":"Feature","geometry":{"type":"Polygon","coordinates":[[[79.413523,15.452129],[79.414984,15.451037],[79.413566,15.451469],[79.413523,15.452129]]]},"properties":{"lp":"421"}},{"type":"Feature","geometry":{"type":"Polygon","coordinates":[[[79.406103,15.454093],[79.406184,15.454244],[79.407211,15.453117],[79.408308,15.452863],[79.408353,15.452706],[79.407523,15.45286],[79.407322,15.452932],[79.406103,15.454093]]]},"properties":{"lp":"367"}},{"type":"Feature","geometry":{"type":"Polygon","coordinates":[[[79.408353,15.452706],[79.408308,15.452863],[79.409463,15.45284],[79.409487,15.452663],[79.409893,15.45251],[79.410109,15.452429],[79.410179,15.452403],[79.410342,15.452341],[79.410439,15.452304],[79.410227,15.452175],[79.40965,15.452406],[79.409325,15.452537],[79.408353,15.452706]]]},"properties":{"lp":"370"}},{"type":"Feature","geometry":{"type":"Polygon","coordinates":[[[79.410439,15.452304],[79.410992,15.452209],[79.41167,15.451944],[79.41203,15.451803],[79.412223,15.451728],[79.411864,15.451598],[79.410942,15.451923],[79.410227,15.452175],[79.410439,15.452304]]]},"properties":{"lp":"371"}},{"type":"Feature","geometry":{"type":"Polygon","coordinates":[[[79.411864,15.451598],[79.412223,15.451728],[79.412363,15.451727],[79.412752,15.451723],[79.413221,15.451719],[79.413261,15.451853],[79.413312,15.452026],[79.413375,15.452239],[79.413523,15.452129],[79.413566,15.451469],[79.411864,15.451598]]]},"properties":{"lp":"372"}},{"type":"Feature","geometry":{"type":"Polygon","coordinates":[[[79.406184,15.454244],[79.406239,15.454589],[79.407983,15.454278],[79.40961,15.453856],[79.409594,15.453745],[79.409523,15.453254],[79.409463,15.45284],[79.408308,15.452863],[79.407211,15.453117],[79.406184,15.454244]]]},"properties":{"lp":"369"}},{"type":"Feature","geometry":{"type":"Polygon","coordinates":[[[79.408355,15.455714],[79.408823,15.455673],[79.409616,15.455287],[79.409672,15.455264],[79.409868,15.45498],[79.409897,15.454824],[79.409712,15.454201],[79.40961,15.453856],[79.407983,15.454278],[79.408355,15.455714]]]},"properties":{"lp":"366"}},{"type":"Feature","geometry":{"type":"Polygon","coordinates":[[[79.406847,15.456081],[79.406813,15.456218],[79.407779,15.456005],[79.407779,15.455912],[79.406942,15.456064],[79.406847,15.456081]]]},"properties":{"lp":"326"}},{"type":"Feature","geometry":{"type":"Polygon","coordinates":[[[79.409003,15.45569],[79.409541,15.455412],[79.409616,15.455287],[79.408823,15.455673],[79.408355,15.455714],[79.408346,15.455879],[79.409003,15.45569]]]},"properties":{"lp":"328"}},{"type":"Feature","geometry":{"type":"Polygon","coordinates":[[[79.409136,15.45655],[79.409541,15.455412],[79.409003,15.45569],[79.409136,15.45655]]]},"properties":{"lp":"359"}},{"type":"Feature","geometry":{"type":"Polygon","coordinates":[[[79.408188,15.459714],[79.408363,15.459675],[79.408451,15.459399],[79.408474,15.459326],[79.408529,15.459154],[79.408559,15.45906],[79.408599,15.458931],[79.408799,15.458303],[79.408907,15.457993],[79.409008,15.457643],[79.408924,15.457207],[79.40869,15.458136],[79.408278,15.459371],[79.408225,15.459574],[79.408188,15.459714]]]},"properties":{"lp":"317"}},{"type":"Feature","geometry":{"type":"Polygon","coordinates":[[[79.407398,15.460059],[79.408006,15.459901],[79.408188,15.459714],[79.407378,15.459823],[79.407398,15.460059]]]},"properties":{"lp":"240"}},{"type":"Feature","geometry":{"type":"Polygon","coordinates":[[[79.411012,15.459385],[79.411632,15.460871],[79.412215,15.460817],[79.41336,15.460364],[79.413206,15.459446],[79.412981,15.458896],[79.411012,15.459385]]]},"properties":{"lp":"337"}},{"type":"Feature","geometry":{"type":"Polygon","coordinates":[[[79.413206,15.459446],[79.41336,15.460364],[79.414408,15.460419],[79.414507,15.460448],[79.414493,15.459809],[79.414415,15.459454],[79.414343,15.459353],[79.414159,15.459345],[79.413206,15.459446]]]},"properties":{"lp":"352"}},{"type":"Feature","geometry":{"type":"Polygon","coordinates":[[[79.410643,15.460527],[79.411137,15.460852],[79.411632,15.460871],[79.411012,15.459385],[79.412981,15.458896],[79.412437,15.45756],[79.412117,15.457545],[79.412113,15.457537],[79.410095,15.457765],[79.410143,15.457863],[79.410162,15.45812],[79.410215,15.458435],[79.410302,15.458951],[79.410437,15.459575],[79.410466,15.459708],[79.410643,15.460527]]]},"properties":{"lp":"336"}},{"type":"Feature","geometry":{"type":"Polygon","coordinates":[[[79.409102,15.459763],[79.40946,15.459759],[79.4096,15.459363],[79.409677,15.459078],[79.410302,15.458951],[79.410215,15.458435],[79.410162,15.45812],[79.410143,15.457863],[79.410095,15.457765],[79.409358,15.457907],[79.409431,15.458201],[79.409494,15.458472],[79.408871,15.45859],[79.408896,15.45869],[79.408945,15.458947],[79.40897,15.45908],[79.408987,15.459173],[79.409014,15.459314],[79.409028,15.459388],[79.409069,15.45961],[79.409102,15.459763]]]},"properties":{"lp":"334"}},{"type":"Feature","geometry":{"type":"Polygon","coordinates":[[[79.406691,15.458699],[79.407116,15.458617],[79.407714,15.458422],[79.407557,15.45738],[79.406947,15.457406],[79.40675,15.457235],[79.406666,15.457388],[79.406498,15.457764],[79.406552,15.458398],[79.406649,15.458342],[79.406691,15.458699]]]},"properties":{"lp":"319"}},{"type":"Feature","geometry":{"type":"Polygon","coordinates":[[[79.406947,15.457406],[79.407557,15.45738],[79.40784,15.457382],[79.408244,15.457265],[79.408491,15.456627],[79.408346,15.455879],[79.407779,15.456005],[79.406813,15.456218],[79.406722,15.456361],[79.406683,15.456626],[79.40675,15.457235],[79.406947,15.457406]]]},"properties":{"lp":"329"}},{"type":"Feature","geometry":{"type":"Polygon","coordinates":[[[79.405925,15.454249],[79.406239,15.454589],[79.406184,15.454244],[79.406103,15.454093],[79.405925,15.454249]]]},"properties":{"lp":"368"}},{"type":"Feature","geometry":{"type":"Polygon","coordinates":[[[79.407322,15.452932],[79.407523,15.45286],[79.407114,15.451817],[79.406953,15.451897],[79.407322,15.452932]]]},"properties":{"lp":"374"}},{"type":"Feature","geometry":{"type":"Polygon","coordinates":[[[79.406953,15.451897],[79.407114,15.451817],[79.406935,15.451339],[79.406614,15.450481],[79.406503,15.450187],[79.406179,15.449523],[79.406438,15.450233],[79.406953,15.451897]]]},"properties":{"lp":"375"}},{"type":"Feature","geometry":{"type":"Polygon","coordinates":[[[79.40418,15.458724],[79.404487,15.458747],[79.404563,15.458549],[79.405105,15.458365],[79.405375,15.458372],[79.405895,15.458254],[79.405814,15.457957],[79.40631,15.457861],[79.406565,15.457106],[79.406517,15.456635],[79.406313,15.456542],[79.40418,15.458724]]]},"properties":{"lp":"238"}},{"type":"Feature","geometry":{"type":"Polygon","coordinates":[[[79.403334,15.46013],[79.403544,15.46014],[79.403647,15.460097],[79.404199,15.459869],[79.404083,15.459045],[79.404004,15.458776],[79.403203,15.458812],[79.402878,15.458874],[79.403023,15.459282],[79.403334,15.46013]]]},"properties":{"lp":"236"}},{"type":"Feature","geometry":{"type":"Polygon","coordinates":[[[79.404083,15.459045],[79.404217,15.458993],[79.404315,15.458962],[79.404319,15.458835],[79.404004,15.458776],[79.404083,15.459045]]]},"properties":{"lp":"237"}},{"type":"Feature","geometry":{"type":"Polygon","coordinates":[[[79.404839,15.461728],[79.405535,15.461366],[79.40563,15.461544],[79.40588,15.461499],[79.406153,15.461744],[79.406263,15.4617],[79.406292,15.461689],[79.406354,15.461575],[79.406388,15.461257],[79.408006,15.459901],[79.407398,15.460059],[79.407378,15.459823],[79.407272,15.459866],[79.406906,15.459281],[79.406738,15.459145],[79.406691,15.458699],[79.406649,15.458342],[79.406552,15.458398],[79.406498,15.457764],[79.40631,15.457861],[79.405814,15.457957],[79.405895,15.458254],[79.405375,15.458372],[79.405105,15.458365],[79.404563,15.458549],[79.404487,15.458747],[79.40418,15.458724],[79.404011,15.458711],[79.404004,15.458776],[79.404319,15.458835],[79.404315,15.458962],[79.404217,15.458993],[79.404083,15.459045],[79.404199,15.459869],[79.405142,15.459644],[79.405117,15.459874],[79.404946,15.459913],[79.405041,15.460907],[79.405262,15.460936],[79.405295,15.461117],[79.405097,15.461528],[79.404839,15.461728]]]},"properties":{"lp":"239"}},{"type":"Feature","geometry":{"type":"Polygon","coordinates":[[[79.39831,15.4617],[79.399417,15.461668],[79.399413,15.461636],[79.399312,15.461631],[79.398319,15.461584],[79.39831,15.4617]]]},"properties":{"lp":"118"}},{"type":"Feature","geometry":{"type":"Polygon","coordinates":[[[79.400253,15.461624],[79.400362,15.461677],[79.400436,15.461681],[79.400761,15.461698],[79.401214,15.461291],[79.401122,15.461231],[79.401055,15.461278],[79.40073,15.461507],[79.400253,15.461624]]]},"properties":{"lp":"116"}},{"type":"Feature","geometry":{"type":"Polygon","coordinates":[[[79.401214,15.461291],[79.401518,15.460973],[79.40223,15.460545],[79.402192,15.460267],[79.401739,15.460649],[79.401476,15.46085],[79.401122,15.461231],[79.401214,15.461291]]]},"properties":{"lp":"115"}},{"type":"Feature","geometry":{"type":"Polygon","coordinates":[[[79.399779,15.460119],[79.400456,15.459924],[79.40081,15.459822],[79.401257,15.459694],[79.401268,15.459688],[79.401395,15.459617],[79.401402,15.459596],[79.401264,15.459681],[79.39974,15.460021],[79.399779,15.460119]]]},"properties":{"lp":"120"}},{"type":"Feature","geometry":{"type":"Polygon","coordinates":[[[79.406722,15.456361],[79.406813,15.456218],[79.406847,15.456081],[79.406319,15.45519],[79.406098,15.455003],[79.406614,15.456069],[79.406572,15.456311],[79.406722,15.456361]]]},"properties":{"lp":"322"}},{"type":"Feature","geometry":{"type":"Polygon","coordinates":[[[79.406098,15.455003],[79.406319,15.45519],[79.406156,15.454718],[79.406208,15.454669],[79.406239,15.454589],[79.405925,15.454249],[79.406098,15.455003]]]},"properties":{"lp":"323"}},{"type":"Feature","geometry":{"type":"Polygon","coordinates":[[[79.388875,15.457177],[79.390291,15.456928],[79.390448,15.45691],[79.390381,15.456448],[79.38963,15.455578],[79.389112,15.45485],[79.388511,15.45502],[79.388398,15.455052],[79.388875,15.457177]]]},"properties":{"lp":"41"}},{"type":"Feature","geometry":{"type":"Polygon","coordinates":[[[79.389164,15.459526],[79.389814,15.459314],[79.389059,15.458897],[79.38915,15.459444],[79.389164,15.459526]]]},"properties":{"lp":"705"}},{"type":"Feature","geometry":{"type":"Polygon","coordinates":[[[79.402537,15.463038],[79.402563,15.463356],[79.403469,15.463129],[79.403942,15.463051],[79.403907,15.46241],[79.402537,15.463038]]]},"properties":{"lp":"156"}},{"type":"Feature","geometry":{"type":"Polygon","coordinates":[[[79.404202,15.464053],[79.404101,15.463467],[79.403907,15.46241],[79.403942,15.463051],[79.404152,15.464089],[79.404202,15.464053]]]},"properties":{"lp":"155"}},{"type":"Feature","geometry":{"type":"Polygon","coordinates":[[[79.404152,15.464089],[79.404256,15.464407],[79.404441,15.464714],[79.40448,15.464862],[79.404561,15.46517],[79.404645,15.465158],[79.404503,15.464683],[79.404202,15.464053],[79.404152,15.464089]]]},"properties":{"lp":"154"}},{"type":"Feature","geometry":{"type":"Polygon","coordinates":[[[79.407341,15.465516],[79.407301,15.465412],[79.407235,15.465242],[79.407174,15.465085],[79.407105,15.464906],[79.407037,15.464729],[79.406967,15.464549],[79.406341,15.464657],[79.405896,15.463751],[79.405688,15.463813],[79.405568,15.463699],[79.405163,15.463259],[79.404904,15.463017],[79.404101,15.463467],[79.404202,15.464053],[79.404503,15.464683],[79.404645,15.465158],[79.404777,15.465595],[79.405313,15.465839],[79.405608,15.465833],[79.407173,15.46552],[79.407341,15.465516]]]},"properties":{"lp":"153"}},{"type":"Feature","geometry":{"type":"Polygon","coordinates":[[[79.410254,15.456178],[79.41062,15.45595],[79.410483,15.455275],[79.410169,15.455281],[79.410213,15.45569],[79.410239,15.455936],[79.410254,15.456178]]]},"properties":{"lp":"363"}},{"type":"Feature","geometry":{"type":"Polygon","coordinates":[[[79.409971,15.455285],[79.409742,15.45575],[79.410213,15.45569],[79.410169,15.455281],[79.409971,15.455285]]]},"properties":{"lp":"362"}},{"type":"Feature","geometry":{"type":"Polygon","coordinates":[[[79.409742,15.45575],[79.4096,15.456037],[79.410239,15.455936],[79.410213,15.45569],[79.409742,15.45575]]]},"properties":{"lp":"361"}},{"type":"Feature","geometry":{"type":"Polygon","coordinates":[[[79.410239,15.455936],[79.4096,15.456037],[79.409382,15.45648],[79.409564,15.456457],[79.409872,15.456417],[79.410254,15.456178],[79.410239,15.455936]]]},"properties":{"lp":"360"}},{"type":"Feature","geometry":{"type":"Polygon","coordinates":[[[79.416348,15.450397],[79.415179,15.451256],[79.416234,15.450927],[79.417397,15.450417],[79.417369,15.450218],[79.416393,15.4505],[79.416348,15.450397]]]},"properties":{"lp":"541"}},{"type":"Feature","geometry":{"type":"Polygon","coordinates":[[[79.417369,15.450218],[79.417397,15.450417],[79.417826,15.450229],[79.419876,15.449632],[79.419894,15.449448],[79.418167,15.449988],[79.417369,15.450218]]]},"properties":{"lp":"597"}},{"type":"Feature","geometry":{"type":"Polygon","coordinates":[[[79.421591,15.448748],[79.421469,15.448489],[79.419894,15.449448],[79.419876,15.449632],[79.421095,15.448909],[79.421591,15.448748]]]},"properties":{"lp":"596"}},{"type":"Feature","geometry":{"type":"Polygon","coordinates":[[[79.421469,15.448489],[79.421591,15.448748],[79.422721,15.448466],[79.423812,15.448318],[79.425095,15.448039],[79.424961,15.447556],[79.423856,15.448033],[79.421469,15.448489]]]},"properties":{"lp":"595"}},{"type":"Feature","geometry":{"type":"Polygon","coordinates":[[[79.410649,15.454579],[79.41107,15.454584],[79.411286,15.45457],[79.411302,15.454402],[79.411269,15.454243],[79.410649,15.454579]]]},"properties":{"lp":"454"}},{"type":"Feature","geometry":{"type":"Polygon","coordinates":[[[79.410643,15.460527],[79.410626,15.461848],[79.410862,15.461835],[79.411781,15.461189],[79.411632,15.460871],[79.411137,15.460852],[79.410643,15.460527]]]},"properties":{"lp":"338"}},{"type":"Feature","geometry":{"type":"Polygon","coordinates":[[[79.411632,15.460871],[79.411781,15.461189],[79.41343,15.460591],[79.41336,15.460364],[79.412215,15.460817],[79.411632,15.460871]]]},"properties":{"lp":"339"}},{"type":"Feature","geometry":{"type":"Polygon","coordinates":[[[79.41343,15.460591],[79.413807,15.460893],[79.415581,15.461419],[79.416105,15.460796],[79.41445,15.46067],[79.414408,15.460419],[79.41336,15.460364],[79.41343,15.460591]]]},"properties":{"lp":"351"}},{"type":"Feature","geometry":{"type":"Polygon","coordinates":[[[79.418632,15.461577],[79.418603,15.46171],[79.420544,15.462514],[79.420555,15.462222],[79.420117,15.462197],[79.419642,15.461947],[79.419411,15.461719],[79.419209,15.461682],[79.418632,15.461577]]]},"properties":{"lp":"505"}},{"type":"Feature","geometry":{"type":"Polygon","coordinates":[[[79.420555,15.462222],[79.420544,15.462514],[79.421826,15.463211],[79.422538,15.462999],[79.421726,15.46246],[79.420986,15.462247],[79.420555,15.462222]]]},"properties":{"lp":"504"}},{"type":"Feature","geometry":{"type":"Polygon","coordinates":[[[79.409977,15.46553],[79.409854,15.465247],[79.40973,15.46496],[79.409608,15.464677],[79.409595,15.464647],[79.409443,15.464297],[79.409304,15.463976],[79.408886,15.464061],[79.409264,15.464621],[79.409299,15.464706],[79.409339,15.464802],[79.409358,15.464848],[79.409377,15.464896],[79.409397,15.464945],[79.409416,15.464991],[79.409496,15.465185],[79.409576,15.46538],[79.409659,15.465581],[79.40968,15.465632],[79.409703,15.465688],[79.40973,15.465752],[79.409977,15.46553]]]},"properties":{"lp":"249"}},{"type":"Feature","geometry":{"type":"Polygon","coordinates":[[[79.408886,15.464061],[79.409304,15.463976],[79.408433,15.463166],[79.408107,15.462809],[79.407755,15.461987],[79.40758,15.461951],[79.407593,15.462019],[79.407616,15.462147],[79.407697,15.462379],[79.407781,15.462619],[79.407862,15.462711],[79.408115,15.462996],[79.408331,15.463239],[79.408886,15.464061]]]},"properties":{"lp":"247"}},{"type":"Feature","geometry":{"type":"Polygon","coordinates":[[[79.417092,15.459006],[79.417801,15.458961],[79.418322,15.458708],[79.418259,15.458519],[79.418139,15.458157],[79.418245,15.457836],[79.418181,15.457816],[79.417929,15.457735],[79.417825,15.457388],[79.416774,15.457607],[79.416815,15.457788],[79.416938,15.458328],[79.416995,15.45858],[79.417068,15.458899],[79.417092,15.459006]]]},"properties":{"lp":"509"}},{"type":"Feature","geometry":{"type":"Polygon","coordinates":[[[79.417092,15.459006],[79.417197,15.459403],[79.417373,15.460065],[79.418276,15.45998],[79.418926,15.459884],[79.418738,15.458912],[79.41837,15.458731],[79.418322,15.458708],[79.417801,15.458961],[79.417092,15.459006]]]},"properties":{"lp":"508"}},{"type":"Feature","geometry":{"type":"Polygon","coordinates":[[[79.395537,15.44204],[79.395345,15.441614],[79.395074,15.441711],[79.395537,15.44204]]]},"properties":{"lp":"708"}},{"type":"Feature","geometry":{"type":"Polygon","coordinates":[[[79.395074,15.441711],[79.394462,15.441929],[79.39577,15.442555],[79.395537,15.44204],[79.395074,15.441711]]]},"properties":{"lp":"707"}},{"type":"Feature","geometry":{"type":"Polygon","coordinates":[[[79.392156,15.460415],[79.392289,15.46099],[79.392824,15.460878],[79.393516,15.460706],[79.393516,15.460635],[79.392632,15.460609],[79.392156,15.460415]]]},"properties":{"lp":"42"}},{"type":"Feature","geometry":{"type":"Polygon","coordinates":[[[79.393516,15.460706],[79.393864,15.460635],[79.393516,15.460635],[79.393516,15.460706]]]},"properties":{"lp":"43"}},{"type":"Feature","geometry":{"type":"Polygon","coordinates":[[[79.401518,15.460973],[79.402302,15.462255],[79.40241,15.462815],[79.403129,15.462545],[79.402922,15.461933],[79.40223,15.460545],[79.401518,15.460973]]]},"properties":{"lp":"113"}},{"type":"Feature","geometry":{"type":"Polygon","coordinates":[[[79.401245,15.463338],[79.40181,15.463079],[79.401606,15.462374],[79.402302,15.462255],[79.401518,15.460973],[79.401214,15.461291],[79.400761,15.461698],[79.400436,15.461681],[79.401245,15.463338]]]},"properties":{"lp":"112"}},{"type":"Feature","geometry":{"type":"Polygon","coordinates":[[[79.40079,15.463546],[79.401245,15.463338],[79.400436,15.461681],[79.400362,15.461677],[79.40049,15.462387],[79.400611,15.462853],[79.400679,15.463118],[79.40079,15.463546]]]},"properties":{"lp":"111"}},{"type":"Feature","geometry":{"type":"Polygon","coordinates":[[[79.419479,15.456334],[79.420352,15.456203],[79.420301,15.455536],[79.419382,15.454509],[79.419093,15.454639],[79.419238,15.455277],[79.419317,15.455624],[79.419479,15.456334]]]},"properties":{"lp":"525"}},{"type":"Feature","geometry":{"type":"Polygon","coordinates":[[[79.417702,15.456979],[79.419479,15.456334],[79.419317,15.455624],[79.418031,15.455666],[79.41789,15.455292],[79.41768,15.455399],[79.417444,15.455518],[79.417295,15.455593],[79.417702,15.456979]]]},"properties":{"lp":"524"}},{"type":"Feature","geometry":{"type":"Polygon","coordinates":[[[79.418181,15.457816],[79.420431,15.457309],[79.420365,15.456894],[79.420352,15.456203],[79.419479,15.456334],[79.417702,15.456979],[79.417825,15.457388],[79.417929,15.457735],[79.418181,15.457816]]]},"properties":{"lp":"523"}},{"type":"Feature","geometry":{"type":"Polygon","coordinates":[[[79.420365,15.456894],[79.421609,15.456694],[79.421565,15.456467],[79.422448,15.4564],[79.422562,15.455832],[79.422289,15.454057],[79.421467,15.454091],[79.421452,15.453845],[79.420563,15.454011],[79.420543,15.454105],[79.419382,15.454509],[79.420301,15.455536],[79.420352,15.456203],[79.420365,15.456894]]]},"properties":{"lp":"603"}},{"type":"Feature","geometry":{"type":"Polygon","coordinates":[[[79.424027,15.455978],[79.42392,15.455526],[79.424032,15.454354],[79.423964,15.454002],[79.423749,15.455577],[79.424027,15.455978]]]},"properties":{"lp":"648"}},{"type":"Feature","geometry":{"type":"Polygon","coordinates":[[[79.424148,15.456464],[79.425221,15.456242],[79.425176,15.45605],[79.425175,15.455857],[79.424027,15.455978],[79.424081,15.456198],[79.424135,15.456414],[79.424148,15.456464]]]},"properties":{"lp":"650"}},{"type":"Feature","geometry":{"type":"Polygon","coordinates":[[[79.417876,15.448845],[79.41785,15.449246],[79.419268,15.448148],[79.419131,15.447905],[79.41885,15.448116],[79.418406,15.448448],[79.417876,15.448845]]]},"properties":{"lp":"577"}},{"type":"Feature","geometry":{"type":"Polygon","coordinates":[[[79.419131,15.447905],[79.419268,15.448148],[79.42133,15.446556],[79.421254,15.446172],[79.420205,15.446978],[79.419617,15.44743],[79.419095,15.447831],[79.419131,15.447905]]]},"properties":{"lp":"578"}},{"type":"Feature","geometry":{"type":"Polygon","coordinates":[[[79.41885,15.448116],[79.419131,15.447905],[79.419095,15.447831],[79.419012,15.447532],[79.41896,15.447347],[79.418905,15.447182],[79.418781,15.446807],[79.418453,15.446904],[79.41885,15.448116]]]},"properties":{"lp":"570"}},{"type":"Feature","geometry":{"type":"Polygon","coordinates":[[[79.41769,15.44715],[79.417934,15.447066],[79.418091,15.447011],[79.417984,15.446619],[79.417886,15.446264],[79.41778,15.44588],[79.417389,15.44603],[79.41769,15.44715]]]},"properties":{"lp":"558"}},{"type":"Feature","geometry":{"type":"Polygon","coordinates":[[[79.42149,15.45935],[79.421574,15.459929],[79.421608,15.459925],[79.422463,15.459758],[79.422304,15.459193],[79.42149,15.45935]]]},"properties":{"lp":"610"}},{"type":"Feature","geometry":{"type":"Polygon","coordinates":[[[79.420649,15.460044],[79.421221,15.459973],[79.421574,15.459929],[79.42149,15.45935],[79.420629,15.459516],[79.420649,15.460044]]]},"properties":{"lp":"609"}},{"type":"Feature","geometry":{"type":"Polygon","coordinates":[[[79.415812,15.455852],[79.41676,15.455687],[79.416469,15.454674],[79.416095,15.454747],[79.415835,15.454245],[79.415401,15.454307],[79.415581,15.454984],[79.415812,15.455852]]]},"properties":{"lp":"480"}},{"type":"Feature","geometry":{"type":"Polygon","coordinates":[[[79.419209,15.461682],[79.419411,15.461719],[79.419642,15.461947],[79.420117,15.462197],[79.420025,15.461049],[79.419949,15.460106],[79.419653,15.460132],[79.419284,15.460164],[79.419021,15.460188],[79.419209,15.461682]]]},"properties":{"lp":"506"}},{"type":"Feature","geometry":{"type":"Polygon","coordinates":[[[79.406856,15.447282],[79.406614,15.447329],[79.406676,15.447988],[79.407273,15.447824],[79.40731,15.448069],[79.407955,15.447939],[79.407805,15.447099],[79.407305,15.447195],[79.407344,15.447531],[79.406895,15.447629],[79.406856,15.447282]]]},"properties":{"lp":"380"}},{"type":"Feature","geometry":{"type":"Polygon","coordinates":[[[79.413261,15.450034],[79.414586,15.449717],[79.414243,15.448459],[79.413061,15.448832],[79.41313,15.449249],[79.413241,15.449912],[79.413261,15.450034]]]},"properties":{"lp":"419"}},{"type":"Feature","geometry":{"type":"Polygon","coordinates":[[[79.415581,15.461419],[79.418632,15.461577],[79.418276,15.45998],[79.417373,15.460065],[79.416058,15.460236],[79.416105,15.460796],[79.415581,15.461419]]]},"properties":{"lp":"498"}},{"type":"Feature","geometry":{"type":"Polygon","coordinates":[[[79.414242,15.462293],[79.415631,15.462815],[79.415671,15.461857],[79.415581,15.461419],[79.413807,15.460893],[79.414242,15.462293]]]},"properties":{"lp":"710"}},{"type":"Feature","geometry":{"type":"Polygon","coordinates":[[[79.415112,15.458687],[79.415149,15.458902],[79.415923,15.458791],[79.416479,15.458692],[79.416995,15.45858],[79.416938,15.458328],[79.415112,15.458687]]]},"properties":{"lp":"491"}},{"type":"Feature","geometry":{"type":"Polygon","coordinates":[[[79.414354,15.453723],[79.415372,15.453529],[79.415372,15.453131],[79.415319,15.452863],[79.415278,15.452291],[79.415133,15.452322],[79.414995,15.452352],[79.414843,15.452384],[79.414473,15.452463],[79.413976,15.452569],[79.414354,15.453723]]]},"properties":{"lp":"470"}},{"type":"Feature","geometry":{"type":"Polygon","coordinates":[[[79.410109,15.452429],[79.410189,15.452694],[79.410435,15.452659],[79.410342,15.452341],[79.410179,15.452403],[79.410109,15.452429]]]},"properties":{"lp":"443"}},{"type":"Feature","geometry":{"type":"Polygon","coordinates":[[[79.408483,15.464871],[79.408663,15.464813],[79.408862,15.46475],[79.409068,15.464684],[79.409264,15.464621],[79.408886,15.464061],[79.408295,15.464297],[79.408336,15.46442],[79.408379,15.464554],[79.408423,15.464688],[79.408475,15.464845],[79.408483,15.464871]]]},"properties":{"lp":"217"}},{"type":"Feature","geometry":{"type":"Polygon","coordinates":[[[79.393009,15.468464],[79.39403,15.468008],[79.393961,15.467386],[79.393888,15.466903],[79.393599,15.46696],[79.393301,15.467019],[79.393005,15.467078],[79.39272,15.467135],[79.392781,15.467412],[79.393009,15.468464]]]},"properties":{"lp":"12"}},{"type":"Feature","geometry":{"type":"Polygon","coordinates":[[[79.395643,15.467634],[79.396053,15.46739],[79.396338,15.467221],[79.396691,15.467011],[79.396599,15.466757],[79.395598,15.467462],[79.395643,15.467634]]]},"properties":{"lp":"59"}},{"type":"Feature","geometry":{"type":"Polygon","coordinates":[[[79.396599,15.466757],[79.396691,15.467011],[79.398499,15.465555],[79.398392,15.465346],[79.397172,15.466307],[79.396599,15.466757]]]},"properties":{"lp":"88"}},{"type":"Feature","geometry":{"type":"Polygon","coordinates":[[[79.396591,15.466706],[79.396599,15.466757],[79.397172,15.466307],[79.396995,15.465407],[79.39672,15.465434],[79.396692,15.465346],[79.39655,15.465367],[79.396535,15.465267],[79.396357,15.4653],[79.396378,15.465428],[79.396591,15.466706]]]},"properties":{"lp":"87"}},{"type":"Feature","geometry":{"type":"Polygon","coordinates":[[[79.396591,15.466706],[79.396378,15.465428],[79.396171,15.465463],[79.396174,15.46552],[79.396195,15.465526],[79.396204,15.465594],[79.396185,15.465601],[79.396243,15.465981],[79.396186,15.466005],[79.396196,15.466226],[79.396053,15.466255],[79.396068,15.466343],[79.396035,15.466357],[79.396059,15.466454],[79.396195,15.466426],[79.39622,15.466499],[79.396353,15.466466],[79.396356,15.466491],[79.396331,15.466505],[79.396273,15.466526],[79.396318,15.46673],[79.396591,15.466706]]]},"properties":{"lp":"60"}},{"type":"Feature","geometry":{"type":"Polygon","coordinates":[[[79.396599,15.466757],[79.396591,15.466706],[79.396318,15.46673],[79.396273,15.466526],[79.396331,15.466505],[79.396356,15.466491],[79.396353,15.466466],[79.39622,15.466499],[79.396195,15.466426],[79.396059,15.466454],[79.396035,15.466357],[79.396068,15.466343],[79.396053,15.466255],[79.396196,15.466226],[79.396186,15.466005],[79.396243,15.465981],[79.396185,15.465601],[79.396204,15.465594],[79.396195,15.465526],[79.396174,15.46552],[79.396171,15.465463],[79.396378,15.465428],[79.396357,15.4653],[79.396203,15.464375],[79.396147,15.464401],[79.395757,15.46451],[79.395395,15.4646],[79.395558,15.465393],[79.395638,15.465785],[79.395353,15.465863],[79.395598,15.467462],[79.396599,15.466757]]]},"properties":{"lp":"61"}},{"type":"Feature","geometry":{"type":"Polygon","coordinates":[[[79.397172,15.466307],[79.398392,15.465346],[79.398224,15.464031],[79.398167,15.463958],[79.397613,15.464067],[79.397289,15.46413],[79.396809,15.464223],[79.396264,15.46433],[79.396203,15.464375],[79.396357,15.4653],[79.396535,15.465267],[79.39655,15.465367],[79.396692,15.465346],[79.39672,15.465434],[79.396995,15.465407],[79.397172,15.466307]]]},"properties":{"lp":"86"}},{"type":"Feature","geometry":{"type":"Polygon","coordinates":[[[79.396264,15.46433],[79.396257,15.464295],[79.396166,15.463861],[79.396112,15.463605],[79.396063,15.463371],[79.396162,15.463121],[79.396291,15.462796],[79.396124,15.462839],[79.395956,15.463421],[79.396203,15.464375],[79.396264,15.46433]]]},"properties":{"lp":"62"}},{"type":"Feature","geometry":{"type":"Polygon","coordinates":[[[79.395956,15.463421],[79.396124,15.462839],[79.396073,15.462301],[79.39594,15.461877],[79.395798,15.461311],[79.39565,15.460696],[79.393864,15.460635],[79.393516,15.460706],[79.392824,15.460878],[79.392953,15.461248],[79.393128,15.46186],[79.393159,15.462047],[79.393254,15.462342],[79.393292,15.462576],[79.39352,15.463737],[79.393493,15.463753],[79.393516,15.463895],[79.393536,15.463936],[79.393583,15.463943],[79.393821,15.463942],[79.393818,15.46392],[79.394749,15.463649],[79.395176,15.463557],[79.395956,15.463421]]]},"properties":{"lp":"44"}},{"type":"Feature","geometry":{"type":"Polygon","coordinates":[[[79.39399,15.464756],[79.393913,15.46437],[79.393821,15.463942],[79.393,15.464118],[79.393052,15.464317],[79.393153,15.464703],[79.393182,15.464814],[79.393412,15.465057],[79.393457,15.465105],[79.39399,15.464756]]]},"properties":{"lp":"45"}},{"type":"Feature","geometry":{"type":"Polygon","coordinates":[[[79.394155,15.468146],[79.395643,15.467634],[79.395598,15.467462],[79.39403,15.468008],[79.394155,15.468146]]]},"properties":{"lp":"53"}},{"type":"Feature","geometry":{"type":"Polygon","coordinates":[[[79.40079,15.463546],[79.400679,15.463118],[79.400161,15.46328],[79.400071,15.463013],[79.400611,15.462853],[79.40049,15.462387],[79.399019,15.462734],[79.399386,15.463839],[79.399968,15.463599],[79.400106,15.46397],[79.40079,15.463546]]]},"properties":{"lp":"108"}},{"type":"Feature","geometry":{"type":"Polygon","coordinates":[[[79.407114,15.451817],[79.407203,15.451778],[79.406935,15.451339],[79.407114,15.451817]]]},"properties":{"lp":"403"}},{"type":"Feature","geometry":{"type":"Polygon","coordinates":[[[79.407378,15.459823],[79.408188,15.459714],[79.408225,15.459574],[79.407638,15.459638],[79.407688,15.459665],[79.407437,15.459706],[79.407411,15.459577],[79.407325,15.45958],[79.407378,15.459823]]]},"properties":{"lp":"241"}},{"type":"Feature","geometry":{"type":"Polygon","coordinates":[[[79.408225,15.459574],[79.408081,15.459344],[79.407599,15.459447],[79.407638,15.459638],[79.408225,15.459574]]]},"properties":{"lp":"373"}},{"type":"Feature","geometry":{"type":"Polygon","coordinates":[[[79.42012,15.451746],[79.421677,15.451407],[79.421647,15.451297],[79.42155,15.450946],[79.420021,15.451264],[79.42012,15.451746]]]},"properties":{"lp":"600"}},{"type":"Feature","geometry":{"type":"Polygon","coordinates":[[[79.420021,15.451264],[79.42155,15.450946],[79.421413,15.450452],[79.421304,15.44992],[79.421095,15.448909],[79.419876,15.449632],[79.419948,15.450909],[79.420021,15.451264]]]},"properties":{"lp":"599"}},{"type":"Feature","geometry":{"type":"Polygon","coordinates":[[[79.428245,15.457389],[79.429688,15.45709],[79.429621,15.456338],[79.428111,15.456688],[79.428245,15.457389]]]},"properties":{"lp":"681"}},{"type":"Feature","geometry":{"type":"Polygon","coordinates":[[[79.428111,15.456688],[79.429621,15.456338],[79.429545,15.455763],[79.428015,15.456185],[79.428111,15.456688]]]},"properties":{"lp":"682"}},{"type":"Feature","geometry":{"type":"Polygon","coordinates":[[[79.428015,15.456185],[79.429545,15.455763],[79.429457,15.455099],[79.428319,15.455615],[79.427932,15.45575],[79.428015,15.456185]]]},"properties":{"lp":"683"}},{"type":"Feature","geometry":{"type":"Polygon","coordinates":[[[79.416393,15.4505],[79.417369,15.450218],[79.418167,15.449988],[79.41785,15.449246],[79.416348,15.450397],[79.416393,15.4505]]]},"properties":{"lp":"575"}},{"type":"Feature","geometry":{"type":"Polygon","coordinates":[[[79.402358,15.46489],[79.40231,15.46458],[79.402151,15.463561],[79.401771,15.46364],[79.402035,15.464969],[79.402358,15.46489]]]},"properties":{"lp":"102"}},{"type":"Feature","geometry":{"type":"Polygon","coordinates":[[[79.402035,15.464969],[79.401771,15.46364],[79.401716,15.463651],[79.401483,15.4637],[79.40175,15.465039],[79.402035,15.464969]]]},"properties":{"lp":"101"}},{"type":"Feature","geometry":{"type":"Polygon","coordinates":[[[79.40175,15.465039],[79.401483,15.4637],[79.401246,15.463749],[79.401338,15.464002],[79.401163,15.464062],[79.401446,15.465114],[79.40175,15.465039]]]},"properties":{"lp":"100"}},{"type":"Feature","geometry":{"type":"Polygon","coordinates":[[[79.400393,15.464141],[79.400821,15.465268],[79.401149,15.465187],[79.400967,15.464616],[79.400902,15.464489],[79.400736,15.463972],[79.400393,15.464141]]]},"properties":{"lp":"98"}},{"type":"Feature","geometry":{"type":"Polygon","coordinates":[[[79.401149,15.465187],[79.401446,15.465114],[79.401163,15.464062],[79.400977,15.464127],[79.400892,15.463895],[79.400736,15.463972],[79.400902,15.464489],[79.400967,15.464616],[79.401149,15.465187]]]},"properties":{"lp":"99"}},{"type":"Feature","geometry":{"type":"Polygon","coordinates":[[[79.400821,15.465268],[79.400393,15.464141],[79.400091,15.46429],[79.400361,15.465381],[79.400821,15.465268]]]},"properties":{"lp":"97"}},{"type":"Feature","geometry":{"type":"Polygon","coordinates":[[[79.409352,15.461494],[79.409722,15.462125],[79.410626,15.461848],[79.410643,15.460527],[79.409352,15.461494]]]},"properties":{"lp":"304"}},{"type":"Feature","geometry":{"type":"Polygon","coordinates":[[[79.39272,15.467135],[79.392693,15.467085],[79.391419,15.467404],[79.391471,15.467716],[79.392744,15.467421],[79.392781,15.467412],[79.39272,15.467135]]]},"properties":{"lp":"4"}},{"type":"Feature","geometry":{"type":"Polygon","coordinates":[[[79.393009,15.468464],[79.392781,15.467412],[79.392744,15.467421],[79.392871,15.468001],[79.392925,15.468249],[79.392976,15.468479],[79.393009,15.468464]]]},"properties":{"lp":"8"}},{"type":"Feature","geometry":{"type":"Polygon","coordinates":[[[79.392744,15.467421],[79.391471,15.467716],[79.391578,15.468342],[79.392871,15.468001],[79.392744,15.467421]]]},"properties":{"lp":"5"}},{"type":"Feature","geometry":{"type":"Polygon","coordinates":[[[79.391578,15.468342],[79.391636,15.468686],[79.392925,15.468249],[79.392871,15.468001],[79.391578,15.468342]]]},"properties":{"lp":"6"}},{"type":"Feature","geometry":{"type":"Polygon","coordinates":[[[79.391636,15.468686],[79.391697,15.469045],[79.392976,15.468479],[79.392925,15.468249],[79.391636,15.468686]]]},"properties":{"lp":"7"}},{"type":"Feature","geometry":{"type":"Polygon","coordinates":[[[79.394993,15.464706],[79.395395,15.4646],[79.395276,15.464087],[79.394855,15.464174],[79.394907,15.46439],[79.394928,15.464466],[79.394993,15.464706]]]},"properties":{"lp":"47"}},{"type":"Feature","geometry":{"type":"Polygon","coordinates":[[[79.396807,15.464198],[79.396809,15.464223],[79.397289,15.46413],[79.397284,15.464102],[79.396807,15.464198]]]},"properties":{"lp":"84"}},{"type":"Feature","geometry":{"type":"Polygon","coordinates":[[[79.397613,15.464067],[79.398167,15.463958],[79.398224,15.464031],[79.398089,15.463227],[79.397364,15.463357],[79.397427,15.463586],[79.397613,15.464067]]]},"properties":{"lp":"74"}},{"type":"Feature","geometry":{"type":"Polygon","coordinates":[[[79.397364,15.463357],[79.398089,15.463227],[79.39803,15.462879],[79.397271,15.463016],[79.397325,15.463214],[79.397364,15.463357]]]},"properties":{"lp":"73"}},{"type":"Feature","geometry":{"type":"Polygon","coordinates":[[[79.397271,15.463016],[79.39803,15.462879],[79.398002,15.462713],[79.397225,15.462849],[79.39725,15.462939],[79.397271,15.463016]]]},"properties":{"lp":"72"}},{"type":"Feature","geometry":{"type":"Polygon","coordinates":[[[79.391461,15.462842],[79.391415,15.461175],[79.389495,15.461454],[79.389918,15.463137],[79.391461,15.462842]]]},"properties":{"lp":"36"}},{"type":"Feature","geometry":{"type":"Polygon","coordinates":[[[79.391461,15.462842],[79.392447,15.462725],[79.392882,15.462648],[79.393292,15.462576],[79.393254,15.462342],[79.393159,15.462047],[79.393128,15.46186],[79.392953,15.461248],[79.392824,15.460878],[79.392289,15.46099],[79.391415,15.461175],[79.391461,15.462842]]]},"properties":{"lp":"37"}},{"type":"Feature","geometry":{"type":"Polygon","coordinates":[[[79.391419,15.467404],[79.392693,15.467085],[79.392619,15.466876],[79.39247,15.466462],[79.39234,15.466097],[79.392233,15.465799],[79.392211,15.465736],[79.391134,15.466075],[79.391419,15.467404]]]},"properties":{"lp":"3"}},{"type":"Feature","geometry":{"type":"Polygon","coordinates":[[[79.396291,15.462796],[79.396672,15.462757],[79.397186,15.462705],[79.397042,15.46219],[79.396627,15.462287],[79.396291,15.462796]]]},"properties":{"lp":"70"}},{"type":"Feature","geometry":{"type":"Polygon","coordinates":[[[79.397042,15.46219],[79.397186,15.462705],[79.397225,15.462849],[79.398002,15.462713],[79.397976,15.462554],[79.397958,15.461971],[79.397042,15.46219]]]},"properties":{"lp":"71"}},{"type":"Feature","geometry":{"type":"Polygon","coordinates":[[[79.396627,15.462287],[79.397042,15.46219],[79.397958,15.461971],[79.397951,15.461732],[79.396838,15.461969],[79.396627,15.462287]]]},"properties":{"lp":"69"}},{"type":"Feature","geometry":{"type":"Polygon","coordinates":[[[79.396838,15.461969],[79.397951,15.461732],[79.397943,15.461439],[79.397031,15.461593],[79.397028,15.461682],[79.396838,15.461969]]]},"properties":{"lp":"68"}},{"type":"Feature","geometry":{"type":"Polygon","coordinates":[[[79.397031,15.461593],[79.397943,15.461439],[79.397932,15.461081],[79.397804,15.461114],[79.397241,15.461206],[79.397041,15.461272],[79.397031,15.461593]]]},"properties":{"lp":"67"}},{"type":"Feature","geometry":{"type":"Polygon","coordinates":[[[79.408278,15.459371],[79.40869,15.458136],[79.408384,15.458167],[79.408244,15.457265],[79.40784,15.457382],[79.407557,15.45738],[79.407714,15.458422],[79.408059,15.458284],[79.408278,15.459371]]]},"properties":{"lp":"320"}},{"type":"Feature","geometry":{"type":"Polygon","coordinates":[[[79.408346,15.455879],[79.408491,15.456627],[79.408866,15.456598],[79.409136,15.45655],[79.409003,15.45569],[79.408346,15.455879]]]},"properties":{"lp":"358"}},{"type":"Feature","geometry":{"type":"Polygon","coordinates":[[[79.413925,15.454343],[79.41452,15.454262],[79.414446,15.454007],[79.414354,15.453723],[79.413976,15.452569],[79.413894,15.452172],[79.413425,15.4526],[79.413805,15.453886],[79.413852,15.454088],[79.413925,15.454343]]]},"properties":{"lp":"461"}},{"type":"Feature","geometry":{"type":"Polygon","coordinates":[[[79.41188,15.456162],[79.414084,15.455752],[79.414076,15.45568],[79.414042,15.455381],[79.414006,15.455063],[79.413966,15.454704],[79.413925,15.454343],[79.413852,15.454088],[79.412986,15.454156],[79.411378,15.454391],[79.41188,15.456162]]]},"properties":{"lp":"458"}},{"type":"Feature","geometry":{"type":"Polygon","coordinates":[[[79.41119,15.453019],[79.411249,15.45326],[79.411276,15.453371],[79.41156,15.45329],[79.411468,15.452948],[79.41119,15.453019]]]},"properties":{"lp":"437"}},{"type":"Feature","geometry":{"type":"Polygon","coordinates":[[[79.412999,15.452516],[79.413375,15.452239],[79.413312,15.452026],[79.412867,15.452151],[79.412999,15.452516]]]},"properties":{"lp":"424"}},{"type":"Feature","geometry":{"type":"Polygon","coordinates":[[[79.409937,15.449621],[79.409529,15.449702],[79.409883,15.451173],[79.40999,15.451354],[79.410641,15.45119],[79.410725,15.451168],[79.410816,15.45106],[79.410924,15.450946],[79.410739,15.450227],[79.410138,15.450395],[79.409937,15.449621]]]},"properties":{"lp":"392"}},{"type":"Feature","geometry":{"type":"Polygon","coordinates":[[[79.401739,15.460649],[79.402192,15.460267],[79.402756,15.459402],[79.402837,15.459053],[79.402146,15.459191],[79.401402,15.459596],[79.401395,15.459617],[79.401268,15.459688],[79.401257,15.459694],[79.401397,15.459971],[79.401529,15.460232],[79.401598,15.460369],[79.401668,15.460509],[79.401739,15.460649]]]},"properties":{"lp":"140"}},{"type":"Feature","geometry":{"type":"Polygon","coordinates":[[[79.408225,15.459574],[79.408278,15.459371],[79.408059,15.458284],[79.407714,15.458422],[79.407116,15.458617],[79.406691,15.458699],[79.406738,15.459145],[79.406906,15.459281],[79.407272,15.459866],[79.407378,15.459823],[79.407325,15.45958],[79.407411,15.459577],[79.407437,15.459706],[79.407688,15.459665],[79.407638,15.459638],[79.407599,15.459447],[79.408081,15.459344],[79.408225,15.459574]]]},"properties":{"lp":"318"}},{"type":"Feature","geometry":{"type":"Polygon","coordinates":[[[79.409971,15.455285],[79.410169,15.455281],[79.410483,15.455275],[79.410394,15.454809],[79.409971,15.455285]]]},"properties":{"lp":"364"}},{"type":"Feature","geometry":{"type":"Polygon","coordinates":[[[79.395676,15.467797],[79.396177,15.467678],[79.396053,15.46739],[79.395643,15.467634],[79.395676,15.467797]]]},"properties":{"lp":"55"}},{"type":"Feature","geometry":{"type":"Polygon","coordinates":[[[79.396338,15.467221],[79.396408,15.467376],[79.396785,15.467263],[79.396691,15.467011],[79.396338,15.467221]]]},"properties":{"lp":"58"}},{"type":"Feature","geometry":{"type":"Polygon","coordinates":[[[79.408006,15.459901],[79.408397,15.459853],[79.408363,15.459675],[79.408188,15.459714],[79.408006,15.459901]]]},"properties":{"lp":"242"}},{"type":"Feature","geometry":{"type":"Polygon","coordinates":[[[79.39403,15.468008],[79.395598,15.467462],[79.395353,15.465863],[79.395269,15.465885],[79.394807,15.466015],[79.394805,15.46601],[79.394724,15.466029],[79.393809,15.466266],[79.393826,15.466404],[79.393853,15.466623],[79.393871,15.466763],[79.393888,15.466903],[79.393961,15.467386],[79.39403,15.468008]]]},"properties":{"lp":"52"}},{"type":"Feature","geometry":{"type":"Polygon","coordinates":[[[79.393693,15.465883],[79.394621,15.465646],[79.395174,15.465494],[79.395558,15.465393],[79.395395,15.4646],[79.394993,15.464706],[79.394663,15.46479],[79.394021,15.46489],[79.39399,15.464756],[79.393457,15.465105],[79.393565,15.465461],[79.393693,15.465883]]]},"properties":{"lp":"48"}},{"type":"Feature","geometry":{"type":"Polygon","coordinates":[[[79.394993,15.464706],[79.394928,15.464466],[79.394907,15.46439],[79.394855,15.464174],[79.395276,15.464087],[79.395395,15.4646],[79.395757,15.46451],[79.396147,15.464401],[79.396203,15.464375],[79.395956,15.463421],[79.395176,15.463557],[79.394749,15.463649],[79.393818,15.46392],[79.393821,15.463942],[79.393913,15.46437],[79.39399,15.464756],[79.394021,15.46489],[79.394663,15.46479],[79.394993,15.464706]]]},"properties":{"lp":"46"}},{"type":"Feature","geometry":{"type":"Polygon","coordinates":[[[79.40869,15.458136],[79.408924,15.457207],[79.408866,15.456598],[79.408491,15.456627],[79.408244,15.457265],[79.408384,15.458167],[79.40869,15.458136]]]},"properties":{"lp":"330"}},{"type":"Feature","geometry":{"type":"Polygon","coordinates":[[[79.408924,15.457207],[79.409164,15.456565],[79.409136,15.45655],[79.408866,15.456598],[79.408924,15.457207]]]},"properties":{"lp":"712"}},{"type":"Feature","geometry":{"type":"Polygon","coordinates":[[[79.409008,15.457643],[79.40903,15.457576],[79.409382,15.45648],[79.4096,15.456037],[79.409742,15.45575],[79.409971,15.455285],[79.409616,15.455287],[79.409541,15.455412],[79.409136,15.45655],[79.409164,15.456565],[79.408924,15.457207],[79.409008,15.457643]]]},"properties":{"lp":"357"}},{"type":"Feature","geometry":{"type":"Polygon","coordinates":[[[79.412136,15.453127],[79.412366,15.453062],[79.41237,15.45298],[79.412447,15.452923],[79.4122,15.452431],[79.412267,15.452397],[79.41217,15.452159],[79.411786,15.452284],[79.41167,15.451944],[79.410992,15.452209],[79.411117,15.452721],[79.411146,15.452837],[79.411987,15.452614],[79.412012,15.45271],[79.412037,15.452806],[79.412136,15.453127]]]},"properties":{"lp":"433"}},{"type":"Feature","geometry":{"type":"Polygon","coordinates":[[[79.41167,15.451944],[79.411786,15.452284],[79.41217,15.452159],[79.41214,15.452081],[79.41203,15.451803],[79.41167,15.451944]]]},"properties":{"lp":"432"}},{"type":"Feature","geometry":{"type":"Polygon","coordinates":[[[79.418167,15.449988],[79.419894,15.449448],[79.419268,15.448148],[79.41785,15.449246],[79.418167,15.449988]]]},"properties":{"lp":"576"}},{"type":"Feature","geometry":{"type":"Polygon","coordinates":[[[79.412447,15.452923],[79.412999,15.452516],[79.412867,15.452151],[79.412548,15.452255],[79.412267,15.452397],[79.4122,15.452431],[79.412447,15.452923]]]},"properties":{"lp":"434"}},{"type":"Feature","geometry":{"type":"Polygon","coordinates":[[[79.392447,15.462725],[79.391461,15.462842],[79.391597,15.463401],[79.392533,15.463242],[79.392495,15.463009],[79.392447,15.462725]]]},"properties":{"lp":"29"}},{"type":"Feature","geometry":{"type":"Polygon","coordinates":[[[79.393072,15.463804],[79.39352,15.463737],[79.393292,15.462576],[79.392882,15.462648],[79.392929,15.462933],[79.392976,15.463219],[79.393072,15.463804]]]},"properties":{"lp":"30"}},{"type":"Feature","geometry":{"type":"Polygon","coordinates":[[[79.392645,15.463869],[79.393072,15.463804],[79.392976,15.463219],[79.392543,15.463294],[79.392635,15.463809],[79.392645,15.463869]]]},"properties":{"lp":"31"}},{"type":"Feature","geometry":{"type":"Polygon","coordinates":[[[79.392447,15.462725],[79.392495,15.463009],[79.392929,15.462933],[79.392882,15.462648],[79.392447,15.462725]]]},"properties":{"lp":"33"}},{"type":"Feature","geometry":{"type":"Polygon","coordinates":[[[79.392543,15.463294],[79.392976,15.463219],[79.392929,15.462933],[79.392495,15.463009],[79.392533,15.463242],[79.392543,15.463294]]]},"properties":{"lp":"32"}},{"type":"Feature","geometry":{"type":"Polygon","coordinates":[[[79.393821,15.463942],[79.393583,15.463943],[79.393536,15.463936],[79.393516,15.463895],[79.393493,15.463753],[79.39352,15.463737],[79.393072,15.463804],[79.392645,15.463869],[79.392635,15.463809],[79.392593,15.463816],[79.392721,15.464393],[79.393052,15.464317],[79.393,15.464118],[79.393821,15.463942]]]},"properties":{"lp":"26"}},{"type":"Feature","geometry":{"type":"Polygon","coordinates":[[[79.392233,15.465799],[79.392983,15.465609],[79.392839,15.465088],[79.392632,15.465167],[79.392567,15.464894],[79.39202,15.465033],[79.392211,15.465736],[79.392233,15.465799]]]},"properties":{"lp":"22"}},{"type":"Feature","geometry":{"type":"Polygon","coordinates":[[[79.392983,15.465609],[79.393231,15.465546],[79.393565,15.465461],[79.393457,15.465105],[79.393412,15.465057],[79.393047,15.465159],[79.393012,15.465022],[79.392839,15.465088],[79.392983,15.465609]]]},"properties":{"lp":"23"}},{"type":"Feature","geometry":{"type":"Polygon","coordinates":[[[79.393565,15.465461],[79.393231,15.465546],[79.393303,15.465803],[79.392949,15.465871],[79.393107,15.466292],[79.393112,15.466306],[79.393172,15.466558],[79.393826,15.466404],[79.393809,15.466266],[79.393693,15.465883],[79.393565,15.465461]]]},"properties":{"lp":"21"}},{"type":"Feature","geometry":{"type":"Polygon","coordinates":[[[79.392619,15.466876],[79.392936,15.466811],[79.393245,15.466748],[79.393853,15.466623],[79.393826,15.466404],[79.393172,15.466558],[79.393112,15.466306],[79.393107,15.466292],[79.39247,15.466462],[79.392619,15.466876]]]},"properties":{"lp":"18"}},{"type":"Feature","geometry":{"type":"Polygon","coordinates":[[[79.39247,15.466462],[79.393107,15.466292],[79.392949,15.465871],[79.39234,15.466097],[79.39247,15.466462]]]},"properties":{"lp":"19"}},{"type":"Feature","geometry":{"type":"Polygon","coordinates":[[[79.39234,15.466097],[79.392949,15.465871],[79.393303,15.465803],[79.393231,15.465546],[79.392983,15.465609],[79.392233,15.465799],[79.39234,15.466097]]]},"properties":{"lp":"20"}},{"type":"Feature","geometry":{"type":"Polygon","coordinates":[[[79.39272,15.467135],[79.393005,15.467078],[79.392936,15.466811],[79.392619,15.466876],[79.392693,15.467085],[79.39272,15.467135]]]},"properties":{"lp":"17"}},{"type":"Feature","geometry":{"type":"Polygon","coordinates":[[[79.393005,15.467078],[79.393301,15.467019],[79.393273,15.466881],[79.393245,15.466748],[79.392936,15.466811],[79.393005,15.467078]]]},"properties":{"lp":"16"}},{"type":"Feature","geometry":{"type":"Polygon","coordinates":[[[79.393853,15.466623],[79.393245,15.466748],[79.393273,15.466881],[79.393568,15.466823],[79.393871,15.466763],[79.393853,15.466623]]]},"properties":{"lp":"15"}},{"type":"Feature","geometry":{"type":"Polygon","coordinates":[[[79.393273,15.466881],[79.393301,15.467019],[79.393599,15.46696],[79.393568,15.466823],[79.393273,15.466881]]]},"properties":{"lp":"13"}},{"type":"Feature","geometry":{"type":"Polygon","coordinates":[[[79.401147,15.463769],[79.400887,15.463732],[79.4003,15.464033],[79.40007,15.464241],[79.400091,15.46429],[79.400393,15.464141],[79.400736,15.463972],[79.400892,15.463895],[79.401147,15.463769]]]},"properties":{"lp":"105"}},{"type":"Feature","geometry":{"type":"Polygon","coordinates":[[[79.401147,15.463769],[79.401246,15.463749],[79.401483,15.4637],[79.401716,15.463651],[79.401771,15.46364],[79.402151,15.463561],[79.402563,15.463356],[79.402537,15.463038],[79.401917,15.463326],[79.400887,15.463732],[79.401147,15.463769]]]},"properties":{"lp":"104"}},{"type":"Feature","geometry":{"type":"Polygon","coordinates":[[[79.407473,15.466223],[79.407606,15.466175],[79.407527,15.465978],[79.407449,15.46578],[79.407363,15.465563],[79.407341,15.465516],[79.407173,15.46552],[79.407283,15.465794],[79.407473,15.466223]]]},"properties":{"lp":"180"}},{"type":"Feature","geometry":{"type":"Polygon","coordinates":[[[79.406517,15.456635],[79.406572,15.456311],[79.406614,15.456069],[79.406098,15.455003],[79.405925,15.454249],[79.406313,15.456542],[79.406517,15.456635]]]},"properties":{"lp":"324"}},{"type":"Feature","geometry":{"type":"Polygon","coordinates":[[[79.40631,15.457861],[79.406498,15.457764],[79.406666,15.457388],[79.40675,15.457235],[79.406683,15.456626],[79.406722,15.456361],[79.406572,15.456311],[79.406517,15.456635],[79.406565,15.457106],[79.40631,15.457861]]]},"properties":{"lp":"321"}},{"type":"Feature","geometry":{"type":"Polygon","coordinates":[[[79.419894,15.449448],[79.421469,15.448489],[79.42133,15.446556],[79.419268,15.448148],[79.419894,15.449448]]]},"properties":{"lp":"579"}},{"type":"Feature","geometry":{"type":"Polygon","coordinates":[[[79.409595,15.464647],[79.409608,15.464677],[79.409989,15.464581],[79.410335,15.464494],[79.410663,15.464412],[79.410626,15.464392],[79.410401,15.464448],[79.41016,15.464507],[79.4099,15.464572],[79.409595,15.464647]]]},"properties":{"lp":"711"}},{"type":"Feature","geometry":{"type":"Polygon","coordinates":[[[79.410663,15.464412],[79.410975,15.464333],[79.411287,15.464255],[79.411591,15.464178],[79.411697,15.464149],[79.411793,15.464122],[79.41179,15.464105],[79.411402,15.464201],[79.411025,15.464294],[79.410825,15.464343],[79.410626,15.464392],[79.410663,15.464412]]]},"properties":{"lp":"275"}},{"type":"Feature","geometry":{"type":"Polygon","coordinates":[[[79.410245,15.463971],[79.410453,15.463843],[79.410297,15.463344],[79.410265,15.46336],[79.410082,15.463477],[79.410165,15.46373],[79.410245,15.463971]]]},"properties":{"lp":"696"}},{"type":"Feature","geometry":{"type":"Polygon","coordinates":[[[79.410972,15.454113],[79.411265,15.453918],[79.411276,15.453371],[79.411249,15.45326],[79.410759,15.453391],[79.410778,15.453456],[79.410894,15.45385],[79.410972,15.454113]]]},"properties":{"lp":"440"}},{"type":"Feature","geometry":{"type":"Polygon","coordinates":[[[79.410759,15.453391],[79.411249,15.45326],[79.41119,15.453019],[79.411168,15.452928],[79.411146,15.452837],[79.411117,15.452721],[79.410597,15.45284],[79.410633,15.452964],[79.410759,15.453391]]]},"properties":{"lp":"441"}},{"type":"Feature","geometry":{"type":"Polygon","coordinates":[[[79.410597,15.45284],[79.411117,15.452721],[79.410992,15.452209],[79.410439,15.452304],[79.410597,15.45284]]]},"properties":{"lp":"442"}},{"type":"Feature","geometry":{"type":"Polygon","coordinates":[[[79.403544,15.46014],[79.403895,15.46071],[79.403647,15.460097],[79.403544,15.46014]]]},"properties":{"lp":"716"}},{"type":"Feature","geometry":{"type":"Polygon","coordinates":[[[79.403895,15.46071],[79.404038,15.460895],[79.404446,15.460959],[79.404554,15.460985],[79.404536,15.460877],[79.403895,15.46071]]]},"properties":{"lp":"715"}},{"type":"Feature","geometry":{"type":"Polygon","coordinates":[[[79.404554,15.460985],[79.405044,15.461103],[79.405041,15.460907],[79.404946,15.459913],[79.405117,15.459874],[79.405142,15.459644],[79.404199,15.459869],[79.403647,15.460097],[79.403895,15.46071],[79.404536,15.460877],[79.404554,15.460985]]]},"properties":{"lp":"235"}},{"type":"Feature","geometry":{"type":"Polygon","coordinates":[[[79.406847,15.456081],[79.406942,15.456064],[79.406652,15.455504],[79.406459,15.455131],[79.406208,15.454669],[79.406156,15.454718],[79.406319,15.45519],[79.406847,15.456081]]]},"properties":{"lp":"526"}},{"type":"Feature","geometry":{"type":"Polygon","coordinates":[[[79.406942,15.456064],[79.407779,15.455912],[79.408355,15.455714],[79.407983,15.454278],[79.406239,15.454589],[79.406208,15.454669],[79.406459,15.455131],[79.406652,15.455504],[79.406942,15.456064]]]},"properties":{"lp":"325"}},{"type":"Feature","geometry":{"type":"Polygon","coordinates":[[[79.423483,15.461815],[79.424597,15.461601],[79.424628,15.461399],[79.424564,15.460672],[79.423307,15.46089],[79.42345,15.461641],[79.423483,15.461815]]]},"properties":{"lp":"624"}},{"type":"Feature","geometry":{"type":"Polygon","coordinates":[[[79.423292,15.460625],[79.423307,15.46089],[79.424564,15.460672],[79.424525,15.460237],[79.423281,15.460424],[79.423292,15.460625]]]},"properties":{"lp":"717"}},{"type":"Feature","geometry":{"type":"Polygon","coordinates":[[[79.423281,15.460424],[79.424525,15.460237],[79.424488,15.459821],[79.423253,15.459925],[79.423262,15.460072],[79.423281,15.460424]]]},"properties":{"lp":"718"}},{"type":"Feature","geometry":{"type":"Polygon","coordinates":[[[79.418781,15.446807],[79.418905,15.447182],[79.419315,15.446984],[79.419259,15.446673],[79.418781,15.446807]]]},"properties":{"lp":"587"}},{"type":"Feature","geometry":{"type":"Polygon","coordinates":[[[79.419315,15.446984],[79.419976,15.446664],[79.41986,15.446505],[79.419325,15.446655],[79.419259,15.446673],[79.419315,15.446984]]]},"properties":{"lp":"719"}},{"type":"Feature","geometry":{"type":"Polygon","coordinates":[[[79.411251,15.465439],[79.411518,15.46542],[79.411454,15.465097],[79.411179,15.46515],[79.411251,15.465439]]]},"properties":{"lp":"260"}},{"type":"Feature","geometry":{"type":"Polygon","coordinates":[[[79.411179,15.46515],[79.411454,15.465097],[79.411396,15.464801],[79.411109,15.464867],[79.411179,15.46515]]]},"properties":{"lp":"720"}},{"type":"Feature","geometry":{"type":"Polygon","coordinates":[[[79.411109,15.464867],[79.411396,15.464801],[79.41134,15.464523],[79.41104,15.464593],[79.411109,15.464867]]]},"properties":{"lp":"261"}},{"type":"Feature","geometry":{"type":"Polygon","coordinates":[[[79.41104,15.464593],[79.41134,15.464523],[79.411287,15.464255],[79.410975,15.464333],[79.41104,15.464593]]]},"properties":{"lp":"721"}},{"type":"Feature","geometry":{"type":"Polygon","coordinates":[[[79.429931,15.454488],[79.429183,15.452812],[79.428569,15.453005],[79.428825,15.453778],[79.429017,15.454784],[79.429367,15.454769],[79.429931,15.454488]]]},"properties":{"lp":"684"}},{"type":"Feature","geometry":{"type":"Polygon","coordinates":[[[79.392002,15.464967],[79.393153,15.464703],[79.393052,15.464317],[79.392721,15.464393],[79.391898,15.464583],[79.391986,15.464909],[79.392002,15.464967]]]},"properties":{"lp":"25"}},{"type":"Feature","geometry":{"type":"Polygon","coordinates":[[[79.391898,15.464583],[79.392721,15.464393],[79.392593,15.463816],[79.39173,15.463948],[79.391773,15.464123],[79.391898,15.464583]]]},"properties":{"lp":"27"}},{"type":"Feature","geometry":{"type":"Polygon","coordinates":[[[79.393076,15.468613],[79.393365,15.468535],[79.393715,15.468439],[79.394103,15.468333],[79.394478,15.468231],[79.394729,15.468163],[79.394964,15.468102],[79.39521,15.468038],[79.395392,15.46799],[79.395378,15.467924],[79.394155,15.468146],[79.393076,15.468613]]]},"properties":{"lp":"10"}},{"type":"Feature","geometry":{"type":"Polygon","coordinates":[[[79.407779,15.456005],[79.408346,15.455879],[79.408355,15.455714],[79.407779,15.455912],[79.407779,15.456005]]]},"properties":{"lp":"327"}},{"type":"Feature","geometry":{"type":"Polygon","coordinates":[[[79.39173,15.463948],[79.392593,15.463816],[79.392635,15.463809],[79.392543,15.463294],[79.392533,15.463242],[79.391597,15.463401],[79.391611,15.46346],[79.39173,15.463948]]]},"properties":{"lp":"28"}},{"type":"Feature","geometry":{"type":"Polygon","coordinates":[[[79.399509,15.464674],[79.40007,15.464241],[79.4003,15.464033],[79.400887,15.463732],[79.40079,15.463546],[79.400106,15.46397],[79.399546,15.464317],[79.399258,15.464536],[79.399509,15.464674]]]},"properties":{"lp":"106"}},{"type":"Feature","geometry":{"type":"Polygon","coordinates":[[[79.400887,15.463732],[79.401917,15.463326],[79.40181,15.463079],[79.401245,15.463338],[79.40079,15.463546],[79.400887,15.463732]]]},"properties":{"lp":"722"}},{"type":"Feature","geometry":{"type":"Polygon","coordinates":[[[79.399059,15.460262],[79.399093,15.460452],[79.399294,15.460424],[79.399253,15.460224],[79.399059,15.460262]]]},"properties":{"lp":"723"}},{"type":"Feature","geometry":{"type":"Polygon","coordinates":[[[79.399458,15.460183],[79.399253,15.460224],[79.399294,15.460424],[79.399093,15.460452],[79.399312,15.461631],[79.399413,15.461636],[79.399797,15.461685],[79.399458,15.460183]]]},"properties":{"lp":"724"}},{"type":"Feature","geometry":{"type":"Polygon","coordinates":[[[79.399458,15.460183],[79.399797,15.461685],[79.39987,15.461694],[79.400121,15.461649],[79.399655,15.460144],[79.399458,15.460183]]]},"properties":{"lp":"117"}},{"type":"Feature","geometry":{"type":"Polygon","coordinates":[[[79.400121,15.461649],[79.400253,15.461624],[79.400206,15.461475],[79.40015,15.461298],[79.400092,15.461114],[79.40001,15.460853],[79.399779,15.460119],[79.399655,15.460144],[79.400121,15.461649]]]},"properties":{"lp":"726"}},{"type":"Feature","geometry":{"type":"Polygon","coordinates":[[[79.407281,15.451744],[79.407364,15.451708],[79.40709,15.451285],[79.407015,15.451311],[79.407281,15.451744]]]},"properties":{"lp":"401"}},{"type":"Feature","geometry":{"type":"Polygon","coordinates":[[[79.407281,15.451744],[79.407015,15.451311],[79.406935,15.451339],[79.407203,15.451778],[79.407281,15.451744]]]},"properties":{"lp":"402"}},{"type":"Feature","geometry":{"type":"Polygon","coordinates":[[[79.393599,15.46696],[79.393888,15.466903],[79.393871,15.466763],[79.393568,15.466823],[79.393599,15.46696]]]},"properties":{"lp":"14"}},{"type":"Feature","geometry":{"type":"Polygon","coordinates":[[[79.41131,15.447746],[79.412599,15.447578],[79.412368,15.447011],[79.412256,15.446384],[79.411715,15.446511],[79.411447,15.447013],[79.41131,15.447746]]]},"properties":{"lp":"416"}},{"type":"Feature","geometry":{"type":"Polygon","coordinates":[[[79.394621,15.465646],[79.394724,15.466029],[79.394805,15.46601],[79.394807,15.466015],[79.395269,15.465885],[79.395174,15.465494],[79.394621,15.465646]]]},"properties":{"lp":"50"}},{"type":"Feature","geometry":{"type":"Polygon","coordinates":[[[79.395269,15.465885],[79.395353,15.465863],[79.395638,15.465785],[79.395558,15.465393],[79.395174,15.465494],[79.395269,15.465885]]]},"properties":{"lp":"51"}},{"type":"Feature","geometry":{"type":"Polygon","coordinates":[[[79.409564,15.456457],[79.409626,15.457493],[79.40903,15.457576],[79.409008,15.457643],[79.409106,15.457955],[79.409358,15.457907],[79.410095,15.457765],[79.412113,15.457537],[79.411795,15.456179],[79.411328,15.456178],[79.411517,15.456718],[79.410109,15.457087],[79.409872,15.456417],[79.409564,15.456457]]]},"properties":{"lp":"355"}},{"type":"Feature","geometry":{"type":"Polygon","coordinates":[[[79.40903,15.457576],[79.409626,15.457493],[79.409564,15.456457],[79.409382,15.45648],[79.40903,15.457576]]]},"properties":{"lp":"356"}},{"type":"Feature","geometry":{"type":"Polygon","coordinates":[[[79.396807,15.464198],[79.397284,15.464102],[79.397289,15.46413],[79.397613,15.464067],[79.397427,15.463586],[79.396755,15.463695],[79.396762,15.463763],[79.396807,15.464198]]]},"properties":{"lp":"83"}},{"type":"Feature","geometry":{"type":"Polygon","coordinates":[[[79.398319,15.461584],[79.399312,15.461631],[79.399093,15.460452],[79.399059,15.460262],[79.398513,15.460376],[79.398335,15.461113],[79.398319,15.461584]]]},"properties":{"lp":"119"}},{"type":"Feature","geometry":{"type":"Polygon","coordinates":[[[79.39202,15.465033],[79.392567,15.464894],[79.392632,15.465167],[79.392839,15.465088],[79.393012,15.465022],[79.393047,15.465159],[79.393412,15.465057],[79.393182,15.464814],[79.393153,15.464703],[79.392002,15.464967],[79.39202,15.465033]]]},"properties":{"lp":"24"}},{"type":"Feature","geometry":{"type":"Polygon","coordinates":[[[79.406218,15.463642],[79.406545,15.463529],[79.406798,15.463436],[79.406773,15.463341],[79.406693,15.463037],[79.406661,15.46292],[79.406251,15.463068],[79.406194,15.463106],[79.406062,15.463172],[79.406218,15.463642]]]},"properties":{"lp":"165"}},{"type":"Feature","geometry":{"type":"Polygon","coordinates":[[[79.406341,15.464657],[79.406967,15.464549],[79.406545,15.463529],[79.406218,15.463642],[79.405896,15.463751],[79.406341,15.464657]]]},"properties":{"lp":"166"}},{"type":"Feature","geometry":{"type":"Polygon","coordinates":[[[79.396063,15.463371],[79.396714,15.46329],[79.396744,15.463287],[79.396715,15.463029],[79.396162,15.463121],[79.396063,15.463371]]]},"properties":{"lp":"77"}},{"type":"Feature","geometry":{"type":"Polygon","coordinates":[[[79.409872,15.456417],[79.410109,15.457087],[79.411517,15.456718],[79.411328,15.456178],[79.411795,15.456179],[79.411286,15.45457],[79.41107,15.454584],[79.410394,15.454809],[79.410483,15.455275],[79.41062,15.45595],[79.410254,15.456178],[79.409872,15.456417]]]},"properties":{"lp":"456"}},{"type":"Feature","geometry":{"type":"Polygon","coordinates":[[[79.388875,15.457177],[79.389035,15.45805],[79.388992,15.458493],[79.389059,15.458897],[79.389814,15.459314],[79.390147,15.459505],[79.390175,15.459656],[79.390344,15.459622],[79.39129,15.460102],[79.392156,15.460415],[79.392632,15.460609],[79.393516,15.460635],[79.393864,15.460635],[79.39565,15.460696],[79.397186,15.460573],[79.398142,15.460567],[79.397932,15.461081],[79.398335,15.461113],[79.398513,15.460376],[79.399059,15.460262],[79.399253,15.460224],[79.399458,15.460183],[79.399655,15.460144],[79.399779,15.460119],[79.39974,15.460021],[79.401264,15.459681],[79.401402,15.459596],[79.402146,15.459191],[79.402837,15.459053],[79.402878,15.458874],[79.403203,15.458812],[79.404004,15.458776],[79.404011,15.458711],[79.40418,15.458724],[79.406313,15.456542],[79.405925,15.454249],[79.406103,15.454093],[79.407322,15.452932],[79.406953,15.451897],[79.406438,15.450233],[79.406179,15.449523],[79.406021,15.448914],[79.405783,15.448959],[79.405615,15.448991],[79.405149,15.448205],[79.404902,15.447596],[79.403903,15.447608],[79.40249,15.447869],[79.4019,15.448008],[79.401056,15.448244],[79.401104,15.447844],[79.400228,15.448213],[79.399255,15.448191],[79.398902,15.446299],[79.398699,15.446185],[79.398367,15.446],[79.398262,15.445748],[79.397569,15.445871],[79.397335,15.445023],[79.396799,15.444037],[79.396421,15.443245],[79.396096,15.44334],[79.39577,15.442555],[79.394462,15.441929],[79.393386,15.44163],[79.392297,15.441905],[79.391705,15.442079],[79.390323,15.44278],[79.388574,15.442894],[79.387808,15.443195],[79.387499,15.443364],[79.38725,15.443783],[79.387236,15.443929],[79.387298,15.444769],[79.387355,15.444923],[79.387878,15.446553],[79.387859,15.44666],[79.387807,15.447063],[79.388189,15.448497],[79.387933,15.44856],[79.387781,15.449989],[79.387614,15.450046],[79.387742,15.45075],[79.388044,15.451907],[79.388169,15.453132],[79.388163,15.453409],[79.388245,15.454178],[79.388511,15.45502],[79.389112,15.45485],[79.38963,15.455578],[79.390381,15.456448],[79.390448,15.45691],[79.390291,15.456928],[79.388875,15.457177]]]},"properties":{"lp":"40"}},{"type":"Feature","geometry":{"type":"Polygon","coordinates":[[[79.396073,15.462301],[79.396289,15.462267],[79.396295,15.462399],[79.396434,15.462492],[79.396291,15.462796],[79.396627,15.462287],[79.396838,15.461969],[79.397028,15.461682],[79.396502,15.461759],[79.396528,15.46156],[79.396301,15.461608],[79.396088,15.461222],[79.395798,15.461311],[79.39594,15.461877],[79.396073,15.462301]]]},"properties":{"lp":"64"}},{"type":"Feature","geometry":{"type":"Polygon","coordinates":[[[79.418139,15.458157],[79.420482,15.457632],[79.420431,15.457309],[79.418181,15.457816],[79.418245,15.457836],[79.418139,15.458157]]]},"properties":{"lp":"522"}},{"type":"Feature","geometry":{"type":"Polygon","coordinates":[[[79.41445,15.46067],[79.416105,15.460796],[79.416058,15.460236],[79.415686,15.460324],[79.415547,15.459782],[79.415494,15.459577],[79.415275,15.459625],[79.414493,15.459809],[79.414507,15.460448],[79.414408,15.460419],[79.41445,15.46067]]]},"properties":{"lp":"353"}},{"type":"Feature","geometry":{"type":"Polygon","coordinates":[[[79.42889,15.461222],[79.431306,15.460572],[79.431757,15.460458],[79.436038,15.459605],[79.438728,15.459027],[79.4415,15.459549],[79.440815,15.458021],[79.440697,15.457077],[79.440713,15.456298],[79.440523,15.455507],[79.440317,15.454275],[79.439579,15.448575],[79.439048,15.447458],[79.438651,15.447102],[79.438356,15.446692],[79.438016,15.445562],[79.437639,15.444204],[79.436675,15.442514],[79.436211,15.44261],[79.435771,15.443143],[79.433783,15.442947],[79.432446,15.443335],[79.432636,15.444113],[79.432323,15.444932],[79.432131,15.445434],[79.431961,15.445879],[79.432483,15.447285],[79.433098,15.448015],[79.433288,15.448011],[79.434077,15.448009],[79.434905,15.448007],[79.434972,15.449709],[79.434919,15.450474],[79.434811,15.452191],[79.434135,15.452265],[79.433508,15.452334],[79.433405,15.452682],[79.433209,15.452779],[79.432295,15.453231],[79.430897,15.454006],[79.429931,15.454488],[79.429367,15.454769],[79.429457,15.455099],[79.429545,15.455763],[79.429621,15.456338],[79.429688,15.45709],[79.428245,15.457389],[79.427484,15.457538],[79.427668,15.458451],[79.427965,15.458389],[79.428394,15.459978],[79.42889,15.461222]]]},"properties":{"lp":"729"}},{"type":"Feature","geometry":{"type":"Polygon","coordinates":[[[79.412267,15.452397],[79.412548,15.452255],[79.412508,15.452156],[79.412472,15.452065],[79.412445,15.451983],[79.41214,15.452081],[79.41217,15.452159],[79.412267,15.452397]]]},"properties":{"lp":"430"}},{"type":"Feature","geometry":{"type":"Polygon","coordinates":[[[79.408039,15.46178],[79.409352,15.461494],[79.408986,15.460864],[79.407881,15.461074],[79.408039,15.46178]]]},"properties":{"lp":"305"}},{"type":"Feature","geometry":{"type":"Polygon","coordinates":[[[79.407881,15.461074],[79.408986,15.460864],[79.408622,15.46024],[79.408397,15.459853],[79.407742,15.460451],[79.407825,15.460824],[79.407881,15.461074]]]},"properties":{"lp":"727"}},{"type":"Feature","geometry":{"type":"Polygon","coordinates":[[[79.40709,15.451285],[79.407364,15.451708],[79.407437,15.451676],[79.407177,15.451251],[79.40709,15.451285]]]},"properties":{"lp":"400"}},{"type":"Feature","geometry":{"type":"Polygon","coordinates":[[[79.407437,15.451676],[79.408036,15.451415],[79.40798,15.451229],[79.407784,15.450362],[79.407094,15.450432],[79.406614,15.450481],[79.406935,15.451339],[79.407015,15.451311],[79.40709,15.451285],[79.407177,15.451251],[79.407437,15.451676]]]},"properties":{"lp":"728"}},{"type":"Feature","geometry":{"type":"Polygon","coordinates":[[[79.431057,15.444594],[79.431142,15.445084],[79.432323,15.444932],[79.432636,15.444113],[79.431057,15.444594]]]},"properties":{"lp":"699"}},{"type":"Feature","geometry":{"type":"Polygon","coordinates":[[[79.431199,15.445414],[79.432131,15.445434],[79.432323,15.444932],[79.431142,15.445084],[79.431199,15.445414]]]},"properties":{"lp":"713"}},{"type":"Feature","geometry":{"type":"Polygon","coordinates":[[[79.431323,15.446135],[79.431961,15.445879],[79.432131,15.445434],[79.431199,15.445414],[79.431323,15.446135]]]},"properties":{"lp":"714"}},{"type":"Feature","geometry":{"type":"Polygon","coordinates":[[[79.415253,15.456563],[79.415454,15.457286],[79.415564,15.457261],[79.416057,15.457151],[79.415914,15.456391],[79.415253,15.456563]]]},"properties":{"lp":"731"}},{"type":"Feature","geometry":{"type":"Polygon","coordinates":[[[79.414202,15.456268],[79.414428,15.457306],[79.412437,15.45756],[79.412981,15.458896],[79.413206,15.459446],[79.414159,15.459345],[79.414343,15.459353],[79.414415,15.459454],[79.414493,15.459809],[79.415275,15.459625],[79.415208,15.459242],[79.415149,15.458902],[79.415112,15.458687],[79.415013,15.458118],[79.41492,15.457581],[79.415457,15.457457],[79.415454,15.457286],[79.415253,15.456563],[79.415914,15.456391],[79.415812,15.455852],[79.414918,15.45608],[79.414202,15.456268]]]},"properties":{"lp":"354"}},{"type":"Feature","geometry":{"type":"Polygon","coordinates":[[[79.412437,15.45756],[79.414428,15.457306],[79.414202,15.456268],[79.414136,15.455978],[79.414084,15.455752],[79.41188,15.456162],[79.411795,15.456179],[79.412113,15.457537],[79.412117,15.457545],[79.412437,15.45756]]]},"properties":{"lp":"143"}},{"type":"Feature","geometry":{"type":"Polygon","coordinates":[[[79.40223,15.460545],[79.402501,15.460113],[79.403023,15.459282],[79.402878,15.458874],[79.402837,15.459053],[79.402756,15.459402],[79.402192,15.460267],[79.40223,15.460545]]]},"properties":{"lp":"114"}},{"type":"Feature","geometry":{"type":"Polygon","coordinates":[[[79.403129,15.462545],[79.404839,15.461728],[79.405097,15.461528],[79.404948,15.461458],[79.404838,15.461566],[79.404358,15.461566],[79.404128,15.461637],[79.404182,15.461832],[79.4039,15.46184],[79.403869,15.461755],[79.403793,15.461782],[79.403707,15.46164],[79.403287,15.461776],[79.403211,15.461801],[79.402922,15.461933],[79.403129,15.462545]]]},"properties":{"lp":"145"}},{"type":"Feature","geometry":{"type":"Polygon","coordinates":[[[79.403287,15.461776],[79.402915,15.460984],[79.402501,15.460113],[79.40223,15.460545],[79.402922,15.461933],[79.403211,15.461801],[79.403287,15.461776]]]},"properties":{"lp":"142"}},{"type":"Feature","geometry":{"type":"Polygon","coordinates":[[[79.402915,15.460984],[79.403287,15.461776],[79.403707,15.46164],[79.403331,15.460847],[79.402915,15.460984]]]},"properties":{"lp":"144"}},{"type":"Feature","geometry":{"type":"Polygon","coordinates":[[[79.403707,15.46164],[79.403793,15.461782],[79.403869,15.461755],[79.4039,15.46184],[79.404182,15.461832],[79.404128,15.461637],[79.404358,15.461566],[79.404838,15.461566],[79.404948,15.461458],[79.404024,15.461025],[79.403334,15.46013],[79.403023,15.459282],[79.402501,15.460113],[79.402915,15.460984],[79.403331,15.460847],[79.403707,15.46164]]]},"properties":{"lp":"141"}},{"type":"Feature","geometry":{"type":"Polygon","coordinates":[[[79.418031,15.455666],[79.419317,15.455624],[79.419238,15.455277],[79.418031,15.455666]]]},"properties":{"lp":"39"}},{"type":"Feature","geometry":{"type":"Polygon","coordinates":[[[79.418031,15.455666],[79.419238,15.455277],[79.419093,15.454639],[79.417919,15.455166],[79.41789,15.455292],[79.418031,15.455666]]]},"properties":{"lp":"527"}},{"type":"Feature","geometry":{"type":"Polygon","coordinates":[[[79.389814,15.459314],[79.389164,15.459526],[79.389405,15.460962],[79.38939,15.461275],[79.389495,15.461454],[79.391415,15.461175],[79.392289,15.46099],[79.392156,15.460415],[79.39129,15.460102],[79.390344,15.459622],[79.390175,15.459656],[79.390147,15.459505],[79.389814,15.459314]]]},"properties":{"lp":"38"}}]}