{"type":"FeatureCollection","village":"MARRIPALEM","features":[{"type":"Feature","geometry":{"type":"Polygon","coordinates":[[[79.423087,15.669205],[79.423004,15.669246],[79.422726,15.669383],[79.422844,15.669577],[79.423206,15.669377],[79.423087,15.669205]]]},"properties":{"lp":"209","ac":"0.26","chaltha":"209"}},{"type":"Feature","geometry":{"type":"Polygon","coordinates":[[[79.404054,15.646745],[79.404248,15.646966],[79.405399,15.646694],[79.405314,15.646405],[79.405061,15.646473],[79.404054,15.646745]]]},"properties":{"lp":"963","ac":"1.027","chaltha":"963"}},{"type":"Feature","geometry":{"type":"Polygon","coordinates":[[[79.404917,15.648674],[79.405245,15.648617],[79.405861,15.648255],[79.405741,15.64785],[79.404791,15.647796],[79.404917,15.648674]]]},"properties":{"lp":"959","ac":"1.971","chaltha":"959"}},{"type":"Feature","geometry":{"type":"Polygon","coordinates":[[[79.404783,15.647745],[79.405723,15.647788],[79.405592,15.647347],[79.404754,15.647542],[79.404783,15.647745]]]},"properties":{"lp":"961","ac":"0.858","chaltha":"961"}},{"type":"Feature","geometry":{"type":"Polygon","coordinates":[[[79.405741,15.64785],[79.405723,15.647788],[79.404783,15.647745],[79.404791,15.647796],[79.405741,15.64785]]]},"properties":{"lp":"960","ac":"0.153","chaltha":"960"}},{"type":"Feature","geometry":{"type":"Polygon","coordinates":[[[79.403632,15.649506],[79.40392,15.649381],[79.403616,15.649167],[79.403591,15.648875],[79.403764,15.648545],[79.403722,15.648441],[79.40285,15.648567],[79.402938,15.648707],[79.403066,15.648653],[79.403632,15.649506]]]},"properties":{"lp":"951","ac":"1.229","chaltha":"951"}},{"type":"Feature","geometry":{"type":"Polygon","coordinates":[[[79.40285,15.648567],[79.403722,15.648441],[79.403664,15.648298],[79.402746,15.648402],[79.40285,15.648567]]]},"properties":{"lp":"952","ac":"0.432","chaltha":"952"}},{"type":"Feature","geometry":{"type":"Polygon","coordinates":[[[79.402746,15.648402],[79.403664,15.648298],[79.403635,15.648225],[79.402711,15.648346],[79.402746,15.648402]]]},"properties":{"lp":"953","ac":"0.185","chaltha":"953"}},{"type":"Feature","geometry":{"type":"Polygon","coordinates":[[[79.402711,15.648346],[79.403635,15.648225],[79.403337,15.647488],[79.403303,15.646872],[79.403323,15.6467],[79.403488,15.646444],[79.403427,15.646144],[79.402623,15.646387],[79.402925,15.648004],[79.4026,15.648168],[79.402711,15.648346]]]},"properties":{"lp":"954","ac":"3.899","chaltha":"954"}},{"type":"Feature","geometry":{"type":"Polygon","coordinates":[[[79.40392,15.649381],[79.404052,15.649367],[79.40371,15.649143],[79.403843,15.648551],[79.403761,15.648248],[79.403721,15.648161],[79.403404,15.64746],[79.403415,15.646715],[79.403553,15.646543],[79.403529,15.646186],[79.403427,15.646144],[79.403488,15.646444],[79.403323,15.6467],[79.403303,15.646872],[79.403337,15.647488],[79.403635,15.648225],[79.403664,15.648298],[79.403722,15.648441],[79.403764,15.648545],[79.403591,15.648875],[79.403616,15.649167],[79.40392,15.649381]]]},"properties":{"lp":"955","ac":"0.986","chaltha":"955"}},{"type":"Feature","geometry":{"type":"Polygon","coordinates":[[[79.404052,15.649367],[79.404888,15.649021],[79.404917,15.648674],[79.404791,15.647796],[79.403761,15.648248],[79.403843,15.648551],[79.40371,15.649143],[79.404052,15.649367]]]},"properties":{"lp":"958","ac":"3.87","chaltha":"958"}},{"type":"Feature","geometry":{"type":"Polygon","coordinates":[[[79.403761,15.648248],[79.404791,15.647796],[79.404783,15.647745],[79.403721,15.648161],[79.403761,15.648248]]]},"properties":{"lp":"957","ac":"0.242","chaltha":"957"}},{"type":"Feature","geometry":{"type":"Polygon","coordinates":[[[79.403721,15.648161],[79.404783,15.647745],[79.404754,15.647542],[79.404248,15.646966],[79.404054,15.646745],[79.403877,15.64649],[79.403553,15.646543],[79.403415,15.646715],[79.403404,15.64746],[79.403721,15.648161]]]},"properties":{"lp":"956","ac":"4.177","chaltha":"956"}},{"type":"Feature","geometry":{"type":"Polygon","coordinates":[[[79.405861,15.648255],[79.406441,15.647793],[79.40642,15.64772],[79.406403,15.647659],[79.406106,15.646621],[79.405914,15.645949],[79.405828,15.645648],[79.405723,15.645279],[79.405584,15.644792],[79.405563,15.64472],[79.405294,15.645151],[79.405556,15.645838],[79.405527,15.646337],[79.405314,15.646405],[79.405399,15.646694],[79.405592,15.647347],[79.405723,15.647788],[79.405741,15.64785],[79.405861,15.648255]]]},"properties":{"lp":"929","ac":"5.126","chaltha":"929"}},{"type":"Feature","geometry":{"type":"Polygon","coordinates":[[[79.405342,15.648914],[79.407187,15.648359],[79.407102,15.648118],[79.406984,15.647789],[79.406441,15.647793],[79.405861,15.648255],[79.405245,15.648617],[79.405342,15.648914]]]},"properties":{"lp":"930","ac":"3.123","chaltha":"930"}},{"type":"Feature","geometry":{"type":"Polygon","coordinates":[[[79.40468,15.65085],[79.404912,15.650763],[79.404767,15.650405],[79.404449,15.649943],[79.40392,15.649381],[79.403632,15.649506],[79.404067,15.650555],[79.404423,15.650481],[79.40468,15.65085]]]},"properties":{"lp":"950","ac":"2.213","chaltha":"950"}},{"type":"Feature","geometry":{"type":"Polygon","coordinates":[[[79.404914,15.650406],[79.40575,15.650157],[79.405646,15.649842],[79.405342,15.648914],[79.405245,15.648617],[79.404917,15.648674],[79.404888,15.649021],[79.404052,15.649367],[79.404517,15.649873],[79.404914,15.650406]]]},"properties":{"lp":"948","ac":"4.615","chaltha":"948"}},{"type":"Feature","geometry":{"type":"Polygon","coordinates":[[[79.404767,15.650405],[79.404914,15.650406],[79.404517,15.649873],[79.404052,15.649367],[79.40392,15.649381],[79.404449,15.649943],[79.404767,15.650405]]]},"properties":{"lp":"949","ac":"0.412","chaltha":"949"}},{"type":"Feature","geometry":{"type":"Polygon","coordinates":[[[79.40575,15.650157],[79.406107,15.650035],[79.406466,15.649917],[79.407633,15.649614],[79.407573,15.649444],[79.407512,15.649273],[79.405646,15.649842],[79.40575,15.650157]]]},"properties":{"lp":"932","ac":"1.89","chaltha":"932"}},{"type":"Feature","geometry":{"type":"Polygon","coordinates":[[[79.405646,15.649842],[79.407512,15.649273],[79.407297,15.648669],[79.407187,15.648359],[79.405342,15.648914],[79.405646,15.649842]]]},"properties":{"lp":"931","ac":"5.526","chaltha":"931"}},{"type":"Feature","geometry":{"type":"Polygon","coordinates":[[[79.403553,15.646543],[79.403877,15.64649],[79.404054,15.646745],[79.405061,15.646473],[79.404601,15.645315],[79.404503,15.645337],[79.403302,15.645618],[79.403529,15.646186],[79.403553,15.646543]]]},"properties":{"lp":"965","ac":"4.746","chaltha":"965"}},{"type":"Feature","geometry":{"type":"Polygon","coordinates":[[[79.405061,15.646473],[79.405314,15.646405],[79.405527,15.646337],[79.405556,15.645838],[79.405294,15.645151],[79.404601,15.645315],[79.405061,15.646473]]]},"properties":{"lp":"964","ac":"2.37","chaltha":"964"}},{"type":"Feature","geometry":{"type":"Polygon","coordinates":[[[79.404503,15.645337],[79.404601,15.645315],[79.405294,15.645151],[79.405028,15.64446],[79.405027,15.644335],[79.404255,15.644439],[79.404357,15.64481],[79.404503,15.645337]]]},"properties":{"lp":"973","ac":"2.026","chaltha":"973"}},{"type":"Feature","geometry":{"type":"Polygon","coordinates":[[[79.405027,15.644335],[79.405021,15.643554],[79.404896,15.643104],[79.404028,15.643219],[79.403919,15.64325],[79.404075,15.643808],[79.404214,15.644304],[79.404255,15.644439],[79.405027,15.644335]]]},"properties":{"lp":"972","ac":"3.353","chaltha":"972"}},{"type":"Feature","geometry":{"type":"Polygon","coordinates":[[[79.402661,15.644629],[79.404214,15.644304],[79.404075,15.643808],[79.402525,15.644107],[79.402519,15.644139],[79.402488,15.644265],[79.402661,15.644629]]]},"properties":{"lp":"970","ac":"2.5","chaltha":"970"}},{"type":"Feature","geometry":{"type":"Polygon","coordinates":[[[79.402525,15.644107],[79.404075,15.643808],[79.403919,15.64325],[79.402577,15.643529],[79.402478,15.643952],[79.402525,15.644107]]]},"properties":{"lp":"971","ac":"2.503","chaltha":"971"}},{"type":"Feature","geometry":{"type":"Polygon","coordinates":[[[79.405294,15.645151],[79.405563,15.64472],[79.405145,15.643052],[79.404896,15.643104],[79.405021,15.643554],[79.405027,15.644335],[79.405028,15.64446],[79.405294,15.645151]]]},"properties":{"lp":"974","ac":"1.933","chaltha":"974"}},{"type":"Feature","geometry":{"type":"Polygon","coordinates":[[[79.405563,15.64472],[79.406563,15.644528],[79.40609,15.642855],[79.405145,15.643052],[79.405563,15.64472]]]},"properties":{"lp":"975","ac":"5.016","chaltha":"975"}},{"type":"Feature","geometry":{"type":"Polygon","coordinates":[[[79.406563,15.644528],[79.407538,15.644341],[79.407353,15.643713],[79.407234,15.643309],[79.407042,15.642655],[79.40609,15.642855],[79.406563,15.644528]]]},"properties":{"lp":"976","ac":"5.02","chaltha":"976"}},{"type":"Feature","geometry":{"type":"Polygon","coordinates":[[[79.40258,15.643058],[79.402577,15.643529],[79.403919,15.64325],[79.404028,15.643219],[79.403962,15.64296],[79.403688,15.642891],[79.403643,15.642718],[79.402397,15.642807],[79.40258,15.643058]]]},"properties":{"lp":"981","ac":"2.505","chaltha":"981"}},{"type":"Feature","geometry":{"type":"Polygon","coordinates":[[[79.402397,15.642807],[79.403643,15.642718],[79.403483,15.642098],[79.403352,15.641593],[79.402599,15.641739],[79.402508,15.641827],[79.402513,15.642573],[79.402411,15.642625],[79.402397,15.642807]]]},"properties":{"lp":"982","ac":"3.243","chaltha":"982"}},{"type":"Feature","geometry":{"type":"Polygon","coordinates":[[[79.404028,15.643219],[79.404896,15.643104],[79.404831,15.642571],[79.403643,15.642718],[79.403688,15.642891],[79.403962,15.64296],[79.404028,15.643219]]]},"properties":{"lp":"980","ac":"1.612","chaltha":"980"}},{"type":"Feature","geometry":{"type":"Polygon","coordinates":[[[79.403643,15.642718],[79.404831,15.642571],[79.404776,15.642111],[79.403483,15.642098],[79.403643,15.642718]]]},"properties":{"lp":"979","ac":"1.985","chaltha":"979"}},{"type":"Feature","geometry":{"type":"Polygon","coordinates":[[[79.403483,15.642098],[79.404776,15.642111],[79.404686,15.641374],[79.403553,15.641293],[79.403352,15.641593],[79.403483,15.642098]]]},"properties":{"lp":"978","ac":"2.946","chaltha":"978"}},{"type":"Feature","geometry":{"type":"Polygon","coordinates":[[[79.404896,15.643104],[79.405145,15.643052],[79.40609,15.642855],[79.407042,15.642655],[79.406895,15.642232],[79.406591,15.641364],[79.406055,15.641479],[79.404686,15.641374],[79.404776,15.642111],[79.404831,15.642571],[79.404896,15.643104]]]},"properties":{"lp":"977","ac":"8.882","chaltha":"977"}},{"type":"Feature","geometry":{"type":"Polygon","coordinates":[[[79.407234,15.643309],[79.408014,15.643197],[79.407644,15.642058],[79.406895,15.642232],[79.407042,15.642655],[79.407234,15.643309]]]},"properties":{"lp":"908","ac":"2.61","chaltha":"908"}},{"type":"Feature","geometry":{"type":"Polygon","coordinates":[[[79.406591,15.641364],[79.406895,15.642232],[79.407644,15.642058],[79.408014,15.643197],[79.407234,15.643309],[79.407353,15.643713],[79.410369,15.642948],[79.409507,15.642066],[79.408511,15.641047],[79.407986,15.641054],[79.406591,15.641364]]]},"properties":{"lp":"907","ac":"14.953","chaltha":"907"}},{"type":"Feature","geometry":{"type":"Polygon","coordinates":[[[79.402661,15.644629],[79.40289,15.645111],[79.404357,15.64481],[79.404255,15.644439],[79.404214,15.644304],[79.402661,15.644629]]]},"properties":{"lp":"969","ac":"2.36","chaltha":"969"}},{"type":"Feature","geometry":{"type":"Polygon","coordinates":[[[79.40289,15.645111],[79.403083,15.645516],[79.403302,15.645618],[79.404503,15.645337],[79.404357,15.64481],[79.40289,15.645111]]]},"properties":{"lp":"968","ac":"2.36","chaltha":"968"}},{"type":"Feature","geometry":{"type":"Polygon","coordinates":[[[79.407538,15.644341],[79.408575,15.643991],[79.409232,15.643769],[79.409577,15.643653],[79.410691,15.643277],[79.410369,15.642948],[79.407353,15.643713],[79.407538,15.644341]]]},"properties":{"lp":"909","ac":"5.008","chaltha":"909"}},{"type":"Feature","geometry":{"type":"Polygon","coordinates":[[[79.410691,15.643277],[79.411556,15.642844],[79.41063,15.641844],[79.410237,15.641456],[79.409507,15.642066],[79.410369,15.642948],[79.410691,15.643277]]]},"properties":{"lp":"905","ac":"5.0","chaltha":"905"}},{"type":"Feature","geometry":{"type":"Polygon","coordinates":[[[79.409507,15.642066],[79.410237,15.641456],[79.409818,15.641042],[79.408511,15.641047],[79.409507,15.642066]]]},"properties":{"lp":"906","ac":"2.776","chaltha":"906"}},{"type":"Feature","geometry":{"type":"Polygon","coordinates":[[[79.410879,15.640969],[79.411437,15.640879],[79.411609,15.640851],[79.411549,15.640562],[79.411485,15.64025],[79.411317,15.639439],[79.410879,15.640969]]]},"properties":{"lp":"819","ac":"1.562","chaltha":"819"}},{"type":"Feature","geometry":{"type":"Polygon","coordinates":[[[79.410314,15.645126],[79.410414,15.645108],[79.412098,15.643572],[79.412276,15.64341],[79.412249,15.643323],[79.410314,15.645126]]]},"properties":{"lp":"903","ac":"0.516","chaltha":"903"}},{"type":"Feature","geometry":{"type":"Polygon","coordinates":[[[79.410017,15.645181],[79.410039,15.645296],[79.41006,15.645404],[79.410131,15.645344],[79.410414,15.645108],[79.410314,15.645126],[79.410017,15.645181]]]},"properties":{"lp":"900","ac":"0.134","chaltha":"900"}},{"type":"Feature","geometry":{"type":"Polygon","coordinates":[[[79.410036,15.645126],[79.410691,15.643277],[79.409577,15.643653],[79.410036,15.645126]]]},"properties":{"lp":"910","ac":"2.66","chaltha":"910"}},{"type":"Feature","geometry":{"type":"Polygon","coordinates":[[[79.409707,15.645254],[79.410017,15.645181],[79.410036,15.645126],[79.409577,15.643653],[79.409232,15.643769],[79.409707,15.645254]]]},"properties":{"lp":"911","ac":"1.651","chaltha":"911"}},{"type":"Feature","geometry":{"type":"Polygon","coordinates":[[[79.409025,15.645414],[79.40952,15.645298],[79.409707,15.645254],[79.409232,15.643769],[79.408575,15.643991],[79.409025,15.645414]]]},"properties":{"lp":"912","ac":"3.112","chaltha":"912"}},{"type":"Feature","geometry":{"type":"Polygon","coordinates":[[[79.407538,15.644341],[79.40756,15.644426],[79.407688,15.644918],[79.407777,15.645261],[79.407862,15.645586],[79.407962,15.645973],[79.408387,15.645568],[79.408959,15.645429],[79.409025,15.645414],[79.408575,15.643991],[79.407538,15.644341]]]},"properties":{"lp":"913","ac":"5.0","chaltha":"913"}},{"type":"Feature","geometry":{"type":"Polygon","coordinates":[[[79.407962,15.645973],[79.408038,15.646265],[79.408119,15.646579],[79.409086,15.645933],[79.408959,15.645429],[79.408387,15.645568],[79.407962,15.645973]]]},"properties":{"lp":"914","ac":"2.098","chaltha":"914"}},{"type":"Feature","geometry":{"type":"Polygon","coordinates":[[[79.408136,15.646642],[79.408274,15.647174],[79.408499,15.647142],[79.409368,15.64702],[79.409099,15.646012],[79.408136,15.646642]]]},"properties":{"lp":"920","ac":"2.555","chaltha":"920"}},{"type":"Feature","geometry":{"type":"Polygon","coordinates":[[[79.408119,15.646579],[79.408136,15.646642],[79.409099,15.646012],[79.409588,15.645702],[79.41006,15.645404],[79.410039,15.645296],[79.409575,15.645606],[79.409086,15.645933],[79.408119,15.646579]]]},"properties":{"lp":"917","ac":"0.522","chaltha":"917"}},{"type":"Feature","geometry":{"type":"Polygon","coordinates":[[[79.405563,15.64472],[79.405584,15.644792],[79.40756,15.644426],[79.407538,15.644341],[79.406563,15.644528],[79.405563,15.64472]]]},"properties":{"lp":"928","ac":"0.479","chaltha":"928"}},{"type":"Feature","geometry":{"type":"Polygon","coordinates":[[[79.405723,15.645279],[79.407688,15.644918],[79.40756,15.644426],[79.405584,15.644792],[79.405723,15.645279]]]},"properties":{"lp":"927","ac":"2.967","chaltha":"927"}},{"type":"Feature","geometry":{"type":"Polygon","coordinates":[[[79.405828,15.645648],[79.407777,15.645261],[79.407688,15.644918],[79.405723,15.645279],[79.405828,15.645648]]]},"properties":{"lp":"926","ac":"2.15","chaltha":"926"}},{"type":"Feature","geometry":{"type":"Polygon","coordinates":[[[79.406106,15.646621],[79.408038,15.646265],[79.407962,15.645973],[79.407862,15.645586],[79.405914,15.645949],[79.406106,15.646621]]]},"properties":{"lp":"924","ac":"4.035","chaltha":"924"}},{"type":"Feature","geometry":{"type":"Polygon","coordinates":[[[79.406106,15.646621],[79.406403,15.647659],[79.408119,15.646579],[79.408038,15.646265],[79.406106,15.646621]]]},"properties":{"lp":"923","ac":"4.013","chaltha":"923"}},{"type":"Feature","geometry":{"type":"Polygon","coordinates":[[[79.40642,15.64772],[79.408136,15.646642],[79.408119,15.646579],[79.406403,15.647659],[79.40642,15.64772]]]},"properties":{"lp":"922","ac":"0.362","chaltha":"922"}},{"type":"Feature","geometry":{"type":"Polygon","coordinates":[[[79.40642,15.64772],[79.406441,15.647793],[79.406984,15.647789],[79.407973,15.647491],[79.407952,15.647287],[79.408274,15.647174],[79.408136,15.646642],[79.40642,15.64772]]]},"properties":{"lp":"921","ac":"2.483","chaltha":"921"}},{"type":"Feature","geometry":{"type":"Polygon","coordinates":[[[79.405914,15.645949],[79.407862,15.645586],[79.407777,15.645261],[79.405828,15.645648],[79.405914,15.645949]]]},"properties":{"lp":"925","ac":"1.881","chaltha":"925"}},{"type":"Feature","geometry":{"type":"Polygon","coordinates":[[[79.406984,15.647789],[79.407102,15.648118],[79.407187,15.648359],[79.407297,15.648669],[79.408338,15.648397],[79.408031,15.647475],[79.407973,15.647491],[79.406984,15.647789]]]},"properties":{"lp":"879","ac":"3.025","chaltha":"879"}},{"type":"Feature","geometry":{"type":"Polygon","coordinates":[[[79.409071,15.650598],[79.410413,15.650202],[79.41034,15.649592],[79.410334,15.649547],[79.410053,15.649629],[79.409483,15.649795],[79.408864,15.649975],[79.408932,15.65018],[79.408999,15.650383],[79.409071,15.650598]]]},"properties":{"lp":"873","ac":"2.809","chaltha":"873"}},{"type":"Feature","geometry":{"type":"Polygon","coordinates":[[[79.407973,15.647491],[79.408031,15.647475],[79.408531,15.647332],[79.408499,15.647142],[79.408274,15.647174],[79.407952,15.647287],[79.407973,15.647491]]]},"properties":{"lp":"880","ac":"0.353","chaltha":"880"}},{"type":"Feature","geometry":{"type":"Polygon","coordinates":[[[79.408531,15.647332],[79.409658,15.647012],[79.40965,15.646981],[79.409368,15.64702],[79.408499,15.647142],[79.408531,15.647332]]]},"properties":{"lp":"881","ac":"0.385","chaltha":"881"}},{"type":"Feature","geometry":{"type":"Polygon","coordinates":[[[79.407633,15.649614],[79.406466,15.649917],[79.406534,15.650129],[79.407702,15.64981],[79.407633,15.649614]]]},"properties":{"lp":"933","ac":"0.76","chaltha":"933"}},{"type":"Feature","geometry":{"type":"Polygon","coordinates":[[[79.40667,15.650552],[79.406714,15.650691],[79.40678,15.650897],[79.40796,15.650533],[79.407928,15.650446],[79.407851,15.650228],[79.407836,15.650185],[79.40667,15.650552]]]},"properties":{"lp":"936","ac":"1.316","chaltha":"936"}},{"type":"Feature","geometry":{"type":"Polygon","coordinates":[[[79.406886,15.651226],[79.408086,15.650889],[79.408009,15.650672],[79.40796,15.650533],[79.40678,15.650897],[79.406886,15.651226]]]},"properties":{"lp":"937","ac":"1.313","chaltha":"937"}},{"type":"Feature","geometry":{"type":"Polygon","coordinates":[[[79.406534,15.650129],[79.406603,15.650345],[79.407768,15.649994],[79.407702,15.64981],[79.406534,15.650129]]]},"properties":{"lp":"934","ac":"0.751","chaltha":"934"}},{"type":"Feature","geometry":{"type":"Polygon","coordinates":[[[79.40667,15.650552],[79.407836,15.650185],[79.407768,15.649994],[79.406603,15.650345],[79.40667,15.650552]]]},"properties":{"lp":"935","ac":"0.751","chaltha":"935"}},{"type":"Feature","geometry":{"type":"Polygon","coordinates":[[[79.408864,15.649975],[79.407851,15.650228],[79.407928,15.650446],[79.408932,15.65018],[79.408864,15.649975]]]},"properties":{"lp":"876","ac":"0.681","chaltha":"876"}},{"type":"Feature","geometry":{"type":"Polygon","coordinates":[[[79.407928,15.650446],[79.40796,15.650533],[79.408009,15.650672],[79.408999,15.650383],[79.408932,15.65018],[79.407928,15.650446]]]},"properties":{"lp":"875","ac":"0.687","chaltha":"875"}},{"type":"Feature","geometry":{"type":"Polygon","coordinates":[[[79.408086,15.650889],[79.409071,15.650598],[79.408999,15.650383],[79.408009,15.650672],[79.408086,15.650889]]]},"properties":{"lp":"874","ac":"0.689","chaltha":"874"}},{"type":"Feature","geometry":{"type":"Polygon","coordinates":[[[79.407297,15.648669],[79.407512,15.649273],[79.407573,15.649444],[79.408598,15.649177],[79.408549,15.64903],[79.408356,15.64845],[79.408338,15.648397],[79.407297,15.648669]]]},"properties":{"lp":"878","ac":"2.567","chaltha":"878"}},{"type":"Feature","geometry":{"type":"Polygon","coordinates":[[[79.407573,15.649444],[79.407633,15.649614],[79.407702,15.64981],[79.407768,15.649994],[79.407836,15.650185],[79.407851,15.650228],[79.408864,15.649975],[79.408598,15.649177],[79.407573,15.649444]]]},"properties":{"lp":"877","ac":"2.57","chaltha":"877"}},{"type":"Feature","geometry":{"type":"Polygon","coordinates":[[[79.404914,15.650406],[79.405257,15.650886],[79.405617,15.65146],[79.40649,15.651209],[79.406358,15.650805],[79.406714,15.650691],[79.40667,15.650552],[79.406603,15.650345],[79.406534,15.650129],[79.406466,15.649917],[79.406107,15.650035],[79.40575,15.650157],[79.404914,15.650406]]]},"properties":{"lp":"946","ac":"4.71","chaltha":"946"}},{"type":"Feature","geometry":{"type":"Polygon","coordinates":[[[79.40539,15.651526],[79.405617,15.65146],[79.405257,15.650886],[79.40539,15.651526]]]},"properties":{"lp":"947","ac":"0.226","chaltha":"947"}},{"type":"Feature","geometry":{"type":"Polygon","coordinates":[[[79.40539,15.651526],[79.405793,15.651801],[79.40617,15.652106],[79.406862,15.652765],[79.406907,15.652862],[79.407016,15.652856],[79.40695,15.652733],[79.40655,15.652295],[79.406202,15.65197],[79.405617,15.65146],[79.40539,15.651526]]]},"properties":{"lp":"943","ac":"0.749","chaltha":"943"}},{"type":"Feature","geometry":{"type":"Polygon","coordinates":[[[79.406287,15.652897],[79.406907,15.652862],[79.406862,15.652765],[79.40617,15.652106],[79.405793,15.651801],[79.40539,15.651526],[79.405443,15.651783],[79.405736,15.652326],[79.406287,15.652897]]]},"properties":{"lp":"942","ac":"2.039","chaltha":"942"}},{"type":"Feature","geometry":{"type":"Polygon","coordinates":[[[79.407016,15.652856],[79.407108,15.652851],[79.407164,15.652826],[79.40652,15.651396],[79.406547,15.651383],[79.40649,15.651209],[79.405617,15.65146],[79.406202,15.65197],[79.40655,15.652295],[79.40695,15.652733],[79.407016,15.652856]]]},"properties":{"lp":"944","ac":"2.334","chaltha":"944"}},{"type":"Feature","geometry":{"type":"Polygon","coordinates":[[[79.406547,15.651383],[79.406755,15.651287],[79.406886,15.651226],[79.40678,15.650897],[79.406714,15.650691],[79.406358,15.650805],[79.40649,15.651209],[79.406547,15.651383]]]},"properties":{"lp":"945","ac":"0.638","chaltha":"945"}},{"type":"Feature","geometry":{"type":"Polygon","coordinates":[[[79.40652,15.651396],[79.407164,15.652826],[79.407108,15.652851],[79.407707,15.653557],[79.407835,15.654148],[79.407958,15.654116],[79.407467,15.652397],[79.407141,15.652506],[79.406755,15.651287],[79.406547,15.651383],[79.40652,15.651396]]]},"properties":{"lp":"940","ac":"1.98","chaltha":"940"}},{"type":"Feature","geometry":{"type":"Polygon","coordinates":[[[79.407958,15.654116],[79.40864,15.653937],[79.408853,15.653881],[79.40869,15.653309],[79.408676,15.653254],[79.408526,15.652654],[79.408436,15.652293],[79.408386,15.652091],[79.407467,15.652397],[79.407958,15.654116]]]},"properties":{"lp":"939","ac":"5.008","chaltha":"939"}},{"type":"Feature","geometry":{"type":"Polygon","coordinates":[[[79.408526,15.652654],[79.409847,15.652314],[79.409988,15.652938],[79.409999,15.652987],[79.410391,15.652903],[79.411048,15.652764],[79.411005,15.65258],[79.41096,15.652389],[79.410892,15.652098],[79.410787,15.651653],[79.408436,15.652293],[79.408526,15.652654]]]},"properties":{"lp":"862","ac":"5.007","chaltha":"862"}},{"type":"Feature","geometry":{"type":"Polygon","coordinates":[[[79.408281,15.651672],[79.408386,15.652091],[79.408436,15.652293],[79.410787,15.651653],[79.410777,15.65161],[79.410699,15.651308],[79.410619,15.650999],[79.410613,15.650973],[79.408281,15.651672]]]},"properties":{"lp":"863","ac":"4.786","chaltha":"863"}},{"type":"Feature","geometry":{"type":"Polygon","coordinates":[[[79.408281,15.651672],[79.410613,15.650973],[79.410557,15.65076],[79.410437,15.650295],[79.4091,15.650691],[79.40811,15.650985],[79.408281,15.651672]]]},"properties":{"lp":"864","ac":"5.019","chaltha":"864"}},{"type":"Feature","geometry":{"type":"Polygon","coordinates":[[[79.40811,15.650985],[79.4091,15.650691],[79.409071,15.650598],[79.408086,15.650889],[79.40811,15.650985]]]},"properties":{"lp":"865","ac":"0.297","chaltha":"865"}},{"type":"Feature","geometry":{"type":"Polygon","coordinates":[[[79.408031,15.647475],[79.408338,15.648397],[79.408356,15.64845],[79.409058,15.64825],[79.409588,15.6481],[79.409934,15.648002],[79.409658,15.647012],[79.408531,15.647332],[79.408031,15.647475]]]},"properties":{"lp":"882","ac":"5.016","chaltha":"882"}},{"type":"Feature","geometry":{"type":"Polygon","coordinates":[[[79.410892,15.652098],[79.412116,15.651824],[79.412192,15.652117],[79.412237,15.652294],[79.412284,15.652475],[79.412705,15.652376],[79.412737,15.652314],[79.413184,15.652162],[79.413086,15.651694],[79.412974,15.651151],[79.412952,15.651048],[79.410777,15.65161],[79.410787,15.651653],[79.410892,15.652098]]]},"properties":{"lp":"851","ac":"5.3","chaltha":"851"}},{"type":"Feature","geometry":{"type":"Polygon","coordinates":[[[79.412541,15.647533],[79.412838,15.647474],[79.41269,15.647073],[79.412392,15.647132],[79.412541,15.647533]]]},"properties":{"lp":"894","ac":"0.375","chaltha":"894"}},{"type":"Feature","geometry":{"type":"Polygon","coordinates":[[[79.411909,15.648952],[79.412317,15.648865],[79.412954,15.648706],[79.412541,15.647533],[79.412392,15.647132],[79.412104,15.64719],[79.411461,15.647317],[79.411909,15.648952]]]},"properties":{"lp":"892","ac":"4.991","chaltha":"892"}},{"type":"Feature","geometry":{"type":"Polygon","coordinates":[[[79.410934,15.649161],[79.411422,15.649056],[79.410966,15.647416],[79.410773,15.647454],[79.410477,15.647513],[79.410583,15.647893],[79.410768,15.648563],[79.410934,15.649161]]]},"properties":{"lp":"890","ac":"2.491","chaltha":"890"}},{"type":"Feature","geometry":{"type":"Polygon","coordinates":[[[79.411422,15.649056],[79.411909,15.648952],[79.411461,15.647317],[79.410966,15.647416],[79.411422,15.649056]]]},"properties":{"lp":"891","ac":"2.491","chaltha":"891"}},{"type":"Feature","geometry":{"type":"Polygon","coordinates":[[[79.40965,15.646981],[79.409658,15.647012],[79.409934,15.648002],[79.410583,15.647893],[79.410477,15.647513],[79.410349,15.64691],[79.409854,15.64696],[79.40965,15.646981]]]},"properties":{"lp":"889","ac":"2.027","chaltha":"889"}},{"type":"Feature","geometry":{"type":"Polygon","coordinates":[[[79.408549,15.64903],[79.408598,15.649177],[79.408864,15.649975],[79.409483,15.649795],[79.409178,15.648725],[79.408991,15.648779],[79.409025,15.648911],[79.408549,15.64903]]]},"properties":{"lp":"885","ac":"2.0","chaltha":"885"}},{"type":"Feature","geometry":{"type":"Polygon","coordinates":[[[79.408356,15.64845],[79.408549,15.64903],[79.409025,15.648911],[79.408991,15.648779],[79.408899,15.648426],[79.409058,15.64825],[79.408356,15.64845]]]},"properties":{"lp":"883","ac":"0.963","chaltha":"883"}},{"type":"Feature","geometry":{"type":"Polygon","coordinates":[[[79.409058,15.64825],[79.408899,15.648426],[79.408991,15.648779],[79.409178,15.648725],[79.409786,15.648544],[79.409588,15.6481],[79.409058,15.64825]]]},"properties":{"lp":"884","ac":"1.089","chaltha":"884"}},{"type":"Feature","geometry":{"type":"Polygon","coordinates":[[[79.409483,15.649795],[79.410053,15.649629],[79.409841,15.648768],[79.409786,15.648544],[79.409178,15.648725],[79.409483,15.649795]]]},"properties":{"lp":"886","ac":"2.006","chaltha":"886"}},{"type":"Feature","geometry":{"type":"Polygon","coordinates":[[[79.410053,15.649629],[79.410334,15.649547],[79.410312,15.649361],[79.410934,15.649161],[79.410768,15.648563],[79.409841,15.648768],[79.410053,15.649629]]]},"properties":{"lp":"887","ac":"2.03","chaltha":"887"}},{"type":"Feature","geometry":{"type":"Polygon","coordinates":[[[79.409841,15.648768],[79.410768,15.648563],[79.410583,15.647893],[79.409934,15.648002],[79.409588,15.6481],[79.409786,15.648544],[79.409841,15.648768]]]},"properties":{"lp":"888","ac":"2.025","chaltha":"888"}},{"type":"Feature","geometry":{"type":"Polygon","coordinates":[[[79.410619,15.650999],[79.410699,15.651308],[79.412864,15.650744],[79.412841,15.650665],[79.412776,15.650442],[79.410619,15.650999]]]},"properties":{"lp":"868","ac":"2.072","chaltha":"868"}},{"type":"Feature","geometry":{"type":"Polygon","coordinates":[[[79.410777,15.65161],[79.412952,15.651048],[79.412864,15.650744],[79.410699,15.651308],[79.410777,15.65161]]]},"properties":{"lp":"867","ac":"2.064","chaltha":"867"}},{"type":"Feature","geometry":{"type":"Polygon","coordinates":[[[79.410619,15.650999],[79.412776,15.650442],[79.412711,15.650219],[79.410557,15.65076],[79.410613,15.650973],[79.410619,15.650999]]]},"properties":{"lp":"869","ac":"1.564","chaltha":"869"}},{"type":"Feature","geometry":{"type":"Polygon","coordinates":[[[79.410557,15.65076],[79.412711,15.650219],[79.412556,15.649685],[79.41042,15.650229],[79.410437,15.650295],[79.410557,15.65076]]]},"properties":{"lp":"870","ac":"3.579","chaltha":"870"}},{"type":"Feature","geometry":{"type":"Polygon","coordinates":[[[79.41034,15.649592],[79.410965,15.649402],[79.410934,15.649161],[79.410312,15.649361],[79.410334,15.649547],[79.41034,15.649592]]]},"properties":{"lp":"872","ac":"0.45","chaltha":"872"}},{"type":"Feature","geometry":{"type":"Polygon","coordinates":[[[79.41042,15.650229],[79.412556,15.649685],[79.412537,15.649622],[79.412317,15.648865],[79.411909,15.648952],[79.411422,15.649056],[79.410934,15.649161],[79.410965,15.649402],[79.41034,15.649592],[79.410413,15.650202],[79.41042,15.650229]]]},"properties":{"lp":"871","ac":"5.079","chaltha":"871"}},{"type":"Feature","geometry":{"type":"Polygon","coordinates":[[[79.413267,15.648628],[79.413699,15.648469],[79.413492,15.647927],[79.413074,15.646934],[79.41297,15.64669],[79.41269,15.647073],[79.412838,15.647474],[79.412541,15.647533],[79.412954,15.648706],[79.413267,15.648628]]]},"properties":{"lp":"893","ac":"3.428","chaltha":"893"}},{"type":"Feature","geometry":{"type":"Polygon","coordinates":[[[79.412537,15.649622],[79.414031,15.649192],[79.413894,15.648894],[79.413699,15.648469],[79.413267,15.648628],[79.412954,15.648706],[79.412317,15.648865],[79.412537,15.649622]]]},"properties":{"lp":"846","ac":"3.38","chaltha":"846"}},{"type":"Feature","geometry":{"type":"Polygon","coordinates":[[[79.412841,15.650665],[79.414363,15.650192],[79.414193,15.649548],[79.414031,15.649192],[79.412537,15.649622],[79.412556,15.649685],[79.412711,15.650219],[79.412776,15.650442],[79.412841,15.650665]]]},"properties":{"lp":"847","ac":"5.0","chaltha":"847"}},{"type":"Feature","geometry":{"type":"Polygon","coordinates":[[[79.413184,15.652162],[79.414741,15.65163],[79.414704,15.651489],[79.414642,15.651252],[79.413086,15.651694],[79.413184,15.652162]]]},"properties":{"lp":"850","ac":"2.07","chaltha":"850"}},{"type":"Feature","geometry":{"type":"Polygon","coordinates":[[[79.413086,15.651694],[79.414642,15.651252],[79.41451,15.650752],[79.412974,15.651151],[79.413086,15.651694]]]},"properties":{"lp":"849","ac":"2.513","chaltha":"849"}},{"type":"Feature","geometry":{"type":"Polygon","coordinates":[[[79.412974,15.651151],[79.41451,15.650752],[79.414363,15.650192],[79.412841,15.650665],[79.412864,15.650744],[79.412952,15.651048],[79.412974,15.651151]]]},"properties":{"lp":"848","ac":"2.521","chaltha":"848"}},{"type":"Feature","geometry":{"type":"Polygon","coordinates":[[[79.415784,15.633443],[79.41635,15.633491],[79.416269,15.632277],[79.415623,15.632149],[79.415784,15.633443]]]},"properties":{"lp":"796","ac":"2.197","chaltha":"796"}},{"type":"Feature","geometry":{"type":"Polygon","coordinates":[[[79.41614,15.635154],[79.416669,15.635556],[79.417091,15.634911],[79.417117,15.634663],[79.416713,15.633531],[79.415802,15.633589],[79.415937,15.634213],[79.41614,15.635154]]]},"properties":{"lp":"794","ac":"5.115","chaltha":"794"}},{"type":"Feature","geometry":{"type":"Polygon","coordinates":[[[79.414948,15.634434],[79.415937,15.634213],[79.415802,15.633589],[79.414721,15.63381],[79.414948,15.634434]]]},"properties":{"lp":"797","ac":"2.011","chaltha":"797"}},{"type":"Feature","geometry":{"type":"Polygon","coordinates":[[[79.414948,15.634434],[79.414075,15.63613],[79.415056,15.6359],[79.41551,15.635794],[79.415458,15.635598],[79.41614,15.635154],[79.415937,15.634213],[79.414948,15.634434]]]},"properties":{"lp":"798","ac":"6.124","chaltha":"798"}},{"type":"Feature","geometry":{"type":"Polygon","coordinates":[[[79.412692,15.636942],[79.413501,15.637732],[79.413561,15.63772],[79.413598,15.637713],[79.414123,15.637609],[79.414374,15.6373],[79.414075,15.63613],[79.412692,15.636942]]]},"properties":{"lp":"802","ac":"4.487","chaltha":"802"}},{"type":"Feature","geometry":{"type":"Polygon","coordinates":[[[79.414123,15.637609],[79.414437,15.637547],[79.414374,15.6373],[79.414123,15.637609]]]},"properties":{"lp":"801","ac":"0.12","chaltha":"801"}},{"type":"Feature","geometry":{"type":"Polygon","coordinates":[[[79.417287,15.636487],[79.417918,15.636516],[79.417598,15.635637],[79.417429,15.63567],[79.417213,15.635184],[79.416786,15.635731],[79.417287,15.636487]]]},"properties":{"lp":"787","ac":"2.23","chaltha":"787"}},{"type":"Feature","geometry":{"type":"Polygon","coordinates":[[[79.416273,15.639954],[79.416571,15.639883],[79.416855,15.639816],[79.417175,15.63974],[79.417495,15.639665],[79.418108,15.639519],[79.418575,15.639409],[79.418506,15.638998],[79.416831,15.639369],[79.416273,15.639954]]]},"properties":{"lp":"774","ac":"2.574","chaltha":"774"}},{"type":"Feature","geometry":{"type":"Polygon","coordinates":[[[79.416246,15.639883],[79.416707,15.639396],[79.416112,15.639528],[79.416246,15.639883]]]},"properties":{"lp":"772","ac":"0.336","chaltha":"772"}},{"type":"Feature","geometry":{"type":"Polygon","coordinates":[[[79.416112,15.639528],[79.416707,15.639396],[79.417196,15.638879],[79.415971,15.639155],[79.416112,15.639528]]]},"properties":{"lp":"780","ac":"1.083","chaltha":"780"}},{"type":"Feature","geometry":{"type":"Polygon","coordinates":[[[79.416831,15.639369],[79.418506,15.638998],[79.418468,15.638774],[79.41713,15.639056],[79.416831,15.639369]]]},"properties":{"lp":"775","ac":"1.06","chaltha":"775"}},{"type":"Feature","geometry":{"type":"Polygon","coordinates":[[[79.417326,15.63885],[79.418439,15.6386],[79.41837,15.638194],[79.417827,15.638325],[79.417326,15.63885]]]},"properties":{"lp":"777","ac":"1.009","chaltha":"777"}},{"type":"Feature","geometry":{"type":"Polygon","coordinates":[[[79.417196,15.638879],[79.417692,15.638355],[79.415832,15.63879],[79.415857,15.638856],[79.415971,15.639155],[79.417196,15.638879]]]},"properties":{"lp":"781","ac":"1.825","chaltha":"781"}},{"type":"Feature","geometry":{"type":"Polygon","coordinates":[[[79.415832,15.63879],[79.417692,15.638355],[79.418191,15.637827],[79.415684,15.6384],[79.41573,15.638521],[79.415832,15.63879]]]},"properties":{"lp":"782","ac":"2.677","chaltha":"782"}},{"type":"Feature","geometry":{"type":"Polygon","coordinates":[[[79.417827,15.638325],[79.41837,15.638194],[79.418307,15.637821],[79.417827,15.638325]]]},"properties":{"lp":"778","ac":"0.31","chaltha":"778"}},{"type":"Feature","geometry":{"type":"Polygon","coordinates":[[[79.418575,15.639409],[79.419001,15.639308],[79.418378,15.637747],[79.418307,15.637821],[79.41837,15.638194],[79.418439,15.6386],[79.418468,15.638774],[79.418506,15.638998],[79.418575,15.639409]]]},"properties":{"lp":"779","ac":"1.26","chaltha":"779"}},{"type":"Feature","geometry":{"type":"Polygon","coordinates":[[[79.415684,15.6384],[79.418191,15.637827],[79.418344,15.637666],[79.418224,15.637361],[79.41555,15.638045],[79.415684,15.6384]]]},"properties":{"lp":"783","ac":"3.311","chaltha":"783"}},{"type":"Feature","geometry":{"type":"Polygon","coordinates":[[[79.41555,15.638045],[79.418224,15.637361],[79.418097,15.637012],[79.417334,15.637206],[79.415416,15.637692],[79.41555,15.638045]]]},"properties":{"lp":"784","ac":"3.012","chaltha":"784"}},{"type":"Feature","geometry":{"type":"Polygon","coordinates":[[[79.418344,15.637666],[79.418191,15.637827],[79.417692,15.638355],[79.417196,15.638879],[79.416707,15.639396],[79.416246,15.639883],[79.416273,15.639954],[79.416831,15.639369],[79.41713,15.639056],[79.417326,15.63885],[79.417827,15.638325],[79.418307,15.637821],[79.418378,15.637747],[79.418344,15.637666]]]},"properties":{"lp":"773","ac":"0.664","chaltha":"773"}},{"type":"Feature","geometry":{"type":"Polygon","coordinates":[[[79.412732,15.637459],[79.412997,15.637288],[79.413473,15.637737],[79.413501,15.637732],[79.412692,15.636942],[79.412579,15.637008],[79.412732,15.637459]]]},"properties":{"lp":"803","ac":"0.379","chaltha":"803"}},{"type":"Feature","geometry":{"type":"Polygon","coordinates":[[[79.415876,15.637204],[79.416106,15.637412],[79.416696,15.63695],[79.416276,15.636236],[79.415734,15.636657],[79.415876,15.637204]]]},"properties":{"lp":"792","ac":"1.871","chaltha":"792"}},{"type":"Feature","geometry":{"type":"Polygon","coordinates":[[[79.416696,15.63695],[79.416929,15.636767],[79.416443,15.636081],[79.416394,15.636145],[79.416276,15.636236],[79.416696,15.63695]]]},"properties":{"lp":"791","ac":"0.63","chaltha":"791"}},{"type":"Feature","geometry":{"type":"Polygon","coordinates":[[[79.416929,15.636767],[79.417025,15.636692],[79.41714,15.636602],[79.416585,15.635894],[79.416443,15.636081],[79.416929,15.636767]]]},"properties":{"lp":"790","ac":"0.63","chaltha":"790"}},{"type":"Feature","geometry":{"type":"Polygon","coordinates":[[[79.41714,15.636602],[79.417287,15.636487],[79.416786,15.635731],[79.416731,15.635648],[79.416585,15.635894],[79.41714,15.636602]]]},"properties":{"lp":"789","ac":"0.626","chaltha":"789"}},{"type":"Feature","geometry":{"type":"Polygon","coordinates":[[[79.415734,15.636657],[79.416276,15.636236],[79.416394,15.636145],[79.416443,15.636081],[79.416585,15.635894],[79.416731,15.635648],[79.416669,15.635556],[79.41614,15.635154],[79.415458,15.635598],[79.41551,15.635794],[79.415734,15.636657]]]},"properties":{"lp":"793","ac":"3.112","chaltha":"793"}},{"type":"Feature","geometry":{"type":"Polygon","coordinates":[[[79.419178,15.640872],[79.419417,15.640874],[79.419226,15.639892],[79.419001,15.639308],[79.418575,15.639409],[79.419178,15.640872]]]},"properties":{"lp":"755","ac":"1.714","chaltha":"755"}},{"type":"Feature","geometry":{"type":"Polygon","coordinates":[[[79.419178,15.640872],[79.418575,15.639409],[79.418108,15.639519],[79.418442,15.640867],[79.419178,15.640872]]]},"properties":{"lp":"756","ac":"2.55","chaltha":"756"}},{"type":"Feature","geometry":{"type":"Polygon","coordinates":[[[79.418442,15.640867],[79.418108,15.639519],[79.417495,15.639665],[79.417737,15.640921],[79.417867,15.640863],[79.418442,15.640867]]]},"properties":{"lp":"757","ac":"2.552","chaltha":"757"}},{"type":"Feature","geometry":{"type":"Polygon","coordinates":[[[79.417737,15.640921],[79.417495,15.639665],[79.417175,15.63974],[79.417425,15.641061],[79.417594,15.640986],[79.417737,15.640921]]]},"properties":{"lp":"758","ac":"1.272","chaltha":"758"}},{"type":"Feature","geometry":{"type":"Polygon","coordinates":[[[79.417138,15.641189],[79.417425,15.641061],[79.417175,15.63974],[79.416855,15.639816],[79.417138,15.641189]]]},"properties":{"lp":"759","ac":"1.279","chaltha":"759"}},{"type":"Feature","geometry":{"type":"Polygon","coordinates":[[[79.417138,15.641189],[79.416855,15.639816],[79.416571,15.639883],[79.416844,15.641321],[79.417138,15.641189]]]},"properties":{"lp":"760","ac":"1.272","chaltha":"760"}},{"type":"Feature","geometry":{"type":"Polygon","coordinates":[[[79.416559,15.641449],[79.416844,15.641321],[79.416571,15.639883],[79.416273,15.639954],[79.416324,15.640195],[79.416524,15.641145],[79.416559,15.641449]]]},"properties":{"lp":"761","ac":"1.281","chaltha":"761"}},{"type":"Feature","geometry":{"type":"Polygon","coordinates":[[[79.415482,15.640407],[79.415708,15.64035],[79.416246,15.639883],[79.416112,15.639528],[79.415971,15.639155],[79.415857,15.638856],[79.414703,15.639183],[79.415482,15.640407]]]},"properties":{"lp":"770","ac":"4.003","chaltha":"770"}},{"type":"Feature","geometry":{"type":"Polygon","coordinates":[[[79.414703,15.639183],[79.415857,15.638856],[79.415832,15.63879],[79.41573,15.638521],[79.415684,15.6384],[79.41555,15.638045],[79.415416,15.637692],[79.415278,15.637329],[79.414437,15.637547],[79.414123,15.637609],[79.413598,15.637713],[79.414474,15.638823],[79.414703,15.639183]]]},"properties":{"lp":"769","ac":"6.951","chaltha":"769"}},{"type":"Feature","geometry":{"type":"Polygon","coordinates":[[[79.413603,15.638001],[79.41368,15.638068],[79.414314,15.638862],[79.414474,15.638823],[79.413598,15.637713],[79.413561,15.63772],[79.413603,15.638001]]]},"properties":{"lp":"768","ac":"0.591","chaltha":"768"}},{"type":"Feature","geometry":{"type":"Polygon","coordinates":[[[79.415442,15.640581],[79.415551,15.640486],[79.415482,15.640407],[79.414703,15.639183],[79.414474,15.638823],[79.414314,15.638862],[79.415341,15.640443],[79.415442,15.640581]]]},"properties":{"lp":"767","ac":"0.864","chaltha":"767"}},{"type":"Feature","geometry":{"type":"Polygon","coordinates":[[[79.415979,15.64127],[79.416125,15.641236],[79.415595,15.640548],[79.415484,15.640645],[79.415979,15.64127]]]},"properties":{"lp":"763","ac":"0.345","chaltha":"763"}},{"type":"Feature","geometry":{"type":"Polygon","coordinates":[[[79.414341,15.641645],[79.415484,15.640645],[79.415595,15.640548],[79.416273,15.639954],[79.416246,15.639883],[79.415708,15.64035],[79.415551,15.640486],[79.415442,15.640581],[79.414309,15.641563],[79.414341,15.641645]]]},"properties":{"lp":"765","ac":"0.577","chaltha":"765"}},{"type":"Feature","geometry":{"type":"Polygon","coordinates":[[[79.416125,15.641236],[79.416524,15.641145],[79.416324,15.640195],[79.416273,15.639954],[79.415595,15.640548],[79.416125,15.641236]]]},"properties":{"lp":"762","ac":"1.878","chaltha":"762"}},{"type":"Feature","geometry":{"type":"Polygon","coordinates":[[[79.415551,15.640486],[79.415708,15.64035],[79.415482,15.640407],[79.415551,15.640486]]]},"properties":{"lp":"771","ac":"0.032","chaltha":"771"}},{"type":"Feature","geometry":{"type":"Polygon","coordinates":[[[79.414309,15.641563],[79.415442,15.640581],[79.415341,15.640443],[79.414314,15.638862],[79.41368,15.638068],[79.413603,15.638001],[79.413864,15.639748],[79.41397,15.640461],[79.414025,15.640826],[79.414309,15.641563]]]},"properties":{"lp":"766","ac":"8.024","chaltha":"766"}},{"type":"Feature","geometry":{"type":"Polygon","coordinates":[[[79.414341,15.641645],[79.415979,15.64127],[79.415484,15.640645],[79.414341,15.641645]]]},"properties":{"lp":"764","ac":"1.774","chaltha":"764"}},{"type":"Feature","geometry":{"type":"Polygon","coordinates":[[[79.41172,15.641384],[79.412641,15.641161],[79.413554,15.64094],[79.413474,15.640577],[79.413315,15.639864],[79.412837,15.639965],[79.412922,15.640282],[79.411549,15.640562],[79.411609,15.640851],[79.41172,15.641384]]]},"properties":{"lp":"812","ac":"4.905","chaltha":"812"}},{"type":"Feature","geometry":{"type":"Polygon","coordinates":[[[79.411549,15.640562],[79.412922,15.640282],[79.412837,15.639965],[79.411485,15.64025],[79.411549,15.640562]]]},"properties":{"lp":"811","ac":"1.319","chaltha":"811"}},{"type":"Feature","geometry":{"type":"Polygon","coordinates":[[[79.411485,15.64025],[79.412837,15.639965],[79.412619,15.639069],[79.411352,15.639332],[79.411317,15.639439],[79.411485,15.64025]]]},"properties":{"lp":"810","ac":"3.694","chaltha":"810"}},{"type":"Feature","geometry":{"type":"Polygon","coordinates":[[[79.411352,15.639332],[79.412619,15.639069],[79.412349,15.637956],[79.411761,15.638071],[79.411352,15.639332]]]},"properties":{"lp":"806","ac":"3.19","chaltha":"806"}},{"type":"Feature","geometry":{"type":"Polygon","coordinates":[[[79.412619,15.639069],[79.413151,15.638964],[79.412866,15.637856],[79.412349,15.637956],[79.412619,15.639069]]]},"properties":{"lp":"807","ac":"1.789","chaltha":"807"}},{"type":"Feature","geometry":{"type":"Polygon","coordinates":[[[79.413554,15.64094],[79.414025,15.640826],[79.41397,15.640461],[79.41356,15.640557],[79.413474,15.640577],[79.413554,15.64094]]]},"properties":{"lp":"815","ac":"0.538","chaltha":"815"}},{"type":"Feature","geometry":{"type":"Polygon","coordinates":[[[79.413474,15.640577],[79.41356,15.640557],[79.413403,15.639846],[79.413315,15.639864],[79.413474,15.640577]]]},"properties":{"lp":"813","ac":"0.191","chaltha":"813"}},{"type":"Feature","geometry":{"type":"Polygon","coordinates":[[[79.41356,15.640557],[79.41397,15.640461],[79.413864,15.639748],[79.413403,15.639846],[79.41356,15.640557]]]},"properties":{"lp":"814","ac":"0.948","chaltha":"814"}},{"type":"Feature","geometry":{"type":"Polygon","coordinates":[[[79.412837,15.639965],[79.413315,15.639864],[79.413403,15.639846],[79.413864,15.639748],[79.413603,15.638001],[79.413373,15.637757],[79.412866,15.637856],[79.413151,15.638964],[79.412619,15.639069],[79.412837,15.639965]]]},"properties":{"lp":"809","ac":"5.017","chaltha":"809"}},{"type":"Feature","geometry":{"type":"Polygon","coordinates":[[[79.412428,15.643287],[79.413518,15.642351],[79.414341,15.641645],[79.414309,15.641563],[79.413058,15.642633],[79.412395,15.643199],[79.412428,15.643287]]]},"properties":{"lp":"822","ac":"0.63","chaltha":"822"}},{"type":"Feature","geometry":{"type":"Polygon","coordinates":[[[79.412641,15.641161],[79.413058,15.642633],[79.414309,15.641563],[79.414025,15.640826],[79.413554,15.64094],[79.412641,15.641161]]]},"properties":{"lp":"816","ac":"4.989","chaltha":"816"}},{"type":"Feature","geometry":{"type":"Polygon","coordinates":[[[79.412395,15.643199],[79.413058,15.642633],[79.412641,15.641161],[79.41172,15.641384],[79.412395,15.643199]]]},"properties":{"lp":"817","ac":"4.447","chaltha":"817"}},{"type":"Feature","geometry":{"type":"Polygon","coordinates":[[[79.418961,15.644561],[79.4191,15.644522],[79.418883,15.644297],[79.418961,15.644561]]]},"properties":{"lp":"744","ac":"0.058","chaltha":"744"}},{"type":"Feature","geometry":{"type":"Polygon","coordinates":[[[79.4191,15.644522],[79.419317,15.644461],[79.419484,15.644414],[79.420091,15.644243],[79.420019,15.643977],[79.418883,15.644297],[79.4191,15.644522]]]},"properties":{"lp":"745","ac":"0.894","chaltha":"745"}},{"type":"Feature","geometry":{"type":"Polygon","coordinates":[[[79.418883,15.644297],[79.420019,15.643977],[79.419929,15.643644],[79.418785,15.643966],[79.418883,15.644297]]]},"properties":{"lp":"746","ac":"1.196","chaltha":"746"}},{"type":"Feature","geometry":{"type":"Polygon","coordinates":[[[79.418679,15.643608],[79.418785,15.643966],[79.419929,15.643644],[79.419831,15.643285],[79.418679,15.643608]]]},"properties":{"lp":"747","ac":"1.303","chaltha":"747"}},{"type":"Feature","geometry":{"type":"Polygon","coordinates":[[[79.418679,15.643608],[79.419831,15.643285],[79.419767,15.643046],[79.418609,15.64337],[79.418621,15.643411],[79.418679,15.643608]]]},"properties":{"lp":"748","ac":"0.872","chaltha":"748"}},{"type":"Feature","geometry":{"type":"Polygon","coordinates":[[[79.418609,15.64337],[79.419767,15.643046],[79.419635,15.642562],[79.418466,15.642889],[79.418609,15.64337]]]},"properties":{"lp":"749","ac":"1.777","chaltha":"749"}},{"type":"Feature","geometry":{"type":"Polygon","coordinates":[[[79.418466,15.642889],[79.419635,15.642562],[79.419538,15.642201],[79.418362,15.642536],[79.418454,15.642846],[79.418466,15.642889]]]},"properties":{"lp":"750","ac":"1.323","chaltha":"750"}},{"type":"Feature","geometry":{"type":"Polygon","coordinates":[[[79.418256,15.642178],[79.419442,15.641848],[79.419256,15.64116],[79.418054,15.641495],[79.41808,15.641583],[79.418115,15.641702],[79.418256,15.642178]]]},"properties":{"lp":"752","ac":"2.589","chaltha":"752"}},{"type":"Feature","geometry":{"type":"Polygon","coordinates":[[[79.418054,15.641495],[79.419256,15.64116],[79.419178,15.640872],[79.418442,15.640867],[79.417867,15.640863],[79.418054,15.641495]]]},"properties":{"lp":"753","ac":"1.756","chaltha":"753"}},{"type":"Feature","geometry":{"type":"Polygon","coordinates":[[[79.420091,15.644243],[79.420302,15.644184],[79.420229,15.64379],[79.419899,15.642606],[79.419486,15.64112],[79.419417,15.640874],[79.419178,15.640872],[79.419256,15.64116],[79.419442,15.641848],[79.419538,15.642201],[79.419635,15.642562],[79.419767,15.643046],[79.419831,15.643285],[79.419929,15.643644],[79.420019,15.643977],[79.420091,15.644243]]]},"properties":{"lp":"754","ac":"2.437","chaltha":"754"}},{"type":"Feature","geometry":{"type":"Polygon","coordinates":[[[79.417288,15.644399],[79.417433,15.644912],[79.417581,15.644878],[79.418237,15.644728],[79.418538,15.644659],[79.418961,15.644561],[79.418487,15.644052],[79.417288,15.644399]]]},"properties":{"lp":"739","ac":"2.36","chaltha":"739"}},{"type":"Feature","geometry":{"type":"Polygon","coordinates":[[[79.417288,15.644399],[79.418487,15.644052],[79.418045,15.643578],[79.417132,15.64384],[79.417146,15.6439],[79.417213,15.644136],[79.417288,15.644399]]]},"properties":{"lp":"738","ac":"1.87","chaltha":"738"}},{"type":"Feature","geometry":{"type":"Polygon","coordinates":[[[79.418487,15.644052],[79.418961,15.644561],[79.418883,15.644297],[79.41862,15.644014],[79.418487,15.644052]]]},"properties":{"lp":"740","ac":"0.195","chaltha":"740"}},{"type":"Feature","geometry":{"type":"Polygon","coordinates":[[[79.418883,15.644297],[79.418785,15.643966],[79.41862,15.644014],[79.418883,15.644297]]]},"properties":{"lp":"743","ac":"0.087","chaltha":"743"}},{"type":"Feature","geometry":{"type":"Polygon","coordinates":[[[79.41862,15.644014],[79.418785,15.643966],[79.418679,15.643608],[79.418621,15.643411],[79.418179,15.643539],[79.41862,15.644014]]]},"properties":{"lp":"742","ac":"0.536","chaltha":"742"}},{"type":"Feature","geometry":{"type":"Polygon","coordinates":[[[79.418045,15.643578],[79.418487,15.644052],[79.41862,15.644014],[79.418179,15.643539],[79.418045,15.643578]]]},"properties":{"lp":"741","ac":"0.236","chaltha":"741"}},{"type":"Feature","geometry":{"type":"Polygon","coordinates":[[[79.417132,15.64384],[79.418045,15.643578],[79.417604,15.643103],[79.416999,15.643287],[79.417132,15.64384]]]},"properties":{"lp":"737","ac":"1.33","chaltha":"737"}},{"type":"Feature","geometry":{"type":"Polygon","coordinates":[[[79.418045,15.643578],[79.418179,15.643539],[79.417737,15.643063],[79.417604,15.643103],[79.418045,15.643578]]]},"properties":{"lp":"736","ac":"0.237","chaltha":"736"}},{"type":"Feature","geometry":{"type":"Polygon","coordinates":[[[79.418179,15.643539],[79.418621,15.643411],[79.418609,15.64337],[79.418466,15.642889],[79.418454,15.642846],[79.417737,15.643063],[79.418179,15.643539]]]},"properties":{"lp":"735","ac":"1.038","chaltha":"735"}},{"type":"Feature","geometry":{"type":"Polygon","coordinates":[[[79.416999,15.643287],[79.417604,15.643103],[79.417162,15.642629],[79.416864,15.642721],[79.416979,15.643205],[79.416999,15.643287]]]},"properties":{"lp":"732","ac":"0.804","chaltha":"732"}},{"type":"Feature","geometry":{"type":"Polygon","coordinates":[[[79.417604,15.643103],[79.417737,15.643063],[79.417295,15.642588],[79.417162,15.642629],[79.417604,15.643103]]]},"properties":{"lp":"733","ac":"0.239","chaltha":"733"}},{"type":"Feature","geometry":{"type":"Polygon","coordinates":[[[79.417737,15.643063],[79.418454,15.642846],[79.418362,15.642536],[79.418287,15.642282],[79.417295,15.642588],[79.417737,15.643063]]]},"properties":{"lp":"734","ac":"1.535","chaltha":"734"}},{"type":"Feature","geometry":{"type":"Polygon","coordinates":[[[79.416864,15.642721],[79.417162,15.642629],[79.416731,15.642166],[79.41679,15.642415],[79.416864,15.642721]]]},"properties":{"lp":"731","ac":"0.261","chaltha":"731"}},{"type":"Feature","geometry":{"type":"Polygon","coordinates":[[[79.417162,15.642629],[79.417295,15.642588],[79.416843,15.642101],[79.416724,15.642139],[79.416731,15.642166],[79.417162,15.642629]]]},"properties":{"lp":"730","ac":"0.245","chaltha":"730"}},{"type":"Feature","geometry":{"type":"Polygon","coordinates":[[[79.417295,15.642588],[79.418287,15.642282],[79.418256,15.642178],[79.418115,15.641702],[79.417831,15.641791],[79.416843,15.642101],[79.417295,15.642588]]]},"properties":{"lp":"729","ac":"2.092","chaltha":"729"}},{"type":"Feature","geometry":{"type":"Polygon","coordinates":[[[79.416724,15.642139],[79.416843,15.642101],[79.41667,15.641915],[79.416724,15.642139]]]},"properties":{"lp":"726","ac":"0.042","chaltha":"726"}},{"type":"Feature","geometry":{"type":"Polygon","coordinates":[[[79.417594,15.640986],[79.417425,15.641061],[79.417138,15.641189],[79.416844,15.641321],[79.416559,15.641449],[79.41667,15.641915],[79.416843,15.642101],[79.417831,15.641791],[79.417594,15.640986]]]},"properties":{"lp":"727","ac":"2.546","chaltha":"727"}},{"type":"Feature","geometry":{"type":"Polygon","coordinates":[[[79.417831,15.641791],[79.418115,15.641702],[79.41808,15.641583],[79.418054,15.641495],[79.417867,15.640863],[79.417737,15.640921],[79.417594,15.640986],[79.417831,15.641791]]]},"properties":{"lp":"728","ac":"0.747","chaltha":"728"}},{"type":"Feature","geometry":{"type":"Polygon","coordinates":[[[79.41667,15.641915],[79.416559,15.641449],[79.416524,15.641145],[79.416125,15.641236],[79.41667,15.641915]]]},"properties":{"lp":"725","ac":"0.445","chaltha":"725"}},{"type":"Feature","geometry":{"type":"Polygon","coordinates":[[[79.416125,15.641236],[79.415979,15.64127],[79.416332,15.641691],[79.416731,15.642166],[79.416724,15.642139],[79.41667,15.641915],[79.416125,15.641236]]]},"properties":{"lp":"724","ac":"0.368","chaltha":"724"}},{"type":"Feature","geometry":{"type":"Polygon","coordinates":[[[79.414528,15.642188],[79.416332,15.641691],[79.415979,15.64127],[79.414341,15.641645],[79.414528,15.642188]]]},"properties":{"lp":"723","ac":"2.779","chaltha":"723"}},{"type":"Feature","geometry":{"type":"Polygon","coordinates":[[[79.414528,15.642188],[79.414775,15.642965],[79.41679,15.642415],[79.416731,15.642166],[79.416332,15.641691],[79.414528,15.642188]]]},"properties":{"lp":"722","ac":"4.846","chaltha":"722"}},{"type":"Feature","geometry":{"type":"Polygon","coordinates":[[[79.41523,15.644474],[79.417146,15.6439],[79.417132,15.64384],[79.416999,15.643287],[79.416979,15.643205],[79.415013,15.643745],[79.41523,15.644474]]]},"properties":{"lp":"719","ac":"4.364","chaltha":"719"}},{"type":"Feature","geometry":{"type":"Polygon","coordinates":[[[79.4191,15.644522],[79.418961,15.644561],[79.419496,15.645112],[79.419445,15.644926],[79.4191,15.644522]]]},"properties":{"lp":"710","ac":"0.206","chaltha":"710"}},{"type":"Feature","geometry":{"type":"Polygon","coordinates":[[[79.419496,15.645112],[79.419689,15.645341],[79.419736,15.64533],[79.419702,15.645205],[79.419445,15.644926],[79.419496,15.645112]]]},"properties":{"lp":"707","ac":"0.101","chaltha":"707"}},{"type":"Feature","geometry":{"type":"Polygon","coordinates":[[[79.419736,15.64533],[79.419813,15.645314],[79.419702,15.645205],[79.419736,15.64533]]]},"properties":{"lp":"705","ac":"0.015","chaltha":"705"}},{"type":"Feature","geometry":{"type":"Polygon","coordinates":[[[79.419567,15.645367],[79.419689,15.645341],[79.419496,15.645112],[79.419567,15.645367]]]},"properties":{"lp":"708","ac":"0.049","chaltha":"708"}},{"type":"Feature","geometry":{"type":"Polygon","coordinates":[[[79.418823,15.645529],[79.419567,15.645367],[79.419496,15.645112],[79.418961,15.644561],[79.418538,15.644659],[79.418823,15.645529]]]},"properties":{"lp":"709","ac":"1.746","chaltha":"709"}},{"type":"Feature","geometry":{"type":"Polygon","coordinates":[[[79.41852,15.645595],[79.418823,15.645529],[79.418538,15.644659],[79.418237,15.644728],[79.41852,15.645595]]]},"properties":{"lp":"712","ac":"0.825","chaltha":"712"}},{"type":"Feature","geometry":{"type":"Polygon","coordinates":[[[79.417862,15.645738],[79.41852,15.645595],[79.418237,15.644728],[79.417581,15.644878],[79.417862,15.645738]]]},"properties":{"lp":"713","ac":"1.784","chaltha":"713"}},{"type":"Feature","geometry":{"type":"Polygon","coordinates":[[[79.41786,15.646587],[79.418878,15.646307],[79.419934,15.646107],[79.419689,15.645341],[79.419567,15.645367],[79.418823,15.645529],[79.41852,15.645595],[79.417862,15.645738],[79.417544,15.645807],[79.417781,15.646391],[79.41786,15.646587]]]},"properties":{"lp":"699","ac":"5.037","chaltha":"699"}},{"type":"Feature","geometry":{"type":"Polygon","coordinates":[[[79.419934,15.646107],[79.420312,15.646035],[79.419817,15.645494],[79.419689,15.645341],[79.419934,15.646107]]]},"properties":{"lp":"700","ac":"0.439","chaltha":"700"}},{"type":"Feature","geometry":{"type":"Polygon","coordinates":[[[79.420416,15.64592],[79.420279,15.645212],[79.419813,15.645314],[79.420416,15.64592]]]},"properties":{"lp":"702","ac":"0.503","chaltha":"702"}},{"type":"Feature","geometry":{"type":"Polygon","coordinates":[[[79.4191,15.644522],[79.419445,15.644926],[79.419317,15.644461],[79.4191,15.644522]]]},"properties":{"lp":"711","ac":"0.159","chaltha":"711"}},{"type":"Feature","geometry":{"type":"Polygon","coordinates":[[[79.419445,15.644926],[79.419702,15.645205],[79.419484,15.644414],[79.419317,15.644461],[79.419445,15.644926]]]},"properties":{"lp":"706","ac":"0.331","chaltha":"706"}},{"type":"Feature","geometry":{"type":"Polygon","coordinates":[[[79.419484,15.644414],[79.419702,15.645205],[79.419813,15.645314],[79.420279,15.645212],[79.420091,15.644243],[79.419484,15.644414]]]},"properties":{"lp":"704","ac":"1.666","chaltha":"704"}},{"type":"Feature","geometry":{"type":"Polygon","coordinates":[[[79.420312,15.646035],[79.420434,15.646012],[79.420416,15.64592],[79.419813,15.645314],[79.419736,15.64533],[79.419689,15.645341],[79.419817,15.645494],[79.420312,15.646035]]]},"properties":{"lp":"701","ac":"0.373","chaltha":"701"}},{"type":"Feature","geometry":{"type":"Polygon","coordinates":[[[79.420434,15.646012],[79.420638,15.645973],[79.420302,15.644184],[79.420091,15.644243],[79.420279,15.645212],[79.420416,15.64592],[79.420434,15.646012]]]},"properties":{"lp":"703","ac":"1.13","chaltha":"703"}},{"type":"Feature","geometry":{"type":"Polygon","coordinates":[[[79.419921,15.648644],[79.420831,15.64835],[79.421055,15.648278],[79.420706,15.647004],[79.419381,15.647435],[79.419456,15.647602],[79.419703,15.648156],[79.419833,15.648447],[79.419921,15.648644]]]},"properties":{"lp":"691","ac":"4.991","chaltha":"691"}},{"type":"Feature","geometry":{"type":"Polygon","coordinates":[[[79.419381,15.647435],[79.420706,15.647004],[79.420579,15.646542],[79.419152,15.646921],[79.419381,15.647435]]]},"properties":{"lp":"690","ac":"2.178","chaltha":"690"}},{"type":"Feature","geometry":{"type":"Polygon","coordinates":[[[79.419152,15.646921],[79.420579,15.646542],[79.420434,15.646012],[79.420312,15.646035],[79.419934,15.646107],[79.418878,15.646307],[79.419152,15.646921]]]},"properties":{"lp":"689","ac":"2.707","chaltha":"689"}},{"type":"Feature","geometry":{"type":"Polygon","coordinates":[[[79.420638,15.645973],[79.420434,15.646012],[79.420579,15.646542],[79.420706,15.647004],[79.421055,15.648278],[79.421288,15.648203],[79.420638,15.645973]]]},"properties":{"lp":"688","ac":"1.547","chaltha":"688"}},{"type":"Feature","geometry":{"type":"Polygon","coordinates":[[[79.417704,15.650458],[79.418716,15.650525],[79.419886,15.650101],[79.419716,15.649815],[79.419558,15.649551],[79.419545,15.649529],[79.41949,15.649324],[79.41753,15.649988],[79.417704,15.650458]]]},"properties":{"lp":"680","ac":"4.9","chaltha":"680"}},{"type":"Feature","geometry":{"type":"Polygon","coordinates":[[[79.41753,15.649988],[79.41949,15.649324],[79.419349,15.648803],[79.419921,15.648644],[79.419833,15.648447],[79.417269,15.649279],[79.41742,15.649688],[79.41753,15.649988]]]},"properties":{"lp":"681","ac":"4.911","chaltha":"681"}},{"type":"Feature","geometry":{"type":"Polygon","coordinates":[[[79.417269,15.649279],[79.419833,15.648447],[79.419703,15.648156],[79.417161,15.648986],[79.417269,15.649279]]]},"properties":{"lp":"692","ac":"2.476","chaltha":"692"}},{"type":"Feature","geometry":{"type":"Polygon","coordinates":[[[79.417161,15.648986],[79.419703,15.648156],[79.419456,15.647602],[79.418345,15.647971],[79.416963,15.648449],[79.417139,15.648928],[79.417161,15.648986]]]},"properties":{"lp":"693","ac":"4.604","chaltha":"693"}},{"type":"Feature","geometry":{"type":"Polygon","coordinates":[[[79.418345,15.647971],[79.419456,15.647602],[79.419381,15.647435],[79.419152,15.646921],[79.418878,15.646307],[79.41786,15.646587],[79.41787,15.646614],[79.418172,15.647477],[79.418345,15.647971]]]},"properties":{"lp":"694","ac":"4.684","chaltha":"694"}},{"type":"Feature","geometry":{"type":"Polygon","coordinates":[[[79.416615,15.65327],[79.416937,15.653206],[79.416745,15.652373],[79.416632,15.652401],[79.416615,15.65327]]]},"properties":{"lp":"671","ac":"0.555","chaltha":"671"}},{"type":"Feature","geometry":{"type":"Polygon","coordinates":[[[79.416937,15.653206],[79.416981,15.653197],[79.417257,15.653142],[79.417064,15.652294],[79.416745,15.652373],[79.416937,15.653206]]]},"properties":{"lp":"670","ac":"0.828","chaltha":"670"}},{"type":"Feature","geometry":{"type":"Polygon","coordinates":[[[79.417257,15.653142],[79.418283,15.652938],[79.41819,15.652542],[79.418091,15.652044],[79.417064,15.652294],[79.417257,15.653142]]]},"properties":{"lp":"669","ac":"2.739","chaltha":"669"}},{"type":"Feature","geometry":{"type":"Polygon","coordinates":[[[79.418283,15.652938],[79.418471,15.652901],[79.419416,15.652713],[79.419297,15.652339],[79.419293,15.652327],[79.41819,15.652542],[79.418283,15.652938]]]},"properties":{"lp":"668","ac":"1.352","chaltha":"668"}},{"type":"Feature","geometry":{"type":"Polygon","coordinates":[[[79.41819,15.652542],[79.419293,15.652327],[79.419232,15.652137],[79.419169,15.65194],[79.419054,15.651582],[79.418026,15.651778],[79.418091,15.652044],[79.41819,15.652542]]]},"properties":{"lp":"667","ac":"2.47","chaltha":"667"}},{"type":"Feature","geometry":{"type":"Polygon","coordinates":[[[79.418026,15.651778],[79.419054,15.651582],[79.419025,15.65149],[79.418871,15.651009],[79.418855,15.65096],[79.417878,15.651173],[79.417903,15.651274],[79.418026,15.651778]]]},"properties":{"lp":"666","ac":"1.906","chaltha":"666"}},{"type":"Feature","geometry":{"type":"Polygon","coordinates":[[[79.417878,15.651173],[79.418855,15.65096],[79.418716,15.650525],[79.417704,15.650458],[79.417734,15.65059],[79.417878,15.651173]]]},"properties":{"lp":"665","ac":"1.713","chaltha":"665"}},{"type":"Feature","geometry":{"type":"Polygon","coordinates":[[[79.41613,15.6509],[79.416174,15.651029],[79.417734,15.65059],[79.417704,15.650458],[79.41613,15.6509]]]},"properties":{"lp":"679","ac":"0.648","chaltha":"679"}},{"type":"Feature","geometry":{"type":"Polygon","coordinates":[[[79.416174,15.651029],[79.416396,15.651697],[79.417903,15.651274],[79.417878,15.651173],[79.417734,15.65059],[79.416174,15.651029]]]},"properties":{"lp":"678","ac":"3.285","chaltha":"678"}},{"type":"Feature","geometry":{"type":"Polygon","coordinates":[[[79.416632,15.652401],[79.416745,15.652373],[79.417064,15.652294],[79.418091,15.652044],[79.418026,15.651778],[79.417903,15.651274],[79.416396,15.651697],[79.416533,15.652107],[79.416632,15.652401]]]},"properties":{"lp":"677","ac":"3.443","chaltha":"677"}},{"type":"Feature","geometry":{"type":"Polygon","coordinates":[[[79.415509,15.645546],[79.415667,15.646098],[79.415871,15.646254],[79.417544,15.645807],[79.417645,15.645584],[79.417433,15.644912],[79.416448,15.645237],[79.415509,15.645546]]]},"properties":{"lp":"715","ac":"4.9","chaltha":"715"}},{"type":"Feature","geometry":{"type":"Polygon","coordinates":[[[79.416448,15.645237],[79.417433,15.644912],[79.417288,15.644399],[79.417213,15.644136],[79.416227,15.644418],[79.416448,15.645237]]]},"properties":{"lp":"717","ac":"2.499","chaltha":"717"}},{"type":"Feature","geometry":{"type":"Polygon","coordinates":[[[79.41523,15.644474],[79.415284,15.644688],[79.416227,15.644418],[79.417213,15.644136],[79.417146,15.6439],[79.41523,15.644474]]]},"properties":{"lp":"718","ac":"1.37","chaltha":"718"}},{"type":"Feature","geometry":{"type":"Polygon","coordinates":[[[79.414116,15.645083],[79.415284,15.644688],[79.41523,15.644474],[79.414045,15.644886],[79.414116,15.645083]]]},"properties":{"lp":"829","ac":"0.782","chaltha":"829"}},{"type":"Feature","geometry":{"type":"Polygon","coordinates":[[[79.414614,15.64647],[79.415027,15.646324],[79.415667,15.646098],[79.415509,15.645546],[79.415284,15.644688],[79.414116,15.645083],[79.414182,15.645267],[79.414191,15.645293],[79.414614,15.64647]]]},"properties":{"lp":"830","ac":"5.032","chaltha":"830"}},{"type":"Feature","geometry":{"type":"Polygon","coordinates":[[[79.41172,15.641384],[79.412034,15.642643],[79.412249,15.643323],[79.412276,15.64341],[79.412679,15.644687],[79.412803,15.645353],[79.41297,15.64669],[79.413074,15.646934],[79.413256,15.646902],[79.412978,15.645687],[79.412971,15.64566],[79.412865,15.645179],[79.412757,15.644708],[79.412658,15.644283],[79.412428,15.643287],[79.412395,15.643199],[79.41172,15.641384]]]},"properties":{"lp":"821","ac":"2.124","chaltha":"821"}},{"type":"Feature","geometry":{"type":"Polygon","coordinates":[[[79.413074,15.646934],[79.413492,15.647927],[79.413699,15.648469],[79.413894,15.648894],[79.414047,15.648827],[79.413256,15.646902],[79.413074,15.646934]]]},"properties":{"lp":"845","ac":"1.088","chaltha":"845"}},{"type":"Feature","geometry":{"type":"Polygon","coordinates":[[[79.413518,15.642351],[79.413738,15.643409],[79.414838,15.643154],[79.414775,15.642965],[79.414528,15.642188],[79.414341,15.641645],[79.413518,15.642351]]]},"properties":{"lp":"823","ac":"4.137","chaltha":"823"}},{"type":"Feature","geometry":{"type":"Polygon","coordinates":[[[79.414045,15.644886],[79.41523,15.644474],[79.415013,15.643745],[79.414846,15.643182],[79.414838,15.643154],[79.413738,15.643409],[79.413857,15.643982],[79.413956,15.644456],[79.414045,15.644886]]]},"properties":{"lp":"825","ac":"5.024","chaltha":"825"}},{"type":"Feature","geometry":{"type":"Polygon","coordinates":[[[79.412658,15.644283],[79.413857,15.643982],[79.413738,15.643409],[79.413518,15.642351],[79.412428,15.643287],[79.412658,15.644283]]]},"properties":{"lp":"824","ac":"4.924","chaltha":"824"}},{"type":"Feature","geometry":{"type":"Polygon","coordinates":[[[79.412971,15.64566],[79.412978,15.645687],[79.413541,15.645504],[79.414191,15.645293],[79.414182,15.645267],[79.412971,15.64566]]]},"properties":{"lp":"831","ac":"0.103","chaltha":"831"}},{"type":"Feature","geometry":{"type":"Polygon","coordinates":[[[79.414614,15.64647],[79.414191,15.645293],[79.413541,15.645504],[79.413962,15.646677],[79.414271,15.646579],[79.414614,15.64647]]]},"properties":{"lp":"832","ac":"2.5","chaltha":"832"}},{"type":"Feature","geometry":{"type":"Polygon","coordinates":[[[79.413256,15.646902],[79.413481,15.64683],[79.413962,15.646677],[79.413541,15.645504],[79.412978,15.645687],[79.413256,15.646902]]]},"properties":{"lp":"833","ac":"2.432","chaltha":"833"}},{"type":"Feature","geometry":{"type":"Polygon","coordinates":[[[79.414047,15.648827],[79.414213,15.648777],[79.413481,15.64683],[79.413256,15.646902],[79.414047,15.648827]]]},"properties":{"lp":"834","ac":"1.247","chaltha":"834"}},{"type":"Feature","geometry":{"type":"Polygon","coordinates":[[[79.414944,15.648557],[79.415746,15.648364],[79.415027,15.646324],[79.414614,15.64647],[79.414271,15.646579],[79.414944,15.648557]]]},"properties":{"lp":"836","ac":"5.04","chaltha":"836"}},{"type":"Feature","geometry":{"type":"Polygon","coordinates":[[[79.414213,15.648777],[79.414944,15.648557],[79.414271,15.646579],[79.413962,15.646677],[79.413481,15.64683],[79.414213,15.648777]]]},"properties":{"lp":"835","ac":"4.857","chaltha":"835"}},{"type":"Feature","geometry":{"type":"Polygon","coordinates":[[[79.415746,15.648364],[79.416539,15.648173],[79.416486,15.648021],[79.416182,15.647149],[79.416108,15.646936],[79.415871,15.646254],[79.415667,15.646098],[79.415027,15.646324],[79.415746,15.648364]]]},"properties":{"lp":"837","ac":"5.228","chaltha":"837"}},{"type":"Feature","geometry":{"type":"Polygon","coordinates":[[[79.416486,15.648021],[79.416539,15.648173],[79.416651,15.648523],[79.416963,15.648449],[79.418345,15.647971],[79.418172,15.647477],[79.416486,15.648021]]]},"properties":{"lp":"695","ac":"2.806","chaltha":"695"}},{"type":"Feature","geometry":{"type":"Polygon","coordinates":[[[79.416486,15.648021],[79.418172,15.647477],[79.41787,15.646614],[79.416182,15.647149],[79.416486,15.648021]]]},"properties":{"lp":"696","ac":"4.769","chaltha":"696"}},{"type":"Feature","geometry":{"type":"Polygon","coordinates":[[[79.416182,15.647149],[79.41787,15.646614],[79.41786,15.646587],[79.417781,15.646391],[79.416108,15.646936],[79.416182,15.647149]]]},"properties":{"lp":"697","ac":"1.204","chaltha":"697"}},{"type":"Feature","geometry":{"type":"Polygon","coordinates":[[[79.416108,15.646936],[79.417781,15.646391],[79.417544,15.645807],[79.415871,15.646254],[79.416108,15.646936]]]},"properties":{"lp":"698","ac":"3.446","chaltha":"698"}},{"type":"Feature","geometry":{"type":"Polygon","coordinates":[[[79.414824,15.651427],[79.415625,15.651251],[79.415657,15.651033],[79.415647,15.650998],[79.414759,15.651208],[79.414824,15.651427]]]},"properties":{"lp":"841","ac":"0.601","chaltha":"841"}},{"type":"Feature","geometry":{"type":"Polygon","coordinates":[[[79.414759,15.651208],[79.415647,15.650998],[79.415433,15.650255],[79.415319,15.649859],[79.414435,15.650126],[79.414759,15.651208]]]},"properties":{"lp":"842","ac":"3.11","chaltha":"842"}},{"type":"Feature","geometry":{"type":"Polygon","coordinates":[[[79.414435,15.650126],[79.415319,15.649859],[79.415203,15.649456],[79.414944,15.648557],[79.414213,15.648777],[79.414047,15.648827],[79.414435,15.650126]]]},"properties":{"lp":"843","ac":"3.694","chaltha":"843"}},{"type":"Feature","geometry":{"type":"Polygon","coordinates":[[[79.413894,15.648894],[79.414031,15.649192],[79.414193,15.649548],[79.414363,15.650192],[79.41451,15.650752],[79.414642,15.651252],[79.414704,15.651489],[79.414824,15.651427],[79.414759,15.651208],[79.414435,15.650126],[79.414047,15.648827],[79.413894,15.648894]]]},"properties":{"lp":"844","ac":"0.827","chaltha":"844"}},{"type":"Feature","geometry":{"type":"Polygon","coordinates":[[[79.415203,15.649456],[79.417139,15.648928],[79.416963,15.648449],[79.416651,15.648523],[79.416539,15.648173],[79.415746,15.648364],[79.414944,15.648557],[79.415203,15.649456]]]},"properties":{"lp":"838","ac":"4.912","chaltha":"838"}},{"type":"Feature","geometry":{"type":"Polygon","coordinates":[[[79.415433,15.650255],[79.41742,15.649688],[79.417269,15.649279],[79.417161,15.648986],[79.417139,15.648928],[79.415203,15.649456],[79.415319,15.649859],[79.415433,15.650255]]]},"properties":{"lp":"839","ac":"4.893","chaltha":"839"}},{"type":"Feature","geometry":{"type":"Polygon","coordinates":[[[79.415657,15.651033],[79.41613,15.6509],[79.417704,15.650458],[79.41753,15.649988],[79.41742,15.649688],[79.415433,15.650255],[79.415647,15.650998],[79.415657,15.651033]]]},"properties":{"lp":"840","ac":"5.0","chaltha":"840"}},{"type":"Feature","geometry":{"type":"Polygon","coordinates":[[[79.415509,15.645546],[79.416448,15.645237],[79.416227,15.644418],[79.415284,15.644688],[79.415509,15.645546]]]},"properties":{"lp":"716","ac":"2.5","chaltha":"716"}},{"type":"Feature","geometry":{"type":"Polygon","coordinates":[[[79.415619,15.654054],[79.415715,15.654031],[79.41565,15.653842],[79.415181,15.652469],[79.414824,15.651427],[79.414704,15.651489],[79.414741,15.65163],[79.414973,15.652542],[79.415619,15.654054]]]},"properties":{"lp":"675","ac":"1.329","chaltha":"675"}},{"type":"Feature","geometry":{"type":"Polygon","coordinates":[[[79.414824,15.651427],[79.415181,15.652469],[79.416533,15.652107],[79.416396,15.651697],[79.416174,15.651029],[79.41613,15.6509],[79.415657,15.651033],[79.415625,15.651251],[79.414824,15.651427]]]},"properties":{"lp":"676","ac":"4.741","chaltha":"676"}},{"type":"Feature","geometry":{"type":"Polygon","coordinates":[[[79.41565,15.653842],[79.416688,15.653565],[79.416615,15.65327],[79.416427,15.652448],[79.416632,15.652401],[79.416533,15.652107],[79.415181,15.652469],[79.41565,15.653842]]]},"properties":{"lp":"673","ac":"5.036","chaltha":"673"}},{"type":"Feature","geometry":{"type":"Polygon","coordinates":[[[79.415715,15.654031],[79.415997,15.653956],[79.416737,15.653759],[79.416688,15.653565],[79.41565,15.653842],[79.415715,15.654031]]]},"properties":{"lp":"674","ac":"0.623","chaltha":"674"}},{"type":"Feature","geometry":{"type":"Polygon","coordinates":[[[79.416427,15.652448],[79.416615,15.65327],[79.416632,15.652401],[79.416427,15.652448]]]},"properties":{"lp":"672","ac":"0.26","chaltha":"672"}},{"type":"Feature","geometry":{"type":"Polygon","coordinates":[[[79.414661,15.652625],[79.414743,15.652907],[79.41483,15.653208],[79.415108,15.654173],[79.415619,15.654054],[79.414973,15.652542],[79.414661,15.652625]]]},"properties":{"lp":"591","ac":"2.006","chaltha":"591"}},{"type":"Feature","geometry":{"type":"Polygon","coordinates":[[[79.415619,15.654054],[79.415899,15.655053],[79.416172,15.655733],[79.416408,15.656321],[79.416702,15.656283],[79.416854,15.656722],[79.41694,15.656968],[79.417051,15.656947],[79.416797,15.656225],[79.416645,15.655794],[79.416504,15.655394],[79.416364,15.654997],[79.416184,15.654485],[79.415997,15.653956],[79.415715,15.654031],[79.415619,15.654054]]]},"properties":{"lp":"594","ac":"3.26","chaltha":"594"}},{"type":"Feature","geometry":{"type":"Polygon","coordinates":[[[79.412893,15.653054],[79.414661,15.652625],[79.414973,15.652542],[79.414741,15.65163],[79.413184,15.652162],[79.412737,15.652314],[79.412705,15.652376],[79.412893,15.653054]]]},"properties":{"lp":"590","ac":"5.351","chaltha":"590"}},{"type":"Feature","geometry":{"type":"Polygon","coordinates":[[[79.412893,15.653054],[79.412982,15.653386],[79.414743,15.652907],[79.414661,15.652625],[79.412893,15.653054]]]},"properties":{"lp":"589","ac":"1.702","chaltha":"589"}},{"type":"Feature","geometry":{"type":"Polygon","coordinates":[[[79.412982,15.653386],[79.413051,15.653646],[79.413065,15.653699],[79.41483,15.653208],[79.414743,15.652907],[79.412982,15.653386]]]},"properties":{"lp":"588","ac":"1.708","chaltha":"588"}},{"type":"Feature","geometry":{"type":"Polygon","coordinates":[[[79.413065,15.653699],[79.413107,15.653857],[79.413162,15.65407],[79.413272,15.654491],[79.41344,15.654462],[79.414825,15.654222],[79.415108,15.654173],[79.41483,15.653208],[79.413065,15.653699]]]},"properties":{"lp":"587","ac":"4.924","chaltha":"587"}},{"type":"Feature","geometry":{"type":"Polygon","coordinates":[[[79.413748,15.655777],[79.41389,15.65573],[79.41344,15.654462],[79.413272,15.654491],[79.413416,15.654879],[79.413748,15.655777]]]},"properties":{"lp":"585","ac":"0.63","chaltha":"585"}},{"type":"Feature","geometry":{"type":"Polygon","coordinates":[[[79.41389,15.65573],[79.414373,15.655567],[79.414784,15.655428],[79.41515,15.655305],[79.414825,15.654222],[79.41344,15.654462],[79.41389,15.65573]]]},"properties":{"lp":"586","ac":"4.935","chaltha":"586"}},{"type":"Feature","geometry":{"type":"Polygon","coordinates":[[[79.417051,15.656947],[79.417594,15.656847],[79.417503,15.656519],[79.417441,15.656295],[79.417384,15.656088],[79.416797,15.656225],[79.417051,15.656947]]]},"properties":{"lp":"595","ac":"1.306","chaltha":"595"}},{"type":"Feature","geometry":{"type":"Polygon","coordinates":[[[79.416797,15.656225],[79.417384,15.656088],[79.417358,15.655997],[79.41728,15.655715],[79.417262,15.655649],[79.416645,15.655794],[79.416797,15.656225]]]},"properties":{"lp":"596","ac":"0.825","chaltha":"596"}},{"type":"Feature","geometry":{"type":"Polygon","coordinates":[[[79.416645,15.655794],[79.417262,15.655649],[79.417142,15.655219],[79.416504,15.655394],[79.416645,15.655794]]]},"properties":{"lp":"597","ac":"0.823","chaltha":"597"}},{"type":"Feature","geometry":{"type":"Polygon","coordinates":[[[79.416364,15.654997],[79.416504,15.655394],[79.417142,15.655219],[79.417121,15.655141],[79.417032,15.654824],[79.416364,15.654997]]]},"properties":{"lp":"598","ac":"0.823","chaltha":"598"}},{"type":"Feature","geometry":{"type":"Polygon","coordinates":[[[79.415997,15.653956],[79.416184,15.654485],[79.416364,15.654997],[79.417032,15.654824],[79.416992,15.654676],[79.416946,15.654514],[79.416894,15.654325],[79.416737,15.653759],[79.415997,15.653956]]]},"properties":{"lp":"599","ac":"2.353","chaltha":"599"}},{"type":"Feature","geometry":{"type":"Polygon","coordinates":[[[79.419416,15.652713],[79.420821,15.652374],[79.420685,15.651955],[79.419297,15.652339],[79.419416,15.652713]]]},"properties":{"lp":"653","ac":"1.76","chaltha":"653"}},{"type":"Feature","geometry":{"type":"Polygon","coordinates":[[[79.420508,15.651517],[79.420341,15.651108],[79.419025,15.65149],[79.419054,15.651582],[79.419169,15.65194],[79.420508,15.651517]]]},"properties":{"lp":"658","ac":"1.856","chaltha":"658"}},{"type":"Feature","geometry":{"type":"Polygon","coordinates":[[[79.419025,15.65149],[79.420341,15.651108],[79.420265,15.650922],[79.420148,15.650634],[79.418871,15.651009],[79.419025,15.65149]]]},"properties":{"lp":"659","ac":"2.006","chaltha":"659"}},{"type":"Feature","geometry":{"type":"Polygon","coordinates":[[[79.418871,15.651009],[79.420148,15.650634],[79.420019,15.650316],[79.419886,15.650101],[79.418716,15.650525],[79.418855,15.65096],[79.418871,15.651009]]]},"properties":{"lp":"664","ac":"2.09","chaltha":"664"}},{"type":"Feature","geometry":{"type":"Polygon","coordinates":[[[79.420508,15.651517],[79.422086,15.650979],[79.421925,15.650608],[79.420341,15.651108],[79.420508,15.651517]]]},"properties":{"lp":"657","ac":"2.058","chaltha":"657"}},{"type":"Feature","geometry":{"type":"Polygon","coordinates":[[[79.420341,15.651108],[79.421925,15.650608],[79.42184,15.650413],[79.420265,15.650922],[79.420341,15.651108]]]},"properties":{"lp":"660","ac":"1.0","chaltha":"660"}},{"type":"Feature","geometry":{"type":"Polygon","coordinates":[[[79.421728,15.649621],[79.421532,15.649701],[79.421691,15.650069],[79.42184,15.650413],[79.421925,15.650608],[79.422086,15.650979],[79.42227,15.651406],[79.421728,15.649621]]]},"properties":{"lp":"661","ac":"0.576","chaltha":"661"}},{"type":"Feature","geometry":{"type":"Polygon","coordinates":[[[79.420685,15.651955],[79.420821,15.652374],[79.421446,15.654397],[79.42198,15.654716],[79.422194,15.654722],[79.422695,15.654738],[79.423001,15.654333],[79.422932,15.653535],[79.42227,15.651406],[79.420685,15.651955]]]},"properties":{"lp":"651","ac":"14.78","chaltha":"651"}},{"type":"Feature","geometry":{"type":"Polygon","coordinates":[[[79.418471,15.652901],[79.418473,15.654086],[79.418785,15.654142],[79.41972,15.65431],[79.420234,15.654402],[79.421674,15.654661],[79.42198,15.654716],[79.421446,15.654397],[79.420821,15.652374],[79.419416,15.652713],[79.418471,15.652901]]]},"properties":{"lp":"652","ac":"13.673","chaltha":"652"}},{"type":"Feature","geometry":{"type":"Polygon","coordinates":[[[79.417311,15.654436],[79.417827,15.654325],[79.417987,15.654284],[79.417895,15.653868],[79.418051,15.653839],[79.418142,15.65425],[79.418473,15.654169],[79.418473,15.654086],[79.418471,15.652901],[79.418283,15.652938],[79.417257,15.653142],[79.416981,15.653197],[79.417311,15.654436]]]},"properties":{"lp":"601","ac":"4.825","chaltha":"601"}},{"type":"Feature","geometry":{"type":"Polygon","coordinates":[[[79.416946,15.654514],[79.417311,15.654436],[79.416981,15.653197],[79.416937,15.653206],[79.416615,15.65327],[79.416688,15.653565],[79.416737,15.653759],[79.416894,15.654325],[79.416946,15.654514]]]},"properties":{"lp":"600","ac":"1.417","chaltha":"600"}},{"type":"Feature","geometry":{"type":"Polygon","coordinates":[[[79.417594,15.656847],[79.417682,15.657055],[79.418505,15.656831],[79.41855,15.656819],[79.418398,15.656303],[79.417503,15.656519],[79.417594,15.656847]]]},"properties":{"lp":"607","ac":"1.482","chaltha":"607"}},{"type":"Feature","geometry":{"type":"Polygon","coordinates":[[[79.417358,15.655997],[79.417384,15.656088],[79.417441,15.656295],[79.417503,15.656519],[79.418398,15.656303],[79.41824,15.655764],[79.417358,15.655997]]]},"properties":{"lp":"606","ac":"1.481","chaltha":"606"}},{"type":"Feature","geometry":{"type":"Polygon","coordinates":[[[79.417358,15.655997],[79.41824,15.655764],[79.418166,15.655513],[79.41728,15.655715],[79.417358,15.655997]]]},"properties":{"lp":"605","ac":"0.738","chaltha":"605"}},{"type":"Feature","geometry":{"type":"Polygon","coordinates":[[[79.41728,15.655715],[79.418166,15.655513],[79.418001,15.654951],[79.417121,15.655141],[79.417142,15.655219],[79.417262,15.655649],[79.41728,15.655715]]]},"properties":{"lp":"604","ac":"1.563","chaltha":"604"}},{"type":"Feature","geometry":{"type":"Polygon","coordinates":[[[79.417121,15.655141],[79.418001,15.654951],[79.41791,15.654644],[79.417865,15.654491],[79.416992,15.654676],[79.417032,15.654824],[79.417121,15.655141]]]},"properties":{"lp":"603","ac":"1.262","chaltha":"603"}},{"type":"Feature","geometry":{"type":"Polygon","coordinates":[[[79.416992,15.654676],[79.417865,15.654491],[79.417827,15.654325],[79.417311,15.654436],[79.416946,15.654514],[79.416992,15.654676]]]},"properties":{"lp":"602","ac":"0.445","chaltha":"602"}},{"type":"Feature","geometry":{"type":"Polygon","coordinates":[[[79.41855,15.656819],[79.418789,15.65676],[79.418238,15.654908],[79.418001,15.654951],[79.418166,15.655513],[79.41824,15.655764],[79.418398,15.656303],[79.41855,15.656819]]]},"properties":{"lp":"608","ac":"1.382","chaltha":"608"}},{"type":"Feature","geometry":{"type":"Polygon","coordinates":[[[79.418789,15.65676],[79.41903,15.656702],[79.418479,15.654863],[79.418238,15.654908],[79.418789,15.65676]]]},"properties":{"lp":"609","ac":"1.387","chaltha":"609"}},{"type":"Feature","geometry":{"type":"Polygon","coordinates":[[[79.41903,15.656702],[79.419052,15.656696],[79.419356,15.656622],[79.418826,15.654799],[79.418479,15.654863],[79.41903,15.656702]]]},"properties":{"lp":"610","ac":"1.923","chaltha":"610"}},{"type":"Feature","geometry":{"type":"Polygon","coordinates":[[[79.419356,15.656622],[79.419471,15.656592],[79.419384,15.656283],[79.419331,15.656092],[79.419236,15.655752],[79.419147,15.655433],[79.419055,15.655105],[79.418962,15.654774],[79.418826,15.654799],[79.419356,15.656622]]]},"properties":{"lp":"611","ac":"0.71","chaltha":"611"}},{"type":"Feature","geometry":{"type":"Polygon","coordinates":[[[79.418001,15.654951],[79.418238,15.654908],[79.418479,15.654863],[79.418826,15.654799],[79.418962,15.654774],[79.418877,15.65447],[79.418868,15.65444],[79.41791,15.654644],[79.418001,15.654951]]]},"properties":{"lp":"612","ac":"0.953","chaltha":"612"}},{"type":"Feature","geometry":{"type":"Polygon","coordinates":[[[79.41791,15.654644],[79.418868,15.65444],[79.418818,15.65426],[79.417865,15.654491],[79.41791,15.654644]]]},"properties":{"lp":"613","ac":"0.497","chaltha":"613"}},{"type":"Feature","geometry":{"type":"Polygon","coordinates":[[[79.417865,15.654491],[79.418818,15.65426],[79.418785,15.654142],[79.418473,15.654086],[79.418473,15.654169],[79.418142,15.65425],[79.418051,15.653839],[79.417895,15.653868],[79.417987,15.654284],[79.417827,15.654325],[79.417865,15.654491]]]},"properties":{"lp":"614","ac":"0.7","chaltha":"614"}},{"type":"Feature","geometry":{"type":"Polygon","coordinates":[[[79.419471,15.656592],[79.419913,15.656474],[79.419843,15.656168],[79.419384,15.656283],[79.419471,15.656592]]]},"properties":{"lp":"630","ac":"0.433","chaltha":"630"}},{"type":"Feature","geometry":{"type":"Polygon","coordinates":[[[79.419913,15.656474],[79.420348,15.656357],[79.420632,15.656284],[79.420689,15.656261],[79.420617,15.655974],[79.420076,15.656109],[79.419843,15.656168],[79.419913,15.656474]]]},"properties":{"lp":"631","ac":"0.722","chaltha":"631"}},{"type":"Feature","geometry":{"type":"Polygon","coordinates":[[[79.419384,15.656283],[79.419843,15.656168],[79.420076,15.656109],[79.420028,15.655914],[79.419331,15.656092],[79.419384,15.656283]]]},"properties":{"lp":"629","ac":"0.419","chaltha":"629"}},{"type":"Feature","geometry":{"type":"Polygon","coordinates":[[[79.420076,15.656109],[79.420617,15.655974],[79.420565,15.655778],[79.420254,15.655857],[79.420028,15.655914],[79.420076,15.656109]]]},"properties":{"lp":"628","ac":"0.329","chaltha":"628"}},{"type":"Feature","geometry":{"type":"Polygon","coordinates":[[[79.419331,15.656092],[79.420028,15.655914],[79.420254,15.655857],[79.420164,15.655507],[79.420113,15.65552],[79.41978,15.655608],[79.419598,15.655657],[79.419418,15.655704],[79.419236,15.655752],[79.419331,15.656092]]]},"properties":{"lp":"627","ac":"1.0","chaltha":"627"}},{"type":"Feature","geometry":{"type":"Polygon","coordinates":[[[79.420254,15.655857],[79.420565,15.655778],[79.420541,15.655687],[79.420472,15.655425],[79.420164,15.655507],[79.420254,15.655857]]]},"properties":{"lp":"626","ac":"0.34","chaltha":"626"}},{"type":"Feature","geometry":{"type":"Polygon","coordinates":[[[79.419236,15.655752],[79.419418,15.655704],[79.419328,15.65539],[79.419147,15.655433],[79.419236,15.655752]]]},"properties":{"lp":"621","ac":"0.181","chaltha":"621"}},{"type":"Feature","geometry":{"type":"Polygon","coordinates":[[[79.419418,15.655704],[79.419598,15.655657],[79.419509,15.655347],[79.419328,15.65539],[79.419418,15.655704]]]},"properties":{"lp":"622","ac":"0.177","chaltha":"622"}},{"type":"Feature","geometry":{"type":"Polygon","coordinates":[[[79.419598,15.655657],[79.41978,15.655608],[79.419692,15.655303],[79.419509,15.655347],[79.419598,15.655657]]]},"properties":{"lp":"623","ac":"0.176","chaltha":"623"}},{"type":"Feature","geometry":{"type":"Polygon","coordinates":[[[79.41978,15.655608],[79.420113,15.65552],[79.420037,15.655221],[79.419692,15.655303],[79.41978,15.655608]]]},"properties":{"lp":"624","ac":"0.321","chaltha":"624"}},{"type":"Feature","geometry":{"type":"Polygon","coordinates":[[[79.420113,15.65552],[79.420164,15.655507],[79.420472,15.655425],[79.420408,15.655185],[79.420396,15.655136],[79.420037,15.655221],[79.420113,15.65552]]]},"properties":{"lp":"625","ac":"0.33","chaltha":"625"}},{"type":"Feature","geometry":{"type":"Polygon","coordinates":[[[79.419147,15.655433],[79.419328,15.65539],[79.419509,15.655347],[79.419692,15.655303],[79.420037,15.655221],[79.420396,15.655136],[79.420408,15.655185],[79.420778,15.655076],[79.420842,15.655057],[79.420986,15.655014],[79.421204,15.654948],[79.421414,15.654885],[79.421776,15.654777],[79.42198,15.654716],[79.421674,15.654661],[79.420362,15.654985],[79.420322,15.654809],[79.419055,15.655105],[79.419147,15.655433]]]},"properties":{"lp":"620","ac":"2.027","chaltha":"620"}},{"type":"Feature","geometry":{"type":"Polygon","coordinates":[[[79.419055,15.655105],[79.420322,15.654809],[79.420252,15.654484],[79.419791,15.654587],[79.418962,15.654774],[79.419055,15.655105]]]},"properties":{"lp":"618","ac":"1.301","chaltha":"618"}},{"type":"Feature","geometry":{"type":"Polygon","coordinates":[[[79.418962,15.654774],[79.419791,15.654587],[79.41972,15.65431],[79.418877,15.65447],[79.418962,15.654774]]]},"properties":{"lp":"616","ac":"0.753","chaltha":"616"}},{"type":"Feature","geometry":{"type":"Polygon","coordinates":[[[79.419791,15.654587],[79.420252,15.654484],[79.420234,15.654402],[79.41972,15.65431],[79.419791,15.654587]]]},"properties":{"lp":"617","ac":"0.257","chaltha":"617"}},{"type":"Feature","geometry":{"type":"Polygon","coordinates":[[[79.418877,15.65447],[79.41972,15.65431],[79.418785,15.654142],[79.418818,15.65426],[79.418868,15.65444],[79.418877,15.65447]]]},"properties":{"lp":"615","ac":"0.427","chaltha":"615"}},{"type":"Feature","geometry":{"type":"Polygon","coordinates":[[[79.420362,15.654985],[79.421674,15.654661],[79.420234,15.654402],[79.420252,15.654484],[79.420322,15.654809],[79.420362,15.654985]]]},"properties":{"lp":"619","ac":"1.182","chaltha":"619"}},{"type":"Feature","geometry":{"type":"Polygon","coordinates":[[[79.422598,15.657233],[79.423215,15.657112],[79.422918,15.656067],[79.422898,15.655961],[79.422237,15.656127],[79.422598,15.657233]]]},"properties":{"lp":"114","ac":"2.242","chaltha":"114"}},{"type":"Feature","geometry":{"type":"Polygon","coordinates":[[[79.422598,15.657233],[79.422237,15.656127],[79.420696,15.656512],[79.420632,15.656284],[79.420654,15.657151],[79.421284,15.65703],[79.421879,15.656916],[79.42218,15.657315],[79.422598,15.657233]]]},"properties":{"lp":"116","ac":"4.065","chaltha":"116"}},{"type":"Feature","geometry":{"type":"Polygon","coordinates":[[[79.420696,15.656512],[79.422237,15.656127],[79.422898,15.655961],[79.422886,15.655895],[79.420696,15.656512]]]},"properties":{"lp":"115","ac":"0.222","chaltha":"115"}},{"type":"Feature","geometry":{"type":"Polygon","coordinates":[[[79.420411,15.657233],[79.420654,15.657151],[79.420632,15.656284],[79.420348,15.656357],[79.420411,15.657233]]]},"properties":{"lp":"118","ac":"0.684","chaltha":"118"}},{"type":"Feature","geometry":{"type":"Polygon","coordinates":[[[79.417375,15.65812],[79.417888,15.658013],[79.417822,15.657705],[79.417682,15.657055],[79.417594,15.656847],[79.417051,15.656947],[79.417375,15.65812]]]},"properties":{"lp":"123","ac":"1.965","chaltha":"123"}},{"type":"Feature","geometry":{"type":"Polygon","coordinates":[[[79.417841,15.659813],[79.41807,15.659752],[79.418507,15.659396],[79.418366,15.659009],[79.418291,15.658802],[79.417612,15.658982],[79.417841,15.659813]]]},"properties":{"lp":"126","ac":"1.678","chaltha":"126"}},{"type":"Feature","geometry":{"type":"Polygon","coordinates":[[[79.417612,15.658982],[79.418291,15.658802],[79.418226,15.65862],[79.418127,15.658341],[79.418003,15.657992],[79.417888,15.658013],[79.417375,15.65812],[79.417612,15.658982]]]},"properties":{"lp":"125","ac":"1.723","chaltha":"125"}},{"type":"Feature","geometry":{"type":"Polygon","coordinates":[[[79.418226,15.65862],[79.419091,15.658383],[79.419691,15.658219],[79.419608,15.657908],[79.418127,15.658341],[79.418226,15.65862]]]},"properties":{"lp":"130","ac":"1.383","chaltha":"130"}},{"type":"Feature","geometry":{"type":"Polygon","coordinates":[[[79.418127,15.658341],[79.419608,15.657908],[79.41954,15.65765],[79.419337,15.657702],[79.418765,15.657847],[79.418003,15.657992],[79.418127,15.658341]]]},"properties":{"lp":"131","ac":"1.397","chaltha":"131"}},{"type":"Feature","geometry":{"type":"Polygon","coordinates":[[[79.417888,15.658013],[79.418003,15.657992],[79.418765,15.657847],[79.418677,15.657504],[79.417822,15.657705],[79.417888,15.658013]]]},"properties":{"lp":"122","ac":"0.867","chaltha":"122"}},{"type":"Feature","geometry":{"type":"Polygon","coordinates":[[[79.417682,15.657055],[79.417822,15.657705],[79.418677,15.657504],[79.418505,15.656831],[79.417682,15.657055]]]},"properties":{"lp":"121","ac":"1.725","chaltha":"121"}},{"type":"Feature","geometry":{"type":"Polygon","coordinates":[[[79.419879,15.659834],[79.420155,15.659762],[79.419999,15.659355],[79.419848,15.658962],[79.419836,15.658766],[79.419675,15.659181],[79.419879,15.659834]]]},"properties":{"lp":"138","ac":"0.641","chaltha":"138"}},{"type":"Feature","geometry":{"type":"Polygon","coordinates":[[[79.41954,15.65765],[79.419608,15.657908],[79.420787,15.657585],[79.420654,15.657151],[79.420411,15.657233],[79.419652,15.657624],[79.41954,15.65765]]]},"properties":{"lp":"132","ac":"1.292","chaltha":"132"}},{"type":"Feature","geometry":{"type":"Polygon","coordinates":[[[79.419608,15.657908],[79.419691,15.658219],[79.4197,15.658252],[79.420891,15.657926],[79.420787,15.657585],[79.419608,15.657908]]]},"properties":{"lp":"133","ac":"1.284","chaltha":"133"}},{"type":"Feature","geometry":{"type":"Polygon","coordinates":[[[79.419804,15.658645],[79.421012,15.65832],[79.420891,15.657926],[79.4197,15.658252],[79.419804,15.658645]]]},"properties":{"lp":"134","ac":"1.491","chaltha":"134"}},{"type":"Feature","geometry":{"type":"Polygon","coordinates":[[[79.419804,15.658645],[79.419836,15.658766],[79.419848,15.658962],[79.420504,15.658771],[79.421097,15.658599],[79.421012,15.65832],[79.419804,15.658645]]]},"properties":{"lp":"135","ac":"1.131","chaltha":"135"}},{"type":"Feature","geometry":{"type":"Polygon","coordinates":[[[79.423108,15.659298],[79.423351,15.659234],[79.423191,15.658709],[79.422909,15.65878],[79.423108,15.659298]]]},"properties":{"lp":"107","ac":"0.437","chaltha":"107"}},{"type":"Feature","geometry":{"type":"Polygon","coordinates":[[[79.422909,15.65878],[79.423191,15.658709],[79.422951,15.657832],[79.422599,15.657915],[79.422909,15.65878]]]},"properties":{"lp":"110","ac":"0.872","chaltha":"110"}},{"type":"Feature","geometry":{"type":"Polygon","coordinates":[[[79.420504,15.658771],[79.419848,15.658962],[79.419999,15.659355],[79.420636,15.659173],[79.420624,15.659138],[79.420504,15.658771]]]},"properties":{"lp":"136","ac":"0.83","chaltha":"136"}},{"type":"Feature","geometry":{"type":"Polygon","coordinates":[[[79.420155,15.659762],[79.420683,15.659607],[79.420769,15.659581],[79.420636,15.659173],[79.419999,15.659355],[79.420155,15.659762]]]},"properties":{"lp":"137","ac":"0.824","chaltha":"137"}},{"type":"Feature","geometry":{"type":"Polygon","coordinates":[[[79.420155,15.659762],[79.420415,15.660563],[79.420948,15.660436],[79.420683,15.659607],[79.420155,15.659762]]]},"properties":{"lp":"149","ac":"1.377","chaltha":"149"}},{"type":"Feature","geometry":{"type":"Polygon","coordinates":[[[79.42071,15.661312],[79.420778,15.661478],[79.421439,15.661343],[79.422304,15.661166],[79.422268,15.661055],[79.42222,15.66091],[79.42217,15.66076],[79.422149,15.660694],[79.420602,15.661048],[79.42071,15.661312]]]},"properties":{"lp":"156","ac":"2.19","chaltha":"156"}},{"type":"Feature","geometry":{"type":"Polygon","coordinates":[[[79.420456,15.66069],[79.4205,15.660797],[79.422072,15.660462],[79.421989,15.660212],[79.421468,15.660337],[79.420948,15.660436],[79.420415,15.660563],[79.420456,15.66069]]]},"properties":{"lp":"153","ac":"1.201","chaltha":"153"}},{"type":"Feature","geometry":{"type":"Polygon","coordinates":[[[79.4205,15.660797],[79.42055,15.660919],[79.422111,15.660581],[79.422078,15.66048],[79.422072,15.660462],[79.4205,15.660797]]]},"properties":{"lp":"154","ac":"0.598","chaltha":"154"}},{"type":"Feature","geometry":{"type":"Polygon","coordinates":[[[79.42055,15.660919],[79.420586,15.661007],[79.420602,15.661048],[79.422149,15.660694],[79.422111,15.660581],[79.42055,15.660919]]]},"properties":{"lp":"155","ac":"0.598","chaltha":"155"}},{"type":"Feature","geometry":{"type":"Polygon","coordinates":[[[79.420948,15.660436],[79.421468,15.660337],[79.42124,15.659631],[79.421184,15.659459],[79.420769,15.659581],[79.420683,15.659607],[79.420948,15.660436]]]},"properties":{"lp":"150","ac":"1.375","chaltha":"150"}},{"type":"Feature","geometry":{"type":"Polygon","coordinates":[[[79.42357,15.659176],[79.423351,15.659234],[79.423108,15.659298],[79.422713,15.659402],[79.422799,15.659678],[79.423637,15.659464],[79.42357,15.659176]]]},"properties":{"lp":"101","ac":"0.75","chaltha":"101"}},{"type":"Feature","geometry":{"type":"Polygon","coordinates":[[[79.422799,15.659678],[79.422882,15.659962],[79.423705,15.659759],[79.423637,15.659464],[79.422799,15.659678]]]},"properties":{"lp":"100","ac":"0.75","chaltha":"100"}},{"type":"Feature","geometry":{"type":"Polygon","coordinates":[[[79.423047,15.660523],[79.423093,15.660511],[79.423832,15.660312],[79.423705,15.659759],[79.422882,15.659962],[79.422968,15.660255],[79.423047,15.660523]]]},"properties":{"lp":"99","ac":"1.402","chaltha":"99"}},{"type":"Feature","geometry":{"type":"Polygon","coordinates":[[[79.421989,15.660212],[79.422205,15.660154],[79.42203,15.659592],[79.421951,15.659615],[79.421807,15.659658],[79.421989,15.660212]]]},"properties":{"lp":"104","ac":"0.391","chaltha":"104"}},{"type":"Feature","geometry":{"type":"Polygon","coordinates":[[[79.422426,15.660095],[79.422882,15.659962],[79.422799,15.659678],[79.422713,15.659402],[79.422406,15.659483],[79.422247,15.659529],[79.422426,15.660095]]]},"properties":{"lp":"102","ac":"0.832","chaltha":"102"}},{"type":"Feature","geometry":{"type":"Polygon","coordinates":[[[79.421989,15.660212],[79.422072,15.660462],[79.422078,15.66048],[79.422968,15.660255],[79.422882,15.659962],[79.422426,15.660095],[79.422205,15.660154],[79.421989,15.660212]]]},"properties":{"lp":"98","ac":"0.788","chaltha":"98"}},{"type":"Feature","geometry":{"type":"Polygon","coordinates":[[[79.42217,15.66076],[79.423047,15.660523],[79.422968,15.660255],[79.422078,15.66048],[79.422111,15.660581],[79.422149,15.660694],[79.42217,15.66076]]]},"properties":{"lp":"97","ac":"0.767","chaltha":"97"}},{"type":"Feature","geometry":{"type":"Polygon","coordinates":[[[79.423373,15.66139],[79.423641,15.661331],[79.423623,15.661241],[79.423332,15.661281],[79.423373,15.66139]]]},"properties":{"lp":"92","ac":"0.086","chaltha":"92"}},{"type":"Feature","geometry":{"type":"Polygon","coordinates":[[[79.42217,15.66076],[79.42222,15.66091],[79.423142,15.660678],[79.423093,15.660511],[79.423047,15.660523],[79.42217,15.66076]]]},"properties":{"lp":"96","ac":"0.463","chaltha":"96"}},{"type":"Feature","geometry":{"type":"Polygon","coordinates":[[[79.42222,15.66091],[79.422268,15.661055],[79.423187,15.66085],[79.423142,15.660678],[79.42222,15.66091]]]},"properties":{"lp":"95","ac":"0.458","chaltha":"95"}},{"type":"Feature","geometry":{"type":"Polygon","coordinates":[[[79.422465,15.66131],[79.423301,15.661198],[79.423385,15.661184],[79.423302,15.660831],[79.423187,15.66085],[79.422268,15.661055],[79.422304,15.661166],[79.422374,15.661228],[79.422465,15.66131]]]},"properties":{"lp":"94","ac":"0.973","chaltha":"94"}},{"type":"Feature","geometry":{"type":"Polygon","coordinates":[[[79.422253,15.662119],[79.422285,15.6621],[79.42229,15.662075],[79.422465,15.66131],[79.422374,15.661228],[79.422253,15.662119]]]},"properties":{"lp":"157","ac":"0.165","chaltha":"157"}},{"type":"Feature","geometry":{"type":"Polygon","coordinates":[[[79.420968,15.662125],[79.421617,15.661945],[79.421586,15.66184],[79.420925,15.661979],[79.420945,15.662048],[79.420968,15.662125]]]},"properties":{"lp":"162","ac":"0.258","chaltha":"162"}},{"type":"Feature","geometry":{"type":"Polygon","coordinates":[[[79.420925,15.661979],[79.421586,15.66184],[79.421563,15.66176],[79.4209,15.661895],[79.420925,15.661979]]]},"properties":{"lp":"161","ac":"0.169","chaltha":"161"}},{"type":"Feature","geometry":{"type":"Polygon","coordinates":[[[79.422228,15.664531],[79.422265,15.66452],[79.422326,15.664502],[79.422172,15.664022],[79.422066,15.664053],[79.422228,15.664531]]]},"properties":{"lp":"69","ac":"0.157","chaltha":"69"}},{"type":"Feature","geometry":{"type":"Polygon","coordinates":[[[79.422326,15.664502],[79.422385,15.664485],[79.422431,15.664471],[79.422273,15.663992],[79.422172,15.664022],[79.422326,15.664502]]]},"properties":{"lp":"68","ac":"0.159","chaltha":"68"}},{"type":"Feature","geometry":{"type":"Polygon","coordinates":[[[79.422431,15.664471],[79.422476,15.664458],[79.422532,15.664442],[79.422373,15.663963],[79.422273,15.663992],[79.422431,15.664471]]]},"properties":{"lp":"67","ac":"0.155","chaltha":"67"}},{"type":"Feature","geometry":{"type":"Polygon","coordinates":[[[79.4229,15.664334],[79.423073,15.664283],[79.422916,15.663808],[79.422865,15.66382],[79.422727,15.66386],[79.4229,15.664334]]]},"properties":{"lp":"64","ac":"0.277","chaltha":"64"}},{"type":"Feature","geometry":{"type":"Polygon","coordinates":[[[79.423073,15.664283],[79.423089,15.664279],[79.423193,15.664248],[79.423293,15.664219],[79.42311,15.663764],[79.423019,15.663784],[79.422948,15.663801],[79.422916,15.663808],[79.423073,15.664283]]]},"properties":{"lp":"63","ac":"0.31","chaltha":"63"}},{"type":"Feature","geometry":{"type":"Polygon","coordinates":[[[79.423293,15.664219],[79.424736,15.663785],[79.424669,15.663409],[79.424287,15.663496],[79.424093,15.663541],[79.423894,15.663586],[79.423676,15.663635],[79.42344,15.663689],[79.423182,15.663747],[79.42311,15.663764],[79.423293,15.664219]]]},"properties":{"lp":"62","ac":"1.971","chaltha":"62"}},{"type":"Feature","geometry":{"type":"Polygon","coordinates":[[[79.421433,15.663967],[79.42154,15.664181],[79.421553,15.664203],[79.421797,15.664131],[79.422066,15.664053],[79.422172,15.664022],[79.422273,15.663992],[79.422373,15.663963],[79.422525,15.663919],[79.422727,15.66386],[79.422865,15.66382],[79.42279,15.663591],[79.421433,15.663967]]]},"properties":{"lp":"72","ac":"1.015","chaltha":"72"}},{"type":"Feature","geometry":{"type":"Polygon","coordinates":[[[79.421433,15.663967],[79.42279,15.663591],[79.422722,15.663386],[79.421332,15.663765],[79.421344,15.663787],[79.421433,15.663967]]]},"properties":{"lp":"73","ac":"0.916","chaltha":"73"}},{"type":"Feature","geometry":{"type":"Polygon","coordinates":[[[79.421332,15.663765],[79.422722,15.663386],[79.422655,15.663183],[79.421232,15.663563],[79.421247,15.663592],[79.421332,15.663765]]]},"properties":{"lp":"74","ac":"0.926","chaltha":"74"}},{"type":"Feature","geometry":{"type":"Polygon","coordinates":[[[79.421232,15.663563],[79.422655,15.663183],[79.422576,15.662941],[79.421118,15.663335],[79.421147,15.663392],[79.421232,15.663563]]]},"properties":{"lp":"75","ac":"1.103","chaltha":"75"}},{"type":"Feature","geometry":{"type":"Polygon","coordinates":[[[79.421118,15.663335],[79.422576,15.662941],[79.422505,15.662727],[79.42102,15.663136],[79.421038,15.663174],[79.421118,15.663335]]]},"properties":{"lp":"76","ac":"0.988","chaltha":"76"}},{"type":"Feature","geometry":{"type":"Polygon","coordinates":[[[79.42102,15.663136],[79.422505,15.662727],[79.42242,15.662468],[79.421048,15.662857],[79.42092,15.662936],[79.420926,15.66295],[79.42102,15.663136]]]},"properties":{"lp":"77","ac":"1.21","chaltha":"77"}},{"type":"Feature","geometry":{"type":"Polygon","coordinates":[[[79.422865,15.66382],[79.422916,15.663808],[79.422948,15.663801],[79.422349,15.66206],[79.42229,15.662075],[79.42242,15.662468],[79.422505,15.662727],[79.422576,15.662941],[79.422655,15.663183],[79.422722,15.663386],[79.42279,15.663591],[79.422865,15.66382]]]},"properties":{"lp":"79","ac":"0.39","chaltha":"79"}},{"type":"Feature","geometry":{"type":"Polygon","coordinates":[[[79.423019,15.663784],[79.42311,15.663764],[79.423182,15.663747],[79.422561,15.662008],[79.422416,15.662044],[79.423019,15.663784]]]},"properties":{"lp":"81","ac":"0.85","chaltha":"81"}},{"type":"Feature","geometry":{"type":"Polygon","coordinates":[[[79.42344,15.663689],[79.423676,15.663635],[79.423018,15.661897],[79.422817,15.661946],[79.42344,15.663689]]]},"properties":{"lp":"83","ac":"1.21","chaltha":"83"}},{"type":"Feature","geometry":{"type":"Polygon","coordinates":[[[79.423676,15.663635],[79.423894,15.663586],[79.423234,15.661844],[79.423018,15.661897],[79.423676,15.663635]]]},"properties":{"lp":"84","ac":"1.208","chaltha":"84"}},{"type":"Feature","geometry":{"type":"Polygon","coordinates":[[[79.424093,15.663541],[79.424287,15.663496],[79.423812,15.66216],[79.423712,15.661877],[79.423662,15.66174],[79.423467,15.661788],[79.424093,15.663541]]]},"properties":{"lp":"86","ac":"1.088","chaltha":"86"}},{"type":"Feature","geometry":{"type":"Polygon","coordinates":[[[79.424287,15.663496],[79.424669,15.663409],[79.424542,15.662695],[79.424471,15.662477],[79.424376,15.662162],[79.424307,15.662022],[79.423812,15.66216],[79.424287,15.663496]]]},"properties":{"lp":"87","ac":"2.027","chaltha":"87"}},{"type":"Feature","geometry":{"type":"Polygon","coordinates":[[[79.423812,15.66216],[79.424307,15.662022],[79.424175,15.661753],[79.423712,15.661877],[79.423812,15.66216]]]},"properties":{"lp":"88","ac":"0.432","chaltha":"88"}},{"type":"Feature","geometry":{"type":"Polygon","coordinates":[[[79.423712,15.661877],[79.424175,15.661753],[79.424022,15.66144],[79.423598,15.661555],[79.423662,15.66174],[79.423712,15.661877]]]},"properties":{"lp":"89","ac":"0.46","chaltha":"89"}},{"type":"Feature","geometry":{"type":"Polygon","coordinates":[[[79.424474,15.666414],[79.425522,15.666144],[79.425382,15.665724],[79.423905,15.666108],[79.423931,15.666187],[79.423967,15.666298],[79.424474,15.666414]]]},"properties":{"lp":"53","ac":"1.815","chaltha":"53"}},{"type":"Feature","geometry":{"type":"Polygon","coordinates":[[[79.423905,15.666108],[79.425382,15.665724],[79.425341,15.665601],[79.423864,15.665982],[79.423905,15.666108]]]},"properties":{"lp":"54","ac":"0.583","chaltha":"54"}},{"type":"Feature","geometry":{"type":"Polygon","coordinates":[[[79.423864,15.665982],[79.425341,15.665601],[79.425275,15.665403],[79.423796,15.665771],[79.423816,15.665832],[79.423864,15.665982]]]},"properties":{"lp":"55","ac":"0.96","chaltha":"55"}},{"type":"Feature","geometry":{"type":"Polygon","coordinates":[[[79.423796,15.665771],[79.425275,15.665403],[79.425217,15.665227],[79.423744,15.665611],[79.423796,15.665771]]]},"properties":{"lp":"56","ac":"0.79","chaltha":"56"}},{"type":"Feature","geometry":{"type":"Polygon","coordinates":[[[79.423744,15.665611],[79.425217,15.665227],[79.425058,15.664752],[79.424307,15.664945],[79.423588,15.665131],[79.423683,15.665422],[79.423744,15.665611]]]},"properties":{"lp":"57","ac":"2.236","chaltha":"57"}},{"type":"Feature","geometry":{"type":"Polygon","coordinates":[[[79.423504,15.66487],[79.423588,15.665131],[79.424307,15.664945],[79.424245,15.664682],[79.423504,15.66487]]]},"properties":{"lp":"58","ac":"0.6","chaltha":"58"}},{"type":"Feature","geometry":{"type":"Polygon","coordinates":[[[79.424307,15.664945],[79.425058,15.664752],[79.424974,15.664498],[79.424245,15.664682],[79.424307,15.664945]]]},"properties":{"lp":"59","ac":"0.601","chaltha":"59"}},{"type":"Feature","geometry":{"type":"Polygon","coordinates":[[[79.423504,15.66487],[79.424245,15.664682],[79.424974,15.664498],[79.424879,15.664216],[79.423414,15.664592],[79.423504,15.66487]]]},"properties":{"lp":"60","ac":"1.306","chaltha":"60"}},{"type":"Feature","geometry":{"type":"Polygon","coordinates":[[[79.423414,15.664592],[79.424879,15.664216],[79.424736,15.663785],[79.423293,15.664219],[79.423414,15.664592]]]},"properties":{"lp":"61","ac":"1.87","chaltha":"61"}},{"type":"Feature","geometry":{"type":"Polygon","coordinates":[[[79.421818,15.664651],[79.421956,15.665051],[79.422119,15.665526],[79.422326,15.665471],[79.422047,15.664584],[79.422003,15.664597],[79.421818,15.664651]]]},"properties":{"lp":"36","ac":"0.615","chaltha":"36"}},{"type":"Feature","geometry":{"type":"Polygon","coordinates":[[[79.422561,15.666893],[79.423072,15.667002],[79.42302,15.666791],[79.422561,15.666893]]]},"properties":{"lp":"31","ac":"0.15","chaltha":"31"}},{"type":"Feature","geometry":{"type":"Polygon","coordinates":[[[79.423072,15.667002],[79.424068,15.667214],[79.424001,15.66654],[79.423239,15.666739],[79.42302,15.666791],[79.423072,15.667002]]]},"properties":{"lp":"30","ac":"1.28","chaltha":"30"}},{"type":"Feature","geometry":{"type":"Polygon","coordinates":[[[79.426152,15.66764],[79.425646,15.666438],[79.424593,15.666713],[79.424676,15.666921],[79.424745,15.667095],[79.424886,15.66706],[79.424953,15.667043],[79.425098,15.667439],[79.426032,15.66764],[79.426152,15.66764]]]},"properties":{"lp":"25","ac":"3.056","chaltha":"25"}},{"type":"Feature","geometry":{"type":"Polygon","coordinates":[[[79.424886,15.66706],[79.424975,15.667412],[79.425098,15.667439],[79.424953,15.667043],[79.424886,15.66706]]]},"properties":{"lp":"27","ac":"0.103","chaltha":"27"}},{"type":"Feature","geometry":{"type":"Polygon","coordinates":[[[79.42461,15.667333],[79.424975,15.667412],[79.424886,15.66706],[79.424745,15.667095],[79.424676,15.666921],[79.424499,15.666968],[79.42461,15.667333]]]},"properties":{"lp":"28","ac":"0.381","chaltha":"28"}},{"type":"Feature","geometry":{"type":"Polygon","coordinates":[[[79.423967,15.666298],[79.42399,15.66646],[79.424001,15.66654],[79.424068,15.667214],[79.42461,15.667333],[79.424499,15.666968],[79.424676,15.666921],[79.424593,15.666713],[79.424474,15.666414],[79.423967,15.666298]]]},"properties":{"lp":"29","ac":"1.429","chaltha":"29"}},{"type":"Feature","geometry":{"type":"Polygon","coordinates":[[[79.423215,15.666656],[79.42399,15.66646],[79.423967,15.666298],[79.423931,15.666187],[79.423142,15.666399],[79.423215,15.666656]]]},"properties":{"lp":"51","ac":"0.65","chaltha":"51"}},{"type":"Feature","geometry":{"type":"Polygon","coordinates":[[[79.423142,15.666399],[79.423931,15.666187],[79.423905,15.666108],[79.423864,15.665982],[79.423816,15.665832],[79.42304,15.666044],[79.423063,15.66613],[79.423142,15.666399]]]},"properties":{"lp":"50","ac":"0.883","chaltha":"50"}},{"type":"Feature","geometry":{"type":"Polygon","coordinates":[[[79.422923,15.665635],[79.423683,15.665422],[79.423588,15.665131],[79.423474,15.665161],[79.423362,15.665192],[79.423097,15.665263],[79.423006,15.665287],[79.422837,15.665333],[79.422923,15.665635]]]},"properties":{"lp":"47","ac":"0.712","chaltha":"47"}},{"type":"Feature","geometry":{"type":"Polygon","coordinates":[[[79.422326,15.665471],[79.422449,15.665437],[79.422172,15.664547],[79.422047,15.664584],[79.422326,15.665471]]]},"properties":{"lp":"37","ac":"0.35","chaltha":"37"}},{"type":"Feature","geometry":{"type":"Polygon","coordinates":[[[79.422449,15.665437],[79.422545,15.665412],[79.422265,15.66452],[79.422228,15.664531],[79.422172,15.664547],[79.422449,15.665437]]]},"properties":{"lp":"38","ac":"0.27","chaltha":"38"}},{"type":"Feature","geometry":{"type":"Polygon","coordinates":[[[79.422265,15.66452],[79.422545,15.665412],[79.422649,15.665384],[79.422385,15.664485],[79.422326,15.664502],[79.422265,15.66452]]]},"properties":{"lp":"39","ac":"0.318","chaltha":"39"}},{"type":"Feature","geometry":{"type":"Polygon","coordinates":[[[79.422649,15.665384],[79.422745,15.665358],[79.422476,15.664458],[79.422431,15.664471],[79.422385,15.664485],[79.422649,15.665384]]]},"properties":{"lp":"40","ac":"0.268","chaltha":"40"}},{"type":"Feature","geometry":{"type":"Polygon","coordinates":[[[79.422156,15.666247],[79.423035,15.666026],[79.422987,15.665857],[79.422923,15.665635],[79.422837,15.665333],[79.422745,15.665358],[79.422649,15.665384],[79.422545,15.665412],[79.422449,15.665437],[79.422326,15.665471],[79.422119,15.665526],[79.422304,15.666065],[79.422113,15.666109],[79.422156,15.666247]]]},"properties":{"lp":"35","ac":"1.6","chaltha":"35"}},{"type":"Feature","geometry":{"type":"Polygon","coordinates":[[[79.42304,15.666044],[79.423816,15.665832],[79.423796,15.665771],[79.423744,15.665611],[79.422987,15.665857],[79.423035,15.666026],[79.42304,15.666044]]]},"properties":{"lp":"49","ac":"0.5","chaltha":"49"}},{"type":"Feature","geometry":{"type":"Polygon","coordinates":[[[79.422987,15.665857],[79.423744,15.665611],[79.423683,15.665422],[79.422923,15.665635],[79.422987,15.665857]]]},"properties":{"lp":"48","ac":"0.499","chaltha":"48"}},{"type":"Feature","geometry":{"type":"Polygon","coordinates":[[[79.422745,15.665358],[79.422837,15.665333],[79.422573,15.66443],[79.422532,15.664442],[79.422476,15.664458],[79.422745,15.665358]]]},"properties":{"lp":"41","ac":"0.269","chaltha":"41"}},{"type":"Feature","geometry":{"type":"Polygon","coordinates":[[[79.422837,15.665333],[79.423006,15.665287],[79.422752,15.664377],[79.422683,15.664398],[79.422573,15.66443],[79.422837,15.665333]]]},"properties":{"lp":"42","ac":"0.5","chaltha":"42"}},{"type":"Feature","geometry":{"type":"Polygon","coordinates":[[[79.422752,15.664377],[79.423006,15.665287],[79.423097,15.665263],[79.422842,15.664351],[79.422752,15.664377]]]},"properties":{"lp":"43","ac":"0.261","chaltha":"43"}},{"type":"Feature","geometry":{"type":"Polygon","coordinates":[[[79.423097,15.665263],[79.423362,15.665192],[79.423089,15.664279],[79.423073,15.664283],[79.4229,15.664334],[79.422842,15.664351],[79.423097,15.665263]]]},"properties":{"lp":"44","ac":"0.74","chaltha":"44"}},{"type":"Feature","geometry":{"type":"Polygon","coordinates":[[[79.423474,15.665161],[79.423588,15.665131],[79.423504,15.66487],[79.423414,15.664592],[79.423293,15.664219],[79.423193,15.664248],[79.423474,15.665161]]]},"properties":{"lp":"46","ac":"0.313","chaltha":"46"}},{"type":"Feature","geometry":{"type":"Polygon","coordinates":[[[79.411614,15.652632],[79.412003,15.653896],[79.41202,15.653948],[79.413051,15.653646],[79.412982,15.653386],[79.412893,15.653054],[79.412705,15.652376],[79.412284,15.652475],[79.411614,15.652632]]]},"properties":{"lp":"855","ac":"4.337","chaltha":"855"}},{"type":"Feature","geometry":{"type":"Polygon","coordinates":[[[79.410786,15.654222],[79.411215,15.654111],[79.411853,15.65394],[79.412003,15.653896],[79.411614,15.652632],[79.411048,15.652764],[79.410391,15.652903],[79.410786,15.654222]]]},"properties":{"lp":"856","ac":"4.962","chaltha":"856"}},{"type":"Feature","geometry":{"type":"Polygon","coordinates":[[[79.410429,15.654318],[79.410786,15.654222],[79.410391,15.652903],[79.409999,15.652987],[79.410429,15.654318]]]},"properties":{"lp":"857","ac":"1.563","chaltha":"857"}},{"type":"Feature","geometry":{"type":"Polygon","coordinates":[[[79.409582,15.654577],[79.409738,15.654529],[79.410429,15.654318],[79.409999,15.652987],[79.409171,15.653191],[79.409582,15.654577]]]},"properties":{"lp":"858","ac":"3.623","chaltha":"858"}},{"type":"Feature","geometry":{"type":"Polygon","coordinates":[[[79.409027,15.654747],[79.409582,15.654577],[79.409171,15.653191],[79.40869,15.653309],[79.408853,15.653881],[79.40864,15.653937],[79.409027,15.654747]]]},"properties":{"lp":"859","ac":"2.526","chaltha":"859"}},{"type":"Feature","geometry":{"type":"Polygon","coordinates":[[[79.40846,15.655103],[79.409027,15.654747],[79.40864,15.653937],[79.407958,15.654116],[79.407953,15.65425],[79.408323,15.654973],[79.40846,15.655103]]]},"properties":{"lp":"562","ac":"2.173","chaltha":"562"}},{"type":"Feature","geometry":{"type":"Polygon","coordinates":[[[79.40945,15.655874],[79.410058,15.65563],[79.409879,15.655295],[79.409985,15.655256],[79.409738,15.654529],[79.409582,15.654577],[79.409027,15.654747],[79.40945,15.655874]]]},"properties":{"lp":"566","ac":"2.4","chaltha":"566"}},{"type":"Feature","geometry":{"type":"Polygon","coordinates":[[[79.408334,15.655182],[79.40846,15.655103],[79.408323,15.654973],[79.407953,15.65425],[79.407958,15.654116],[79.407835,15.654148],[79.408334,15.655182]]]},"properties":{"lp":"561","ac":"0.27","chaltha":"561"}},{"type":"Feature","geometry":{"type":"Polygon","coordinates":[[[79.409181,15.655982],[79.40945,15.655874],[79.409027,15.654747],[79.40846,15.655103],[79.408576,15.65519],[79.408753,15.655375],[79.408909,15.655596],[79.409181,15.655982]]]},"properties":{"lp":"565","ac":"1.52","chaltha":"565"}},{"type":"Feature","geometry":{"type":"Polygon","coordinates":[[[79.408973,15.656066],[79.40907,15.656027],[79.409181,15.655982],[79.408909,15.655596],[79.408758,15.655671],[79.408973,15.656066]]]},"properties":{"lp":"564","ac":"0.261","chaltha":"564"}},{"type":"Feature","geometry":{"type":"Polygon","coordinates":[[[79.408334,15.655182],[79.408517,15.655229],[79.408758,15.655671],[79.408909,15.655596],[79.408753,15.655375],[79.408576,15.65519],[79.40846,15.655103],[79.408334,15.655182]]]},"properties":{"lp":"563","ac":"0.237","chaltha":"563"}},{"type":"Feature","geometry":{"type":"Polygon","coordinates":[[[79.411664,15.655101],[79.413272,15.654491],[79.413162,15.65407],[79.412049,15.654414],[79.411466,15.654594],[79.411524,15.654705],[79.411664,15.655101]]]},"properties":{"lp":"572","ac":"2.494","chaltha":"572"}},{"type":"Feature","geometry":{"type":"Polygon","coordinates":[[[79.411055,15.654863],[79.411524,15.654705],[79.411466,15.654594],[79.411215,15.654111],[79.410786,15.654222],[79.411055,15.654863]]]},"properties":{"lp":"568","ac":"0.925","chaltha":"568"}},{"type":"Feature","geometry":{"type":"Polygon","coordinates":[[[79.411466,15.654594],[79.412049,15.654414],[79.411853,15.65394],[79.411215,15.654111],[79.411466,15.654594]]]},"properties":{"lp":"569","ac":"0.971","chaltha":"569"}},{"type":"Feature","geometry":{"type":"Polygon","coordinates":[[[79.41202,15.653948],[79.412075,15.654143],[79.413107,15.653857],[79.413065,15.653699],[79.413051,15.653646],[79.41202,15.653948]]]},"properties":{"lp":"570","ac":"0.662","chaltha":"570"}},{"type":"Feature","geometry":{"type":"Polygon","coordinates":[[[79.412003,15.653896],[79.411853,15.65394],[79.412049,15.654414],[79.413162,15.65407],[79.413107,15.653857],[79.412075,15.654143],[79.41202,15.653948],[79.412003,15.653896]]]},"properties":{"lp":"571","ac":"0.929","chaltha":"571"}},{"type":"Feature","geometry":{"type":"Polygon","coordinates":[[[79.411664,15.655101],[79.411825,15.655566],[79.413416,15.654879],[79.413272,15.654491],[79.411664,15.655101]]]},"properties":{"lp":"573","ac":"2.289","chaltha":"573"}},{"type":"Feature","geometry":{"type":"Polygon","coordinates":[[[79.411825,15.655566],[79.411838,15.655604],[79.411979,15.656011],[79.412159,15.656531],[79.413748,15.655777],[79.413416,15.654879],[79.411825,15.655566]]]},"properties":{"lp":"574","ac":"5.047","chaltha":"574"}},{"type":"Feature","geometry":{"type":"Polygon","coordinates":[[[79.411327,15.656726],[79.411597,15.656663],[79.411831,15.656608],[79.412048,15.656557],[79.412159,15.656531],[79.411979,15.656011],[79.410911,15.656367],[79.411327,15.656726]]]},"properties":{"lp":"538","ac":"1.466","chaltha":"538"}},{"type":"Feature","geometry":{"type":"Polygon","coordinates":[[[79.410911,15.656367],[79.411979,15.656011],[79.411838,15.655604],[79.410543,15.656049],[79.410748,15.656226],[79.410911,15.656367]]]},"properties":{"lp":"539","ac":"1.554","chaltha":"539"}},{"type":"Feature","geometry":{"type":"Polygon","coordinates":[[[79.409181,15.655982],[79.409483,15.656691],[79.410748,15.656226],[79.410543,15.656049],[79.410058,15.65563],[79.40945,15.655874],[79.409181,15.655982]]]},"properties":{"lp":"541","ac":"2.642","chaltha":"541"}},{"type":"Feature","geometry":{"type":"Polygon","coordinates":[[[79.40907,15.656027],[79.408973,15.656066],[79.409567,15.657335],[79.409666,15.657302],[79.409396,15.656723],[79.40907,15.656027]]]},"properties":{"lp":"545","ac":"0.428","chaltha":"545"}},{"type":"Feature","geometry":{"type":"Polygon","coordinates":[[[79.409666,15.657302],[79.409687,15.657294],[79.409483,15.656691],[79.409396,15.656723],[79.409666,15.657302]]]},"properties":{"lp":"543","ac":"0.108","chaltha":"543"}},{"type":"Feature","geometry":{"type":"Polygon","coordinates":[[[79.409396,15.656723],[79.409483,15.656691],[79.409181,15.655982],[79.40907,15.656027],[79.409396,15.656723]]]},"properties":{"lp":"544","ac":"0.239","chaltha":"544"}},{"type":"Feature","geometry":{"type":"Polygon","coordinates":[[[79.409687,15.657294],[79.410054,15.657169],[79.410325,15.657074],[79.411327,15.656726],[79.410911,15.656367],[79.410748,15.656226],[79.409483,15.656691],[79.409687,15.657294]]]},"properties":{"lp":"542","ac":"2.943","chaltha":"542"}},{"type":"Feature","geometry":{"type":"Polygon","coordinates":[[[79.408108,15.657286],[79.408772,15.657131],[79.40872,15.656955],[79.40805,15.657114],[79.408108,15.657286]]]},"properties":{"lp":"550","ac":"0.365","chaltha":"550"}},{"type":"Feature","geometry":{"type":"Polygon","coordinates":[[[79.407992,15.656942],[79.40805,15.657114],[79.40872,15.656955],[79.408669,15.656781],[79.407992,15.656942]]]},"properties":{"lp":"551","ac":"0.367","chaltha":"551"}},{"type":"Feature","geometry":{"type":"Polygon","coordinates":[[[79.407992,15.656942],[79.408669,15.656781],[79.40862,15.656611],[79.407946,15.656805],[79.407992,15.656942]]]},"properties":{"lp":"552","ac":"0.329","chaltha":"552"}},{"type":"Feature","geometry":{"type":"Polygon","coordinates":[[[79.407946,15.656805],[79.40862,15.656611],[79.408544,15.656354],[79.407862,15.656546],[79.407914,15.65671],[79.407946,15.656805]]]},"properties":{"lp":"553","ac":"0.559","chaltha":"553"}},{"type":"Feature","geometry":{"type":"Polygon","coordinates":[[[79.407783,15.656304],[79.408475,15.656119],[79.408466,15.656088],[79.408558,15.655875],[79.408408,15.655602],[79.407627,15.655817],[79.407783,15.656304]]]},"properties":{"lp":"555","ac":"1.229","chaltha":"555"}},{"type":"Feature","geometry":{"type":"Polygon","coordinates":[[[79.407627,15.655817],[79.408408,15.655602],[79.40816,15.655152],[79.407474,15.655339],[79.407627,15.655817]]]},"properties":{"lp":"556","ac":"1.115","chaltha":"556"}},{"type":"Feature","geometry":{"type":"Polygon","coordinates":[[[79.407474,15.655339],[79.40816,15.655152],[79.408067,15.654985],[79.407418,15.655167],[79.407474,15.655339]]]},"properties":{"lp":"557","ac":"0.372","chaltha":"557"}},{"type":"Feature","geometry":{"type":"Polygon","coordinates":[[[79.407418,15.655167],[79.408067,15.654985],[79.407966,15.654802],[79.407363,15.654994],[79.407418,15.655167]]]},"properties":{"lp":"558","ac":"0.37","chaltha":"558"}},{"type":"Feature","geometry":{"type":"Polygon","coordinates":[[[79.407363,15.654994],[79.407966,15.654802],[79.407874,15.654634],[79.407308,15.654822],[79.407363,15.654994]]]},"properties":{"lp":"559","ac":"0.333","chaltha":"559"}},{"type":"Feature","geometry":{"type":"Polygon","coordinates":[[[79.407308,15.654822],[79.407874,15.654634],[79.407795,15.654491],[79.407227,15.654571],[79.407308,15.654822]]]},"properties":{"lp":"560","ac":"0.359","chaltha":"560"}},{"type":"Feature","geometry":{"type":"Polygon","coordinates":[[[79.411789,15.658339],[79.412089,15.658281],[79.411597,15.656663],[79.411327,15.656726],[79.411432,15.657093],[79.411522,15.657396],[79.411604,15.657676],[79.411688,15.657979],[79.411757,15.658227],[79.411789,15.658339]]]},"properties":{"lp":"575","ac":"1.426","chaltha":"575"}},{"type":"Feature","geometry":{"type":"Polygon","coordinates":[[[79.413374,15.658029],[79.413501,15.658004],[79.413597,15.657986],[79.413058,15.656225],[79.412843,15.656298],[79.413374,15.658029]]]},"properties":{"lp":"582","ac":"1.211","chaltha":"582"}},{"type":"Feature","geometry":{"type":"Polygon","coordinates":[[[79.413597,15.657986],[79.413819,15.657942],[79.414082,15.657872],[79.414366,15.657796],[79.414342,15.657716],[79.414141,15.657023],[79.413809,15.655969],[79.413058,15.656225],[79.413597,15.657986]]]},"properties":{"lp":"583","ac":"4.397","chaltha":"583"}},{"type":"Feature","geometry":{"type":"Polygon","coordinates":[[[79.412159,15.656531],[79.412241,15.656503],[79.412455,15.65643],[79.41265,15.656364],[79.412843,15.656298],[79.413058,15.656225],[79.413809,15.655969],[79.413748,15.655777],[79.412159,15.656531]]]},"properties":{"lp":"584","ac":"0.515","chaltha":"584"}},{"type":"Feature","geometry":{"type":"Polygon","coordinates":[[[79.413166,15.65807],[79.413181,15.658067],[79.413374,15.658029],[79.412843,15.656298],[79.41265,15.656364],[79.413166,15.65807]]]},"properties":{"lp":"581","ac":"1.092","chaltha":"581"}},{"type":"Feature","geometry":{"type":"Polygon","coordinates":[[[79.41265,15.656364],[79.412455,15.65643],[79.412959,15.65811],[79.413166,15.65807],[79.41265,15.656364]]]},"properties":{"lp":"580","ac":"1.077","chaltha":"580"}},{"type":"Feature","geometry":{"type":"Polygon","coordinates":[[[79.412455,15.65643],[79.412241,15.656503],[79.412733,15.658155],[79.412959,15.65811],[79.412455,15.65643]]]},"properties":{"lp":"579","ac":"1.16","chaltha":"579"}},{"type":"Feature","geometry":{"type":"Polygon","coordinates":[[[79.41251,15.658198],[79.412539,15.658193],[79.412733,15.658155],[79.412241,15.656503],[79.412159,15.656531],[79.412048,15.656557],[79.41251,15.658198]]]},"properties":{"lp":"578","ac":"1.072","chaltha":"578"}},{"type":"Feature","geometry":{"type":"Polygon","coordinates":[[[79.411831,15.656608],[79.412303,15.658239],[79.412396,15.65822],[79.41251,15.658198],[79.412048,15.656557],[79.411831,15.656608]]]},"properties":{"lp":"577","ac":"1.08","chaltha":"577"}},{"type":"Feature","geometry":{"type":"Polygon","coordinates":[[[79.412089,15.658281],[79.412303,15.658239],[79.411831,15.656608],[79.411597,15.656663],[79.412089,15.658281]]]},"properties":{"lp":"576","ac":"1.134","chaltha":"576"}},{"type":"Feature","geometry":{"type":"Polygon","coordinates":[[[79.410797,15.659326],[79.410897,15.659301],[79.410829,15.659037],[79.41076,15.658768],[79.410694,15.658514],[79.410624,15.658241],[79.41055,15.657953],[79.410479,15.657673],[79.410405,15.657388],[79.410325,15.657074],[79.410054,15.657169],[79.410797,15.659326]]]},"properties":{"lp":"529","ac":"1.305","chaltha":"529"}},{"type":"Feature","geometry":{"type":"Polygon","coordinates":[[[79.410897,15.659301],[79.411385,15.659181],[79.411998,15.659029],[79.411917,15.658762],[79.410829,15.659037],[79.410897,15.659301]]]},"properties":{"lp":"530","ac":"0.913","chaltha":"530"}},{"type":"Feature","geometry":{"type":"Polygon","coordinates":[[[79.410829,15.659037],[79.411917,15.658762],[79.411835,15.658491],[79.41076,15.658768],[79.410829,15.659037]]]},"properties":{"lp":"531","ac":"0.917","chaltha":"531"}},{"type":"Feature","geometry":{"type":"Polygon","coordinates":[[[79.41076,15.658768],[79.411835,15.658491],[79.411789,15.658339],[79.411757,15.658227],[79.410694,15.658514],[79.41076,15.658768]]]},"properties":{"lp":"532","ac":"0.87","chaltha":"532"}},{"type":"Feature","geometry":{"type":"Polygon","coordinates":[[[79.410624,15.658241],[79.410694,15.658514],[79.411757,15.658227],[79.411688,15.657979],[79.410624,15.658241]]]},"properties":{"lp":"533","ac":"0.868","chaltha":"533"}},{"type":"Feature","geometry":{"type":"Polygon","coordinates":[[[79.410624,15.658241],[79.411688,15.657979],[79.411604,15.657676],[79.41055,15.657953],[79.410624,15.658241]]]},"properties":{"lp":"534","ac":"0.979","chaltha":"534"}},{"type":"Feature","geometry":{"type":"Polygon","coordinates":[[[79.41055,15.657953],[79.411604,15.657676],[79.411522,15.657396],[79.410479,15.657673],[79.41055,15.657953]]]},"properties":{"lp":"535","ac":"0.924","chaltha":"535"}},{"type":"Feature","geometry":{"type":"Polygon","coordinates":[[[79.410479,15.657673],[79.411522,15.657396],[79.411432,15.657093],[79.410405,15.657388],[79.410479,15.657673]]]},"properties":{"lp":"536","ac":"0.96","chaltha":"536"}},{"type":"Feature","geometry":{"type":"Polygon","coordinates":[[[79.410405,15.657388],[79.411432,15.657093],[79.411327,15.656726],[79.410325,15.657074],[79.410405,15.657388]]]},"properties":{"lp":"537","ac":"1.1","chaltha":"537"}},{"type":"Feature","geometry":{"type":"Polygon","coordinates":[[[79.414342,15.657716],[79.41461,15.657643],[79.414884,15.657569],[79.414928,15.657557],[79.415896,15.657295],[79.415707,15.656538],[79.415561,15.656583],[79.414746,15.656836],[79.414141,15.657023],[79.414342,15.657716]]]},"properties":{"lp":"498","ac":"3.574","chaltha":"498"}},{"type":"Feature","geometry":{"type":"Polygon","coordinates":[[[79.415707,15.656538],[79.415896,15.657295],[79.416172,15.657209],[79.416005,15.656446],[79.415707,15.656538]]]},"properties":{"lp":"499","ac":"0.686","chaltha":"499"}},{"type":"Feature","geometry":{"type":"Polygon","coordinates":[[[79.41625,15.65637],[79.416005,15.656446],[79.416172,15.657209],[79.416441,15.657125],[79.416375,15.656842],[79.41625,15.65637]]]},"properties":{"lp":"490","ac":"0.62","chaltha":"490"}},{"type":"Feature","geometry":{"type":"Polygon","coordinates":[[[79.416147,15.658299],[79.416402,15.658256],[79.416212,15.65739],[79.415938,15.657464],[79.416147,15.658299]]]},"properties":{"lp":"503","ac":"0.693","chaltha":"503"}},{"type":"Feature","geometry":{"type":"Polygon","coordinates":[[[79.415938,15.657464],[79.416212,15.65739],[79.416172,15.657209],[79.415896,15.657295],[79.415938,15.657464]]]},"properties":{"lp":"500","ac":"0.151","chaltha":"500"}},{"type":"Feature","geometry":{"type":"Polygon","coordinates":[[[79.416212,15.65739],[79.416402,15.658256],[79.416691,15.658207],[79.416647,15.658018],[79.416555,15.65762],[79.416485,15.657317],[79.416212,15.65739]]]},"properties":{"lp":"502","ac":"0.759","chaltha":"502"}},{"type":"Feature","geometry":{"type":"Polygon","coordinates":[[[79.416212,15.65739],[79.416485,15.657317],[79.416441,15.657125],[79.416172,15.657209],[79.416212,15.65739]]]},"properties":{"lp":"501","ac":"0.158","chaltha":"501"}},{"type":"Feature","geometry":{"type":"Polygon","coordinates":[[[79.416555,15.65762],[79.417073,15.657506],[79.416998,15.657203],[79.416753,15.657264],[79.416485,15.657317],[79.416555,15.65762]]]},"properties":{"lp":"484","ac":"0.478","chaltha":"484"}},{"type":"Feature","geometry":{"type":"Polygon","coordinates":[[[79.416691,15.658207],[79.416877,15.658176],[79.417052,15.658125],[79.417214,15.658078],[79.417172,15.657907],[79.416647,15.658018],[79.416691,15.658207]]]},"properties":{"lp":"482","ac":"0.303","chaltha":"482"}},{"type":"Feature","geometry":{"type":"Polygon","coordinates":[[[79.416647,15.658018],[79.417172,15.657907],[79.417073,15.657506],[79.416555,15.65762],[79.416647,15.658018]]]},"properties":{"lp":"483","ac":"0.642","chaltha":"483"}},{"type":"Feature","geometry":{"type":"Polygon","coordinates":[[[79.416485,15.657317],[79.416753,15.657264],[79.416683,15.657042],[79.416441,15.657125],[79.416485,15.657317]]]},"properties":{"lp":"486","ac":"0.166","chaltha":"486"}},{"type":"Feature","geometry":{"type":"Polygon","coordinates":[[[79.416753,15.657264],[79.416998,15.657203],[79.41694,15.656968],[79.416683,15.657042],[79.416753,15.657264]]]},"properties":{"lp":"485","ac":"0.181","chaltha":"485"}},{"type":"Feature","geometry":{"type":"Polygon","coordinates":[[[79.416441,15.657125],[79.416683,15.657042],[79.416606,15.656784],[79.416375,15.656842],[79.416441,15.657125]]]},"properties":{"lp":"487","ac":"0.202","chaltha":"487"}},{"type":"Feature","geometry":{"type":"Polygon","coordinates":[[[79.416683,15.657042],[79.41694,15.656968],[79.416854,15.656722],[79.416606,15.656784],[79.416683,15.657042]]]},"properties":{"lp":"488","ac":"0.203","chaltha":"488"}},{"type":"Feature","geometry":{"type":"Polygon","coordinates":[[[79.416375,15.656842],[79.416606,15.656784],[79.416854,15.656722],[79.416702,15.656283],[79.416408,15.656321],[79.41625,15.65637],[79.416375,15.656842]]]},"properties":{"lp":"489","ac":"0.676","chaltha":"489"}},{"type":"Feature","geometry":{"type":"Polygon","coordinates":[[[79.413819,15.657942],[79.413997,15.65853],[79.414035,15.658657],[79.414302,15.658611],[79.414082,15.657872],[79.413819,15.657942]]]},"properties":{"lp":"509","ac":"0.602","chaltha":"509"}},{"type":"Feature","geometry":{"type":"Polygon","coordinates":[[[79.414302,15.658611],[79.414631,15.658556],[79.414366,15.657796],[79.414082,15.657872],[79.414302,15.658611]]]},"properties":{"lp":"508","ac":"0.72","chaltha":"508"}},{"type":"Feature","geometry":{"type":"Polygon","coordinates":[[[79.414631,15.658556],[79.414894,15.658511],[79.41461,15.657643],[79.414342,15.657716],[79.414366,15.657796],[79.414631,15.658556]]]},"properties":{"lp":"507","ac":"0.72","chaltha":"507"}},{"type":"Feature","geometry":{"type":"Polygon","coordinates":[[[79.414894,15.658511],[79.41514,15.658469],[79.414884,15.657569],[79.41461,15.657643],[79.414894,15.658511]]]},"properties":{"lp":"506","ac":"0.72","chaltha":"506"}},{"type":"Feature","geometry":{"type":"Polygon","coordinates":[[[79.415183,15.658462],[79.416147,15.658299],[79.415938,15.657464],[79.415896,15.657295],[79.414928,15.657557],[79.415183,15.658462]]]},"properties":{"lp":"504","ac":"2.86","chaltha":"504"}},{"type":"Feature","geometry":{"type":"Polygon","coordinates":[[[79.41736,15.660341],[79.417533,15.660303],[79.417052,15.658125],[79.416877,15.658176],[79.41699,15.658684],[79.417058,15.658987],[79.41736,15.660341]]]},"properties":{"lp":"480","ac":"1.17","chaltha":"480"}},{"type":"Feature","geometry":{"type":"Polygon","coordinates":[[[79.417533,15.660303],[79.41776,15.660252],[79.417662,15.65986],[79.417214,15.658078],[79.417052,15.658125],[79.417533,15.660303]]]},"properties":{"lp":"481","ac":"1.316","chaltha":"481"}},{"type":"Feature","geometry":{"type":"Polygon","coordinates":[[[79.414141,15.657023],[79.414746,15.656836],[79.414556,15.656187],[79.414373,15.655567],[79.41389,15.65573],[79.413748,15.655777],[79.413809,15.655969],[79.414141,15.657023]]]},"properties":{"lp":"496","ac":"2.49","chaltha":"496"}},{"type":"Feature","geometry":{"type":"Polygon","coordinates":[[[79.414746,15.656836],[79.415561,15.656583],[79.415362,15.655961],[79.414973,15.65607],[79.414556,15.656187],[79.414746,15.656836]]]},"properties":{"lp":"497","ac":"1.647","chaltha":"497"}},{"type":"Feature","geometry":{"type":"Polygon","coordinates":[[[79.415362,15.655961],[79.415561,15.656583],[79.415707,15.656538],[79.416005,15.656446],[79.41625,15.65637],[79.416408,15.656321],[79.416172,15.655733],[79.415779,15.655843],[79.415403,15.655949],[79.415362,15.655961]]]},"properties":{"lp":"491","ac":"1.626","chaltha":"491"}},{"type":"Feature","geometry":{"type":"Polygon","coordinates":[[[79.414556,15.656187],[79.414973,15.65607],[79.414784,15.655428],[79.414373,15.655567],[79.414556,15.656187]]]},"properties":{"lp":"495","ac":"0.836","chaltha":"495"}},{"type":"Feature","geometry":{"type":"Polygon","coordinates":[[[79.414973,15.65607],[79.415362,15.655961],[79.415403,15.655949],[79.41515,15.655305],[79.414784,15.655428],[79.414973,15.65607]]]},"properties":{"lp":"494","ac":"0.827","chaltha":"494"}},{"type":"Feature","geometry":{"type":"Polygon","coordinates":[[[79.415403,15.655949],[79.415779,15.655843],[79.415541,15.655173],[79.415403,15.65522],[79.41515,15.655305],[79.415403,15.655949]]]},"properties":{"lp":"493","ac":"0.825","chaltha":"493"}},{"type":"Feature","geometry":{"type":"Polygon","coordinates":[[[79.415779,15.655843],[79.416172,15.655733],[79.415899,15.655053],[79.415541,15.655173],[79.415779,15.655843]]]},"properties":{"lp":"492","ac":"0.828","chaltha":"492"}},{"type":"Feature","geometry":{"type":"Polygon","coordinates":[[[79.413844,15.659187],[79.414172,15.659109],[79.414035,15.658657],[79.413997,15.65853],[79.413679,15.658607],[79.413844,15.659187]]]},"properties":{"lp":"511","ac":"0.587","chaltha":"511"}},{"type":"Feature","geometry":{"type":"Polygon","coordinates":[[[79.413679,15.658607],[79.413997,15.65853],[79.413819,15.657942],[79.413597,15.657986],[79.413501,15.658004],[79.413679,15.658607]]]},"properties":{"lp":"510","ac":"0.591","chaltha":"510"}},{"type":"Feature","geometry":{"type":"Polygon","coordinates":[[[79.413844,15.659187],[79.413679,15.658607],[79.413501,15.658004],[79.413374,15.658029],[79.413181,15.658067],[79.413537,15.659258],[79.413844,15.659187]]]},"properties":{"lp":"512","ac":"1.165","chaltha":"512"}},{"type":"Feature","geometry":{"type":"Polygon","coordinates":[[[79.413537,15.659258],[79.413181,15.658067],[79.413166,15.65807],[79.412959,15.65811],[79.412733,15.658155],[79.412539,15.658193],[79.412897,15.65939],[79.413537,15.659258]]]},"properties":{"lp":"513","ac":"2.379","chaltha":"513"}},{"type":"Feature","geometry":{"type":"Polygon","coordinates":[[[79.412198,15.659538],[79.412296,15.659782],[79.414246,15.659353],[79.414208,15.659228],[79.414172,15.659109],[79.413844,15.659187],[79.413537,15.659258],[79.412897,15.65939],[79.412755,15.659421],[79.412198,15.659538]]]},"properties":{"lp":"516","ac":"1.48","chaltha":"516"}},{"type":"Feature","geometry":{"type":"Polygon","coordinates":[[[79.412296,15.659782],[79.412403,15.660002],[79.413427,15.659778],[79.414316,15.659584],[79.414302,15.659536],[79.414246,15.659353],[79.412296,15.659782]]]},"properties":{"lp":"517","ac":"1.388","chaltha":"517"}},{"type":"Feature","geometry":{"type":"Polygon","coordinates":[[[79.412871,15.660727],[79.413569,15.660571],[79.414058,15.660461],[79.414549,15.660351],[79.414467,15.66008],[79.412752,15.660452],[79.412871,15.660727]]]},"properties":{"lp":"521","ac":"1.468","chaltha":"521"}},{"type":"Feature","geometry":{"type":"Polygon","coordinates":[[[79.412403,15.660002],[79.412472,15.660144],[79.412599,15.660211],[79.4135,15.660016],[79.413427,15.659778],[79.412403,15.660002]]]},"properties":{"lp":"519","ac":"0.734","chaltha":"519"}},{"type":"Feature","geometry":{"type":"Polygon","coordinates":[[[79.4135,15.660016],[79.414389,15.659824],[79.414316,15.659584],[79.413427,15.659778],[79.4135,15.660016]]]},"properties":{"lp":"518","ac":"0.665","chaltha":"518"}},{"type":"Feature","geometry":{"type":"Polygon","coordinates":[[[79.412599,15.660211],[79.412658,15.660243],[79.412752,15.660452],[79.414467,15.66008],[79.414389,15.659824],[79.4135,15.660016],[79.412599,15.660211]]]},"properties":{"lp":"520","ac":"1.389","chaltha":"520"}},{"type":"Feature","geometry":{"type":"Polygon","coordinates":[[[79.4277,15.671362],[79.42691,15.671401],[79.426997,15.671893],[79.428199,15.671995],[79.427714,15.67017],[79.427304,15.670545],[79.427368,15.670883],[79.4277,15.671362]]]},"properties":{"lp":"6","ac":"3.326","chaltha":"6"}},{"type":"Feature","geometry":{"type":"Polygon","coordinates":[[[79.425595,15.671216],[79.425801,15.671281],[79.426103,15.67132],[79.426385,15.671234],[79.42691,15.671401],[79.4277,15.671362],[79.427368,15.670883],[79.427304,15.670545],[79.427714,15.67017],[79.427657,15.66993],[79.427308,15.669996],[79.426983,15.669882],[79.425693,15.669692],[79.425749,15.669921],[79.425285,15.670047],[79.425228,15.670315],[79.425457,15.670862],[79.425595,15.671216]]]},"properties":{"lp":"7","ac":"9.059","chaltha":"7"}},{"type":"Feature","geometry":{"type":"Polygon","coordinates":[[[79.425285,15.670047],[79.425749,15.669921],[79.425693,15.669692],[79.426983,15.669882],[79.427308,15.669996],[79.427657,15.66993],[79.427013,15.668938],[79.426075,15.668902],[79.425551,15.668881],[79.424969,15.668859],[79.424446,15.668838],[79.425285,15.670047]]]},"properties":{"lp":"8","ac":"7.172","chaltha":"8"}},{"type":"Feature","geometry":{"type":"Polygon","coordinates":[[[79.42341,15.670987],[79.42398,15.670793],[79.425228,15.670315],[79.425285,15.670047],[79.424446,15.668838],[79.424292,15.669046],[79.424173,15.669206],[79.424049,15.669373],[79.423882,15.669598],[79.423744,15.669784],[79.423612,15.669961],[79.423319,15.670356],[79.423392,15.67066],[79.42341,15.670987]]]},"properties":{"lp":"214","ac":"6.394","chaltha":"214"}},{"type":"Feature","geometry":{"type":"Polygon","coordinates":[[[79.422573,15.670266],[79.422652,15.670694],[79.422723,15.67069],[79.422813,15.671049],[79.4231,15.671008],[79.42321,15.671199],[79.42341,15.670987],[79.423392,15.67066],[79.423319,15.670356],[79.422877,15.670246],[79.422757,15.670216],[79.422681,15.670237],[79.422573,15.670266]]]},"properties":{"lp":"215","ac":"1.592","chaltha":"215"}},{"type":"Feature","geometry":{"type":"Polygon","coordinates":[[[79.421431,15.67055],[79.421449,15.670803],[79.42168,15.670742],[79.421824,15.670935],[79.422419,15.671034],[79.422403,15.671103],[79.42267,15.671161],[79.42298,15.671379],[79.423197,15.671381],[79.42321,15.671199],[79.4231,15.671008],[79.422813,15.671049],[79.422723,15.67069],[79.422652,15.670694],[79.422573,15.670266],[79.422497,15.670287],[79.422313,15.670336],[79.422184,15.670371],[79.422114,15.670343],[79.422048,15.670316],[79.421915,15.67034],[79.421717,15.670376],[79.421511,15.670501],[79.421431,15.67055]]]},"properties":{"lp":"262","ac":"2.616","chaltha":"262"}},{"type":"Feature","geometry":{"type":"Polygon","coordinates":[[[79.424274,15.668526],[79.424289,15.668612],[79.424446,15.668838],[79.424969,15.668859],[79.424941,15.668601],[79.424871,15.668603],[79.424572,15.668565],[79.424274,15.668526]]]},"properties":{"lp":"9","ac":"0.488","chaltha":"9"}},{"type":"Feature","geometry":{"type":"Polygon","coordinates":[[[79.424274,15.668526],[79.424572,15.668565],[79.424514,15.6681],[79.424504,15.66802],[79.424334,15.66804],[79.42419,15.668058],[79.424274,15.668526]]]},"properties":{"lp":"11","ac":"0.455","chaltha":"11"}},{"type":"Feature","geometry":{"type":"Polygon","coordinates":[[[79.424572,15.668565],[79.424871,15.668603],[79.424842,15.668128],[79.424838,15.668063],[79.424514,15.6681],[79.424572,15.668565]]]},"properties":{"lp":"10","ac":"0.459","chaltha":"10"}},{"type":"Feature","geometry":{"type":"Polygon","coordinates":[[[79.424871,15.668603],[79.424941,15.668601],[79.425259,15.668591],[79.425225,15.668163],[79.424842,15.668128],[79.424871,15.668603]]]},"properties":{"lp":"16","ac":"0.508","chaltha":"16"}},{"type":"Feature","geometry":{"type":"Polygon","coordinates":[[[79.424969,15.668859],[79.425551,15.668881],[79.425544,15.668582],[79.425462,15.668585],[79.425259,15.668591],[79.424941,15.668601],[79.424969,15.668859]]]},"properties":{"lp":"18","ac":"0.483","chaltha":"18"}},{"type":"Feature","geometry":{"type":"Polygon","coordinates":[[[79.424448,15.667579],[79.424504,15.66802],[79.424514,15.6681],[79.424838,15.668063],[79.424813,15.667657],[79.424448,15.667579]]]},"properties":{"lp":"14","ac":"0.464","chaltha":"14"}},{"type":"Feature","geometry":{"type":"Polygon","coordinates":[[[79.424842,15.668128],[79.425225,15.668163],[79.42519,15.667738],[79.424813,15.667657],[79.424838,15.668063],[79.424842,15.668128]]]},"properties":{"lp":"15","ac":"0.495","chaltha":"15"}},{"type":"Feature","geometry":{"type":"Polygon","coordinates":[[[79.425259,15.668591],[79.425462,15.668585],[79.425395,15.667781],[79.42519,15.667738],[79.425225,15.668163],[79.425259,15.668591]]]},"properties":{"lp":"17","ac":"0.492","chaltha":"17"}},{"type":"Feature","geometry":{"type":"Polygon","coordinates":[[[79.425462,15.668585],[79.425544,15.668582],[79.425673,15.668578],[79.4256,15.667825],[79.425395,15.667781],[79.425462,15.668585]]]},"properties":{"lp":"19","ac":"0.47","chaltha":"19"}},{"type":"Feature","geometry":{"type":"Polygon","coordinates":[[[79.425673,15.668578],[79.425907,15.668571],[79.425828,15.667873],[79.4256,15.667825],[79.425673,15.668578]]]},"properties":{"lp":"20","ac":"0.486","chaltha":"20"}},{"type":"Feature","geometry":{"type":"Polygon","coordinates":[[[79.425907,15.668571],[79.42607,15.668566],[79.426164,15.668563],[79.426083,15.667928],[79.425828,15.667873],[79.425907,15.668571]]]},"properties":{"lp":"23","ac":"0.495","chaltha":"23"}},{"type":"Feature","geometry":{"type":"Polygon","coordinates":[[[79.426075,15.668902],[79.427013,15.668938],[79.426164,15.668563],[79.42607,15.668566],[79.426075,15.668902]]]},"properties":{"lp":"22","ac":"0.516","chaltha":"22"}},{"type":"Feature","geometry":{"type":"Polygon","coordinates":[[[79.425551,15.668881],[79.426075,15.668902],[79.42607,15.668566],[79.425907,15.668571],[79.425673,15.668578],[79.425544,15.668582],[79.425551,15.668881]]]},"properties":{"lp":"21","ac":"0.488","chaltha":"21"}},{"type":"Feature","geometry":{"type":"Polygon","coordinates":[[[79.421048,15.662857],[79.42242,15.662468],[79.42229,15.662075],[79.422285,15.6621],[79.422253,15.662119],[79.421048,15.662857]]]},"properties":{"lp":"78","ac":"0.826","chaltha":"78"}},{"type":"Feature","geometry":{"type":"Polygon","coordinates":[[[79.412007,15.666252],[79.412092,15.66625],[79.412067,15.666011],[79.411989,15.666023],[79.412007,15.666252]]]},"properties":{"lp":"390","ac":"0.056","chaltha":"390"}},{"type":"Feature","geometry":{"type":"Polygon","coordinates":[[[79.411989,15.666023],[79.412067,15.666011],[79.412042,15.665777],[79.411973,15.66583],[79.411989,15.666023]]]},"properties":{"lp":"391","ac":"0.048","chaltha":"391"}},{"type":"Feature","geometry":{"type":"Polygon","coordinates":[[[79.412067,15.666011],[79.412216,15.665988],[79.412275,15.666246],[79.412432,15.666243],[79.412371,15.665941],[79.412356,15.665944],[79.412246,15.665966],[79.412209,15.665649],[79.412042,15.665777],[79.412067,15.666011]]]},"properties":{"lp":"388","ac":"0.287","chaltha":"388"}},{"type":"Feature","geometry":{"type":"Polygon","coordinates":[[[79.412092,15.66625],[79.412275,15.666246],[79.412216,15.665988],[79.412067,15.666011],[79.412092,15.66625]]]},"properties":{"lp":"389","ac":"0.123","chaltha":"389"}},{"type":"Feature","geometry":{"type":"Polygon","coordinates":[[[79.412432,15.666243],[79.41259,15.666239],[79.412452,15.665523],[79.412389,15.665513],[79.412299,15.665581],[79.412356,15.665944],[79.412371,15.665941],[79.412432,15.666243]]]},"properties":{"lp":"386","ac":"0.342","chaltha":"386"}},{"type":"Feature","geometry":{"type":"Polygon","coordinates":[[[79.412209,15.665649],[79.412246,15.665966],[79.412356,15.665944],[79.412299,15.665581],[79.412209,15.665649]]]},"properties":{"lp":"387","ac":"0.106","chaltha":"387"}},{"type":"Feature","geometry":{"type":"Polygon","coordinates":[[[79.41259,15.666239],[79.4128,15.666235],[79.412755,15.665907],[79.412751,15.665873],[79.412709,15.665563],[79.412452,15.665523],[79.41259,15.666239]]]},"properties":{"lp":"393","ac":"0.468","chaltha":"393"}},{"type":"Feature","geometry":{"type":"Polygon","coordinates":[[[79.412751,15.665873],[79.41278,15.665863],[79.412816,15.66574],[79.412896,15.665754],[79.412925,15.665732],[79.412938,15.665599],[79.412709,15.665563],[79.412751,15.665873]]]},"properties":{"lp":"396","ac":"0.121","chaltha":"396"}},{"type":"Feature","geometry":{"type":"Polygon","coordinates":[[[79.412755,15.665907],[79.413066,15.665895],[79.413029,15.665614],[79.412938,15.665599],[79.412925,15.665732],[79.412896,15.665754],[79.412816,15.66574],[79.41278,15.665863],[79.412751,15.665873],[79.412755,15.665907]]]},"properties":{"lp":"395","ac":"0.166","chaltha":"395"}},{"type":"Feature","geometry":{"type":"Polygon","coordinates":[[[79.4128,15.666235],[79.41311,15.666229],[79.413066,15.665895],[79.412755,15.665907],[79.4128,15.666235]]]},"properties":{"lp":"394","ac":"0.302","chaltha":"394"}},{"type":"Feature","geometry":{"type":"Polygon","coordinates":[[[79.41311,15.666229],[79.41346,15.666221],[79.413335,15.665662],[79.413029,15.665614],[79.413066,15.665895],[79.41311,15.666229]]]},"properties":{"lp":"397","ac":"0.558","chaltha":"397"}},{"type":"Feature","geometry":{"type":"Polygon","coordinates":[[[79.41346,15.666221],[79.413725,15.666216],[79.413739,15.665725],[79.413335,15.665662],[79.41346,15.666221]]]},"properties":{"lp":"398","ac":"0.51","chaltha":"398"}},{"type":"Feature","geometry":{"type":"Polygon","coordinates":[[[79.412389,15.665513],[79.412766,15.665515],[79.412768,15.665167],[79.412302,15.66528],[79.412389,15.665513]]]},"properties":{"lp":"385","ac":"0.365","chaltha":"385"}},{"type":"Feature","geometry":{"type":"Polygon","coordinates":[[[79.412766,15.665515],[79.412964,15.665516],[79.413015,15.665108],[79.412768,15.665167],[79.412766,15.665515]]]},"properties":{"lp":"384","ac":"0.244","chaltha":"384"}},{"type":"Feature","geometry":{"type":"Polygon","coordinates":[[[79.412964,15.665516],[79.413112,15.665516],[79.413219,15.665058],[79.413015,15.665108],[79.412964,15.665516]]]},"properties":{"lp":"383","ac":"0.218","chaltha":"383"}},{"type":"Feature","geometry":{"type":"Polygon","coordinates":[[[79.413112,15.665516],[79.413633,15.665519],[79.413414,15.665011],[79.413219,15.665058],[79.413112,15.665516]]]},"properties":{"lp":"382","ac":"0.51","chaltha":"382"}},{"type":"Feature","geometry":{"type":"Polygon","coordinates":[[[79.411639,15.663565],[79.411874,15.664097],[79.412515,15.664392],[79.412185,15.663647],[79.411639,15.663565]]]},"properties":{"lp":"424","ac":"0.955","chaltha":"424"}},{"type":"Feature","geometry":{"type":"Polygon","coordinates":[[[79.412185,15.663647],[79.412515,15.664392],[79.412985,15.664644],[79.413437,15.664645],[79.414413,15.66421],[79.414362,15.664196],[79.413866,15.664251],[79.413452,15.663972],[79.412185,15.663647]]]},"properties":{"lp":"423","ac":"3.027","chaltha":"423"}},{"type":"Feature","geometry":{"type":"Polygon","coordinates":[[[79.413452,15.663972],[79.413866,15.664251],[79.414362,15.664196],[79.413452,15.663972]]]},"properties":{"lp":"426","ac":"0.235","chaltha":"426"}},{"type":"Feature","geometry":{"type":"Polygon","coordinates":[[[79.412515,15.664392],[79.412468,15.664541],[79.412973,15.664775],[79.413461,15.664772],[79.414533,15.664297],[79.414499,15.664234],[79.414413,15.66421],[79.413437,15.664645],[79.412985,15.664644],[79.412515,15.664392]]]},"properties":{"lp":"422","ac":"0.822","chaltha":"422"}},{"type":"Feature","geometry":{"type":"Polygon","coordinates":[[[79.414499,15.664234],[79.414533,15.664297],[79.414629,15.664307],[79.414848,15.664329],[79.414932,15.664338],[79.414499,15.664234]]]},"properties":{"lp":"421","ac":"0.035","chaltha":"421"}},{"type":"Feature","geometry":{"type":"Polygon","coordinates":[[[79.411521,15.663298],[79.411639,15.663565],[79.412185,15.663647],[79.413452,15.663972],[79.413262,15.663666],[79.413013,15.663611],[79.412707,15.663543],[79.41233,15.663458],[79.411735,15.663326],[79.411521,15.663298]]]},"properties":{"lp":"425","ac":"1.253","chaltha":"425"}},{"type":"Feature","geometry":{"type":"Polygon","coordinates":[[[79.413452,15.663972],[79.414362,15.664196],[79.414413,15.66421],[79.414499,15.664234],[79.414932,15.664338],[79.415042,15.664349],[79.415282,15.664374],[79.415309,15.664377],[79.415397,15.664206],[79.413262,15.663666],[79.413452,15.663972]]]},"properties":{"lp":"427","ac":"1.443","chaltha":"427"}},{"type":"Feature","geometry":{"type":"Polygon","coordinates":[[[79.415035,15.667938],[79.415099,15.667924],[79.415178,15.667854],[79.414417,15.666894],[79.414145,15.666813],[79.413804,15.666902],[79.413739,15.667064],[79.414582,15.667516],[79.415035,15.667938]]]},"properties":{"lp":"380","ac":"1.492","chaltha":"380"}},{"type":"Feature","geometry":{"type":"Polygon","coordinates":[[[79.413725,15.666216],[79.411879,15.66646],[79.412199,15.666941],[79.412805,15.667135],[79.414148,15.667698],[79.415039,15.668109],[79.415035,15.667938],[79.414582,15.667516],[79.413739,15.667064],[79.413804,15.666902],[79.413725,15.666216]]]},"properties":{"lp":"1","ac":"5.775","chaltha":"1"}},{"type":"Feature","geometry":{"type":"Polygon","coordinates":[[[79.415039,15.668109],[79.416656,15.669176],[79.417019,15.671153],[79.417743,15.670574],[79.417464,15.670365],[79.417362,15.670176],[79.417332,15.670001],[79.417314,15.669889],[79.417307,15.669785],[79.417292,15.669551],[79.417266,15.66916],[79.417248,15.66904],[79.416368,15.668578],[79.415099,15.667924],[79.415035,15.667938],[79.415039,15.668109]]]},"properties":{"lp":"2","ac":"5.162","chaltha":"2"}},{"type":"Feature","geometry":{"type":"Polygon","coordinates":[[[79.417019,15.671153],[79.422329,15.671255],[79.422403,15.671103],[79.422419,15.671034],[79.421824,15.670935],[79.42168,15.670742],[79.421449,15.670803],[79.420828,15.670717],[79.42023,15.670833],[79.41993,15.670916],[79.4195,15.670851],[79.419377,15.670757],[79.419093,15.670737],[79.41892,15.670721],[79.418795,15.67068],[79.418624,15.670669],[79.417973,15.670699],[79.417743,15.670574],[79.417019,15.671153]]]},"properties":{"lp":"3","ac":"6.389","chaltha":"3"}},{"type":"Feature","geometry":{"type":"Polygon","coordinates":[[[79.422329,15.671255],[79.422942,15.671573],[79.423565,15.671629],[79.423672,15.671392],[79.424461,15.671073],[79.424921,15.67129],[79.425467,15.671261],[79.425595,15.671216],[79.425457,15.670862],[79.425228,15.670315],[79.42398,15.670793],[79.42341,15.670987],[79.42321,15.671199],[79.423197,15.671381],[79.42298,15.671379],[79.42267,15.671161],[79.422403,15.671103],[79.422329,15.671255]]]},"properties":{"lp":"4","ac":"4.697","chaltha":"4"}},{"type":"Feature","geometry":{"type":"Polygon","coordinates":[[[79.428199,15.671995],[79.426997,15.671893],[79.42691,15.671401],[79.426385,15.671234],[79.426103,15.67132],[79.425801,15.671281],[79.425595,15.671216],[79.425467,15.671261],[79.425782,15.671724],[79.426356,15.671774],[79.426539,15.671718],[79.426882,15.671876],[79.427112,15.672079],[79.42822,15.672245],[79.428199,15.671995]]]},"properties":{"lp":"5","ac":"2.568","chaltha":"5"}},{"type":"Feature","geometry":{"type":"Polygon","coordinates":[[[79.414417,15.666894],[79.415178,15.667854],[79.415099,15.667924],[79.416368,15.668578],[79.416255,15.668188],[79.416682,15.668145],[79.416586,15.668027],[79.415288,15.667149],[79.415102,15.666878],[79.414417,15.666894]]]},"properties":{"lp":"379","ac":"3.962","chaltha":"379"}},{"type":"Feature","geometry":{"type":"Polygon","coordinates":[[[79.416368,15.668578],[79.417248,15.66904],[79.417311,15.668918],[79.417078,15.668632],[79.416682,15.668145],[79.416255,15.668188],[79.416368,15.668578]]]},"properties":{"lp":"378","ac":"1.206","chaltha":"378"}},{"type":"Feature","geometry":{"type":"Polygon","coordinates":[[[79.415288,15.667149],[79.416586,15.668027],[79.416711,15.667911],[79.416671,15.667483],[79.416474,15.667435],[79.415288,15.667149]]]},"properties":{"lp":"374","ac":"1.229","chaltha":"374"}},{"type":"Feature","geometry":{"type":"Polygon","coordinates":[[[79.415102,15.666878],[79.415288,15.667149],[79.416474,15.667435],[79.416441,15.66736],[79.416196,15.667342],[79.415842,15.667228],[79.415435,15.667097],[79.415293,15.666809],[79.415102,15.666878]]]},"properties":{"lp":"373","ac":"0.351","chaltha":"373"}},{"type":"Feature","geometry":{"type":"Polygon","coordinates":[[[79.415293,15.666809],[79.415435,15.667097],[79.415842,15.667228],[79.415738,15.666649],[79.415293,15.666809]]]},"properties":{"lp":"372","ac":"0.545","chaltha":"372"}},{"type":"Feature","geometry":{"type":"Polygon","coordinates":[[[79.415842,15.667228],[79.416196,15.667342],[79.416441,15.66736],[79.416474,15.667435],[79.416671,15.667483],[79.417111,15.667364],[79.416991,15.666696],[79.417361,15.666669],[79.417338,15.666555],[79.417109,15.666317],[79.416784,15.666316],[79.416564,15.666361],[79.416632,15.666735],[79.416443,15.666766],[79.416338,15.666783],[79.41621,15.66667],[79.415738,15.666649],[79.415842,15.667228]]]},"properties":{"lp":"370","ac":"3.197","chaltha":"370"}},{"type":"Feature","geometry":{"type":"Polygon","coordinates":[[[79.417427,15.667279],[79.417479,15.667246],[79.417361,15.666669],[79.416991,15.666696],[79.417111,15.667364],[79.417427,15.667279]]]},"properties":{"lp":"371","ac":"0.708","chaltha":"371"}},{"type":"Feature","geometry":{"type":"Polygon","coordinates":[[[79.415102,15.666878],[79.415293,15.666809],[79.415738,15.666649],[79.41621,15.66667],[79.416234,15.66643],[79.416386,15.666398],[79.416564,15.666361],[79.416784,15.666316],[79.417109,15.666317],[79.417338,15.666555],[79.417431,15.66653],[79.417394,15.66633],[79.417374,15.666324],[79.41714,15.666251],[79.417113,15.666243],[79.416797,15.666263],[79.416506,15.666281],[79.416111,15.666337],[79.415767,15.666385],[79.415457,15.666429],[79.415102,15.666878]]]},"properties":{"lp":"367","ac":"1.197","chaltha":"367"}},{"type":"Feature","geometry":{"type":"Polygon","coordinates":[[[79.414093,15.665465],[79.414261,15.665623],[79.414422,15.665622],[79.414332,15.665411],[79.414093,15.665465]]]},"properties":{"lp":"406","ac":"0.118","chaltha":"406"}},{"type":"Feature","geometry":{"type":"Polygon","coordinates":[[[79.41452,15.666207],[79.414681,15.666391],[79.414686,15.666181],[79.41452,15.666207]]]},"properties":{"lp":"399","ac":"0.051","chaltha":"399"}},{"type":"Feature","geometry":{"type":"Polygon","coordinates":[[[79.414681,15.666391],[79.414773,15.666403],[79.414778,15.666167],[79.414686,15.666181],[79.414681,15.666391]]]},"properties":{"lp":"400","ac":"0.06","chaltha":"400"}},{"type":"Feature","geometry":{"type":"Polygon","coordinates":[[[79.414778,15.666167],[79.414773,15.666403],[79.414856,15.666413],[79.41486,15.666155],[79.414778,15.666167]]]},"properties":{"lp":"401","ac":"0.06","chaltha":"401"}},{"type":"Feature","geometry":{"type":"Polygon","coordinates":[[[79.414856,15.666413],[79.414933,15.666422],[79.414937,15.666143],[79.41486,15.666155],[79.414856,15.666413]]]},"properties":{"lp":"402","ac":"0.061","chaltha":"402"}},{"type":"Feature","geometry":{"type":"Polygon","coordinates":[[[79.414933,15.666422],[79.415049,15.666436],[79.415067,15.666424],[79.415084,15.66612],[79.414937,15.666143],[79.414933,15.666422]]]},"properties":{"lp":"403","ac":"0.122","chaltha":"403"}},{"type":"Feature","geometry":{"type":"Polygon","coordinates":[[[79.415067,15.666424],[79.415195,15.666345],[79.415269,15.666091],[79.415084,15.66612],[79.415067,15.666424]]]},"properties":{"lp":"404","ac":"0.121","chaltha":"404"}},{"type":"Feature","geometry":{"type":"Polygon","coordinates":[[[79.413087,15.664996],[79.413276,15.664979],[79.414421,15.664876],[79.414629,15.664307],[79.414533,15.664297],[79.413461,15.664772],[79.412973,15.664775],[79.413087,15.664996]]]},"properties":{"lp":"420","ac":"1.445","chaltha":"420"}},{"type":"Feature","geometry":{"type":"Polygon","coordinates":[[[79.414421,15.664876],[79.414597,15.664877],[79.414848,15.664329],[79.414629,15.664307],[79.414421,15.664876]]]},"properties":{"lp":"419","ac":"0.331","chaltha":"419"}},{"type":"Feature","geometry":{"type":"Polygon","coordinates":[[[79.414332,15.665411],[79.414422,15.665622],[79.414721,15.665588],[79.414662,15.665007],[79.414597,15.664877],[79.414421,15.664876],[79.414258,15.665259],[79.414093,15.665465],[79.414332,15.665411]]]},"properties":{"lp":"407","ac":"0.789","chaltha":"407"}},{"type":"Feature","geometry":{"type":"Polygon","coordinates":[[[79.414721,15.665588],[79.415178,15.665536],[79.415107,15.664941],[79.414868,15.664977],[79.414662,15.665007],[79.414721,15.665588]]]},"properties":{"lp":"408","ac":"0.789","chaltha":"408"}},{"type":"Feature","geometry":{"type":"Polygon","coordinates":[[[79.415178,15.665536],[79.415329,15.665519],[79.415435,15.665528],[79.415322,15.664909],[79.415187,15.664929],[79.415107,15.664941],[79.415178,15.665536]]]},"properties":{"lp":"409","ac":"0.421","chaltha":"409"}},{"type":"Feature","geometry":{"type":"Polygon","coordinates":[[[79.415435,15.665528],[79.415533,15.665539],[79.415618,15.665547],[79.415579,15.66487],[79.415363,15.664902],[79.415322,15.664909],[79.415435,15.665528]]]},"properties":{"lp":"410","ac":"0.42","chaltha":"410"}},{"type":"Feature","geometry":{"type":"Polygon","coordinates":[[[79.415618,15.665547],[79.415807,15.665567],[79.41582,15.664834],[79.415777,15.66484],[79.415579,15.66487],[79.415618,15.665547]]]},"properties":{"lp":"411","ac":"0.445","chaltha":"411"}},{"type":"Feature","geometry":{"type":"Polygon","coordinates":[[[79.41582,15.664834],[79.415807,15.665567],[79.415853,15.665572],[79.415887,15.665539],[79.415928,15.665498],[79.415976,15.66532],[79.416084,15.66492],[79.416119,15.664789],[79.41582,15.664834]]]},"properties":{"lp":"412","ac":"0.433","chaltha":"412"}},{"type":"Feature","geometry":{"type":"Polygon","coordinates":[[[79.414597,15.664877],[79.414662,15.665007],[79.414868,15.664977],[79.415042,15.664349],[79.414932,15.664338],[79.414848,15.664329],[79.414597,15.664877]]]},"properties":{"lp":"418","ac":"0.48","chaltha":"418"}},{"type":"Feature","geometry":{"type":"Polygon","coordinates":[[[79.415042,15.664349],[79.414868,15.664977],[79.415107,15.664941],[79.415187,15.664929],[79.415282,15.664374],[79.415042,15.664349]]]},"properties":{"lp":"417","ac":"0.48","chaltha":"417"}},{"type":"Feature","geometry":{"type":"Polygon","coordinates":[[[79.415187,15.664929],[79.415322,15.664909],[79.415363,15.664902],[79.415427,15.664408],[79.415309,15.664377],[79.415282,15.664374],[79.415187,15.664929]]]},"properties":{"lp":"416","ac":"0.249","chaltha":"416"}},{"type":"Feature","geometry":{"type":"Polygon","coordinates":[[[79.415579,15.66487],[79.415777,15.66484],[79.415803,15.664504],[79.415572,15.664445],[79.415579,15.66487]]]},"properties":{"lp":"414","ac":"0.24","chaltha":"414"}},{"type":"Feature","geometry":{"type":"Polygon","coordinates":[[[79.415777,15.66484],[79.41582,15.664834],[79.416119,15.664789],[79.416052,15.664568],[79.415803,15.664504],[79.415777,15.66484]]]},"properties":{"lp":"413","ac":"0.241","chaltha":"413"}},{"type":"Feature","geometry":{"type":"Polygon","coordinates":[[[79.41452,15.666207],[79.414686,15.666181],[79.414778,15.666167],[79.41486,15.666155],[79.414937,15.666143],[79.415084,15.66612],[79.415269,15.666091],[79.415329,15.665889],[79.415435,15.665528],[79.415329,15.665519],[79.415178,15.665536],[79.414721,15.665588],[79.414422,15.665622],[79.414432,15.666107],[79.41452,15.666207]]]},"properties":{"lp":"405","ac":"1.562","chaltha":"405"}},{"type":"Feature","geometry":{"type":"Polygon","coordinates":[[[79.415195,15.666345],[79.415457,15.666429],[79.415429,15.666163],[79.415372,15.666079],[79.415329,15.665889],[79.415269,15.666091],[79.415195,15.666345]]]},"properties":{"lp":"366","ac":"0.209","chaltha":"366"}},{"type":"Feature","geometry":{"type":"Polygon","coordinates":[[[79.416111,15.666337],[79.416506,15.666281],[79.416488,15.666214],[79.416404,15.665898],[79.416317,15.665574],[79.416306,15.665533],[79.415928,15.665498],[79.415887,15.665539],[79.415997,15.66593],[79.416111,15.666337]]]},"properties":{"lp":"362","ac":"0.967","chaltha":"362"}},{"type":"Feature","geometry":{"type":"Polygon","coordinates":[[[79.415457,15.666429],[79.415767,15.666385],[79.415658,15.665989],[79.415533,15.665539],[79.415435,15.665528],[79.415329,15.665889],[79.415372,15.666079],[79.415429,15.666163],[79.415457,15.666429]]]},"properties":{"lp":"365","ac":"0.663","chaltha":"365"}},{"type":"Feature","geometry":{"type":"Polygon","coordinates":[[[79.415767,15.666385],[79.416111,15.666337],[79.415997,15.66593],[79.415658,15.665989],[79.415767,15.666385]]]},"properties":{"lp":"364","ac":"0.42","chaltha":"364"}},{"type":"Feature","geometry":{"type":"Polygon","coordinates":[[[79.415658,15.665989],[79.415997,15.66593],[79.415887,15.665539],[79.415853,15.665572],[79.415807,15.665567],[79.415618,15.665547],[79.415533,15.665539],[79.415658,15.665989]]]},"properties":{"lp":"363","ac":"0.42","chaltha":"363"}},{"type":"Feature","geometry":{"type":"Polygon","coordinates":[[[79.416506,15.666281],[79.416797,15.666263],[79.416779,15.666195],[79.416488,15.666214],[79.416506,15.666281]]]},"properties":{"lp":"361","ac":"0.059","chaltha":"361"}},{"type":"Feature","geometry":{"type":"Polygon","coordinates":[[[79.416488,15.666214],[79.416779,15.666195],[79.416699,15.665881],[79.416684,15.665825],[79.416404,15.665898],[79.416488,15.666214]]]},"properties":{"lp":"359","ac":"0.3","chaltha":"359"}},{"type":"Feature","geometry":{"type":"Polygon","coordinates":[[[79.416404,15.665898],[79.416684,15.665825],[79.416597,15.665482],[79.416547,15.665499],[79.416317,15.665574],[79.416404,15.665898]]]},"properties":{"lp":"358","ac":"0.295","chaltha":"358"}},{"type":"Feature","geometry":{"type":"Polygon","coordinates":[[[79.416797,15.666263],[79.417113,15.666243],[79.417008,15.665812],[79.416699,15.665881],[79.416779,15.666195],[79.416797,15.666263]]]},"properties":{"lp":"360","ac":"0.386","chaltha":"360"}},{"type":"Feature","geometry":{"type":"Polygon","coordinates":[[[79.417008,15.665812],[79.416799,15.665429],[79.416735,15.665442],[79.416673,15.665456],[79.416444,15.664667],[79.416309,15.664633],[79.41638,15.664891],[79.416463,15.665193],[79.416547,15.665499],[79.416597,15.665482],[79.416684,15.665825],[79.416699,15.665881],[79.417008,15.665812]]]},"properties":{"lp":"354","ac":"0.643","chaltha":"354"}},{"type":"Feature","geometry":{"type":"Polygon","coordinates":[[[79.415976,15.66532],[79.415928,15.665498],[79.416306,15.665533],[79.416317,15.665574],[79.416547,15.665499],[79.416463,15.665193],[79.415976,15.66532]]]},"properties":{"lp":"357","ac":"0.441","chaltha":"357"}},{"type":"Feature","geometry":{"type":"Polygon","coordinates":[[[79.416601,15.664707],[79.416629,15.664887],[79.416692,15.66495],[79.416799,15.665429],[79.417008,15.665812],[79.417113,15.666243],[79.41714,15.666251],[79.417006,15.665744],[79.417212,15.665678],[79.417245,15.665592],[79.417191,15.665472],[79.417079,15.665424],[79.417046,15.665411],[79.41702,15.6654],[79.41695,15.665419],[79.416837,15.665451],[79.416716,15.664972],[79.416744,15.664924],[79.416815,15.664946],[79.416868,15.664869],[79.416914,15.664868],[79.417116,15.664863],[79.417108,15.664833],[79.416969,15.6648],[79.416601,15.664707]]]},"properties":{"lp":"351","ac":"0.53","chaltha":"351"}},{"type":"Feature","geometry":{"type":"Polygon","coordinates":[[[79.41714,15.666251],[79.417374,15.666324],[79.417358,15.66626],[79.417212,15.665678],[79.417006,15.665744],[79.41714,15.666251]]]},"properties":{"lp":"346","ac":"0.371","chaltha":"346"}},{"type":"Feature","geometry":{"type":"Polygon","coordinates":[[[79.417887,15.666199],[79.418002,15.666169],[79.417991,15.666126],[79.417954,15.665983],[79.417765,15.665248],[79.417642,15.665279],[79.417887,15.666199]]]},"properties":{"lp":"338","ac":"0.342","chaltha":"338"}},{"type":"Feature","geometry":{"type":"Polygon","coordinates":[[[79.417361,15.664892],[79.417461,15.665328],[79.417527,15.665311],[79.417585,15.665294],[79.417642,15.665279],[79.417765,15.665248],[79.417891,15.665216],[79.417975,15.665195],[79.417976,15.665115],[79.417692,15.664976],[79.417361,15.664892]]]},"properties":{"lp":"341","ac":"0.451","chaltha":"341"}},{"type":"Feature","geometry":{"type":"Polygon","coordinates":[[[79.417315,15.665365],[79.417541,15.66622],[79.417559,15.666286],[79.417666,15.666258],[79.417431,15.665335],[79.417315,15.665365]]]},"properties":{"lp":"344","ac":"0.323","chaltha":"344"}},{"type":"Feature","geometry":{"type":"Polygon","coordinates":[[[79.417431,15.665335],[79.417666,15.666258],[79.417786,15.666226],[79.417527,15.665311],[79.417461,15.665328],[79.417431,15.665335]]]},"properties":{"lp":"343","ac":"0.31","chaltha":"343"}},{"type":"Feature","geometry":{"type":"Polygon","coordinates":[[[79.417527,15.665311],[79.417786,15.666226],[79.417839,15.666212],[79.417585,15.665294],[79.417527,15.665311]]]},"properties":{"lp":"340","ac":"0.161","chaltha":"340"}},{"type":"Feature","geometry":{"type":"Polygon","coordinates":[[[79.417839,15.666212],[79.417887,15.666199],[79.417642,15.665279],[79.417585,15.665294],[79.417839,15.666212]]]},"properties":{"lp":"339","ac":"0.152","chaltha":"339"}},{"type":"Feature","geometry":{"type":"Polygon","coordinates":[[[79.418071,15.66546],[79.418358,15.665452],[79.418333,15.665296],[79.418106,15.665179],[79.418026,15.66514],[79.418071,15.66546]]]},"properties":{"lp":"333","ac":"0.2","chaltha":"333"}},{"type":"Feature","geometry":{"type":"Polygon","coordinates":[[[79.418002,15.666169],[79.418233,15.666108],[79.418223,15.666068],[79.417991,15.666126],[79.418002,15.666169]]]},"properties":{"lp":"337","ac":"0.03","chaltha":"337"}},{"type":"Feature","geometry":{"type":"Polygon","coordinates":[[[79.417954,15.665983],[79.418077,15.665958],[79.417891,15.665216],[79.417765,15.665248],[79.417954,15.665983]]]},"properties":{"lp":"335","ac":"0.285","chaltha":"335"}},{"type":"Feature","geometry":{"type":"Polygon","coordinates":[[[79.417891,15.665216],[79.418077,15.665958],[79.41819,15.665935],[79.418169,15.665851],[79.418121,15.665657],[79.418071,15.66546],[79.418026,15.66514],[79.417976,15.665115],[79.417975,15.665195],[79.417891,15.665216]]]},"properties":{"lp":"334","ac":"0.282","chaltha":"334"}},{"type":"Feature","geometry":{"type":"Polygon","coordinates":[[[79.418169,15.665851],[79.418426,15.665879],[79.418388,15.665635],[79.418121,15.665657],[79.418169,15.665851]]]},"properties":{"lp":"331","ac":"0.168","chaltha":"331"}},{"type":"Feature","geometry":{"type":"Polygon","coordinates":[[[79.418121,15.665657],[79.418388,15.665635],[79.418358,15.665452],[79.418071,15.66546],[79.418121,15.665657]]]},"properties":{"lp":"332","ac":"0.156","chaltha":"332"}},{"type":"Feature","geometry":{"type":"Polygon","coordinates":[[[79.418233,15.666108],[79.418374,15.66607],[79.418454,15.666049],[79.418441,15.665972],[79.418201,15.665981],[79.418223,15.666068],[79.418233,15.666108]]]},"properties":{"lp":"329","ac":"0.071","chaltha":"329"}},{"type":"Feature","geometry":{"type":"Polygon","coordinates":[[[79.418201,15.665981],[79.418441,15.665972],[79.418426,15.665879],[79.418169,15.665851],[79.41819,15.665935],[79.418201,15.665981]]]},"properties":{"lp":"330","ac":"0.081","chaltha":"330"}},{"type":"Feature","geometry":{"type":"Polygon","coordinates":[[[79.417991,15.666126],[79.418223,15.666068],[79.418201,15.665981],[79.41819,15.665935],[79.418077,15.665958],[79.417954,15.665983],[79.417991,15.666126]]]},"properties":{"lp":"336","ac":"0.1","chaltha":"336"}},{"type":"Feature","geometry":{"type":"Polygon","coordinates":[[[79.417332,15.670001],[79.417909,15.66985],[79.417907,15.669803],[79.418006,15.669746],[79.417689,15.669806],[79.417518,15.669839],[79.417307,15.669785],[79.417314,15.669889],[79.417332,15.670001]]]},"properties":{"lp":"276","ac":"0.216","chaltha":"276"}},{"type":"Feature","geometry":{"type":"Polygon","coordinates":[[[79.41794,15.670037],[79.418411,15.669938],[79.41835,15.669734],[79.418191,15.66974],[79.418006,15.669746],[79.417907,15.669803],[79.417909,15.66985],[79.41794,15.670037]]]},"properties":{"lp":"274","ac":"0.334","chaltha":"274"}},{"type":"Feature","geometry":{"type":"Polygon","coordinates":[[[79.417307,15.669785],[79.417518,15.669839],[79.417689,15.669806],[79.417595,15.669485],[79.417292,15.669551],[79.417307,15.669785]]]},"properties":{"lp":"277","ac":"0.306","chaltha":"277"}},{"type":"Feature","geometry":{"type":"Polygon","coordinates":[[[79.417292,15.669551],[79.417595,15.669485],[79.417486,15.669109],[79.417266,15.66916],[79.417292,15.669551]]]},"properties":{"lp":"278","ac":"0.305","chaltha":"278"}},{"type":"Feature","geometry":{"type":"Polygon","coordinates":[[[79.417689,15.669806],[79.418006,15.669746],[79.41791,15.669395],[79.417595,15.669485],[79.417689,15.669806]]]},"properties":{"lp":"280","ac":"0.332","chaltha":"280"}},{"type":"Feature","geometry":{"type":"Polygon","coordinates":[[[79.417595,15.669485],[79.41791,15.669395],[79.417786,15.669038],[79.417486,15.669109],[79.417595,15.669485]]]},"properties":{"lp":"279","ac":"0.358","chaltha":"279"}},{"type":"Feature","geometry":{"type":"Polygon","coordinates":[[[79.417786,15.669038],[79.41791,15.669395],[79.418026,15.66941],[79.417886,15.669044],[79.417786,15.669038]]]},"properties":{"lp":"286","ac":"0.11","chaltha":"286"}},{"type":"Feature","geometry":{"type":"Polygon","coordinates":[[[79.418026,15.66941],[79.418141,15.669425],[79.418001,15.669052],[79.417886,15.669044],[79.418026,15.66941]]]},"properties":{"lp":"285","ac":"0.12","chaltha":"285"}},{"type":"Feature","geometry":{"type":"Polygon","coordinates":[[[79.418141,15.669425],[79.418423,15.669462],[79.418652,15.669491],[79.418769,15.669101],[79.418001,15.669052],[79.418141,15.669425]]]},"properties":{"lp":"284","ac":"0.713","chaltha":"284"}},{"type":"Feature","geometry":{"type":"Polygon","coordinates":[[[79.418624,15.670669],[79.418795,15.67068],[79.418722,15.670423],[79.418552,15.670599],[79.418624,15.670669]]]},"properties":{"lp":"268","ac":"0.099","chaltha":"268"}},{"type":"Feature","geometry":{"type":"Polygon","coordinates":[[[79.418552,15.670599],[79.418722,15.670423],[79.418691,15.670316],[79.418554,15.670313],[79.418521,15.670236],[79.418285,15.670346],[79.418396,15.670448],[79.418552,15.670599]]]},"properties":{"lp":"269","ac":"0.236","chaltha":"269"}},{"type":"Feature","geometry":{"type":"Polygon","coordinates":[[[79.418521,15.670236],[79.418481,15.670141],[79.418187,15.670244],[79.418202,15.670269],[79.418285,15.670346],[79.418521,15.670236]]]},"properties":{"lp":"270","ac":"0.1","chaltha":"270"}},{"type":"Feature","geometry":{"type":"Polygon","coordinates":[[[79.417464,15.670365],[79.417743,15.670574],[79.417973,15.670699],[79.418624,15.670669],[79.418552,15.670599],[79.418396,15.670448],[79.418285,15.670346],[79.418202,15.670269],[79.417972,15.670279],[79.417464,15.670365]]]},"properties":{"lp":"271","ac":"0.876","chaltha":"271"}},{"type":"Feature","geometry":{"type":"Polygon","coordinates":[[[79.417464,15.670365],[79.417972,15.670279],[79.417944,15.670066],[79.417362,15.670176],[79.417464,15.670365]]]},"properties":{"lp":"272","ac":"0.34","chaltha":"272"}},{"type":"Feature","geometry":{"type":"Polygon","coordinates":[[[79.417362,15.670176],[79.417944,15.670066],[79.41794,15.670037],[79.417909,15.66985],[79.417332,15.670001],[79.417362,15.670176]]]},"properties":{"lp":"275","ac":"0.345","chaltha":"275"}},{"type":"Feature","geometry":{"type":"Polygon","coordinates":[[[79.417972,15.670279],[79.418202,15.670269],[79.418187,15.670244],[79.418481,15.670141],[79.418417,15.66999],[79.418411,15.669938],[79.41794,15.670037],[79.417944,15.670066],[79.417972,15.670279]]]},"properties":{"lp":"273","ac":"0.36","chaltha":"273"}},{"type":"Feature","geometry":{"type":"Polygon","coordinates":[[[79.418769,15.669101],[79.418652,15.669491],[79.418675,15.669922],[79.418417,15.66999],[79.418481,15.670141],[79.418521,15.670236],[79.418554,15.670313],[79.418691,15.670316],[79.418722,15.670423],[79.418795,15.67068],[79.41892,15.670721],[79.418765,15.669666],[79.41886,15.669213],[79.418769,15.669101]]]},"properties":{"lp":"267","ac":"0.83","chaltha":"267"}},{"type":"Feature","geometry":{"type":"Polygon","coordinates":[[[79.419377,15.670757],[79.419072,15.670242],[79.419231,15.670208],[79.419108,15.669573],[79.419467,15.669458],[79.419184,15.669078],[79.419143,15.669023],[79.41886,15.669213],[79.418765,15.669666],[79.41892,15.670721],[79.419093,15.670737],[79.419377,15.670757]]]},"properties":{"lp":"266","ac":"1.878","chaltha":"266"}},{"type":"Feature","geometry":{"type":"Polygon","coordinates":[[[79.419377,15.670757],[79.4195,15.670851],[79.41993,15.670916],[79.42023,15.670833],[79.419679,15.669743],[79.419467,15.669458],[79.419108,15.669573],[79.419231,15.670208],[79.419072,15.670242],[79.419377,15.670757]]]},"properties":{"lp":"265","ac":"2.767","chaltha":"265"}},{"type":"Feature","geometry":{"type":"Polygon","coordinates":[[[79.42023,15.670833],[79.420828,15.670717],[79.420799,15.670547],[79.420758,15.670338],[79.420732,15.670205],[79.420708,15.670119],[79.420647,15.669906],[79.420586,15.669692],[79.420563,15.669485],[79.419973,15.669657],[79.419679,15.669743],[79.42023,15.670833]]]},"properties":{"lp":"264","ac":"2.745","chaltha":"264"}},{"type":"Feature","geometry":{"type":"Polygon","coordinates":[[[79.419576,15.668975],[79.41967,15.669195],[79.419799,15.669165],[79.419973,15.669657],[79.420563,15.669485],[79.420552,15.669443],[79.420481,15.669185],[79.420413,15.668933],[79.420368,15.668768],[79.419576,15.668975]]]},"properties":{"lp":"288","ac":"1.515","chaltha":"288"}},{"type":"Feature","geometry":{"type":"Polygon","coordinates":[[[79.419787,15.667395],[79.419455,15.667409],[79.419368,15.667412],[79.419273,15.667416],[79.41922,15.66717],[79.419312,15.667157],[79.419405,15.667144],[79.4197,15.667104],[79.419634,15.666883],[79.419142,15.666714],[79.418767,15.666821],[79.418894,15.667847],[79.42013,15.667631],[79.420123,15.667547],[79.419852,15.667612],[79.419787,15.667395]]]},"properties":{"lp":"313","ac":"2.318","chaltha":"313"}},{"type":"Feature","geometry":{"type":"Polygon","coordinates":[[[79.417786,15.669038],[79.417886,15.669044],[79.418001,15.669052],[79.418769,15.669101],[79.41886,15.669213],[79.419143,15.669023],[79.419147,15.668205],[79.418936,15.668183],[79.418894,15.667847],[79.418767,15.666821],[79.418748,15.666735],[79.41808,15.666795],[79.417799,15.666737],[79.417431,15.66653],[79.417338,15.666555],[79.417361,15.666669],[79.417479,15.667246],[79.417427,15.667279],[79.417628,15.667934],[79.417802,15.667909],[79.417795,15.668529],[79.417786,15.669038]]]},"properties":{"lp":"287","ac":"9.186","chaltha":"287"}},{"type":"Feature","geometry":{"type":"Polygon","coordinates":[[[79.418748,15.666735],[79.418767,15.666821],[79.419142,15.666714],[79.419634,15.666883],[79.419677,15.666609],[79.419309,15.666473],[79.419421,15.666178],[79.419111,15.666631],[79.418748,15.666735]]]},"properties":{"lp":"295","ac":"0.56","chaltha":"295"}},{"type":"Feature","geometry":{"type":"Polygon","coordinates":[[[79.417394,15.66633],[79.417431,15.66653],[79.417799,15.666737],[79.41808,15.666795],[79.418748,15.666735],[79.419111,15.666631],[79.418374,15.66607],[79.418233,15.666108],[79.418002,15.666169],[79.417887,15.666199],[79.417839,15.666212],[79.417786,15.666226],[79.417666,15.666258],[79.417559,15.666286],[79.417394,15.66633]]]},"properties":{"lp":"315","ac":"2.253","chaltha":"315"}},{"type":"Feature","geometry":{"type":"Polygon","coordinates":[[[79.418613,15.666222],[79.418705,15.666204],[79.418643,15.665895],[79.418552,15.665908],[79.418584,15.66607],[79.418613,15.666222]]]},"properties":{"lp":"326","ac":"0.086","chaltha":"326"}},{"type":"Feature","geometry":{"type":"Polygon","coordinates":[[[79.418705,15.666204],[79.418812,15.666183],[79.418748,15.665919],[79.418669,15.665592],[79.418582,15.66559],[79.418638,15.665872],[79.418643,15.665895],[79.418705,15.666204]]]},"properties":{"lp":"325","ac":"0.176","chaltha":"325"}},{"type":"Feature","geometry":{"type":"Polygon","coordinates":[[[79.418812,15.666183],[79.418928,15.66616],[79.418883,15.666],[79.418858,15.665912],[79.418854,15.665898],[79.418748,15.665919],[79.418812,15.666183]]]},"properties":{"lp":"324","ac":"0.09","chaltha":"324"}},{"type":"Feature","geometry":{"type":"Polygon","coordinates":[[[79.418748,15.665919],[79.418854,15.665898],[79.418811,15.665747],[79.418768,15.665593],[79.418669,15.665592],[79.418748,15.665919]]]},"properties":{"lp":"323","ac":"0.097","chaltha":"323"}},{"type":"Feature","geometry":{"type":"Polygon","coordinates":[[[79.418811,15.665747],[79.4191,15.665869],[79.419354,15.665977],[79.419377,15.665911],[79.418768,15.665593],[79.418811,15.665747]]]},"properties":{"lp":"322","ac":"0.177","chaltha":"322"}},{"type":"Feature","geometry":{"type":"Polygon","coordinates":[[[79.418858,15.665912],[79.419064,15.665976],[79.4191,15.665869],[79.418811,15.665747],[79.418854,15.665898],[79.418858,15.665912]]]},"properties":{"lp":"320","ac":"0.097","chaltha":"320"}},{"type":"Feature","geometry":{"type":"Polygon","coordinates":[[[79.419064,15.665976],[79.419327,15.666057],[79.419354,15.665977],[79.4191,15.665869],[79.419064,15.665976]]]},"properties":{"lp":"321","ac":"0.08","chaltha":"321"}},{"type":"Feature","geometry":{"type":"Polygon","coordinates":[[[79.418883,15.666],[79.419296,15.666146],[79.419327,15.666057],[79.419064,15.665976],[79.418858,15.665912],[79.418883,15.666]]]},"properties":{"lp":"319","ac":"0.116","chaltha":"319"}},{"type":"Feature","geometry":{"type":"Polygon","coordinates":[[[79.418928,15.66616],[79.419258,15.666256],[79.419296,15.666146],[79.418883,15.666],[79.418928,15.66616]]]},"properties":{"lp":"318","ac":"0.146","chaltha":"318"}},{"type":"Feature","geometry":{"type":"Polygon","coordinates":[[[79.418974,15.666356],[79.419217,15.666375],[79.419258,15.666256],[79.418928,15.66616],[79.418974,15.666356]]]},"properties":{"lp":"317","ac":"0.131","chaltha":"317"}},{"type":"Feature","geometry":{"type":"Polygon","coordinates":[[[79.420828,15.670717],[79.421449,15.670803],[79.421431,15.67055],[79.421352,15.67055],[79.421098,15.670549],[79.420799,15.670547],[79.420828,15.670717]]]},"properties":{"lp":"263","ac":"0.384","chaltha":"263"}},{"type":"Feature","geometry":{"type":"Polygon","coordinates":[[[79.420799,15.670547],[79.421098,15.670549],[79.421044,15.670324],[79.420758,15.670338],[79.420799,15.670547]]]},"properties":{"lp":"245","ac":"0.187","chaltha":"245"}},{"type":"Feature","geometry":{"type":"Polygon","coordinates":[[[79.420758,15.670338],[79.421044,15.670324],[79.420991,15.670098],[79.420708,15.670119],[79.420732,15.670205],[79.420758,15.670338]]]},"properties":{"lp":"244","ac":"0.187","chaltha":"244"}},{"type":"Feature","geometry":{"type":"Polygon","coordinates":[[[79.420708,15.670119],[79.420991,15.670098],[79.420931,15.669875],[79.420647,15.669906],[79.420708,15.670119]]]},"properties":{"lp":"241","ac":"0.186","chaltha":"241"}},{"type":"Feature","geometry":{"type":"Polygon","coordinates":[[[79.420647,15.669906],[79.420931,15.669875],[79.420876,15.66965],[79.420586,15.669692],[79.420647,15.669906]]]},"properties":{"lp":"240","ac":"0.191","chaltha":"240"}},{"type":"Feature","geometry":{"type":"Polygon","coordinates":[[[79.420876,15.66965],[79.420931,15.669875],[79.421205,15.669867],[79.421183,15.669766],[79.421149,15.66961],[79.420876,15.66965]]]},"properties":{"lp":"239","ac":"0.196","chaltha":"239"}},{"type":"Feature","geometry":{"type":"Polygon","coordinates":[[[79.420991,15.670098],[79.42125,15.670078],[79.421247,15.670064],[79.421213,15.669908],[79.421205,15.669867],[79.420931,15.669875],[79.420991,15.670098]]]},"properties":{"lp":"242","ac":"0.172","chaltha":"242"}},{"type":"Feature","geometry":{"type":"Polygon","coordinates":[[[79.421044,15.670324],[79.421301,15.670312],[79.42128,15.670214],[79.42125,15.670078],[79.420991,15.670098],[79.421044,15.670324]]]},"properties":{"lp":"243","ac":"0.176","chaltha":"243"}},{"type":"Feature","geometry":{"type":"Polygon","coordinates":[[[79.421044,15.670324],[79.421098,15.670549],[79.421352,15.67055],[79.421301,15.670312],[79.421044,15.670324]]]},"properties":{"lp":"246","ac":"0.174","chaltha":"246"}},{"type":"Feature","geometry":{"type":"Polygon","coordinates":[[[79.419273,15.667416],[79.419368,15.667412],[79.419312,15.667157],[79.41922,15.66717],[79.419273,15.667416]]]},"properties":{"lp":"312","ac":"0.07","chaltha":"312"}},{"type":"Feature","geometry":{"type":"Polygon","coordinates":[[[79.419368,15.667412],[79.419455,15.667409],[79.419405,15.667144],[79.419312,15.667157],[79.419368,15.667412]]]},"properties":{"lp":"311","ac":"0.07","chaltha":"311"}},{"type":"Feature","geometry":{"type":"Polygon","coordinates":[[[79.419455,15.667409],[79.419787,15.667395],[79.4197,15.667104],[79.419405,15.667144],[79.419455,15.667409]]]},"properties":{"lp":"310","ac":"0.261","chaltha":"310"}},{"type":"Feature","geometry":{"type":"Polygon","coordinates":[[[79.421352,15.67055],[79.421431,15.67055],[79.421511,15.670501],[79.421469,15.670202],[79.42128,15.670214],[79.421301,15.670312],[79.421352,15.67055]]]},"properties":{"lp":"247","ac":"0.173","chaltha":"247"}},{"type":"Feature","geometry":{"type":"Polygon","coordinates":[[[79.421511,15.670501],[79.421717,15.670376],[79.421678,15.670189],[79.421469,15.670202],[79.421511,15.670501]]]},"properties":{"lp":"248","ac":"0.156","chaltha":"248"}},{"type":"Feature","geometry":{"type":"Polygon","coordinates":[[[79.421247,15.670064],[79.42164,15.670003],[79.421638,15.669994],[79.421608,15.669848],[79.421213,15.669908],[79.421247,15.670064]]]},"properties":{"lp":"250","ac":"0.185","chaltha":"250"}},{"type":"Feature","geometry":{"type":"Polygon","coordinates":[[[79.42128,15.670214],[79.421469,15.670202],[79.421678,15.670189],[79.42164,15.670003],[79.421247,15.670064],[79.42125,15.670078],[79.42128,15.670214]]]},"properties":{"lp":"249","ac":"0.199","chaltha":"249"}},{"type":"Feature","geometry":{"type":"Polygon","coordinates":[[[79.421213,15.669908],[79.421608,15.669848],[79.421578,15.669704],[79.421183,15.669766],[79.421205,15.669867],[79.421213,15.669908]]]},"properties":{"lp":"251","ac":"0.171","chaltha":"251"}},{"type":"Feature","geometry":{"type":"Polygon","coordinates":[[[79.421183,15.669766],[79.421578,15.669704],[79.421547,15.669553],[79.421352,15.669581],[79.421149,15.66961],[79.421183,15.669766]]]},"properties":{"lp":"252","ac":"0.184","chaltha":"252"}},{"type":"Feature","geometry":{"type":"Polygon","coordinates":[[[79.421638,15.669994],[79.421836,15.669958],[79.421831,15.669936],[79.421746,15.669524],[79.421547,15.669553],[79.421578,15.669704],[79.421608,15.669848],[79.421638,15.669994]]]},"properties":{"lp":"253","ac":"0.263","chaltha":"253"}},{"type":"Feature","geometry":{"type":"Polygon","coordinates":[[[79.421717,15.670376],[79.421915,15.67034],[79.421836,15.669958],[79.421638,15.669994],[79.42164,15.670003],[79.421678,15.670189],[79.421717,15.670376]]]},"properties":{"lp":"254","ac":"0.23","chaltha":"254"}},{"type":"Feature","geometry":{"type":"Polygon","coordinates":[[[79.421915,15.67034],[79.422048,15.670316],[79.422114,15.670343],[79.422029,15.669912],[79.421831,15.669936],[79.421836,15.669958],[79.421915,15.67034]]]},"properties":{"lp":"255","ac":"0.237","chaltha":"255"}},{"type":"Feature","geometry":{"type":"Polygon","coordinates":[[[79.421746,15.669524],[79.421831,15.669936],[79.422029,15.669912],[79.421946,15.669495],[79.42185,15.669509],[79.421746,15.669524]]]},"properties":{"lp":"256","ac":"0.248","chaltha":"256"}},{"type":"Feature","geometry":{"type":"Polygon","coordinates":[[[79.422029,15.669912],[79.42222,15.669887],[79.422134,15.669468],[79.421946,15.669495],[79.422029,15.669912]]]},"properties":{"lp":"257","ac":"0.239","chaltha":"257"}},{"type":"Feature","geometry":{"type":"Polygon","coordinates":[[[79.422114,15.670343],[79.422184,15.670371],[79.422313,15.670336],[79.42222,15.669887],[79.422029,15.669912],[79.422114,15.670343]]]},"properties":{"lp":"261","ac":"0.265","chaltha":"261"}},{"type":"Feature","geometry":{"type":"Polygon","coordinates":[[[79.422313,15.670336],[79.422497,15.670287],[79.422409,15.669862],[79.42222,15.669887],[79.422313,15.670336]]]},"properties":{"lp":"260","ac":"0.249","chaltha":"260"}},{"type":"Feature","geometry":{"type":"Polygon","coordinates":[[[79.42222,15.669887],[79.422409,15.669862],[79.422323,15.669441],[79.422134,15.669468],[79.42222,15.669887]]]},"properties":{"lp":"258","ac":"0.239","chaltha":"258"}},{"type":"Feature","geometry":{"type":"Polygon","coordinates":[[[79.422409,15.669862],[79.422592,15.669837],[79.422498,15.669416],[79.42244,15.669424],[79.422323,15.669441],[79.422409,15.669862]]]},"properties":{"lp":"220","ac":"0.228","chaltha":"220"}},{"type":"Feature","geometry":{"type":"Polygon","coordinates":[[[79.422497,15.670287],[79.422573,15.670266],[79.422681,15.670237],[79.422592,15.669837],[79.422409,15.669862],[79.422497,15.670287]]]},"properties":{"lp":"259","ac":"0.231","chaltha":"259"}},{"type":"Feature","geometry":{"type":"Polygon","coordinates":[[[79.422681,15.670237],[79.422757,15.670216],[79.422877,15.670246],[79.422821,15.669995],[79.422781,15.669812],[79.422592,15.669837],[79.422681,15.670237]]]},"properties":{"lp":"218","ac":"0.23","chaltha":"218"}},{"type":"Feature","geometry":{"type":"Polygon","coordinates":[[[79.422592,15.669837],[79.422781,15.669812],[79.422687,15.669388],[79.422498,15.669416],[79.422592,15.669837]]]},"properties":{"lp":"219","ac":"0.241","chaltha":"219"}},{"type":"Feature","geometry":{"type":"Polygon","coordinates":[[[79.422877,15.670246],[79.423319,15.670356],[79.423182,15.670132],[79.423056,15.669925],[79.422821,15.669995],[79.422877,15.670246]]]},"properties":{"lp":"216","ac":"0.329","chaltha":"216"}},{"type":"Feature","geometry":{"type":"Polygon","coordinates":[[[79.422821,15.669995],[79.423056,15.669925],[79.422962,15.669771],[79.422844,15.669577],[79.422726,15.669383],[79.422687,15.669388],[79.422781,15.669812],[79.422821,15.669995]]]},"properties":{"lp":"217","ac":"0.256","chaltha":"217"}},{"type":"Feature","geometry":{"type":"Polygon","coordinates":[[[79.420586,15.669692],[79.420876,15.66965],[79.420817,15.669402],[79.420552,15.669443],[79.420563,15.669485],[79.420586,15.669692]]]},"properties":{"lp":"237","ac":"0.206","chaltha":"237"}},{"type":"Feature","geometry":{"type":"Polygon","coordinates":[[[79.420552,15.669443],[79.420817,15.669402],[79.420759,15.669155],[79.420481,15.669185],[79.420552,15.669443]]]},"properties":{"lp":"236","ac":"0.208","chaltha":"236"}},{"type":"Feature","geometry":{"type":"Polygon","coordinates":[[[79.420481,15.669185],[79.420759,15.669155],[79.420696,15.668889],[79.420413,15.668933],[79.420481,15.669185]]]},"properties":{"lp":"233","ac":"0.22","chaltha":"233"}},{"type":"Feature","geometry":{"type":"Polygon","coordinates":[[[79.420413,15.668933],[79.420696,15.668889],[79.420632,15.668619],[79.420574,15.668629],[79.42034,15.668668],[79.420368,15.668768],[79.420413,15.668933]]]},"properties":{"lp":"232","ac":"0.235","chaltha":"232"}},{"type":"Feature","geometry":{"type":"Polygon","coordinates":[[[79.420759,15.669155],[79.42103,15.669095],[79.420987,15.66891],[79.420969,15.66883],[79.42083,15.66886],[79.420696,15.668889],[79.420759,15.669155]]]},"properties":{"lp":"234","ac":"0.223","chaltha":"234"}},{"type":"Feature","geometry":{"type":"Polygon","coordinates":[[[79.420817,15.669402],[79.421089,15.669349],[79.421068,15.669257],[79.42103,15.669095],[79.420759,15.669155],[79.420817,15.669402]]]},"properties":{"lp":"235","ac":"0.209","chaltha":"235"}},{"type":"Feature","geometry":{"type":"Polygon","coordinates":[[[79.420876,15.66965],[79.421149,15.66961],[79.421089,15.669349],[79.420817,15.669402],[79.420876,15.66965]]]},"properties":{"lp":"238","ac":"0.212","chaltha":"238"}},{"type":"Feature","geometry":{"type":"Polygon","coordinates":[[[79.421149,15.66961],[79.421352,15.669581],[79.42127,15.669225],[79.421068,15.669257],[79.421089,15.669349],[79.421149,15.66961]]]},"properties":{"lp":"227","ac":"0.219","chaltha":"227"}},{"type":"Feature","geometry":{"type":"Polygon","coordinates":[[[79.421352,15.669581],[79.421547,15.669553],[79.421465,15.669194],[79.42127,15.669225],[79.421352,15.669581]]]},"properties":{"lp":"226","ac":"0.211","chaltha":"226"}},{"type":"Feature","geometry":{"type":"Polygon","coordinates":[[[79.421068,15.669257],[79.42127,15.669225],[79.421189,15.668871],[79.420987,15.66891],[79.42103,15.669095],[79.421068,15.669257]]]},"properties":{"lp":"228","ac":"0.216","chaltha":"228"}},{"type":"Feature","geometry":{"type":"Polygon","coordinates":[[[79.42127,15.669225],[79.421465,15.669194],[79.421382,15.668833],[79.421189,15.668871],[79.42127,15.669225]]]},"properties":{"lp":"225","ac":"0.211","chaltha":"225"}},{"type":"Feature","geometry":{"type":"Polygon","coordinates":[[[79.420987,15.66891],[79.421189,15.668871],[79.421108,15.66852],[79.420907,15.668562],[79.420969,15.66883],[79.420987,15.66891]]]},"properties":{"lp":"229","ac":"0.216","chaltha":"229"}},{"type":"Feature","geometry":{"type":"Polygon","coordinates":[[[79.421189,15.668871],[79.421382,15.668833],[79.421301,15.668479],[79.421108,15.66852],[79.421189,15.668871]]]},"properties":{"lp":"224","ac":"0.209","chaltha":"224"}},{"type":"Feature","geometry":{"type":"Polygon","coordinates":[[[79.421547,15.669553],[79.421746,15.669524],[79.42185,15.669509],[79.421597,15.668418],[79.421301,15.668479],[79.421382,15.668833],[79.421465,15.669194],[79.421547,15.669553]]]},"properties":{"lp":"223","ac":"0.988","chaltha":"223"}},{"type":"Feature","geometry":{"type":"Polygon","coordinates":[[[79.42185,15.669509],[79.421946,15.669495],[79.422134,15.669468],[79.421889,15.668357],[79.421597,15.668418],[79.42185,15.669509]]]},"properties":{"lp":"222","ac":"0.968","chaltha":"222"}},{"type":"Feature","geometry":{"type":"Polygon","coordinates":[[[79.422134,15.669468],[79.422323,15.669441],[79.42244,15.669424],[79.422178,15.668294],[79.4221,15.668312],[79.421889,15.668357],[79.422134,15.669468]]]},"properties":{"lp":"221","ac":"1.017","chaltha":"221"}},{"type":"Feature","geometry":{"type":"Polygon","coordinates":[[[79.42244,15.669424],[79.422498,15.669416],[79.422687,15.669388],[79.422726,15.669383],[79.422459,15.66823],[79.422355,15.668254],[79.422178,15.668294],[79.42244,15.669424]]]},"properties":{"lp":"198","ac":"0.988","chaltha":"198"}},{"type":"Feature","geometry":{"type":"Polygon","coordinates":[[[79.422726,15.669383],[79.423004,15.669246],[79.422745,15.668164],[79.422624,15.668192],[79.422459,15.66823],[79.422726,15.669383]]]},"properties":{"lp":"199","ac":"1.003","chaltha":"199"}},{"type":"Feature","geometry":{"type":"Polygon","coordinates":[[[79.423004,15.669246],[79.423087,15.669205],[79.423265,15.669117],[79.423287,15.669106],[79.423054,15.668093],[79.422925,15.668123],[79.422745,15.668164],[79.423004,15.669246]]]},"properties":{"lp":"200","ac":"0.985","chaltha":"200"}},{"type":"Feature","geometry":{"type":"Polygon","coordinates":[[[79.423287,15.669106],[79.423487,15.669007],[79.423573,15.668965],[79.423368,15.668021],[79.423054,15.668093],[79.423287,15.669106]]]},"properties":{"lp":"201","ac":"0.928","chaltha":"201"}},{"type":"Feature","geometry":{"type":"Polygon","coordinates":[[[79.423573,15.668965],[79.423742,15.668882],[79.423857,15.668825],[79.423898,15.668805],[79.423723,15.667939],[79.423368,15.668021],[79.423573,15.668965]]]},"properties":{"lp":"202","ac":"0.97","chaltha":"202"}},{"type":"Feature","geometry":{"type":"Polygon","coordinates":[[[79.4221,15.668312],[79.422178,15.668294],[79.422355,15.668254],[79.422069,15.66709],[79.421781,15.667032],[79.421826,15.667213],[79.421961,15.667753],[79.422003,15.667922],[79.422027,15.668017],[79.42205,15.66811],[79.4221,15.668312]]]},"properties":{"lp":"197","ac":"0.972","chaltha":"197"}},{"type":"Feature","geometry":{"type":"Polygon","coordinates":[[[79.422355,15.668254],[79.422459,15.66823],[79.422624,15.668192],[79.422384,15.667155],[79.422069,15.66709],[79.422355,15.668254]]]},"properties":{"lp":"196","ac":"0.94","chaltha":"196"}},{"type":"Feature","geometry":{"type":"Polygon","coordinates":[[[79.417078,15.668632],[79.417311,15.668918],[79.417746,15.668568],[79.417502,15.668286],[79.417078,15.668632]]]},"properties":{"lp":"376","ac":"0.6","chaltha":"376"}},{"type":"Feature","geometry":{"type":"Polygon","coordinates":[[[79.417311,15.668918],[79.417248,15.66904],[79.417266,15.66916],[79.417486,15.669109],[79.417786,15.669038],[79.417795,15.668529],[79.417746,15.668568],[79.417311,15.668918]]]},"properties":{"lp":"377","ac":"0.547","chaltha":"377"}},{"type":"Feature","geometry":{"type":"Polygon","coordinates":[[[79.417078,15.668632],[79.417502,15.668286],[79.417746,15.668568],[79.417795,15.668529],[79.417802,15.667909],[79.417628,15.667934],[79.417427,15.667279],[79.417111,15.667364],[79.416671,15.667483],[79.416711,15.667911],[79.416586,15.668027],[79.416682,15.668145],[79.417078,15.668632]]]},"properties":{"lp":"375","ac":"3.055","chaltha":"375"}},{"type":"Feature","geometry":{"type":"Polygon","coordinates":[[[79.415363,15.664902],[79.415579,15.66487],[79.415572,15.664445],[79.415427,15.664408],[79.415363,15.664902]]]},"properties":{"lp":"415","ac":"0.243","chaltha":"415"}},{"type":"Feature","geometry":{"type":"Polygon","coordinates":[[[79.42095,15.668137],[79.420969,15.668228],[79.422027,15.668017],[79.422003,15.667922],[79.42095,15.668137]]]},"properties":{"lp":"293","ac":"0.301","chaltha":"293"}},{"type":"Feature","geometry":{"type":"Polygon","coordinates":[[[79.420969,15.668228],[79.420994,15.668329],[79.42205,15.66811],[79.422027,15.668017],[79.420969,15.668228]]]},"properties":{"lp":"292","ac":"0.314","chaltha":"292"}},{"type":"Feature","geometry":{"type":"Polygon","coordinates":[[[79.420176,15.668104],[79.421961,15.667753],[79.421826,15.667213],[79.42102,15.667371],[79.420897,15.667395],[79.420789,15.667416],[79.420689,15.667436],[79.420547,15.667464],[79.420406,15.667491],[79.420123,15.667547],[79.42013,15.667631],[79.420176,15.668104]]]},"properties":{"lp":"296","ac":"2.9","chaltha":"296"}},{"type":"Feature","geometry":{"type":"Polygon","coordinates":[[[79.42102,15.667371],[79.421826,15.667213],[79.421781,15.667032],[79.421214,15.667136],[79.42097,15.667181],[79.42102,15.667371]]]},"properties":{"lp":"297","ac":"0.461","chaltha":"297"}},{"type":"Feature","geometry":{"type":"Polygon","coordinates":[[[79.421214,15.667136],[79.421781,15.667032],[79.421112,15.666854],[79.421214,15.667136]]]},"properties":{"lp":"298","ac":"0.251","chaltha":"298"}},{"type":"Feature","geometry":{"type":"Polygon","coordinates":[[[79.42097,15.667181],[79.421214,15.667136],[79.421112,15.666854],[79.420866,15.666786],[79.42097,15.667181]]]},"properties":{"lp":"299","ac":"0.24","chaltha":"299"}},{"type":"Feature","geometry":{"type":"Polygon","coordinates":[[[79.420149,15.66677],[79.420168,15.666893],[79.420218,15.666883],[79.420208,15.666757],[79.420149,15.66677]]]},"properties":{"lp":"307","ac":"0.02","chaltha":"307"}},{"type":"Feature","geometry":{"type":"Polygon","coordinates":[[[79.420129,15.666902],[79.420168,15.666893],[79.420149,15.66677],[79.420113,15.666778],[79.420129,15.666902]]]},"properties":{"lp":"308","ac":"0.014","chaltha":"308"}},{"type":"Feature","geometry":{"type":"Polygon","coordinates":[[[79.420689,15.667436],[79.420468,15.6667],[79.420328,15.66673],[79.420547,15.667464],[79.420689,15.667436]]]},"properties":{"lp":"305","ac":"0.323","chaltha":"305"}},{"type":"Feature","geometry":{"type":"Polygon","coordinates":[[[79.420547,15.667464],[79.420328,15.66673],[79.420208,15.666757],[79.420218,15.666883],[79.420406,15.667491],[79.420547,15.667464]]]},"properties":{"lp":"306","ac":"0.324","chaltha":"306"}},{"type":"Feature","geometry":{"type":"Polygon","coordinates":[[[79.419852,15.667612],[79.420123,15.667547],[79.420406,15.667491],[79.420218,15.666883],[79.420168,15.666893],[79.420129,15.666902],[79.420113,15.666778],[79.419634,15.666883],[79.4197,15.667104],[79.419787,15.667395],[79.419852,15.667612]]]},"properties":{"lp":"309","ac":"1.22","chaltha":"309"}},{"type":"Feature","geometry":{"type":"Polygon","coordinates":[[[79.420468,15.6667],[79.420689,15.667436],[79.420789,15.667416],[79.420587,15.666673],[79.420468,15.6667]]]},"properties":{"lp":"304","ac":"0.251","chaltha":"304"}},{"type":"Feature","geometry":{"type":"Polygon","coordinates":[[[79.42102,15.667371],[79.42097,15.667181],[79.420866,15.666786],[79.420824,15.666775],[79.420714,15.666709],[79.420897,15.667395],[79.42102,15.667371]]]},"properties":{"lp":"300","ac":"0.241","chaltha":"300"}},{"type":"Feature","geometry":{"type":"Polygon","coordinates":[[[79.420587,15.666673],[79.420789,15.667416],[79.420897,15.667395],[79.420714,15.666709],[79.420636,15.666663],[79.420587,15.666673]]]},"properties":{"lp":"301","ac":"0.246","chaltha":"301"}},{"type":"Feature","geometry":{"type":"Polygon","coordinates":[[[79.419634,15.666883],[79.420113,15.666778],[79.420149,15.66677],[79.420208,15.666757],[79.420328,15.66673],[79.420468,15.6667],[79.420587,15.666673],[79.420636,15.666663],[79.42028,15.666449],[79.419751,15.666132],[79.419677,15.666609],[79.419634,15.666883]]]},"properties":{"lp":"303","ac":"1.064","chaltha":"303"}},{"type":"Feature","geometry":{"type":"Polygon","coordinates":[[[79.42409,15.667503],[79.424124,15.667691],[79.424151,15.667841],[79.42419,15.668058],[79.424334,15.66804],[79.424264,15.66754],[79.42409,15.667503]]]},"properties":{"lp":"12","ac":"0.243","chaltha":"12"}},{"type":"Feature","geometry":{"type":"Polygon","coordinates":[[[79.424068,15.667214],[79.42409,15.667503],[79.424264,15.66754],[79.424448,15.667579],[79.424813,15.667657],[79.42519,15.667738],[79.425395,15.667781],[79.4256,15.667825],[79.425828,15.667873],[79.426083,15.667928],[79.426077,15.66785],[79.426192,15.667722],[79.426152,15.66764],[79.426032,15.66764],[79.425098,15.667439],[79.424975,15.667412],[79.42461,15.667333],[79.424068,15.667214]]]},"properties":{"lp":"24","ac":"1.684","chaltha":"24"}},{"type":"Feature","geometry":{"type":"Polygon","coordinates":[[[79.422962,15.669771],[79.423318,15.669537],[79.423206,15.669377],[79.422844,15.669577],[79.422962,15.669771]]]},"properties":{"lp":"210","ac":"0.26","chaltha":"210"}},{"type":"Feature","geometry":{"type":"Polygon","coordinates":[[[79.423612,15.669961],[79.423744,15.669784],[79.423511,15.66946],[79.42335,15.669583],[79.423449,15.669726],[79.42354,15.669857],[79.423612,15.669961]]]},"properties":{"lp":"207","ac":"0.259","chaltha":"207"}},{"type":"Feature","geometry":{"type":"Polygon","coordinates":[[[79.42335,15.669583],[79.423511,15.66946],[79.423497,15.669441],[79.423265,15.669117],[79.423087,15.669205],[79.423206,15.669377],[79.423318,15.669537],[79.42335,15.669583]]]},"properties":{"lp":"208","ac":"0.258","chaltha":"208"}},{"type":"Feature","geometry":{"type":"Polygon","coordinates":[[[79.42409,15.667503],[79.424068,15.667214],[79.423072,15.667002],[79.422561,15.666893],[79.422438,15.666867],[79.422345,15.666847],[79.421868,15.666742],[79.421249,15.666605],[79.421112,15.666854],[79.421781,15.667032],[79.422069,15.66709],[79.422384,15.667155],[79.422795,15.667239],[79.423275,15.667337],[79.423566,15.667396],[79.42409,15.667503]]]},"properties":{"lp":"193","ac":"2.508","chaltha":"193"}},{"type":"Feature","geometry":{"type":"Polygon","coordinates":[[[79.422345,15.666847],[79.422188,15.666348],[79.422156,15.666247],[79.422113,15.666109],[79.421712,15.666208],[79.421868,15.666742],[79.422345,15.666847]]]},"properties":{"lp":"192","ac":"0.816","chaltha":"192"}},{"type":"Feature","geometry":{"type":"Polygon","coordinates":[[[79.420874,15.666395],[79.421249,15.666605],[79.421868,15.666742],[79.421712,15.666208],[79.421369,15.666282],[79.420874,15.666395]]]},"properties":{"lp":"191","ac":"0.816","chaltha":"191"}},{"type":"Feature","geometry":{"type":"Polygon","coordinates":[[[79.421369,15.666282],[79.421712,15.666208],[79.422113,15.666109],[79.422304,15.666065],[79.422119,15.665526],[79.421956,15.665051],[79.42106,15.665305],[79.421018,15.665316],[79.421369,15.666282]]]},"properties":{"lp":"189","ac":"2.969","chaltha":"189"}},{"type":"Feature","geometry":{"type":"Polygon","coordinates":[[[79.42106,15.665305],[79.421956,15.665051],[79.421818,15.664651],[79.421793,15.664608],[79.420911,15.664882],[79.42106,15.665305]]]},"properties":{"lp":"188","ac":"1.255","chaltha":"188"}},{"type":"Feature","geometry":{"type":"Polygon","coordinates":[[[79.420206,15.665535],[79.421018,15.665316],[79.42106,15.665305],[79.420911,15.664882],[79.420057,15.665149],[79.420206,15.665535]]]},"properties":{"lp":"187","ac":"1.121","chaltha":"187"}},{"type":"Feature","geometry":{"type":"Polygon","coordinates":[[[79.420057,15.665149],[79.420911,15.664882],[79.420765,15.664446],[79.4199,15.664741],[79.420057,15.665149]]]},"properties":{"lp":"186","ac":"1.189","chaltha":"186"}},{"type":"Feature","geometry":{"type":"Polygon","coordinates":[[[79.420911,15.664882],[79.421793,15.664608],[79.421553,15.664203],[79.42154,15.664181],[79.420765,15.664446],[79.420911,15.664882]]]},"properties":{"lp":"185","ac":"1.206","chaltha":"185"}},{"type":"Feature","geometry":{"type":"Polygon","coordinates":[[[79.420206,15.665535],[79.420445,15.666155],[79.420874,15.666395],[79.421369,15.666282],[79.421018,15.665316],[79.420206,15.665535]]]},"properties":{"lp":"190","ac":"2.302","chaltha":"190"}},{"type":"Feature","geometry":{"type":"Polygon","coordinates":[[[79.4199,15.664741],[79.419758,15.664288],[79.419683,15.66405],[79.419607,15.663808],[79.419533,15.663572],[79.419458,15.663331],[79.419111,15.663445],[79.419558,15.66506],[79.419544,15.665648],[79.420445,15.666155],[79.420206,15.665535],[79.420057,15.665149],[79.4199,15.664741]]]},"properties":{"lp":"179","ac":"3.558","chaltha":"179"}},{"type":"Feature","geometry":{"type":"Polygon","coordinates":[[[79.4199,15.664741],[79.420765,15.664446],[79.42154,15.664181],[79.421433,15.663967],[79.421344,15.663787],[79.419758,15.664288],[79.4199,15.664741]]]},"properties":{"lp":"184","ac":"2.265","chaltha":"184"}},{"type":"Feature","geometry":{"type":"Polygon","coordinates":[[[79.421344,15.663787],[79.421332,15.663765],[79.421247,15.663592],[79.419683,15.66405],[79.419758,15.664288],[79.421344,15.663787]]]},"properties":{"lp":"183","ac":"1.12","chaltha":"183"}},{"type":"Feature","geometry":{"type":"Polygon","coordinates":[[[79.419683,15.66405],[79.421247,15.663592],[79.421232,15.663563],[79.421147,15.663392],[79.419607,15.663808],[79.419683,15.66405]]]},"properties":{"lp":"182","ac":"1.12","chaltha":"182"}},{"type":"Feature","geometry":{"type":"Polygon","coordinates":[[[79.419533,15.663572],[79.419607,15.663808],[79.421147,15.663392],[79.421118,15.663335],[79.421038,15.663174],[79.419533,15.663572]]]},"properties":{"lp":"181","ac":"1.12","chaltha":"181"}},{"type":"Feature","geometry":{"type":"Polygon","coordinates":[[[79.419533,15.663572],[79.421038,15.663174],[79.42102,15.663136],[79.420926,15.66295],[79.419458,15.663331],[79.419533,15.663572]]]},"properties":{"lp":"180","ac":"1.12","chaltha":"180"}},{"type":"Feature","geometry":{"type":"Polygon","coordinates":[[[79.418824,15.66524],[79.418765,15.66553],[79.419752,15.666092],[79.421112,15.666854],[79.421249,15.666605],[79.420874,15.666395],[79.420445,15.666155],[79.419544,15.665648],[79.418824,15.66524]]]},"properties":{"lp":"986","ac":"2.278","chaltha":"986"}},{"type":"Feature","geometry":{"type":"Polygon","coordinates":[[[79.420562,15.662448],[79.420645,15.662736],[79.421111,15.662617],[79.421028,15.662332],[79.420562,15.662448]]]},"properties":{"lp":"166","ac":"0.42","chaltha":"166"}},{"type":"Feature","geometry":{"type":"Polygon","coordinates":[[[79.420197,15.662851],[79.420645,15.662736],[79.420562,15.662448],[79.420178,15.662548],[79.42011,15.662568],[79.420197,15.662851]]]},"properties":{"lp":"167","ac":"0.407","chaltha":"167"}},{"type":"Feature","geometry":{"type":"Polygon","coordinates":[[[79.419787,15.662956],[79.420197,15.662851],[79.42011,15.662568],[79.419699,15.662678],[79.419743,15.662818],[79.419787,15.662956]]]},"properties":{"lp":"168","ac":"0.364","chaltha":"168"}},{"type":"Feature","geometry":{"type":"Polygon","coordinates":[[[79.420146,15.66242],[79.419264,15.662654],[79.419301,15.662785],[79.419699,15.662678],[79.42011,15.662568],[79.420178,15.662548],[79.420154,15.662449],[79.420146,15.66242]]]},"properties":{"lp":"172","ac":"0.36","chaltha":"172"}},{"type":"Feature","geometry":{"type":"Polygon","coordinates":[[[79.418987,15.661688],[79.419797,15.661511],[79.419732,15.661292],[79.418934,15.661503],[79.418987,15.661688]]]},"properties":{"lp":"146","ac":"0.51","chaltha":"146"}},{"type":"Feature","geometry":{"type":"Polygon","coordinates":[[[79.419797,15.661511],[79.42071,15.661312],[79.420602,15.661048],[79.420586,15.661007],[79.419709,15.661215],[79.419732,15.661292],[79.419797,15.661511]]]},"properties":{"lp":"147","ac":"0.853","chaltha":"147"}},{"type":"Feature","geometry":{"type":"Polygon","coordinates":[[[79.419624,15.660932],[79.420456,15.66069],[79.420415,15.660563],[79.420155,15.659762],[79.419879,15.659834],[79.419675,15.659181],[79.419836,15.658766],[79.419274,15.658958],[79.419315,15.659174],[79.418907,15.659286],[79.418987,15.659502],[79.419136,15.659942],[79.419167,15.660035],[79.419331,15.660066],[79.419414,15.660311],[79.419541,15.660687],[79.419624,15.660932]]]},"properties":{"lp":"139","ac":"4.625","chaltha":"139"}},{"type":"Feature","geometry":{"type":"Polygon","coordinates":[[[79.418877,15.661305],[79.419669,15.66108],[79.419624,15.660932],[79.419541,15.660687],[79.418465,15.660951],[79.418555,15.661225],[79.418845,15.661177],[79.418877,15.661305]]]},"properties":{"lp":"144","ac":"1.281","chaltha":"144"}},{"type":"Feature","geometry":{"type":"Polygon","coordinates":[[[79.419541,15.660687],[79.419414,15.660311],[79.418341,15.660576],[79.418465,15.660951],[79.419541,15.660687]]]},"properties":{"lp":"143","ac":"1.28","chaltha":"143"}},{"type":"Feature","geometry":{"type":"Polygon","coordinates":[[[79.418341,15.660576],[79.419414,15.660311],[79.419331,15.660066],[79.419167,15.660035],[79.419136,15.659942],[79.418215,15.660191],[79.418341,15.660576]]]},"properties":{"lp":"142","ac":"1.287","chaltha":"142"}},{"type":"Feature","geometry":{"type":"Polygon","coordinates":[[[79.418215,15.660191],[79.419136,15.659942],[79.418987,15.659502],[79.41807,15.659752],[79.418215,15.660191]]]},"properties":{"lp":"141","ac":"1.29","chaltha":"141"}},{"type":"Feature","geometry":{"type":"Polygon","coordinates":[[[79.41807,15.659752],[79.418987,15.659502],[79.418907,15.659286],[79.418507,15.659396],[79.41807,15.659752]]]},"properties":{"lp":"140","ac":"0.458","chaltha":"140"}},{"type":"Feature","geometry":{"type":"Polygon","coordinates":[[[79.418765,15.66553],[79.419545,15.665995],[79.419751,15.666132],[79.42028,15.666449],[79.420636,15.666663],[79.420714,15.666709],[79.420824,15.666775],[79.420866,15.666786],[79.421112,15.666854],[79.419752,15.666092],[79.418765,15.66553]]]},"properties":{"lp":"302","ac":"0.271","chaltha":"302"}},{"type":"Feature","geometry":{"type":"Polygon","coordinates":[[[79.417316,15.661614],[79.418315,15.661317],[79.418235,15.661162],[79.417267,15.661419],[79.417316,15.661614]]]},"properties":{"lp":"467","ac":"0.557","chaltha":"467"}},{"type":"Feature","geometry":{"type":"Polygon","coordinates":[[[79.417267,15.661419],[79.418235,15.661162],[79.418146,15.660992],[79.41722,15.661231],[79.417267,15.661419]]]},"properties":{"lp":"468","ac":"0.546","chaltha":"468"}},{"type":"Feature","geometry":{"type":"Polygon","coordinates":[[[79.41722,15.661231],[79.418146,15.660992],[79.418054,15.660816],[79.417171,15.661033],[79.41722,15.661231]]]},"properties":{"lp":"469","ac":"0.543","chaltha":"469"}},{"type":"Feature","geometry":{"type":"Polygon","coordinates":[[[79.417171,15.661033],[79.418054,15.660816],[79.417954,15.660623],[79.417127,15.660856],[79.417171,15.661033]]]},"properties":{"lp":"470","ac":"0.511","chaltha":"470"}},{"type":"Feature","geometry":{"type":"Polygon","coordinates":[[[79.417127,15.660856],[79.417954,15.660623],[79.417845,15.660414],[79.417083,15.660681],[79.417127,15.660856]]]},"properties":{"lp":"471","ac":"0.503","chaltha":"471"}},{"type":"Feature","geometry":{"type":"Polygon","coordinates":[[[79.417083,15.660681],[79.417845,15.660414],[79.41776,15.660252],[79.417533,15.660303],[79.41736,15.660341],[79.417025,15.660449],[79.417083,15.660681]]]},"properties":{"lp":"472","ac":"0.5","chaltha":"472"}},{"type":"Feature","geometry":{"type":"Polygon","coordinates":[[[79.417171,15.661033],[79.416702,15.66118],[79.416166,15.661349],[79.416226,15.661543],[79.416341,15.661914],[79.416712,15.661801],[79.416993,15.661715],[79.417316,15.661614],[79.417267,15.661419],[79.41722,15.661231],[79.417171,15.661033]]]},"properties":{"lp":"474","ac":"1.81","chaltha":"474"}},{"type":"Feature","geometry":{"type":"Polygon","coordinates":[[[79.416993,15.661715],[79.417285,15.662648],[79.418054,15.662476],[79.418826,15.662297],[79.418315,15.661317],[79.417316,15.661614],[79.416993,15.661715]]]},"properties":{"lp":"466","ac":"4.472","chaltha":"466"}},{"type":"Feature","geometry":{"type":"Polygon","coordinates":[[[79.417171,15.661033],[79.417127,15.660856],[79.417083,15.660681],[79.417025,15.660449],[79.416509,15.660615],[79.416612,15.660917],[79.416702,15.66118],[79.417171,15.661033]]]},"properties":{"lp":"473","ac":"0.907","chaltha":"473"}},{"type":"Feature","geometry":{"type":"Polygon","coordinates":[[[79.416166,15.661349],[79.416702,15.66118],[79.416612,15.660917],[79.416083,15.661083],[79.416147,15.661289],[79.416166,15.661349]]]},"properties":{"lp":"475","ac":"0.455","chaltha":"475"}},{"type":"Feature","geometry":{"type":"Polygon","coordinates":[[[79.416083,15.661083],[79.416612,15.660917],[79.416509,15.660615],[79.416133,15.660737],[79.416155,15.660871],[79.416029,15.66091],[79.416083,15.661083]]]},"properties":{"lp":"476","ac":"0.455","chaltha":"476"}},{"type":"Feature","geometry":{"type":"Polygon","coordinates":[[[79.414202,15.66231],[79.415076,15.662236],[79.414981,15.661901],[79.414912,15.661654],[79.414799,15.661256],[79.414757,15.661102],[79.41429,15.661206],[79.413821,15.661311],[79.413518,15.661379],[79.413631,15.661493],[79.414202,15.66231]]]},"properties":{"lp":"458","ac":"3.412","chaltha":"458"}},{"type":"Feature","geometry":{"type":"Polygon","coordinates":[[[79.413518,15.661379],[79.413821,15.661311],[79.413569,15.660571],[79.412871,15.660727],[79.413518,15.661379]]]},"properties":{"lp":"455","ac":"1.17","chaltha":"455"}},{"type":"Feature","geometry":{"type":"Polygon","coordinates":[[[79.413821,15.661311],[79.41429,15.661206],[79.414058,15.660461],[79.413569,15.660571],[79.413821,15.661311]]]},"properties":{"lp":"456","ac":"1.12","chaltha":"456"}},{"type":"Feature","geometry":{"type":"Polygon","coordinates":[[[79.41429,15.661206],[79.414757,15.661102],[79.414549,15.660351],[79.414058,15.660461],[79.41429,15.661206]]]},"properties":{"lp":"457","ac":"1.118","chaltha":"457"}},{"type":"Feature","geometry":{"type":"Polygon","coordinates":[[[79.411241,15.660787],[79.411571,15.660715],[79.41178,15.660669],[79.411972,15.660626],[79.41188,15.660396],[79.411175,15.660569],[79.411241,15.660787]]]},"properties":{"lp":"523","ac":"0.51","chaltha":"523"}},{"type":"Feature","geometry":{"type":"Polygon","coordinates":[[[79.411385,15.659181],[79.411682,15.659948],[79.411698,15.659944],[79.412296,15.659782],[79.412198,15.659538],[79.411998,15.659029],[79.411385,15.659181]]]},"properties":{"lp":"526","ac":"1.503","chaltha":"526"}},{"type":"Feature","geometry":{"type":"Polygon","coordinates":[[[79.411929,15.661949],[79.412026,15.661917],[79.41178,15.660669],[79.411571,15.660715],[79.411929,15.661949]]]},"properties":{"lp":"452","ac":"0.591","chaltha":"452"}},{"type":"Feature","geometry":{"type":"Polygon","coordinates":[[[79.410797,15.659326],[79.411031,15.660094],[79.411682,15.659948],[79.411385,15.659181],[79.410897,15.659301],[79.410797,15.659326]]]},"properties":{"lp":"527","ac":"1.507","chaltha":"527"}},{"type":"Feature","geometry":{"type":"Polygon","coordinates":[[[79.411103,15.660332],[79.41179,15.660172],[79.411698,15.659944],[79.411682,15.659948],[79.411031,15.660094],[79.411103,15.660332]]]},"properties":{"lp":"525","ac":"0.5","chaltha":"525"}},{"type":"Feature","geometry":{"type":"Polygon","coordinates":[[[79.410184,15.658421],[79.409987,15.658521],[79.410266,15.659841],[79.410738,15.660427],[79.410713,15.661631],[79.410946,15.661423],[79.411241,15.660787],[79.411175,15.660569],[79.411103,15.660332],[79.411031,15.660094],[79.410797,15.659326],[79.410184,15.658421]]]},"properties":{"lp":"528","ac":"4.272","chaltha":"528"}},{"type":"Feature","geometry":{"type":"Polygon","coordinates":[[[79.411175,15.660569],[79.41188,15.660396],[79.41179,15.660172],[79.411103,15.660332],[79.411175,15.660569]]]},"properties":{"lp":"524","ac":"0.51","chaltha":"524"}},{"type":"Feature","geometry":{"type":"Polygon","coordinates":[[[79.411241,15.660787],[79.410946,15.661423],[79.411418,15.662134],[79.411735,15.663326],[79.41233,15.663458],[79.412164,15.662931],[79.412013,15.662446],[79.412765,15.66232],[79.412716,15.662234],[79.412121,15.662216],[79.412026,15.661917],[79.411929,15.661949],[79.411571,15.660715],[79.411241,15.660787]]]},"properties":{"lp":"450","ac":"5.011","chaltha":"450"}},{"type":"Feature","geometry":{"type":"Polygon","coordinates":[[[79.412013,15.662446],[79.412164,15.662931],[79.412545,15.662969],[79.412831,15.662998],[79.41305,15.66302],[79.412899,15.662561],[79.412765,15.66232],[79.412013,15.662446]]]},"properties":{"lp":"446","ac":"1.47","chaltha":"446"}},{"type":"Feature","geometry":{"type":"Polygon","coordinates":[[[79.412707,15.663543],[79.413013,15.663611],[79.412831,15.662998],[79.412545,15.662969],[79.412707,15.663543]]]},"properties":{"lp":"448","ac":"0.49","chaltha":"448"}},{"type":"Feature","geometry":{"type":"Polygon","coordinates":[[[79.413013,15.663611],[79.413262,15.663666],[79.413101,15.663177],[79.41305,15.66302],[79.412831,15.662998],[79.413013,15.663611]]]},"properties":{"lp":"447","ac":"0.41","chaltha":"447"}},{"type":"Feature","geometry":{"type":"Polygon","coordinates":[[[79.41233,15.663458],[79.412707,15.663543],[79.412545,15.662969],[79.412164,15.662931],[79.41233,15.663458]]]},"properties":{"lp":"449","ac":"0.583","chaltha":"449"}},{"type":"Feature","geometry":{"type":"Polygon","coordinates":[[[79.410713,15.661631],[79.410918,15.661788],[79.41116,15.662545],[79.411521,15.663298],[79.411735,15.663326],[79.411418,15.662134],[79.410946,15.661423],[79.410713,15.661631]]]},"properties":{"lp":"451","ac":"1.691","chaltha":"451"}},{"type":"Feature","geometry":{"type":"Polygon","coordinates":[[[79.413101,15.663177],[79.413262,15.663666],[79.415397,15.664206],[79.415237,15.663548],[79.415419,15.663437],[79.415281,15.662953],[79.415253,15.662858],[79.413101,15.663177]]]},"properties":{"lp":"443","ac":"5.73","chaltha":"443"}},{"type":"Feature","geometry":{"type":"Polygon","coordinates":[[[79.416316,15.663183],[79.417039,15.66291],[79.417005,15.662793],[79.416712,15.661801],[79.416341,15.661914],[79.415985,15.66209],[79.416188,15.662759],[79.416316,15.663183]]]},"properties":{"lp":"464","ac":"2.648","chaltha":"464"}},{"type":"Feature","geometry":{"type":"Polygon","coordinates":[[[79.417005,15.662793],[79.4173,15.662713],[79.417285,15.662648],[79.416993,15.661715],[79.416712,15.661801],[79.417005,15.662793]]]},"properties":{"lp":"465","ac":"0.92","chaltha":"465"}},{"type":"Feature","geometry":{"type":"Polygon","coordinates":[[[79.415101,15.662325],[79.415208,15.662698],[79.415253,15.662858],[79.415281,15.662953],[79.416188,15.662759],[79.415985,15.66209],[79.415101,15.662325]]]},"properties":{"lp":"462","ac":"1.821","chaltha":"462"}},{"type":"Feature","geometry":{"type":"Polygon","coordinates":[[[79.419274,15.658958],[79.419836,15.658766],[79.419804,15.658645],[79.4197,15.658252],[79.419691,15.658219],[79.419091,15.658383],[79.419213,15.658765],[79.419274,15.658958]]]},"properties":{"lp":"129","ac":"1.04","chaltha":"129"}},{"type":"Feature","geometry":{"type":"Polygon","coordinates":[[[79.418291,15.658802],[79.418366,15.659009],[79.419213,15.658765],[79.419091,15.658383],[79.418226,15.65862],[79.418291,15.658802]]]},"properties":{"lp":"128","ac":"1.061","chaltha":"128"}},{"type":"Feature","geometry":{"type":"Polygon","coordinates":[[[79.418507,15.659396],[79.418907,15.659286],[79.419315,15.659174],[79.419274,15.658958],[79.419213,15.658765],[79.418366,15.659009],[79.418507,15.659396]]]},"properties":{"lp":"127","ac":"1.055","chaltha":"127"}},{"type":"Feature","geometry":{"type":"Polygon","coordinates":[[[79.424593,15.666713],[79.425646,15.666438],[79.425522,15.666144],[79.424474,15.666414],[79.424593,15.666713]]]},"properties":{"lp":"26","ac":"1.01","chaltha":"26"}},{"type":"Feature","geometry":{"type":"Polygon","coordinates":[[[79.417252,15.66538],[79.417315,15.665365],[79.417431,15.665335],[79.417461,15.665328],[79.417361,15.664892],[79.417108,15.664833],[79.417116,15.664863],[79.417252,15.66538]]]},"properties":{"lp":"342","ac":"0.331","chaltha":"342"}},{"type":"Feature","geometry":{"type":"Polygon","coordinates":[[[79.416837,15.665451],[79.41695,15.665419],[79.416815,15.664946],[79.416744,15.664924],[79.416716,15.664972],[79.416837,15.665451]]]},"properties":{"lp":"350","ac":"0.165","chaltha":"350"}},{"type":"Feature","geometry":{"type":"Polygon","coordinates":[[[79.41695,15.665419],[79.41702,15.6654],[79.417046,15.665411],[79.416914,15.664868],[79.416868,15.664869],[79.416815,15.664946],[79.41695,15.665419]]]},"properties":{"lp":"349","ac":"0.165","chaltha":"349"}},{"type":"Feature","geometry":{"type":"Polygon","coordinates":[[[79.417046,15.665411],[79.417079,15.665424],[79.417252,15.66538],[79.417116,15.664863],[79.416914,15.664868],[79.417046,15.665411]]]},"properties":{"lp":"348","ac":"0.33","chaltha":"348"}},{"type":"Feature","geometry":{"type":"Polygon","coordinates":[[[79.419264,15.662654],[79.420146,15.66242],[79.42013,15.662352],[79.420115,15.662291],[79.419226,15.662523],[79.419264,15.662654]]]},"properties":{"lp":"173","ac":"0.36","chaltha":"173"}},{"type":"Feature","geometry":{"type":"Polygon","coordinates":[[[79.423191,15.658709],[79.423351,15.659234],[79.42357,15.659176],[79.423477,15.658638],[79.423191,15.658709]]]},"properties":{"lp":"108","ac":"0.417","chaltha":"108"}},{"type":"Feature","geometry":{"type":"Polygon","coordinates":[[[79.422951,15.657832],[79.423191,15.658709],[79.423477,15.658638],[79.423323,15.657743],[79.422951,15.657832]]]},"properties":{"lp":"109","ac":"0.901","chaltha":"109"}},{"type":"Feature","geometry":{"type":"Polygon","coordinates":[[[79.422248,15.658946],[79.422909,15.65878],[79.422599,15.657915],[79.422482,15.657943],[79.42204,15.658055],[79.422157,15.658637],[79.422248,15.658946]]]},"properties":{"lp":"111","ac":"1.712","chaltha":"111"}},{"type":"Feature","geometry":{"type":"Polygon","coordinates":[[[79.422406,15.659483],[79.422713,15.659402],[79.423108,15.659298],[79.422909,15.65878],[79.422248,15.658946],[79.422406,15.659483]]]},"properties":{"lp":"106","ac":"1.145","chaltha":"106"}},{"type":"Feature","geometry":{"type":"Polygon","coordinates":[[[79.421468,15.660337],[79.421989,15.660212],[79.421807,15.659658],[79.421951,15.659615],[79.421896,15.65945],[79.42124,15.659631],[79.421468,15.660337]]]},"properties":{"lp":"152","ac":"1.25","chaltha":"152"}},{"type":"Feature","geometry":{"type":"Polygon","coordinates":[[[79.42124,15.659631],[79.421896,15.65945],[79.421674,15.658781],[79.421197,15.658925],[79.421194,15.658969],[79.421167,15.659406],[79.421184,15.659459],[79.42124,15.659631]]]},"properties":{"lp":"151","ac":"1.267","chaltha":"151"}},{"type":"Feature","geometry":{"type":"Polygon","coordinates":[[[79.421951,15.659615],[79.42203,15.659592],[79.422247,15.659529],[79.422406,15.659483],[79.422248,15.658946],[79.422157,15.658637],[79.421769,15.658753],[79.421674,15.658781],[79.421896,15.65945],[79.421951,15.659615]]]},"properties":{"lp":"105","ac":"1.261","chaltha":"105"}},{"type":"Feature","geometry":{"type":"Polygon","coordinates":[[[79.419189,15.66515],[79.419544,15.665648],[79.419558,15.66506],[79.419189,15.66515]]]},"properties":{"lp":"431","ac":"0.316","chaltha":"431"}},{"type":"Feature","geometry":{"type":"Polygon","coordinates":[[[79.418824,15.66524],[79.419544,15.665648],[79.419189,15.66515],[79.418824,15.66524]]]},"properties":{"lp":"430","ac":"0.312","chaltha":"430"}},{"type":"Feature","geometry":{"type":"Polygon","coordinates":[[[79.423239,15.666739],[79.424001,15.66654],[79.42399,15.66646],[79.423215,15.666656],[79.423224,15.666685],[79.423239,15.666739]]]},"properties":{"lp":"52","ac":"0.195","chaltha":"52"}},{"type":"Feature","geometry":{"type":"Polygon","coordinates":[[[79.422188,15.666348],[79.422345,15.666847],[79.422438,15.666867],[79.423224,15.666685],[79.423215,15.666656],[79.423142,15.666399],[79.423063,15.66613],[79.422188,15.666348]]]},"properties":{"lp":"33","ac":"1.49","chaltha":"33"}},{"type":"Feature","geometry":{"type":"Polygon","coordinates":[[[79.422438,15.666867],[79.422561,15.666893],[79.42302,15.666791],[79.423239,15.666739],[79.423224,15.666685],[79.422438,15.666867]]]},"properties":{"lp":"32","ac":"0.123","chaltha":"32"}},{"type":"Feature","geometry":{"type":"Polygon","coordinates":[[[79.422156,15.666247],[79.422188,15.666348],[79.423063,15.66613],[79.42304,15.666044],[79.423035,15.666026],[79.422156,15.666247]]]},"properties":{"lp":"34","ac":"0.284","chaltha":"34"}},{"type":"Feature","geometry":{"type":"Polygon","coordinates":[[[79.424334,15.66804],[79.424504,15.66802],[79.424448,15.667579],[79.424264,15.66754],[79.424334,15.66804]]]},"properties":{"lp":"13","ac":"0.243","chaltha":"13"}},{"type":"Feature","geometry":{"type":"Polygon","coordinates":[[[79.422683,15.664398],[79.422752,15.664377],[79.422842,15.664351],[79.4229,15.664334],[79.422727,15.66386],[79.422525,15.663919],[79.422683,15.664398]]]},"properties":{"lp":"65","ac":"0.323","chaltha":"65"}},{"type":"Feature","geometry":{"type":"Polygon","coordinates":[[[79.422532,15.664442],[79.422573,15.66443],[79.422683,15.664398],[79.422525,15.663919],[79.422373,15.663963],[79.422532,15.664442]]]},"properties":{"lp":"66","ac":"0.232","chaltha":"66"}},{"type":"Feature","geometry":{"type":"Polygon","coordinates":[[[79.411972,15.660626],[79.412752,15.660452],[79.412658,15.660243],[79.412599,15.660211],[79.412472,15.660144],[79.412403,15.660002],[79.412296,15.659782],[79.411698,15.659944],[79.41179,15.660172],[79.41188,15.660396],[79.411972,15.660626]]]},"properties":{"lp":"522","ac":"1.519","chaltha":"522"}},{"type":"Feature","geometry":{"type":"Polygon","coordinates":[[[79.422948,15.663801],[79.423019,15.663784],[79.422416,15.662044],[79.422349,15.66206],[79.422948,15.663801]]]},"properties":{"lp":"80","ac":"0.382","chaltha":"80"}},{"type":"Feature","geometry":{"type":"Polygon","coordinates":[[[79.422003,15.664597],[79.421797,15.664131],[79.421553,15.664203],[79.421793,15.664608],[79.421818,15.664651],[79.422003,15.664597]]]},"properties":{"lp":"71","ac":"0.33","chaltha":"71"}},{"type":"Feature","geometry":{"type":"Polygon","coordinates":[[[79.422047,15.664584],[79.422172,15.664547],[79.422228,15.664531],[79.422066,15.664053],[79.421797,15.664131],[79.422003,15.664597],[79.422047,15.664584]]]},"properties":{"lp":"70","ac":"0.38","chaltha":"70"}},{"type":"Feature","geometry":{"type":"Polygon","coordinates":[[[79.423182,15.663747],[79.42344,15.663689],[79.422817,15.661946],[79.422561,15.662008],[79.423182,15.663747]]]},"properties":{"lp":"82","ac":"1.42","chaltha":"82"}},{"type":"Feature","geometry":{"type":"Polygon","coordinates":[[[79.423894,15.663586],[79.424093,15.663541],[79.423467,15.661788],[79.423234,15.661844],[79.423894,15.663586]]]},"properties":{"lp":"85","ac":"1.2","chaltha":"85"}},{"type":"Feature","geometry":{"type":"Polygon","coordinates":[[[79.423089,15.664279],[79.423362,15.665192],[79.423474,15.665161],[79.423193,15.664248],[79.423089,15.664279]]]},"properties":{"lp":"45","ac":"0.313","chaltha":"45"}},{"type":"Feature","geometry":{"type":"Polygon","coordinates":[[[79.42229,15.662075],[79.422349,15.66206],[79.422416,15.662044],[79.422561,15.662008],[79.422817,15.661946],[79.423018,15.661897],[79.423234,15.661844],[79.423467,15.661788],[79.423662,15.66174],[79.423598,15.661555],[79.42345,15.661595],[79.423373,15.66139],[79.423332,15.661281],[79.423301,15.661198],[79.422465,15.66131],[79.42229,15.662075]]]},"properties":{"lp":"90","ac":"2.128","chaltha":"90"}},{"type":"Feature","geometry":{"type":"Polygon","coordinates":[[[79.423301,15.661198],[79.423332,15.661281],[79.423623,15.661241],[79.423605,15.661147],[79.423385,15.661184],[79.423301,15.661198]]]},"properties":{"lp":"93","ac":"0.081","chaltha":"93"}},{"type":"Feature","geometry":{"type":"Polygon","coordinates":[[[79.423093,15.660511],[79.423142,15.660678],[79.423187,15.66085],[79.423302,15.660831],[79.423385,15.661184],[79.423605,15.661147],[79.423623,15.661241],[79.423641,15.661331],[79.423373,15.66139],[79.42345,15.661595],[79.423598,15.661555],[79.424022,15.66144],[79.423876,15.660973],[79.423949,15.660815],[79.423832,15.660312],[79.423093,15.660511]]]},"properties":{"lp":"91","ac":"2.0","chaltha":"91"}},{"type":"Feature","geometry":{"type":"Polygon","coordinates":[[[79.422205,15.660154],[79.422426,15.660095],[79.422247,15.659529],[79.42203,15.659592],[79.422205,15.660154]]]},"properties":{"lp":"103","ac":"0.393","chaltha":"103"}},{"type":"Feature","geometry":{"type":"Polygon","coordinates":[[[79.422482,15.657943],[79.422599,15.657915],[79.422951,15.657832],[79.423323,15.657743],[79.423215,15.657112],[79.422598,15.657233],[79.42218,15.657315],[79.422482,15.657943]]]},"properties":{"lp":"113","ac":"1.852","chaltha":"113"}},{"type":"Feature","geometry":{"type":"Polygon","coordinates":[[[79.421197,15.658925],[79.421674,15.658781],[79.421769,15.658753],[79.421284,15.65703],[79.420654,15.657151],[79.420787,15.657585],[79.420891,15.657926],[79.421012,15.65832],[79.421097,15.658599],[79.421197,15.658925]]]},"properties":{"lp":"117","ac":"3.301","chaltha":"117"}},{"type":"Feature","geometry":{"type":"Polygon","coordinates":[[[79.421769,15.658753],[79.422157,15.658637],[79.42204,15.658055],[79.422482,15.657943],[79.42218,15.657315],[79.421879,15.656916],[79.421284,15.65703],[79.421769,15.658753]]]},"properties":{"lp":"112","ac":"3.416","chaltha":"112"}},{"type":"Feature","geometry":{"type":"Polygon","coordinates":[[[79.41938,15.66306],[79.419787,15.662956],[79.419743,15.662818],[79.419341,15.662924],[79.41938,15.66306]]]},"properties":{"lp":"170","ac":"0.175","chaltha":"170"}},{"type":"Feature","geometry":{"type":"Polygon","coordinates":[[[79.419341,15.662924],[79.419743,15.662818],[79.419699,15.662678],[79.419301,15.662785],[79.419341,15.662924]]]},"properties":{"lp":"171","ac":"0.176","chaltha":"171"}},{"type":"Feature","geometry":{"type":"Polygon","coordinates":[[[79.418934,15.661503],[79.419732,15.661292],[79.419709,15.661215],[79.419669,15.66108],[79.418877,15.661305],[79.418934,15.661503]]]},"properties":{"lp":"145","ac":"0.516","chaltha":"145"}},{"type":"Feature","geometry":{"type":"Polygon","coordinates":[[[79.419709,15.661215],[79.420586,15.661007],[79.42055,15.660919],[79.4205,15.660797],[79.420456,15.66069],[79.419624,15.660932],[79.419669,15.66108],[79.419709,15.661215]]]},"properties":{"lp":"148","ac":"0.821","chaltha":"148"}},{"type":"Feature","geometry":{"type":"Polygon","coordinates":[[[79.418765,15.657847],[79.419337,15.657702],[79.419052,15.656696],[79.41903,15.656702],[79.418789,15.65676],[79.41855,15.656819],[79.418505,15.656831],[79.418677,15.657504],[79.418765,15.657847]]]},"properties":{"lp":"120","ac":"1.771","chaltha":"120"}},{"type":"Feature","geometry":{"type":"Polygon","coordinates":[[[79.420178,15.662548],[79.420562,15.662448],[79.421028,15.662332],[79.42102,15.662305],[79.421001,15.66224],[79.420154,15.662449],[79.420178,15.662548]]]},"properties":{"lp":"165","ac":"0.25","chaltha":"165"}},{"type":"Feature","geometry":{"type":"Polygon","coordinates":[[[79.420154,15.662449],[79.421001,15.66224],[79.420995,15.662218],[79.420974,15.662146],[79.42013,15.662352],[79.420146,15.66242],[79.420154,15.662449]]]},"properties":{"lp":"174","ac":"0.253","chaltha":"174"}},{"type":"Feature","geometry":{"type":"Polygon","coordinates":[[[79.42013,15.662352],[79.420974,15.662146],[79.420968,15.662125],[79.420945,15.662048],[79.420106,15.662257],[79.420115,15.662291],[79.42013,15.662352]]]},"properties":{"lp":"175","ac":"0.254","chaltha":"175"}},{"type":"Feature","geometry":{"type":"Polygon","coordinates":[[[79.417662,15.65986],[79.41776,15.660252],[79.417845,15.660414],[79.417954,15.660623],[79.418054,15.660816],[79.418146,15.660992],[79.418235,15.661162],[79.418315,15.661317],[79.418826,15.662297],[79.419042,15.663168],[79.419077,15.663307],[79.419111,15.663445],[79.419458,15.663331],[79.41938,15.66306],[79.419341,15.662924],[79.419301,15.662785],[79.419264,15.662654],[79.419226,15.662523],[79.419136,15.662208],[79.418987,15.661688],[79.418934,15.661503],[79.418877,15.661305],[79.418845,15.661177],[79.418555,15.661225],[79.418465,15.660951],[79.418341,15.660576],[79.418215,15.660191],[79.41807,15.659752],[79.417841,15.659813],[79.417662,15.65986]]]},"properties":{"lp":"178","ac":"4.294","chaltha":"178"}},{"type":"Feature","geometry":{"type":"Polygon","coordinates":[[[79.420348,15.656357],[79.419913,15.656474],[79.419471,15.656592],[79.419356,15.656622],[79.419052,15.656696],[79.419337,15.657702],[79.41954,15.65765],[79.419652,15.657624],[79.420411,15.657233],[79.420348,15.656357]]]},"properties":{"lp":"119","ac":"3.553","chaltha":"119"}},{"type":"Feature","geometry":{"type":"Polygon","coordinates":[[[79.419458,15.663331],[79.420926,15.66295],[79.42092,15.662936],[79.421122,15.662654],[79.421111,15.662617],[79.420645,15.662736],[79.420197,15.662851],[79.419787,15.662956],[79.41938,15.66306],[79.419458,15.663331]]]},"properties":{"lp":"169","ac":"1.361","chaltha":"169"}},{"type":"Feature","geometry":{"type":"Polygon","coordinates":[[[79.420696,15.668889],[79.42083,15.66886],[79.420776,15.668589],[79.420632,15.668619],[79.420696,15.668889]]]},"properties":{"lp":"231","ac":"0.115","chaltha":"231"}},{"type":"Feature","geometry":{"type":"Polygon","coordinates":[[[79.42083,15.66886],[79.420969,15.66883],[79.420907,15.668562],[79.420776,15.668589],[79.42083,15.66886]]]},"properties":{"lp":"230","ac":"0.112","chaltha":"230"}},{"type":"Feature","geometry":{"type":"Polygon","coordinates":[[[79.418006,15.669746],[79.418191,15.66974],[79.418141,15.669425],[79.418026,15.66941],[79.41791,15.669395],[79.418006,15.669746]]]},"properties":{"lp":"281","ac":"0.2","chaltha":"281"}},{"type":"Feature","geometry":{"type":"Polygon","coordinates":[[[79.418191,15.66974],[79.41835,15.669734],[79.418423,15.669462],[79.418141,15.669425],[79.418191,15.66974]]]},"properties":{"lp":"282","ac":"0.19","chaltha":"282"}},{"type":"Feature","geometry":{"type":"Polygon","coordinates":[[[79.418423,15.669462],[79.41835,15.669734],[79.418411,15.669938],[79.418417,15.66999],[79.418675,15.669922],[79.418652,15.669491],[79.418423,15.669462]]]},"properties":{"lp":"283","ac":"0.394","chaltha":"283"}},{"type":"Feature","geometry":{"type":"Polygon","coordinates":[[[79.419184,15.669078],[79.419576,15.668975],[79.420368,15.668768],[79.42034,15.668668],[79.420188,15.668238],[79.420176,15.668104],[79.42013,15.667631],[79.418894,15.667847],[79.418936,15.668183],[79.419147,15.668205],[79.419143,15.669023],[79.419184,15.669078]]]},"properties":{"lp":"289","ac":"4.14","chaltha":"289"}},{"type":"Feature","geometry":{"type":"Polygon","coordinates":[[[79.411728,15.666016],[79.411879,15.66646],[79.413725,15.666216],[79.41346,15.666221],[79.41311,15.666229],[79.4128,15.666235],[79.41259,15.666239],[79.412432,15.666243],[79.412275,15.666246],[79.412092,15.66625],[79.412007,15.666252],[79.411989,15.666023],[79.411973,15.66583],[79.411728,15.666016]]]},"properties":{"lp":"392","ac":"0.807","chaltha":"392"}},{"type":"Feature","geometry":{"type":"Polygon","coordinates":[[[79.416673,15.665456],[79.416735,15.665442],[79.416526,15.664688],[79.416444,15.664667],[79.416673,15.665456]]]},"properties":{"lp":"353","ac":"0.16","chaltha":"353"}},{"type":"Feature","geometry":{"type":"Polygon","coordinates":[[[79.416526,15.664688],[79.416735,15.665442],[79.416799,15.665429],[79.416692,15.66495],[79.416629,15.664887],[79.416601,15.664707],[79.416526,15.664688]]]},"properties":{"lp":"352","ac":"0.161","chaltha":"352"}},{"type":"Feature","geometry":{"type":"Polygon","coordinates":[[[79.417374,15.666324],[79.417394,15.66633],[79.417559,15.666286],[79.417541,15.66622],[79.417358,15.66626],[79.417374,15.666324]]]},"properties":{"lp":"345","ac":"0.04","chaltha":"345"}},{"type":"Feature","geometry":{"type":"Polygon","coordinates":[[[79.417358,15.66626],[79.417541,15.66622],[79.417315,15.665365],[79.417252,15.66538],[79.417079,15.665424],[79.417191,15.665472],[79.417245,15.665592],[79.417212,15.665678],[79.417358,15.66626]]]},"properties":{"lp":"347","ac":"0.451","chaltha":"347"}},{"type":"Feature","geometry":{"type":"Polygon","coordinates":[[[79.417019,15.664617],[79.416969,15.6648],[79.417108,15.664833],[79.417361,15.664892],[79.417692,15.664976],[79.417976,15.665115],[79.418026,15.66514],[79.418106,15.665179],[79.418333,15.665296],[79.418765,15.66553],[79.418824,15.66524],[79.418508,15.665085],[79.418035,15.664843],[79.417019,15.664617]]]},"properties":{"lp":"429","ac":"1.349","chaltha":"429"}},{"type":"Feature","geometry":{"type":"Polygon","coordinates":[[[79.415419,15.663437],[79.415792,15.663425],[79.416316,15.663183],[79.416188,15.662759],[79.415281,15.662953],[79.415419,15.663437]]]},"properties":{"lp":"463","ac":"1.412","chaltha":"463"}},{"type":"Feature","geometry":{"type":"Polygon","coordinates":[[[79.416585,15.664494],[79.416823,15.664546],[79.416687,15.663883],[79.416565,15.663382],[79.416361,15.663404],[79.416585,15.664494]]]},"properties":{"lp":"440","ac":"0.738","chaltha":"440"}},{"type":"Feature","geometry":{"type":"Polygon","coordinates":[[[79.415397,15.664206],[79.415309,15.664377],[79.415427,15.664408],[79.415572,15.664445],[79.415803,15.664504],[79.416052,15.664568],[79.416309,15.664633],[79.416444,15.664667],[79.416526,15.664688],[79.416601,15.664707],[79.416969,15.6648],[79.417019,15.664617],[79.416815,15.664568],[79.416103,15.664389],[79.415397,15.664206]]]},"properties":{"lp":"428","ac":"0.93","chaltha":"428"}},{"type":"Feature","geometry":{"type":"Polygon","coordinates":[[[79.415397,15.664206],[79.416103,15.664389],[79.416585,15.664494],[79.416361,15.663404],[79.416316,15.663183],[79.415792,15.663425],[79.415419,15.663437],[79.415237,15.663548],[79.415397,15.664206]]]},"properties":{"lp":"442","ac":"3.268","chaltha":"442"}},{"type":"Feature","geometry":{"type":"Polygon","coordinates":[[[79.413101,15.663177],[79.415253,15.662858],[79.415208,15.662698],[79.41305,15.66302],[79.413101,15.663177]]]},"properties":{"lp":"444","ac":"1.044","chaltha":"444"}},{"type":"Feature","geometry":{"type":"Polygon","coordinates":[[[79.41305,15.66302],[79.415208,15.662698],[79.415101,15.662325],[79.415076,15.662236],[79.414202,15.66231],[79.412899,15.662561],[79.41305,15.66302]]]},"properties":{"lp":"445","ac":"3.242","chaltha":"445"}},{"type":"Feature","geometry":{"type":"Polygon","coordinates":[[[79.416823,15.664546],[79.417019,15.664617],[79.418035,15.664843],[79.41784,15.663661],[79.418252,15.663612],[79.418231,15.663494],[79.418204,15.66334],[79.418054,15.662476],[79.417285,15.662648],[79.4173,15.662713],[79.417322,15.662803],[79.417039,15.66291],[79.416316,15.663183],[79.416539,15.663271],[79.416565,15.663382],[79.416687,15.663883],[79.416823,15.664546]]]},"properties":{"lp":"437","ac":"7.948","chaltha":"437"}},{"type":"Feature","geometry":{"type":"Polygon","coordinates":[[[79.418035,15.664843],[79.418508,15.665085],[79.418257,15.663643],[79.418252,15.663612],[79.41784,15.663661],[79.418035,15.664843]]]},"properties":{"lp":"436","ac":"1.658","chaltha":"436"}},{"type":"Feature","geometry":{"type":"Polygon","coordinates":[[[79.418508,15.665085],[79.418824,15.66524],[79.419189,15.66515],[79.419558,15.66506],[79.419111,15.663445],[79.418257,15.663643],[79.418508,15.665085]]]},"properties":{"lp":"432","ac":"4.626","chaltha":"432"}},{"type":"Feature","geometry":{"type":"Polygon","coordinates":[[[79.415101,15.662325],[79.415985,15.66209],[79.416341,15.661914],[79.416226,15.661543],[79.414981,15.661901],[79.415076,15.662236],[79.415101,15.662325]]]},"properties":{"lp":"461","ac":"1.686","chaltha":"461"}},{"type":"Feature","geometry":{"type":"Polygon","coordinates":[[[79.414981,15.661901],[79.416226,15.661543],[79.416166,15.661349],[79.416147,15.661289],[79.414912,15.661654],[79.414981,15.661901]]]},"properties":{"lp":"460","ac":"0.99","chaltha":"460"}},{"type":"Feature","geometry":{"type":"Polygon","coordinates":[[[79.414912,15.661654],[79.416147,15.661289],[79.416083,15.661083],[79.416029,15.66091],[79.414799,15.661256],[79.414912,15.661654]]]},"properties":{"lp":"459","ac":"1.525","chaltha":"459"}},{"type":"Feature","geometry":{"type":"Polygon","coordinates":[[[79.412899,15.662561],[79.414202,15.66231],[79.413631,15.661493],[79.412026,15.661917],[79.412121,15.662216],[79.412716,15.662234],[79.412765,15.66232],[79.412899,15.662561]]]},"properties":{"lp":"453","ac":"3.839","chaltha":"453"}},{"type":"Feature","geometry":{"type":"Polygon","coordinates":[[[79.412026,15.661917],[79.413631,15.661493],[79.413518,15.661379],[79.412871,15.660727],[79.412752,15.660452],[79.411972,15.660626],[79.41178,15.660669],[79.412026,15.661917]]]},"properties":{"lp":"454","ac":"4.681","chaltha":"454"}},{"type":"Feature","geometry":{"type":"Polygon","coordinates":[[[79.412198,15.659538],[79.412755,15.659421],[79.412396,15.65822],[79.412303,15.658239],[79.412089,15.658281],[79.411789,15.658339],[79.411835,15.658491],[79.411917,15.658762],[79.411998,15.659029],[79.412198,15.659538]]]},"properties":{"lp":"515","ac":"2.227","chaltha":"515"}},{"type":"Feature","geometry":{"type":"Polygon","coordinates":[[[79.412539,15.658193],[79.41251,15.658198],[79.412396,15.65822],[79.412755,15.659421],[79.412897,15.65939],[79.412539,15.658193]]]},"properties":{"lp":"514","ac":"0.53","chaltha":"514"}},{"type":"Feature","geometry":{"type":"Polygon","coordinates":[[[79.416877,15.658176],[79.416691,15.658207],[79.416402,15.658256],[79.416147,15.658299],[79.415183,15.658462],[79.41514,15.658469],[79.414894,15.658511],[79.414631,15.658556],[79.414302,15.658611],[79.414035,15.658657],[79.414172,15.659109],[79.414208,15.659228],[79.41699,15.658684],[79.416877,15.658176]]]},"properties":{"lp":"479","ac":"4.668","chaltha":"479"}},{"type":"Feature","geometry":{"type":"Polygon","coordinates":[[[79.414302,15.659536],[79.417058,15.658987],[79.41699,15.658684],[79.414208,15.659228],[79.414246,15.659353],[79.414302,15.659536]]]},"properties":{"lp":"478","ac":"2.61","chaltha":"478"}},{"type":"Feature","geometry":{"type":"Polygon","coordinates":[[[79.414302,15.659536],[79.414316,15.659584],[79.414389,15.659824],[79.414467,15.66008],[79.414549,15.660351],[79.414757,15.661102],[79.414799,15.661256],[79.416029,15.66091],[79.416155,15.660871],[79.416133,15.660737],[79.416509,15.660615],[79.417025,15.660449],[79.41736,15.660341],[79.417058,15.658987],[79.414302,15.659536]]]},"properties":{"lp":"477","ac":"12.93","chaltha":"477"}},{"type":"Feature","geometry":{"type":"Polygon","coordinates":[[[79.410036,15.645126],[79.410017,15.645181],[79.410314,15.645126],[79.412249,15.643323],[79.412034,15.642643],[79.411556,15.642844],[79.410691,15.643277],[79.410036,15.645126]]]},"properties":{"lp":"904","ac":"6.61","chaltha":"904"}},{"type":"Feature","geometry":{"type":"Polygon","coordinates":[[[79.410892,15.652098],[79.41096,15.652389],[79.412192,15.652117],[79.412116,15.651824],[79.410892,15.652098]]]},"properties":{"lp":"852","ac":"1.11","chaltha":"852"}},{"type":"Feature","geometry":{"type":"Polygon","coordinates":[[[79.41096,15.652389],[79.411005,15.65258],[79.412237,15.652294],[79.412192,15.652117],[79.41096,15.652389]]]},"properties":{"lp":"853","ac":"0.7","chaltha":"853"}},{"type":"Feature","geometry":{"type":"Polygon","coordinates":[[[79.411005,15.65258],[79.411048,15.652764],[79.411614,15.652632],[79.412284,15.652475],[79.412237,15.652294],[79.411005,15.65258]]]},"properties":{"lp":"854","ac":"0.7","chaltha":"854"}},{"type":"Feature","geometry":{"type":"Polygon","coordinates":[[[79.410797,15.659326],[79.410054,15.657169],[79.409687,15.657294],[79.409666,15.657302],[79.409567,15.657335],[79.408973,15.656066],[79.408758,15.655671],[79.408517,15.655229],[79.408334,15.655182],[79.407835,15.654148],[79.407227,15.654571],[79.407795,15.654491],[79.407874,15.654634],[79.407966,15.654802],[79.408067,15.654985],[79.40816,15.655152],[79.408408,15.655602],[79.408558,15.655875],[79.408466,15.656088],[79.408475,15.656119],[79.408544,15.656354],[79.40862,15.656611],[79.408669,15.656781],[79.40872,15.656955],[79.408772,15.657131],[79.409089,15.657067],[79.40924,15.65749],[79.409501,15.657414],[79.410012,15.658169],[79.410184,15.658421],[79.410797,15.659326]]]},"properties":{"lp":"546","ac":"5.855","chaltha":"546"}},{"type":"Feature","geometry":{"type":"Polygon","coordinates":[[[79.410543,15.656049],[79.411838,15.655604],[79.411825,15.655566],[79.411664,15.655101],[79.411524,15.654705],[79.411055,15.654863],[79.409985,15.655256],[79.409879,15.655295],[79.410058,15.65563],[79.410543,15.656049]]]},"properties":{"lp":"540","ac":"4.458","chaltha":"540"}},{"type":"Feature","geometry":{"type":"Polygon","coordinates":[[[79.407862,15.656546],[79.408544,15.656354],[79.408475,15.656119],[79.407783,15.656304],[79.407862,15.656546]]]},"properties":{"lp":"554","ac":"0.521","chaltha":"554"}},{"type":"Feature","geometry":{"type":"Polygon","coordinates":[[[79.408108,15.657286],[79.408252,15.657714],[79.408408,15.657689],[79.408805,15.658766],[79.410012,15.658169],[79.409501,15.657414],[79.40924,15.65749],[79.409089,15.657067],[79.408772,15.657131],[79.408108,15.657286]]]},"properties":{"lp":"549","ac":"5.0","chaltha":"549"}},{"type":"Feature","geometry":{"type":"Polygon","coordinates":[[[79.414825,15.654222],[79.41515,15.655305],[79.415403,15.65522],[79.415108,15.654173],[79.414825,15.654222]]]},"properties":{"lp":"592","ac":"0.9","chaltha":"592"}},{"type":"Feature","geometry":{"type":"Polygon","coordinates":[[[79.415403,15.65522],[79.415541,15.655173],[79.415899,15.655053],[79.415619,15.654054],[79.415108,15.654173],[79.415403,15.65522]]]},"properties":{"lp":"593","ac":"1.63","chaltha":"593"}},{"type":"Feature","geometry":{"type":"Polygon","coordinates":[[[79.422376,15.655745],[79.42284,15.655617],[79.422814,15.655456],[79.422338,15.655532],[79.422376,15.655745]]]},"properties":{"lp":"646","ac":"0.267","chaltha":"646"}},{"type":"Feature","geometry":{"type":"Polygon","coordinates":[[[79.422338,15.655532],[79.422814,15.655456],[79.422779,15.655249],[79.422304,15.655343],[79.422338,15.655532]]]},"properties":{"lp":"647","ac":"0.285","chaltha":"647"}},{"type":"Feature","geometry":{"type":"Polygon","coordinates":[[[79.422304,15.655343],[79.422779,15.655249],[79.422735,15.654983],[79.422257,15.655075],[79.422304,15.655343]]]},"properties":{"lp":"648","ac":"0.386","chaltha":"648"}},{"type":"Feature","geometry":{"type":"Polygon","coordinates":[[[79.422257,15.655075],[79.422735,15.654983],[79.422715,15.654856],[79.422231,15.654928],[79.422257,15.655075]]]},"properties":{"lp":"649","ac":"0.198","chaltha":"649"}},{"type":"Feature","geometry":{"type":"Polygon","coordinates":[[[79.422231,15.654928],[79.422715,15.654856],[79.422695,15.654738],[79.422194,15.654722],[79.422231,15.654928]]]},"properties":{"lp":"650","ac":"0.236","chaltha":"650"}},{"type":"Feature","geometry":{"type":"Polygon","coordinates":[[[79.420408,15.655185],[79.420472,15.655425],[79.420853,15.655352],[79.420778,15.655076],[79.420408,15.655185]]]},"properties":{"lp":"636","ac":"0.303","chaltha":"636"}},{"type":"Feature","geometry":{"type":"Polygon","coordinates":[[[79.420472,15.655425],[79.420541,15.655687],[79.420743,15.655641],[79.420921,15.6556],[79.420853,15.655352],[79.420472,15.655425]]]},"properties":{"lp":"635","ac":"0.3","chaltha":"635"}},{"type":"Feature","geometry":{"type":"Polygon","coordinates":[[[79.420876,15.656184],[79.421059,15.656109],[79.42098,15.655818],[79.420921,15.6556],[79.420743,15.655641],[79.420876,15.656184]]]},"properties":{"lp":"634","ac":"0.301","chaltha":"634"}},{"type":"Feature","geometry":{"type":"Polygon","coordinates":[[[79.420689,15.656261],[79.420876,15.656184],[79.420743,15.655641],[79.420541,15.655687],[79.420565,15.655778],[79.420617,15.655974],[79.420689,15.656261]]]},"properties":{"lp":"633","ac":"0.342","chaltha":"633"}},{"type":"Feature","geometry":{"type":"Polygon","coordinates":[[[79.420696,15.656512],[79.422886,15.655895],[79.42284,15.655617],[79.422376,15.655745],[79.422206,15.655792],[79.422049,15.655835],[79.421688,15.655935],[79.421474,15.655994],[79.421267,15.656052],[79.421059,15.656109],[79.420876,15.656184],[79.420689,15.656261],[79.420632,15.656284],[79.420696,15.656512]]]},"properties":{"lp":"632","ac":"1.885","chaltha":"632"}},{"type":"Feature","geometry":{"type":"Polygon","coordinates":[[[79.420019,15.650316],[79.421294,15.649797],[79.421132,15.649293],[79.419716,15.649815],[79.419886,15.650101],[79.420019,15.650316]]]},"properties":{"lp":"684","ac":"2.34","chaltha":"684"}},{"type":"Feature","geometry":{"type":"Polygon","coordinates":[[[79.419716,15.649815],[79.421132,15.649293],[79.421061,15.649068],[79.419558,15.649551],[79.419716,15.649815]]]},"properties":{"lp":"683","ac":"1.215","chaltha":"683"}},{"type":"Feature","geometry":{"type":"Polygon","coordinates":[[[79.421294,15.649797],[79.421532,15.649701],[79.421298,15.649003],[79.421061,15.649068],[79.421132,15.649293],[79.421294,15.649797]]]},"properties":{"lp":"685","ac":"0.552","chaltha":"685"}},{"type":"Feature","geometry":{"type":"Polygon","coordinates":[[[79.419545,15.649529],[79.419558,15.649551],[79.421061,15.649068],[79.420831,15.64835],[79.419921,15.648644],[79.419349,15.648803],[79.41949,15.649324],[79.419545,15.649529]]]},"properties":{"lp":"682","ac":"3.48","chaltha":"682"}},{"type":"Feature","geometry":{"type":"Polygon","coordinates":[[[79.421061,15.649068],[79.421298,15.649003],[79.421055,15.648278],[79.420831,15.64835],[79.421061,15.649068]]]},"properties":{"lp":"686","ac":"0.535","chaltha":"686"}},{"type":"Feature","geometry":{"type":"Polygon","coordinates":[[[79.421532,15.649701],[79.421728,15.649621],[79.421288,15.648203],[79.421055,15.648278],[79.421298,15.649003],[79.421532,15.649701]]]},"properties":{"lp":"687","ac":"0.997","chaltha":"687"}},{"type":"Feature","geometry":{"type":"Polygon","coordinates":[[[79.410879,15.640969],[79.41063,15.641844],[79.411556,15.642844],[79.412034,15.642643],[79.411437,15.640879],[79.410879,15.640969]]]},"properties":{"lp":"820","ac":"4.587","chaltha":"820"}},{"type":"Feature","geometry":{"type":"Polygon","coordinates":[[[79.411437,15.640879],[79.412034,15.642643],[79.41172,15.641384],[79.411609,15.640851],[79.411437,15.640879]]]},"properties":{"lp":"818","ac":"0.429","chaltha":"818"}},{"type":"Feature","geometry":{"type":"Polygon","coordinates":[[[79.410414,15.645108],[79.411637,15.644887],[79.41244,15.644733],[79.412098,15.643572],[79.410414,15.645108]]]},"properties":{"lp":"901","ac":"3.651","chaltha":"901"}},{"type":"Feature","geometry":{"type":"Polygon","coordinates":[[[79.41244,15.644733],[79.412679,15.644687],[79.412276,15.64341],[79.412098,15.643572],[79.41244,15.644733]]]},"properties":{"lp":"902","ac":"0.86","chaltha":"902"}},{"type":"Feature","geometry":{"type":"Polygon","coordinates":[[[79.412104,15.64719],[79.412392,15.647132],[79.41269,15.647073],[79.41297,15.64669],[79.412803,15.645353],[79.412679,15.644687],[79.41244,15.644733],[79.411637,15.644887],[79.412104,15.64719]]]},"properties":{"lp":"895","ac":"6.772","chaltha":"895"}},{"type":"Feature","geometry":{"type":"Polygon","coordinates":[[[79.404914,15.650406],[79.404767,15.650405],[79.404912,15.650763],[79.405311,15.651815],[79.406216,15.653185],[79.406865,15.653742],[79.407227,15.654571],[79.407835,15.654148],[79.407707,15.653557],[79.407108,15.652851],[79.407016,15.652856],[79.406907,15.652862],[79.406287,15.652897],[79.405736,15.652326],[79.405443,15.651783],[79.40539,15.651526],[79.405257,15.650886],[79.404914,15.650406]]]},"properties":{"lp":"941","ac":"5.639","chaltha":"941"}},{"type":"Feature","geometry":{"type":"Polygon","coordinates":[[[79.402115,15.646205],[79.402623,15.646387],[79.403427,15.646144],[79.403529,15.646186],[79.403302,15.645618],[79.403083,15.645516],[79.40289,15.645111],[79.402661,15.644629],[79.402488,15.644265],[79.402519,15.644139],[79.402307,15.644096],[79.402375,15.644286],[79.402996,15.64562],[79.403094,15.645766],[79.40271,15.64602],[79.402115,15.646205]]]},"properties":{"lp":"966","ac":"1.971","chaltha":"966"}},{"type":"Feature","geometry":{"type":"Polygon","coordinates":[[[79.402115,15.646205],[79.40271,15.64602],[79.403094,15.645766],[79.402996,15.64562],[79.402375,15.644286],[79.402307,15.644096],[79.40209,15.643958],[79.401893,15.643945],[79.401699,15.644353],[79.402115,15.646205]]]},"properties":{"lp":"967","ac":"5.04","chaltha":"967"}},{"type":"Feature","geometry":{"type":"Polygon","coordinates":[[[79.41694,15.656968],[79.416998,15.657203],[79.417073,15.657506],[79.417172,15.657907],[79.417214,15.658078],[79.417662,15.65986],[79.417841,15.659813],[79.417612,15.658982],[79.417375,15.65812],[79.417051,15.656947],[79.41694,15.656968]]]},"properties":{"lp":"124","ac":"1.316","chaltha":"124"}},{"type":"Feature","geometry":{"type":"Polygon","coordinates":[[[79.408805,15.658766],[79.408853,15.658893],[79.409621,15.658705],[79.409987,15.658521],[79.410184,15.658421],[79.410012,15.658169],[79.408805,15.658766]]]},"properties":{"lp":"547","ac":"1.043","chaltha":"547"}},{"type":"Feature","geometry":{"type":"Polygon","coordinates":[[[79.408915,15.659059],[79.409621,15.658705],[79.408853,15.658893],[79.408915,15.659059]]]},"properties":{"lp":"548","ac":"0.204","chaltha":"548"}},{"type":"Feature","geometry":{"type":"Polygon","coordinates":[[[79.42092,15.662936],[79.421048,15.662857],[79.422253,15.662119],[79.422374,15.661228],[79.422304,15.661166],[79.421439,15.661343],[79.421522,15.661621],[79.421563,15.66176],[79.421586,15.66184],[79.421617,15.661945],[79.421644,15.662037],[79.42167,15.662124],[79.42102,15.662305],[79.421028,15.662332],[79.421111,15.662617],[79.421122,15.662654],[79.42092,15.662936]]]},"properties":{"lp":"158","ac":"3.084","chaltha":"158"}},{"type":"Feature","geometry":{"type":"Polygon","coordinates":[[[79.42102,15.662305],[79.42167,15.662124],[79.421644,15.662037],[79.420995,15.662218],[79.421001,15.66224],[79.42102,15.662305]]]},"properties":{"lp":"164","ac":"0.18","chaltha":"164"}},{"type":"Feature","geometry":{"type":"Polygon","coordinates":[[[79.420995,15.662218],[79.421644,15.662037],[79.421617,15.661945],[79.420968,15.662125],[79.420974,15.662146],[79.420995,15.662218]]]},"properties":{"lp":"163","ac":"0.19","chaltha":"163"}},{"type":"Feature","geometry":{"type":"Polygon","coordinates":[[[79.4209,15.661895],[79.421563,15.66176],[79.421522,15.661621],[79.42086,15.661756],[79.420874,15.661804],[79.4209,15.661895]]]},"properties":{"lp":"160","ac":"0.286","chaltha":"160"}},{"type":"Feature","geometry":{"type":"Polygon","coordinates":[[[79.420778,15.661478],[79.42086,15.661756],[79.421522,15.661621],[79.421439,15.661343],[79.420778,15.661478]]]},"properties":{"lp":"159","ac":"0.572","chaltha":"159"}},{"type":"Feature","geometry":{"type":"Polygon","coordinates":[[[79.42409,15.667503],[79.423566,15.667396],[79.423558,15.6676],[79.424124,15.667691],[79.42409,15.667503]]]},"properties":{"lp":"194","ac":"0.31","chaltha":"194"}},{"type":"Feature","geometry":{"type":"Polygon","coordinates":[[[79.420106,15.662257],[79.420945,15.662048],[79.420925,15.661979],[79.4209,15.661895],[79.420874,15.661804],[79.419136,15.662208],[79.419226,15.662523],[79.420115,15.662291],[79.420106,15.662257]]]},"properties":{"lp":"176","ac":"1.509","chaltha":"176"}},{"type":"Feature","geometry":{"type":"Polygon","coordinates":[[[79.418987,15.661688],[79.419136,15.662208],[79.420874,15.661804],[79.42086,15.661756],[79.420778,15.661478],[79.42071,15.661312],[79.419797,15.661511],[79.418987,15.661688]]]},"properties":{"lp":"177","ac":"2.756","chaltha":"177"}},{"type":"Feature","geometry":{"type":"Polygon","coordinates":[[[79.423898,15.668805],[79.42404,15.668734],[79.424289,15.668612],[79.424274,15.668526],[79.42419,15.668058],[79.424151,15.667841],[79.423723,15.667939],[79.423898,15.668805]]]},"properties":{"lp":"203","ac":"1.048","chaltha":"203"}},{"type":"Feature","geometry":{"type":"Polygon","coordinates":[[[79.422962,15.669771],[79.423056,15.669925],[79.423449,15.669726],[79.42335,15.669583],[79.423318,15.669537],[79.422962,15.669771]]]},"properties":{"lp":"211","ac":"0.26","chaltha":"211"}},{"type":"Feature","geometry":{"type":"Polygon","coordinates":[[[79.423056,15.669925],[79.423182,15.670132],[79.42354,15.669857],[79.423449,15.669726],[79.423056,15.669925]]]},"properties":{"lp":"212","ac":"0.261","chaltha":"212"}},{"type":"Feature","geometry":{"type":"Polygon","coordinates":[[[79.423319,15.670356],[79.423612,15.669961],[79.42354,15.669857],[79.423182,15.670132],[79.423319,15.670356]]]},"properties":{"lp":"213","ac":"0.26","chaltha":"213"}},{"type":"Feature","geometry":{"type":"Polygon","coordinates":[[[79.424173,15.669206],[79.424292,15.669046],[79.42404,15.668734],[79.423898,15.668805],[79.423857,15.668825],[79.424173,15.669206]]]},"properties":{"lp":"205","ac":"0.258","chaltha":"205"}},{"type":"Feature","geometry":{"type":"Polygon","coordinates":[[[79.424292,15.669046],[79.424446,15.668838],[79.424289,15.668612],[79.42404,15.668734],[79.424292,15.669046]]]},"properties":{"lp":"204","ac":"0.258","chaltha":"204"}},{"type":"Feature","geometry":{"type":"Polygon","coordinates":[[[79.420776,15.668589],[79.42075,15.66847],[79.420538,15.668517],[79.420574,15.668629],[79.420632,15.668619],[79.420776,15.668589]]]},"properties":{"lp":"290","ac":"0.074","chaltha":"290"}},{"type":"Feature","geometry":{"type":"Polygon","coordinates":[[[79.420538,15.668517],[79.42075,15.66847],[79.420723,15.668362],[79.420503,15.668408],[79.420538,15.668517]]]},"properties":{"lp":"291","ac":"0.073","chaltha":"291"}},{"type":"Feature","geometry":{"type":"Polygon","coordinates":[[[79.42034,15.668668],[79.420574,15.668629],[79.420538,15.668517],[79.420503,15.668408],[79.420723,15.668362],[79.42075,15.66847],[79.420776,15.668589],[79.420907,15.668562],[79.421108,15.66852],[79.421301,15.668479],[79.421597,15.668418],[79.421889,15.668357],[79.4221,15.668312],[79.42205,15.66811],[79.420994,15.668329],[79.420969,15.668228],[79.42095,15.668137],[79.422003,15.667922],[79.421961,15.667753],[79.420176,15.668104],[79.420188,15.668238],[79.42034,15.668668]]]},"properties":{"lp":"294","ac":"2.361","chaltha":"294"}},{"type":"Feature","geometry":{"type":"Polygon","coordinates":[[[79.418256,15.642178],[79.418287,15.642282],[79.418362,15.642536],[79.419538,15.642201],[79.419442,15.641848],[79.418256,15.642178]]]},"properties":{"lp":"751","ac":"1.329","chaltha":"751"}},{"type":"Feature","geometry":{"type":"Polygon","coordinates":[[[79.418974,15.666356],[79.418928,15.66616],[79.418812,15.666183],[79.418705,15.666204],[79.418613,15.666222],[79.418584,15.66607],[79.418374,15.66607],[79.419111,15.666631],[79.419421,15.666178],[79.419545,15.665995],[79.418765,15.66553],[79.418333,15.665296],[79.418358,15.665452],[79.418388,15.665635],[79.418582,15.66559],[79.418669,15.665592],[79.418768,15.665593],[79.419377,15.665911],[79.419354,15.665977],[79.419327,15.666057],[79.419296,15.666146],[79.419258,15.666256],[79.419217,15.666375],[79.418974,15.666356]]]},"properties":{"lp":"316","ac":"0.877","chaltha":"316"}},{"type":"Feature","geometry":{"type":"Polygon","coordinates":[[[79.418388,15.665635],[79.418426,15.665879],[79.418638,15.665872],[79.418582,15.66559],[79.418388,15.665635]]]},"properties":{"lp":"327","ac":"0.16","chaltha":"327"}},{"type":"Feature","geometry":{"type":"Polygon","coordinates":[[[79.418426,15.665879],[79.418441,15.665972],[79.418454,15.666049],[79.418374,15.66607],[79.418584,15.66607],[79.418552,15.665908],[79.418643,15.665895],[79.418638,15.665872],[79.418426,15.665879]]]},"properties":{"lp":"328","ac":"0.08","chaltha":"328"}},{"type":"Feature","geometry":{"type":"Polygon","coordinates":[[[79.415976,15.66532],[79.416463,15.665193],[79.41638,15.664891],[79.416084,15.66492],[79.415976,15.66532]]]},"properties":{"lp":"356","ac":"0.4","chaltha":"356"}},{"type":"Feature","geometry":{"type":"Polygon","coordinates":[[[79.416084,15.66492],[79.41638,15.664891],[79.416309,15.664633],[79.416052,15.664568],[79.416119,15.664789],[79.416084,15.66492]]]},"properties":{"lp":"355","ac":"0.22","chaltha":"355"}},{"type":"Feature","geometry":{"type":"Polygon","coordinates":[[[79.416386,15.666398],[79.416234,15.66643],[79.41621,15.66667],[79.416338,15.666783],[79.416443,15.666766],[79.416386,15.666398]]]},"properties":{"lp":"368","ac":"0.19","chaltha":"368"}},{"type":"Feature","geometry":{"type":"Polygon","coordinates":[[[79.416443,15.666766],[79.416632,15.666735],[79.416564,15.666361],[79.416386,15.666398],[79.416443,15.666766]]]},"properties":{"lp":"369","ac":"0.206","chaltha":"369"}},{"type":"Feature","geometry":{"type":"Polygon","coordinates":[[[79.418257,15.663643],[79.419111,15.663445],[79.419077,15.663307],[79.418231,15.663494],[79.418252,15.663612],[79.418257,15.663643]]]},"properties":{"lp":"433","ac":"0.375","chaltha":"433"}},{"type":"Feature","geometry":{"type":"Polygon","coordinates":[[[79.418204,15.66334],[79.418231,15.663494],[79.419077,15.663307],[79.419042,15.663168],[79.418204,15.66334]]]},"properties":{"lp":"434","ac":"0.378","chaltha":"434"}},{"type":"Feature","geometry":{"type":"Polygon","coordinates":[[[79.418204,15.66334],[79.419042,15.663168],[79.418826,15.662297],[79.418054,15.662476],[79.418204,15.66334]]]},"properties":{"lp":"435","ac":"2.14","chaltha":"435"}},{"type":"Feature","geometry":{"type":"Polygon","coordinates":[[[79.416815,15.664568],[79.417019,15.664617],[79.416823,15.664546],[79.416815,15.664568]]]},"properties":{"lp":"438","ac":"0.007","chaltha":"438"}},{"type":"Feature","geometry":{"type":"Polygon","coordinates":[[[79.416815,15.664568],[79.416823,15.664546],[79.416585,15.664494],[79.416103,15.664389],[79.416815,15.664568]]]},"properties":{"lp":"439","ac":"0.025","chaltha":"439"}},{"type":"Feature","geometry":{"type":"Polygon","coordinates":[[[79.416316,15.663183],[79.416361,15.663404],[79.416565,15.663382],[79.416539,15.663271],[79.416316,15.663183]]]},"properties":{"lp":"441","ac":"0.1","chaltha":"441"}},{"type":"Feature","geometry":{"type":"Polygon","coordinates":[[[79.41514,15.658469],[79.415183,15.658462],[79.414928,15.657557],[79.414884,15.657569],[79.41514,15.658469]]]},"properties":{"lp":"505","ac":"0.12","chaltha":"505"}},{"type":"Feature","geometry":{"type":"Polygon","coordinates":[[[79.411055,15.654863],[79.410786,15.654222],[79.410429,15.654318],[79.409738,15.654529],[79.409985,15.655256],[79.411055,15.654863]]]},"properties":{"lp":"567","ac":"2.4","chaltha":"567"}},{"type":"Feature","geometry":{"type":"Polygon","coordinates":[[[79.421059,15.656109],[79.421267,15.656052],[79.42119,15.655769],[79.42098,15.655818],[79.421059,15.656109]]]},"properties":{"lp":"637","ac":"0.188","chaltha":"637"}},{"type":"Feature","geometry":{"type":"Polygon","coordinates":[[[79.42098,15.655818],[79.42119,15.655769],[79.42113,15.655547],[79.420994,15.65558],[79.420842,15.655057],[79.420778,15.655076],[79.420853,15.655352],[79.420921,15.6556],[79.42098,15.655818]]]},"properties":{"lp":"638","ac":"0.259","chaltha":"638"}},{"type":"Feature","geometry":{"type":"Polygon","coordinates":[[[79.420994,15.65558],[79.42113,15.655547],[79.420986,15.655014],[79.420842,15.655057],[79.420994,15.65558]]]},"properties":{"lp":"639","ac":"0.233","chaltha":"639"}},{"type":"Feature","geometry":{"type":"Polygon","coordinates":[[[79.421267,15.656052],[79.421474,15.655994],[79.421204,15.654948],[79.420986,15.655014],[79.42113,15.655547],[79.42119,15.655769],[79.421267,15.656052]]]},"properties":{"lp":"640","ac":"0.7","chaltha":"640"}},{"type":"Feature","geometry":{"type":"Polygon","coordinates":[[[79.421474,15.655994],[79.421688,15.655935],[79.421595,15.655579],[79.421414,15.654885],[79.421204,15.654948],[79.421474,15.655994]]]},"properties":{"lp":"641","ac":"0.7","chaltha":"641"}},{"type":"Feature","geometry":{"type":"Polygon","coordinates":[[[79.421595,15.655579],[79.421959,15.655486],[79.421776,15.654777],[79.421414,15.654885],[79.421595,15.655579]]]},"properties":{"lp":"642","ac":"0.8","chaltha":"642"}},{"type":"Feature","geometry":{"type":"Polygon","coordinates":[[[79.421688,15.655935],[79.422049,15.655835],[79.421959,15.655486],[79.421595,15.655579],[79.421688,15.655935]]]},"properties":{"lp":"643","ac":"0.4","chaltha":"643"}},{"type":"Feature","geometry":{"type":"Polygon","coordinates":[[[79.422049,15.655835],[79.422206,15.655792],[79.42198,15.654716],[79.421776,15.654777],[79.421959,15.655486],[79.422049,15.655835]]]},"properties":{"lp":"644","ac":"0.603","chaltha":"644"}},{"type":"Feature","geometry":{"type":"Polygon","coordinates":[[[79.422206,15.655792],[79.422376,15.655745],[79.422338,15.655532],[79.422304,15.655343],[79.422257,15.655075],[79.422231,15.654928],[79.422194,15.654722],[79.42198,15.654716],[79.422206,15.655792]]]},"properties":{"lp":"645","ac":"0.602","chaltha":"645"}},{"type":"Feature","geometry":{"type":"Polygon","coordinates":[[[79.419293,15.652327],[79.419297,15.652339],[79.420685,15.651955],[79.420598,15.65174],[79.419232,15.652137],[79.419293,15.652327]]]},"properties":{"lp":"654","ac":"0.928","chaltha":"654"}},{"type":"Feature","geometry":{"type":"Polygon","coordinates":[[[79.419169,15.65194],[79.419232,15.652137],[79.420598,15.65174],[79.420508,15.651517],[79.419169,15.65194]]]},"properties":{"lp":"655","ac":"0.924","chaltha":"655"}},{"type":"Feature","geometry":{"type":"Polygon","coordinates":[[[79.420685,15.651955],[79.42227,15.651406],[79.422086,15.650979],[79.420508,15.651517],[79.420598,15.65174],[79.420685,15.651955]]]},"properties":{"lp":"656","ac":"2.291","chaltha":"656"}},{"type":"Feature","geometry":{"type":"Polygon","coordinates":[[[79.420019,15.650316],[79.420148,15.650634],[79.421691,15.650069],[79.421532,15.649701],[79.421294,15.649797],[79.420019,15.650316]]]},"properties":{"lp":"663","ac":"1.787","chaltha":"663"}},{"type":"Feature","geometry":{"type":"Polygon","coordinates":[[[79.420265,15.650922],[79.42184,15.650413],[79.421691,15.650069],[79.420148,15.650634],[79.420265,15.650922]]]},"properties":{"lp":"662","ac":"1.653","chaltha":"662"}},{"type":"Feature","geometry":{"type":"Polygon","coordinates":[[[79.415013,15.643745],[79.416979,15.643205],[79.416864,15.642721],[79.414846,15.643182],[79.415013,15.643745]]]},"properties":{"lp":"720","ac":"3.26","chaltha":"720"}},{"type":"Feature","geometry":{"type":"Polygon","coordinates":[[[79.414846,15.643182],[79.416864,15.642721],[79.41679,15.642415],[79.414775,15.642965],[79.414838,15.643154],[79.414846,15.643182]]]},"properties":{"lp":"721","ac":"1.655","chaltha":"721"}},{"type":"Feature","geometry":{"type":"Polygon","coordinates":[[[79.41713,15.639056],[79.418468,15.638774],[79.418439,15.6386],[79.417326,15.63885],[79.41713,15.639056]]]},"properties":{"lp":"776","ac":"0.618","chaltha":"776"}},{"type":"Feature","geometry":{"type":"Polygon","coordinates":[[[79.415416,15.637692],[79.417334,15.637206],[79.417025,15.636692],[79.416929,15.636767],[79.416696,15.63695],[79.416106,15.637412],[79.415876,15.637204],[79.41542,15.637299],[79.415278,15.637329],[79.415416,15.637692]]]},"properties":{"lp":"785","ac":"1.964","chaltha":"785"}},{"type":"Feature","geometry":{"type":"Polygon","coordinates":[[[79.417334,15.637206],[79.418097,15.637012],[79.417918,15.636516],[79.417287,15.636487],[79.41714,15.636602],[79.417025,15.636692],[79.417334,15.637206]]]},"properties":{"lp":"786","ac":"1.56","chaltha":"786"}},{"type":"Feature","geometry":{"type":"Polygon","coordinates":[[[79.416786,15.635731],[79.417213,15.635184],[79.417091,15.634911],[79.416669,15.635556],[79.416731,15.635648],[79.416786,15.635731]]]},"properties":{"lp":"788","ac":"0.487","chaltha":"788"}},{"type":"Feature","geometry":{"type":"Polygon","coordinates":[[[79.415802,15.633589],[79.416713,15.633531],[79.416437,15.63231],[79.416269,15.632277],[79.41635,15.633491],[79.415784,15.633443],[79.415802,15.633589]]]},"properties":{"lp":"795","ac":"1.131","chaltha":"795"}},{"type":"Feature","geometry":{"type":"Polygon","coordinates":[[[79.41542,15.637299],[79.415876,15.637204],[79.415734,15.636657],[79.41551,15.635794],[79.415056,15.6359],[79.41542,15.637299]]]},"properties":{"lp":"799","ac":"1.98","chaltha":"799"}},{"type":"Feature","geometry":{"type":"Polygon","coordinates":[[[79.414437,15.637547],[79.415278,15.637329],[79.41542,15.637299],[79.415056,15.6359],[79.414075,15.63613],[79.414374,15.6373],[79.414437,15.637547]]]},"properties":{"lp":"800","ac":"4.3","chaltha":"800"}},{"type":"Feature","geometry":{"type":"Polygon","coordinates":[[[79.412866,15.637856],[79.412732,15.637459],[79.412579,15.637008],[79.41202,15.637336],[79.411761,15.638071],[79.412349,15.637956],[79.412866,15.637856]]]},"properties":{"lp":"805","ac":"1.941","chaltha":"805"}},{"type":"Feature","geometry":{"type":"Polygon","coordinates":[[[79.412866,15.637856],[79.413373,15.637757],[79.413473,15.637737],[79.412997,15.637288],[79.412732,15.637459],[79.412866,15.637856]]]},"properties":{"lp":"804","ac":"0.67","chaltha":"804"}},{"type":"Feature","geometry":{"type":"Polygon","coordinates":[[[79.413603,15.638001],[79.413561,15.63772],[79.413501,15.637732],[79.413473,15.637737],[79.413373,15.637757],[79.413603,15.638001]]]},"properties":{"lp":"808","ac":"0.08","chaltha":"808"}},{"type":"Feature","geometry":{"type":"Polygon","coordinates":[[[79.412658,15.644283],[79.412757,15.644708],[79.413956,15.644456],[79.413857,15.643982],[79.412658,15.644283]]]},"properties":{"lp":"826","ac":"1.66","chaltha":"826"}},{"type":"Feature","geometry":{"type":"Polygon","coordinates":[[[79.412971,15.64566],[79.414182,15.645267],[79.414116,15.645083],[79.414045,15.644886],[79.412865,15.645179],[79.412971,15.64566]]]},"properties":{"lp":"828","ac":"1.632","chaltha":"828"}},{"type":"Feature","geometry":{"type":"Polygon","coordinates":[[[79.412757,15.644708],[79.412865,15.645179],[79.414045,15.644886],[79.413956,15.644456],[79.412757,15.644708]]]},"properties":{"lp":"827","ac":"1.649","chaltha":"827"}},{"type":"Feature","geometry":{"type":"Polygon","coordinates":[[[79.408526,15.652654],[79.408676,15.653254],[79.409988,15.652938],[79.409847,15.652314],[79.408526,15.652654]]]},"properties":{"lp":"861","ac":"2.5","chaltha":"861"}},{"type":"Feature","geometry":{"type":"Polygon","coordinates":[[[79.40869,15.653309],[79.409171,15.653191],[79.409999,15.652987],[79.409988,15.652938],[79.408676,15.653254],[79.40869,15.653309]]]},"properties":{"lp":"860","ac":"0.212","chaltha":"860"}},{"type":"Feature","geometry":{"type":"Polygon","coordinates":[[[79.4091,15.650691],[79.410437,15.650295],[79.41042,15.650229],[79.410413,15.650202],[79.409071,15.650598],[79.4091,15.650691]]]},"properties":{"lp":"866","ac":"0.395","chaltha":"866"}},{"type":"Feature","geometry":{"type":"Polygon","coordinates":[[[79.410477,15.647513],[79.410773,15.647454],[79.410616,15.646794],[79.410337,15.646847],[79.410349,15.64691],[79.410477,15.647513]]]},"properties":{"lp":"897","ac":"0.584","chaltha":"897"}},{"type":"Feature","geometry":{"type":"Polygon","coordinates":[[[79.410337,15.646847],[79.410616,15.646794],[79.410919,15.646738],[79.410782,15.646292],[79.410247,15.646379],[79.410337,15.646847]]]},"properties":{"lp":"898","ac":"0.781","chaltha":"898"}},{"type":"Feature","geometry":{"type":"Polygon","coordinates":[[[79.410247,15.646379],[79.410782,15.646292],[79.410739,15.646123],[79.410381,15.646136],[79.410131,15.645344],[79.41006,15.645404],[79.410247,15.646379]]]},"properties":{"lp":"899","ac":"0.626","chaltha":"899"}},{"type":"Feature","geometry":{"type":"Polygon","coordinates":[[[79.410773,15.647454],[79.410966,15.647416],[79.411461,15.647317],[79.412104,15.64719],[79.411637,15.644887],[79.410414,15.645108],[79.410131,15.645344],[79.410381,15.646136],[79.410739,15.646123],[79.410782,15.646292],[79.410919,15.646738],[79.410616,15.646794],[79.410773,15.647454]]]},"properties":{"lp":"896","ac":"9.358","chaltha":"896"}},{"type":"Feature","geometry":{"type":"Polygon","coordinates":[[[79.41006,15.645404],[79.409588,15.645702],[79.409854,15.64696],[79.410349,15.64691],[79.410337,15.646847],[79.410247,15.646379],[79.41006,15.645404]]]},"properties":{"lp":"918","ac":"2.099","chaltha":"918"}},{"type":"Feature","geometry":{"type":"Polygon","coordinates":[[[79.409368,15.64702],[79.40965,15.646981],[79.409854,15.64696],[79.409588,15.645702],[79.409099,15.646012],[79.409368,15.64702]]]},"properties":{"lp":"919","ac":"1.76","chaltha":"919"}},{"type":"Feature","geometry":{"type":"Polygon","coordinates":[[[79.409086,15.645933],[79.409575,15.645606],[79.40952,15.645298],[79.409025,15.645414],[79.408959,15.645429],[79.409086,15.645933]]]},"properties":{"lp":"915","ac":"0.685","chaltha":"915"}},{"type":"Feature","geometry":{"type":"Polygon","coordinates":[[[79.40952,15.645298],[79.409575,15.645606],[79.410039,15.645296],[79.410017,15.645181],[79.409707,15.645254],[79.40952,15.645298]]]},"properties":{"lp":"916","ac":"0.321","chaltha":"916"}},{"type":"Feature","geometry":{"type":"Polygon","coordinates":[[[79.406886,15.651226],[79.406755,15.651287],[79.407141,15.652506],[79.407467,15.652397],[79.408386,15.652091],[79.408281,15.651672],[79.40811,15.650985],[79.408086,15.650889],[79.406886,15.651226]]]},"properties":{"lp":"938","ac":"5.021","chaltha":"938"}},{"type":"Feature","geometry":{"type":"Polygon","coordinates":[[[79.404754,15.647542],[79.405592,15.647347],[79.405399,15.646694],[79.404248,15.646966],[79.404754,15.647542]]]},"properties":{"lp":"962","ac":"2.031","chaltha":"962"}},{"type":"Feature","geometry":{"type":"Polygon","coordinates":[[[79.402749,15.641377],[79.402305,15.641999],[79.402363,15.642484],[79.402204,15.642649],[79.402256,15.6429],[79.402456,15.643089],[79.402318,15.643826],[79.402307,15.644096],[79.402519,15.644139],[79.402525,15.644107],[79.402478,15.643952],[79.402577,15.643529],[79.40258,15.643058],[79.402397,15.642807],[79.402411,15.642625],[79.402513,15.642573],[79.402508,15.641827],[79.402599,15.641739],[79.402749,15.641377]]]},"properties":{"lp":"983","ac":"1.275","chaltha":"983"}},{"type":"Feature","geometry":{"type":"Polygon","coordinates":[[[79.401642,15.642548],[79.401596,15.642659],[79.401805,15.643402],[79.40209,15.643958],[79.402307,15.644096],[79.402318,15.643826],[79.402456,15.643089],[79.402256,15.6429],[79.402204,15.642649],[79.402363,15.642484],[79.401642,15.642548]]]},"properties":{"lp":"984","ac":"2.367","chaltha":"984"}},{"type":"Feature","geometry":{"type":"Polygon","coordinates":[[[79.401704,15.642395],[79.401642,15.642548],[79.402363,15.642484],[79.402305,15.641999],[79.402749,15.641377],[79.402671,15.640937],[79.401873,15.640764],[79.401267,15.640667],[79.401266,15.641474],[79.401608,15.642013],[79.401704,15.642395]]]},"properties":{"lp":"985","ac":"5.525","chaltha":"985"}},{"type":"Feature","geometry":{"type":"Polygon","coordinates":[[[79.417544,15.645807],[79.417862,15.645738],[79.417581,15.644878],[79.417433,15.644912],[79.417645,15.645584],[79.417544,15.645807]]]},"properties":{"lp":"714","ac":"0.46","chaltha":"714"}},{"type":"Feature","geometry":{"type":"Polygon","coordinates":[[[79.422624,15.668192],[79.422745,15.668164],[79.422925,15.668123],[79.422795,15.667239],[79.422384,15.667155],[79.422624,15.668192]]]},"properties":{"lp":"195","ac":"1.0","chaltha":"195"}},{"type":"Feature","geometry":{"type":"Polygon","coordinates":[[[79.422925,15.668123],[79.423054,15.668093],[79.423368,15.668021],[79.423275,15.667337],[79.422795,15.667239],[79.422925,15.668123]]]},"properties":{"lp":"987","ac":"1.06","chaltha":"987"}},{"type":"Feature","geometry":{"type":"Polygon","coordinates":[[[79.423368,15.668021],[79.423723,15.667939],[79.424151,15.667841],[79.424124,15.667691],[79.423558,15.6676],[79.423566,15.667396],[79.423275,15.667337],[79.423368,15.668021]]]},"properties":{"lp":"988","ac":"0.888","chaltha":"988"}},{"type":"Feature","geometry":{"type":"Polygon","coordinates":[[[79.424049,15.669373],[79.424173,15.669206],[79.423857,15.668825],[79.423742,15.668882],[79.423897,15.66913],[79.424049,15.669373]]]},"properties":{"lp":"206","ac":"0.255","chaltha":"206"}},{"type":"Feature","geometry":{"type":"Polygon","coordinates":[[[79.423882,15.669598],[79.424049,15.669373],[79.423897,15.66913],[79.423679,15.669295],[79.423882,15.669598]]]},"properties":{"lp":"989","ac":"0.256","chaltha":"989"}},{"type":"Feature","geometry":{"type":"Polygon","coordinates":[[[79.423487,15.669007],[79.423679,15.669295],[79.423897,15.66913],[79.423742,15.668882],[79.423573,15.668965],[79.423487,15.669007]]]},"properties":{"lp":"990","ac":"0.26","chaltha":"990"}},{"type":"Feature","geometry":{"type":"Polygon","coordinates":[[[79.423497,15.669441],[79.423679,15.669295],[79.423487,15.669007],[79.423287,15.669106],[79.423265,15.669117],[79.423497,15.669441]]]},"properties":{"lp":"991","ac":"0.26","chaltha":"991"}},{"type":"Feature","geometry":{"type":"Polygon","coordinates":[[[79.423744,15.669784],[79.423882,15.669598],[79.423679,15.669295],[79.423497,15.669441],[79.423511,15.66946],[79.423744,15.669784]]]},"properties":{"lp":"992","ac":"0.261","chaltha":"992"}},{"type":"Feature","geometry":{"type":"Polygon","coordinates":[[[79.417005,15.662793],[79.417039,15.66291],[79.417322,15.662803],[79.4173,15.662713],[79.417005,15.662793]]]},"properties":{"lp":"993","ac":"0.095","chaltha":"993"}},{"type":"Feature","geometry":{"type":"Polygon","coordinates":[[[79.420769,15.659581],[79.421184,15.659459],[79.421167,15.659406],[79.421194,15.658969],[79.420624,15.659138],[79.420636,15.659173],[79.420769,15.659581]]]},"properties":{"lp":"994","ac":"0.69","chaltha":"994"}},{"type":"Feature","geometry":{"type":"Polygon","coordinates":[[[79.419421,15.666178],[79.419309,15.666473],[79.419677,15.666609],[79.419751,15.666132],[79.419545,15.665995],[79.419421,15.666178]]]},"properties":{"lp":"314","ac":"0.487","chaltha":"314"}},{"type":"Feature","geometry":{"type":"Polygon","coordinates":[[[79.413804,15.666902],[79.414145,15.666813],[79.414417,15.666894],[79.415102,15.666878],[79.415457,15.666429],[79.415195,15.666345],[79.415067,15.666424],[79.415049,15.666436],[79.414933,15.666422],[79.414856,15.666413],[79.414773,15.666403],[79.414681,15.666391],[79.41452,15.666207],[79.414432,15.666107],[79.414422,15.665622],[79.414261,15.665623],[79.414093,15.665465],[79.414258,15.665259],[79.413414,15.665011],[79.413633,15.665519],[79.413112,15.665516],[79.412964,15.665516],[79.412766,15.665515],[79.412389,15.665513],[79.412452,15.665523],[79.412709,15.665563],[79.412938,15.665599],[79.413029,15.665614],[79.413335,15.665662],[79.413739,15.665725],[79.413725,15.666216],[79.413804,15.666902]]]},"properties":{"lp":"381","ac":"5.061","chaltha":"381"}},{"type":"Feature","geometry":{"type":"Polygon","coordinates":[[[79.413414,15.665011],[79.414258,15.665259],[79.414421,15.664876],[79.413276,15.664979],[79.413414,15.665011]]]},"properties":{"lp":"996","ac":"0.608","chaltha":"996"}},{"type":"Feature","geometry":{"type":"Polygon","coordinates":[[[79.413087,15.664996],[79.412973,15.664775],[79.412468,15.664541],[79.412515,15.664392],[79.411874,15.664097],[79.41195,15.664324],[79.412302,15.66528],[79.412768,15.665167],[79.413015,15.665108],[79.413219,15.665058],[79.413414,15.665011],[79.413276,15.664979],[79.413087,15.664996]]]},"properties":{"lp":"997","ac":"1.993","chaltha":"997"}},{"type":"Feature","geometry":{"type":"Polygon","coordinates":[[[79.420504,15.658771],[79.420624,15.659138],[79.421194,15.658969],[79.421197,15.658925],[79.421097,15.658599],[79.420504,15.658771]]]},"properties":{"lp":"995","ac":"0.69","chaltha":"995"}},{"type":"Feature","geometry":{"type":"Polygon","coordinates":[[[79.419679,15.669743],[79.419973,15.669657],[79.419799,15.669165],[79.41967,15.669195],[79.419576,15.668975],[79.419184,15.669078],[79.419467,15.669458],[79.419679,15.669743]]]},"properties":{"lp":"998","ac":"0.867","chaltha":"998"}}]}