{"type":"FeatureCollection","village":"MUNAGAPADU","features":[{"type":"Feature","geometry":{"type":"Polygon","coordinates":[[[79.52429,15.710345],[79.524308,15.710761],[79.524494,15.710742],[79.524856,15.710801],[79.524878,15.710469],[79.52429,15.710345]]]},"properties":{"lp":"438","ac":"0.598","chaltha":"438"}},{"type":"Feature","geometry":{"type":"Polygon","coordinates":[[[79.525079,15.710838],[79.525128,15.710678],[79.525061,15.710507],[79.524878,15.710469],[79.524856,15.710801],[79.525079,15.710838]]]},"properties":{"lp":"437","ac":"0.226","chaltha":"437"}},{"type":"Feature","geometry":{"type":"Polygon","coordinates":[[[79.52429,15.710345],[79.524878,15.710469],[79.525061,15.710507],[79.524977,15.71029],[79.524236,15.710267],[79.524113,15.710307],[79.52429,15.710345]]]},"properties":{"lp":"436","ac":"0.324","chaltha":"436"}},{"type":"Feature","geometry":{"type":"Polygon","coordinates":[[[79.525031,15.710992],[79.5253,15.711038],[79.525412,15.710345],[79.525159,15.710284],[79.524977,15.71029],[79.525061,15.710507],[79.525128,15.710678],[79.525079,15.710838],[79.525031,15.710992]]]},"properties":{"lp":"435","ac":"0.618","chaltha":"435"}},{"type":"Feature","geometry":{"type":"Polygon","coordinates":[[[79.52588,15.711136],[79.525976,15.711147],[79.525972,15.711059],[79.525966,15.710917],[79.525954,15.710637],[79.526315,15.710568],[79.526673,15.7105],[79.526763,15.710455],[79.526824,15.710425],[79.527105,15.710082],[79.527146,15.710032],[79.526364,15.709669],[79.526402,15.709811],[79.526455,15.709994],[79.525719,15.71042],[79.525412,15.710345],[79.5253,15.711038],[79.52588,15.711136]]]},"properties":{"lp":"434","ac":"3.009","chaltha":"434"}},{"type":"Feature","geometry":{"type":"Polygon","coordinates":[[[79.551072,15.688276],[79.551174,15.688959],[79.551923,15.68883],[79.551911,15.688759],[79.551802,15.688116],[79.551419,15.6882],[79.551072,15.688276]]]},"properties":{"lp":"1561","ac":"1.561","chaltha":"1561"}},{"type":"Feature","geometry":{"type":"Polygon","coordinates":[[[79.551174,15.688959],[79.551274,15.689638],[79.552042,15.689521],[79.552016,15.689371],[79.551923,15.68883],[79.551174,15.688959]]]},"properties":{"lp":"1562","ac":"1.562","chaltha":"1562"}},{"type":"Feature","geometry":{"type":"Polygon","coordinates":[[[79.551365,15.690249],[79.552169,15.69025],[79.552042,15.689521],[79.551274,15.689638],[79.551365,15.690249]]]},"properties":{"lp":"1563","ac":"1.561","chaltha":"1563"}},{"type":"Feature","geometry":{"type":"Polygon","coordinates":[[[79.550509,15.690392],[79.551365,15.690249],[79.551274,15.689638],[79.551174,15.688959],[79.551072,15.688276],[79.550217,15.688452],[79.550271,15.688812],[79.550329,15.689194],[79.550383,15.689554],[79.550509,15.690392]]]},"properties":{"lp":"1565","ac":"5.044","chaltha":"1565"}},{"type":"Feature","geometry":{"type":"Polygon","coordinates":[[[79.549217,15.689011],[79.549747,15.688912],[79.550271,15.688812],[79.550217,15.688452],[79.54998,15.688503],[79.54917,15.688675],[79.549217,15.689011]]]},"properties":{"lp":"1566","ac":"1.103","chaltha":"1566"}},{"type":"Feature","geometry":{"type":"Polygon","coordinates":[[[79.549217,15.689011],[79.549268,15.689375],[79.54981,15.689286],[79.549747,15.688912],[79.549217,15.689011]]]},"properties":{"lp":"1568","ac":"0.596","chaltha":"1568"}},{"type":"Feature","geometry":{"type":"Polygon","coordinates":[[[79.549747,15.688912],[79.54981,15.689286],[79.550329,15.689194],[79.550271,15.688812],[79.549747,15.688912]]]},"properties":{"lp":"1567","ac":"0.594","chaltha":"1567"}},{"type":"Feature","geometry":{"type":"Polygon","coordinates":[[[79.551923,15.68883],[79.552016,15.689371],[79.55353,15.689029],[79.553387,15.688454],[79.551911,15.688759],[79.551923,15.68883]]]},"properties":{"lp":"1546","ac":"2.718","chaltha":"1546"}},{"type":"Feature","geometry":{"type":"Polygon","coordinates":[[[79.553429,15.690168],[79.55404,15.689983],[79.554292,15.689881],[79.554002,15.688923],[79.55353,15.689029],[79.552016,15.689371],[79.552042,15.689521],[79.552169,15.69025],[79.552853,15.690206],[79.553429,15.690168]]]},"properties":{"lp":"1543","ac":"6.247","chaltha":"1543"}},{"type":"Feature","geometry":{"type":"Polygon","coordinates":[[[79.554879,15.689643],[79.554614,15.688785],[79.554002,15.688923],[79.554292,15.689881],[79.554879,15.689643]]]},"properties":{"lp":"1542","ac":"1.75","chaltha":"1542"}},{"type":"Feature","geometry":{"type":"Polygon","coordinates":[[[79.554879,15.689643],[79.555265,15.68949],[79.555797,15.689278],[79.555727,15.689028],[79.555726,15.689022],[79.555685,15.688878],[79.555633,15.688693],[79.555579,15.688498],[79.554614,15.688785],[79.554879,15.689643]]]},"properties":{"lp":"1541","ac":"2.492","chaltha":"1541"}},{"type":"Feature","geometry":{"type":"Polygon","coordinates":[[[79.55353,15.689029],[79.554002,15.688923],[79.554614,15.688785],[79.554386,15.687978],[79.554271,15.687575],[79.553224,15.687813],[79.553259,15.687938],[79.553387,15.688454],[79.55353,15.689029]]]},"properties":{"lp":"1545","ac":"4.011","chaltha":"1545"}},{"type":"Feature","geometry":{"type":"Polygon","coordinates":[[[79.552811,15.686349],[79.553856,15.686112],[79.553741,15.685723],[79.553652,15.685748],[79.553534,15.685402],[79.553327,15.685442],[79.553208,15.685068],[79.552558,15.685407],[79.552746,15.686105],[79.552811,15.686349]]]},"properties":{"lp":"1536","ac":"2.923","chaltha":"1536"}},{"type":"Feature","geometry":{"type":"Polygon","coordinates":[[[79.553208,15.685068],[79.553327,15.685442],[79.553534,15.685402],[79.553652,15.685748],[79.553741,15.685723],[79.553856,15.686112],[79.554014,15.686644],[79.55445,15.686508],[79.554147,15.685561],[79.553861,15.684669],[79.553696,15.684802],[79.553208,15.685068]]]},"properties":{"lp":"1534","ac":"2.902","chaltha":"1534"}},{"type":"Feature","geometry":{"type":"Polygon","coordinates":[[[79.554892,15.686369],[79.554853,15.686219],[79.554949,15.686189],[79.554706,15.685408],[79.554147,15.685561],[79.55445,15.686508],[79.554892,15.686369]]]},"properties":{"lp":"1533","ac":"1.61","chaltha":"1533"}},{"type":"Feature","geometry":{"type":"Polygon","coordinates":[[[79.553861,15.684669],[79.554147,15.685561],[79.554706,15.685408],[79.554551,15.68491],[79.554497,15.684917],[79.554218,15.684383],[79.553861,15.684669]]]},"properties":{"lp":"1532","ac":"1.613","chaltha":"1532"}},{"type":"Feature","geometry":{"type":"Polygon","coordinates":[[[79.554551,15.68491],[79.554706,15.685408],[79.554949,15.686189],[79.555417,15.686076],[79.555906,15.685958],[79.556773,15.685748],[79.556341,15.684768],[79.556243,15.684546],[79.555518,15.684687],[79.554551,15.68491]]]},"properties":{"lp":"1521","ac":"6.976","chaltha":"1521"}},{"type":"Feature","geometry":{"type":"Polygon","coordinates":[[[79.554614,15.688785],[79.555579,15.688498],[79.555577,15.688484],[79.555548,15.688254],[79.555384,15.687696],[79.554386,15.687978],[79.554614,15.688785]]]},"properties":{"lp":"1540","ac":"2.523","chaltha":"1540"}},{"type":"Feature","geometry":{"type":"Polygon","coordinates":[[[79.554386,15.687978],[79.555384,15.687696],[79.55538,15.687685],[79.555177,15.687137],[79.554219,15.687391],[79.554271,15.687575],[79.554386,15.687978]]]},"properties":{"lp":"1539","ac":"1.789","chaltha":"1539"}},{"type":"Feature","geometry":{"type":"Polygon","coordinates":[[[79.554219,15.687391],[79.555177,15.687137],[79.554892,15.686369],[79.55445,15.686508],[79.554014,15.686644],[79.554101,15.686972],[79.554219,15.687391]]]},"properties":{"lp":"1538","ac":"2.231","chaltha":"1538"}},{"type":"Feature","geometry":{"type":"Polygon","coordinates":[[[79.555548,15.688254],[79.555911,15.688136],[79.555417,15.686076],[79.554949,15.686189],[79.554853,15.686219],[79.554892,15.686369],[79.555177,15.687137],[79.55538,15.687685],[79.555384,15.687696],[79.555548,15.688254]]]},"properties":{"lp":"1518","ac":"2.966","chaltha":"1518"}},{"type":"Feature","geometry":{"type":"Polygon","coordinates":[[[79.554497,15.684917],[79.554551,15.68491],[79.555518,15.684687],[79.555042,15.683158],[79.554218,15.684383],[79.554497,15.684917]]]},"properties":{"lp":"1531","ac":"3.602","chaltha":"1531"}},{"type":"Feature","geometry":{"type":"Polygon","coordinates":[[[79.555042,15.683158],[79.555518,15.684687],[79.556243,15.684546],[79.555967,15.683625],[79.555682,15.682738],[79.555042,15.683158]]]},"properties":{"lp":"1522","ac":"3.79","chaltha":"1522"}},{"type":"Feature","geometry":{"type":"Polygon","coordinates":[[[79.556341,15.684768],[79.557075,15.684585],[79.557354,15.684516],[79.557063,15.68337],[79.555967,15.683625],[79.556243,15.684546],[79.556341,15.684768]]]},"properties":{"lp":"1523","ac":"3.824","chaltha":"1523"}},{"type":"Feature","geometry":{"type":"Polygon","coordinates":[[[79.557354,15.684516],[79.557697,15.684438],[79.558478,15.684261],[79.558383,15.683961],[79.558321,15.683586],[79.558219,15.683102],[79.557063,15.68337],[79.557354,15.684516]]]},"properties":{"lp":"1527","ac":"4.024","chaltha":"1527"}},{"type":"Feature","geometry":{"type":"Polygon","coordinates":[[[79.551802,15.688116],[79.551911,15.688759],[79.553387,15.688454],[79.553259,15.687938],[79.552678,15.688048],[79.552536,15.687416],[79.552005,15.687552],[79.552098,15.68806],[79.551802,15.688116]]]},"properties":{"lp":"1547","ac":"3.487","chaltha":"1547"}},{"type":"Feature","geometry":{"type":"Polygon","coordinates":[[[79.551894,15.686949],[79.552907,15.686705],[79.552811,15.686349],[79.552746,15.686105],[79.552291,15.686216],[79.55177,15.686343],[79.551809,15.686533],[79.551894,15.686949]]]},"properties":{"lp":"1550","ac":"1.857","chaltha":"1550"}},{"type":"Feature","geometry":{"type":"Polygon","coordinates":[[[79.551669,15.685844],[79.55177,15.686343],[79.552291,15.686216],[79.552165,15.6856],[79.551669,15.685844]]]},"properties":{"lp":"1552","ac":"0.891","chaltha":"1552"}},{"type":"Feature","geometry":{"type":"Polygon","coordinates":[[[79.552291,15.686216],[79.552746,15.686105],[79.552558,15.685407],[79.552165,15.6856],[79.552291,15.686216]]]},"properties":{"lp":"1551","ac":"0.887","chaltha":"1551"}},{"type":"Feature","geometry":{"type":"Polygon","coordinates":[[[79.548936,15.686815],[79.549008,15.687389],[79.549009,15.687392],[79.550484,15.68694],[79.550298,15.686202],[79.549496,15.686563],[79.548936,15.686815]]]},"properties":{"lp":"1556","ac":"2.935","chaltha":"1556"}},{"type":"Feature","geometry":{"type":"Polygon","coordinates":[[[79.550484,15.68694],[79.550793,15.686845],[79.551116,15.686746],[79.550964,15.685991],[79.550595,15.686068],[79.550298,15.686202],[79.550484,15.68694]]]},"properties":{"lp":"1555","ac":"1.559","chaltha":"1555"}},{"type":"Feature","geometry":{"type":"Polygon","coordinates":[[[79.551116,15.686746],[79.551809,15.686533],[79.55177,15.686343],[79.551669,15.685844],[79.550964,15.685991],[79.551116,15.686746]]]},"properties":{"lp":"1554","ac":"1.555","chaltha":"1554"}},{"type":"Feature","geometry":{"type":"Polygon","coordinates":[[[79.548256,15.686939],[79.548349,15.687913],[79.549058,15.687783],[79.549009,15.687392],[79.549008,15.687389],[79.548936,15.686815],[79.548256,15.686939]]]},"properties":{"lp":"1593","ac":"2.016","chaltha":"1593"}},{"type":"Feature","geometry":{"type":"Polygon","coordinates":[[[79.548746,15.688591],[79.548344,15.688655],[79.548332,15.68882],[79.54917,15.688675],[79.549127,15.688331],[79.548746,15.688591]]]},"properties":{"lp":"1589","ac":"0.498","chaltha":"1589"}},{"type":"Feature","geometry":{"type":"Polygon","coordinates":[[[79.525875,15.711584],[79.525709,15.71161],[79.525726,15.7117],[79.525892,15.711674],[79.525875,15.711584]]]},"properties":{"lp":"3","ac":"0.045","chaltha":"3"}},{"type":"Feature","geometry":{"type":"Polygon","coordinates":[[[79.533435,15.712631],[79.533444,15.71271],[79.533633,15.712629],[79.533466,15.711253],[79.533362,15.71139],[79.533327,15.711436],[79.533336,15.71159],[79.533354,15.711879],[79.533419,15.712478],[79.533435,15.712631]]]},"properties":{"lp":"313","ac":"0.719","chaltha":"313"}},{"type":"Feature","geometry":{"type":"Polygon","coordinates":[[[79.53275,15.712719],[79.532699,15.712579],[79.53292,15.712517],[79.532806,15.71224],[79.532636,15.712272],[79.532503,15.712297],[79.532394,15.71232],[79.532213,15.712357],[79.532724,15.713041],[79.533213,15.712871],[79.532776,15.712885],[79.53275,15.712719]]]},"properties":{"lp":"328","ac":"0.845","chaltha":"328"}},{"type":"Feature","geometry":{"type":"Polygon","coordinates":[[[79.532187,15.712049],[79.532158,15.712284],[79.532213,15.712357],[79.532394,15.71232],[79.532321,15.712025],[79.532187,15.712049]]]},"properties":{"lp":"327","ac":"0.165","chaltha":"327"}},{"type":"Feature","geometry":{"type":"Polygon","coordinates":[[[79.532321,15.712025],[79.532394,15.71232],[79.532503,15.712297],[79.53244,15.712003],[79.532321,15.712025]]]},"properties":{"lp":"326","ac":"0.103","chaltha":"326"}},{"type":"Feature","geometry":{"type":"Polygon","coordinates":[[[79.532806,15.71224],[79.53292,15.712517],[79.532971,15.712528],[79.532981,15.712248],[79.532986,15.7121],[79.532802,15.712061],[79.532798,15.71206],[79.532806,15.71224]]]},"properties":{"lp":"318","ac":"0.178","chaltha":"318"}},{"type":"Feature","geometry":{"type":"Polygon","coordinates":[[[79.531927,15.710987],[79.531742,15.711014],[79.531715,15.711586],[79.531914,15.712271],[79.531896,15.711753],[79.531873,15.711121],[79.531888,15.711059],[79.531927,15.710987]]]},"properties":{"lp":"331","ac":"0.44","chaltha":"331"}},{"type":"Feature","geometry":{"type":"Polygon","coordinates":[[[79.532555,15.711173],[79.53295,15.711114],[79.532895,15.710868],[79.532519,15.710921],[79.532555,15.711173]]]},"properties":{"lp":"339","ac":"0.289","chaltha":"339"}},{"type":"Feature","geometry":{"type":"Polygon","coordinates":[[[79.532024,15.712826],[79.532369,15.713229],[79.532724,15.713041],[79.532213,15.712357],[79.532158,15.712284],[79.531914,15.712271],[79.532024,15.712826]]]},"properties":{"lp":"329","ac":"1.1","chaltha":"329"}},{"type":"Feature","geometry":{"type":"Polygon","coordinates":[[[79.532024,15.712826],[79.531914,15.712271],[79.531715,15.711586],[79.531595,15.711668],[79.531618,15.712239],[79.531786,15.712535],[79.531868,15.712554],[79.532024,15.712826]]]},"properties":{"lp":"330","ac":"0.629","chaltha":"330"}},{"type":"Feature","geometry":{"type":"Polygon","coordinates":[[[79.53103,15.7112],[79.531284,15.711411],[79.531438,15.711538],[79.531595,15.711668],[79.531715,15.711586],[79.531587,15.711516],[79.531368,15.7111],[79.53103,15.7112]]]},"properties":{"lp":"347","ac":"0.386","chaltha":"347"}},{"type":"Feature","geometry":{"type":"Polygon","coordinates":[[[79.531618,15.712239],[79.531674,15.712957],[79.531989,15.712839],[79.532024,15.712826],[79.531868,15.712554],[79.531786,15.712535],[79.531618,15.712239]]]},"properties":{"lp":"349","ac":"0.376","chaltha":"349"}},{"type":"Feature","geometry":{"type":"Polygon","coordinates":[[[79.529709,15.713563],[79.531706,15.713312],[79.531674,15.712957],[79.531626,15.712975],[79.531267,15.712995],[79.531265,15.712995],[79.530948,15.713013],[79.530705,15.713027],[79.530303,15.713049],[79.529845,15.713075],[79.529709,15.713563]]]},"properties":{"lp":"352","ac":"2.296","chaltha":"352"}},{"type":"Feature","geometry":{"type":"Polygon","coordinates":[[[79.531706,15.713312],[79.532077,15.713266],[79.531989,15.712839],[79.531674,15.712957],[79.531706,15.713312]]]},"properties":{"lp":"351","ac":"0.408","chaltha":"351"}},{"type":"Feature","geometry":{"type":"Polygon","coordinates":[[[79.532077,15.713266],[79.532369,15.713229],[79.532024,15.712826],[79.531989,15.712839],[79.532077,15.713266]]]},"properties":{"lp":"350","ac":"0.214","chaltha":"350"}},{"type":"Feature","geometry":{"type":"Polygon","coordinates":[[[79.528376,15.712475],[79.528099,15.712526],[79.528133,15.712901],[79.528253,15.71293],[79.528445,15.712895],[79.528376,15.712475]]]},"properties":{"lp":"375","ac":"0.362","chaltha":"375"}},{"type":"Feature","geometry":{"type":"Polygon","coordinates":[[[79.527837,15.712831],[79.527956,15.712859],[79.527932,15.712557],[79.527821,15.712578],[79.527837,15.712831]]]},"properties":{"lp":"373","ac":"0.093","chaltha":"373"}},{"type":"Feature","geometry":{"type":"Polygon","coordinates":[[[79.527956,15.712859],[79.528133,15.712901],[79.528099,15.712526],[79.527932,15.712557],[79.527956,15.712859]]]},"properties":{"lp":"374","ac":"0.17","chaltha":"374"}},{"type":"Feature","geometry":{"type":"Polygon","coordinates":[[[79.527885,15.711064],[79.527869,15.711129],[79.527942,15.71114],[79.527951,15.710563],[79.527677,15.710561],[79.527634,15.710591],[79.527636,15.710611],[79.527658,15.710873],[79.527666,15.710972],[79.527885,15.711064]]]},"properties":{"lp":"403","ac":"0.417","chaltha":"403"}},{"type":"Feature","geometry":{"type":"Polygon","coordinates":[[[79.528851,15.710649],[79.528507,15.710638],[79.528467,15.710905],[79.528735,15.711021],[79.528933,15.710705],[79.528851,15.710649]]]},"properties":{"lp":"400","ac":"0.355","chaltha":"400"}},{"type":"Feature","geometry":{"type":"Polygon","coordinates":[[[79.526879,15.711559],[79.527174,15.711432],[79.527003,15.711151],[79.526921,15.711151],[79.52676,15.711151],[79.526662,15.711405],[79.526879,15.711559]]]},"properties":{"lp":"419","ac":"0.402","chaltha":"419"}},{"type":"Feature","geometry":{"type":"Polygon","coordinates":[[[79.524422,15.709218],[79.524086,15.709453],[79.524789,15.709338],[79.525848,15.709441],[79.526032,15.709286],[79.524749,15.709162],[79.524422,15.709218]]]},"properties":{"lp":"448","ac":"0.862","chaltha":"448"}},{"type":"Feature","geometry":{"type":"Polygon","coordinates":[[[79.53103,15.7112],[79.531368,15.7111],[79.531742,15.711014],[79.531687,15.710922],[79.531456,15.710967],[79.531268,15.710972],[79.53103,15.7112]]]},"properties":{"lp":"345","ac":"0.21","chaltha":"345"}},{"type":"Feature","geometry":{"type":"Polygon","coordinates":[[[79.531742,15.711014],[79.531927,15.710987],[79.531902,15.710896],[79.531687,15.710922],[79.531742,15.711014]]]},"properties":{"lp":"344","ac":"0.057","chaltha":"344"}},{"type":"Feature","geometry":{"type":"Polygon","coordinates":[[[79.53304,15.710816],[79.533103,15.710793],[79.533148,15.710777],[79.533289,15.710727],[79.533177,15.71063],[79.532968,15.7107],[79.532658,15.710805],[79.532542,15.710819],[79.532539,15.71082],[79.532447,15.710831],[79.532352,15.710842],[79.532263,15.710853],[79.532255,15.710854],[79.531902,15.710896],[79.531927,15.710987],[79.53232,15.710932],[79.53237,15.710929],[79.532457,15.710924],[79.532467,15.710924],[79.532519,15.710921],[79.532895,15.710868],[79.53304,15.710816]]]},"properties":{"lp":"343","ac":"0.421","chaltha":"343"}},{"type":"Feature","geometry":{"type":"Polygon","coordinates":[[[79.531687,15.710922],[79.531902,15.710896],[79.532027,15.710417],[79.532111,15.710094],[79.532154,15.709929],[79.531878,15.70996],[79.531783,15.710441],[79.531687,15.710922]]]},"properties":{"lp":"459","ac":"0.676","chaltha":"459"}},{"type":"Feature","geometry":{"type":"Polygon","coordinates":[[[79.533261,15.710135],[79.533251,15.710099],[79.532876,15.70993],[79.532847,15.710332],[79.533056,15.71052],[79.533177,15.71063],[79.533419,15.710363],[79.533261,15.710135]]]},"properties":{"lp":"715","ac":"0.671","chaltha":"715"}},{"type":"Feature","geometry":{"type":"Polygon","coordinates":[[[79.532876,15.70993],[79.533251,15.710099],[79.533109,15.709582],[79.53301,15.708816],[79.532587,15.708577],[79.532703,15.708687],[79.532746,15.708729],[79.532798,15.708778],[79.532842,15.708821],[79.53289,15.709024],[79.532922,15.709163],[79.532917,15.709425],[79.53275,15.709733],[79.532876,15.70993]]]},"properties":{"lp":"472","ac":"0.874","chaltha":"472"}},{"type":"Feature","geometry":{"type":"Polygon","coordinates":[[[79.53192,15.709607],[79.532213,15.709614],[79.532263,15.709354],[79.532357,15.708869],[79.532386,15.70872],[79.532419,15.70855],[79.532178,15.708511],[79.53192,15.709607]]]},"properties":{"lp":"477","ac":"0.861","chaltha":"477"}},{"type":"Feature","geometry":{"type":"Polygon","coordinates":[[[79.532154,15.709929],[79.532213,15.709614],[79.53192,15.709607],[79.531878,15.70996],[79.532154,15.709929]]]},"properties":{"lp":"476","ac":"0.276","chaltha":"476"}},{"type":"Feature","geometry":{"type":"Polygon","coordinates":[[[79.524749,15.709162],[79.526032,15.709286],[79.525879,15.709008],[79.525848,15.709017],[79.525444,15.708388],[79.52434,15.708133],[79.524309,15.708177],[79.524749,15.709162]]]},"properties":{"lp":"494","ac":"3.17","chaltha":"494"}},{"type":"Feature","geometry":{"type":"Polygon","coordinates":[[[79.52434,15.708133],[79.525444,15.708388],[79.5258,15.70847],[79.525893,15.708354],[79.525571,15.708185],[79.525197,15.708118],[79.524443,15.707983],[79.52434,15.708133]]]},"properties":{"lp":"492","ac":"0.854","chaltha":"492"}},{"type":"Feature","geometry":{"type":"Polygon","coordinates":[[[79.525197,15.708118],[79.525571,15.708185],[79.524739,15.707343],[79.524602,15.707428],[79.52459,15.70747],[79.525197,15.708118]]]},"properties":{"lp":"500","ac":"0.641","chaltha":"500"}},{"type":"Feature","geometry":{"type":"Polygon","coordinates":[[[79.525444,15.708388],[79.525848,15.709017],[79.525879,15.709008],[79.526032,15.709286],[79.526562,15.709338],[79.5258,15.70847],[79.525444,15.708388]]]},"properties":{"lp":"493","ac":"1.009","chaltha":"493"}},{"type":"Feature","geometry":{"type":"Polygon","coordinates":[[[79.524443,15.707983],[79.525197,15.708118],[79.52459,15.70747],[79.524443,15.707983]]]},"properties":{"lp":"499","ac":"0.596","chaltha":"499"}},{"type":"Feature","geometry":{"type":"Polygon","coordinates":[[[79.525893,15.708354],[79.526806,15.709361],[79.527004,15.709381],[79.527407,15.708674],[79.526731,15.708473],[79.525893,15.708354]]]},"properties":{"lp":"491","ac":"2.152","chaltha":"491"}},{"type":"Feature","geometry":{"type":"Polygon","coordinates":[[[79.523076,15.707732],[79.523824,15.707933],[79.523885,15.708101],[79.524309,15.708177],[79.52434,15.708133],[79.524443,15.707983],[79.523719,15.707825],[79.523036,15.70755],[79.523076,15.707732]]]},"properties":{"lp":"496","ac":"0.627","chaltha":"496"}},{"type":"Feature","geometry":{"type":"Polygon","coordinates":[[[79.524602,15.707428],[79.524739,15.707343],[79.52451,15.706996],[79.524145,15.706356],[79.523784,15.705723],[79.523656,15.705499],[79.523544,15.705614],[79.523872,15.706188],[79.524103,15.706593],[79.524198,15.706759],[79.52427,15.706886],[79.524602,15.707428]]]},"properties":{"lp":"501","ac":"0.954","chaltha":"501"}},{"type":"Feature","geometry":{"type":"Polygon","coordinates":[[[79.522323,15.70345],[79.523082,15.703803],[79.523461,15.704017],[79.523441,15.703914],[79.523409,15.703621],[79.523206,15.703661],[79.523039,15.703053],[79.522712,15.703297],[79.522403,15.703324],[79.522323,15.70345]]]},"properties":{"lp":"527","ac":"1.179","chaltha":"527"}},{"type":"Feature","geometry":{"type":"Polygon","coordinates":[[[79.523656,15.705499],[79.523784,15.705723],[79.524173,15.705686],[79.524326,15.705517],[79.524175,15.705424],[79.523961,15.705292],[79.523656,15.705499]]]},"properties":{"lp":"528","ac":"0.516","chaltha":"528"}},{"type":"Feature","geometry":{"type":"Polygon","coordinates":[[[79.527084,15.705821],[79.527187,15.705865],[79.527759,15.706108],[79.527997,15.70618],[79.528091,15.706208],[79.528293,15.706268],[79.528386,15.706312],[79.528708,15.706463],[79.528767,15.706491],[79.528824,15.706396],[79.528727,15.706357],[79.528307,15.706186],[79.527768,15.706025],[79.527116,15.705752],[79.527084,15.705821]]]},"properties":{"lp":"558","ac":"0.451","chaltha":"558"}},{"type":"Feature","geometry":{"type":"Polygon","coordinates":[[[79.530101,15.707548],[79.530511,15.707828],[79.530548,15.707853],[79.531004,15.708066],[79.531021,15.707977],[79.530585,15.707771],[79.530272,15.707558],[79.530165,15.707485],[79.529904,15.707266],[79.529829,15.707316],[79.530101,15.707548]]]},"properties":{"lp":"583","ac":"0.354","chaltha":"583"}},{"type":"Feature","geometry":{"type":"Polygon","coordinates":[[[79.53106,15.708672],[79.531562,15.708615],[79.53181,15.708452],[79.532178,15.708511],[79.532143,15.708208],[79.531866,15.708136],[79.531095,15.707938],[79.531021,15.707977],[79.531004,15.708066],[79.53106,15.708672]]]},"properties":{"lp":"580","ac":"1.66","chaltha":"580"}},{"type":"Feature","geometry":{"type":"Polygon","coordinates":[[[79.532419,15.70855],[79.532524,15.708339],[79.532126,15.708152],[79.532143,15.708208],[79.532178,15.708511],[79.532419,15.70855]]]},"properties":{"lp":"581","ac":"0.271","chaltha":"581"}},{"type":"Feature","geometry":{"type":"Polygon","coordinates":[[[79.532587,15.708577],[79.53301,15.708816],[79.533182,15.708804],[79.533289,15.7087],[79.532524,15.708339],[79.532419,15.70855],[79.532587,15.708577]]]},"properties":{"lp":"582","ac":"0.483","chaltha":"582"}},{"type":"Feature","geometry":{"type":"Polygon","coordinates":[[[79.531308,15.7093],[79.531359,15.709595],[79.53192,15.709607],[79.532178,15.708511],[79.53181,15.708452],[79.531562,15.708615],[79.53141,15.708891],[79.531308,15.7093]]]},"properties":{"lp":"478","ac":"2.08","chaltha":"478"}},{"type":"Feature","geometry":{"type":"Polygon","coordinates":[[[79.530685,15.70596],[79.530636,15.706029],[79.531043,15.706355],[79.531087,15.706512],[79.531042,15.70652],[79.53111,15.706845],[79.531576,15.707341],[79.531914,15.707284],[79.531867,15.707088],[79.531766,15.706829],[79.531088,15.706279],[79.530692,15.705966],[79.530685,15.70596]]]},"properties":{"lp":"531","ac":"1.457","chaltha":"531"}},{"type":"Feature","geometry":{"type":"Polygon","coordinates":[[[79.528312,15.704149],[79.528226,15.704138],[79.529344,15.704992],[79.529477,15.705005],[79.528312,15.704149]]]},"properties":{"lp":"532","ac":"0.237","chaltha":"532"}},{"type":"Feature","geometry":{"type":"Polygon","coordinates":[[[79.526321,15.702277],[79.526599,15.702502],[79.52666,15.702581],[79.526937,15.702941],[79.527035,15.703068],[79.527403,15.703479],[79.527555,15.703557],[79.527332,15.703329],[79.527117,15.703111],[79.527063,15.703056],[79.526815,15.702715],[79.52664,15.702474],[79.526538,15.702381],[79.526321,15.702277]]]},"properties":{"lp":"533","ac":"0.2","chaltha":"533"}},{"type":"Feature","geometry":{"type":"Polygon","coordinates":[[[79.523396,15.700678],[79.523394,15.700815],[79.523543,15.70088],[79.523641,15.700811],[79.523396,15.700678]]]},"properties":{"lp":"676","ac":"0.074","chaltha":"676"}},{"type":"Feature","geometry":{"type":"Polygon","coordinates":[[[79.523394,15.700815],[79.523396,15.700678],[79.522431,15.699804],[79.522094,15.6995],[79.522063,15.699559],[79.522396,15.699926],[79.522772,15.700386],[79.522579,15.7005],[79.522714,15.700676],[79.523273,15.700637],[79.523394,15.700815]]]},"properties":{"lp":"674","ac":"0.944","chaltha":"674"}},{"type":"Feature","geometry":{"type":"Polygon","coordinates":[[[79.525436,15.701761],[79.525896,15.701974],[79.525949,15.702012],[79.526321,15.702277],[79.526538,15.702381],[79.525923,15.70195],[79.525586,15.701755],[79.525551,15.701735],[79.525176,15.701593],[79.525146,15.701675],[79.525436,15.701761]]]},"properties":{"lp":"534","ac":"0.221","chaltha":"534"}},{"type":"Feature","geometry":{"type":"Polygon","coordinates":[[[79.523409,15.703621],[79.524125,15.703452],[79.52422,15.70343],[79.524483,15.703368],[79.524763,15.702711],[79.524914,15.702302],[79.525146,15.701675],[79.525176,15.701593],[79.524828,15.701461],[79.524805,15.701584],[79.523593,15.702379],[79.523039,15.703053],[79.523206,15.703661],[79.523409,15.703621]]]},"properties":{"lp":"612","ac":"6.798","chaltha":"612"}},{"type":"Feature","geometry":{"type":"Polygon","coordinates":[[[79.52121,15.69913],[79.522063,15.699559],[79.522094,15.6995],[79.521227,15.699083],[79.52121,15.69913]]]},"properties":{"lp":"673","ac":"0.165","chaltha":"673"}},{"type":"Feature","geometry":{"type":"Polygon","coordinates":[[[79.523396,15.700678],[79.523794,15.700604],[79.523739,15.700058],[79.5238,15.699938],[79.523866,15.699809],[79.52377,15.699695],[79.523253,15.699875],[79.523126,15.700143],[79.523396,15.700678]]]},"properties":{"lp":"679","ac":"1.385","chaltha":"679"}},{"type":"Feature","geometry":{"type":"Polygon","coordinates":[[[79.523794,15.700604],[79.524141,15.700457],[79.524355,15.699923],[79.524274,15.699798],[79.5238,15.699938],[79.523739,15.700058],[79.523794,15.700604]]]},"properties":{"lp":"678","ac":"0.93","chaltha":"678"}},{"type":"Feature","geometry":{"type":"Polygon","coordinates":[[[79.523094,15.698234],[79.522741,15.698315],[79.523119,15.699465],[79.522431,15.699804],[79.523396,15.700678],[79.523126,15.700143],[79.523253,15.699875],[79.52377,15.699695],[79.523866,15.699809],[79.5238,15.699938],[79.524274,15.699798],[79.52359,15.698741],[79.523384,15.698769],[79.523223,15.698472],[79.523094,15.698234]]]},"properties":{"lp":"680","ac":"4.589","chaltha":"680"}},{"type":"Feature","geometry":{"type":"Polygon","coordinates":[[[79.522463,15.699424],[79.522094,15.6995],[79.522431,15.699804],[79.523119,15.699465],[79.522741,15.698315],[79.522598,15.698348],[79.522583,15.69856],[79.52257,15.698756],[79.522549,15.69905],[79.522406,15.699182],[79.522463,15.699424]]]},"properties":{"lp":"681","ac":"1.87","chaltha":"681"}},{"type":"Feature","geometry":{"type":"Polygon","coordinates":[[[79.519477,15.696194],[79.51933,15.696259],[79.5194,15.696516],[79.519486,15.696637],[79.52136,15.696099],[79.521285,15.695638],[79.519477,15.696194]]]},"properties":{"lp":"665","ac":"2.623","chaltha":"665"}},{"type":"Feature","geometry":{"type":"Polygon","coordinates":[[[79.52136,15.696099],[79.519486,15.696637],[79.5197,15.696939],[79.521414,15.696447],[79.521411,15.696411],[79.52136,15.696099]]]},"properties":{"lp":"666","ac":"1.912","chaltha":"666"}},{"type":"Feature","geometry":{"type":"Polygon","coordinates":[[[79.521414,15.696447],[79.5197,15.696939],[79.519918,15.697245],[79.521472,15.69685],[79.521433,15.696728],[79.521414,15.696447]]]},"properties":{"lp":"667","ac":"1.865","chaltha":"667"}},{"type":"Feature","geometry":{"type":"Polygon","coordinates":[[[79.519747,15.697605],[79.519752,15.697633],[79.521579,15.697182],[79.521472,15.69685],[79.519918,15.697245],[79.519963,15.697309],[79.519747,15.697605]]]},"properties":{"lp":"668","ac":"1.718","chaltha":"668"}},{"type":"Feature","geometry":{"type":"Polygon","coordinates":[[[79.52169,15.697558],[79.521665,15.69745],[79.521579,15.697182],[79.519752,15.697633],[79.519814,15.698015],[79.52169,15.697558]]]},"properties":{"lp":"669","ac":"2.173","chaltha":"669"}},{"type":"Feature","geometry":{"type":"Polygon","coordinates":[[[79.519814,15.698015],[79.519841,15.698181],[79.519958,15.698362],[79.521778,15.69794],[79.52169,15.697558],[79.519814,15.698015]]]},"properties":{"lp":"670","ac":"2.146","chaltha":"670"}},{"type":"Feature","geometry":{"type":"Polygon","coordinates":[[[79.522549,15.69905],[79.52257,15.698756],[79.522048,15.698864],[79.522127,15.699088],[79.521975,15.699165],[79.522094,15.6995],[79.522463,15.699424],[79.522406,15.699182],[79.522549,15.69905]]]},"properties":{"lp":"663","ac":"0.836","chaltha":"663"}},{"type":"Feature","geometry":{"type":"Polygon","coordinates":[[[79.522048,15.698864],[79.52257,15.698756],[79.522583,15.69856],[79.521975,15.698661],[79.522048,15.698864]]]},"properties":{"lp":"662","ac":"0.339","chaltha":"662"}},{"type":"Feature","geometry":{"type":"Polygon","coordinates":[[[79.521975,15.698661],[79.522583,15.69856],[79.522598,15.698348],[79.522451,15.698371],[79.522196,15.698411],[79.521903,15.698458],[79.521975,15.698661]]]},"properties":{"lp":"661","ac":"0.405","chaltha":"661"}},{"type":"Feature","geometry":{"type":"Polygon","coordinates":[[[79.532126,15.708152],[79.53253,15.708007],[79.532371,15.70773],[79.532126,15.708152]]]},"properties":{"lp":"730","ac":"0.198","chaltha":"730"}},{"type":"Feature","geometry":{"type":"Polygon","coordinates":[[[79.53253,15.708007],[79.532126,15.708152],[79.532524,15.708339],[79.53253,15.708007]]]},"properties":{"lp":"279","ac":"0.195","chaltha":"279"}},{"type":"Feature","geometry":{"type":"Polygon","coordinates":[[[79.53253,15.708007],[79.532642,15.707494],[79.532748,15.707007],[79.532925,15.706191],[79.532618,15.70626],[79.532611,15.706306],[79.53259,15.706426],[79.532569,15.706551],[79.532547,15.706686],[79.53247,15.707139],[79.532413,15.707476],[79.532371,15.70773],[79.53253,15.708007]]]},"properties":{"lp":"731","ac":"1.22","chaltha":"731"}},{"type":"Feature","geometry":{"type":"Polygon","coordinates":[[[79.533077,15.705088],[79.532791,15.705132],[79.532618,15.70626],[79.532925,15.706191],[79.533128,15.705311],[79.533077,15.705088]]]},"properties":{"lp":"742","ac":"1.075","chaltha":"742"}},{"type":"Feature","geometry":{"type":"Polygon","coordinates":[[[79.533077,15.705088],[79.533128,15.705311],[79.533146,15.705235],[79.533184,15.705068],[79.533077,15.705088]]]},"properties":{"lp":"740","ac":"0.036","chaltha":"740"}},{"type":"Feature","geometry":{"type":"Polygon","coordinates":[[[79.533184,15.705068],[79.533223,15.704873],[79.533253,15.704719],[79.533338,15.704293],[79.533402,15.703975],[79.533403,15.703967],[79.533455,15.70371],[79.533592,15.703022],[79.533271,15.703088],[79.533103,15.703724],[79.532931,15.704501],[79.532874,15.704755],[79.532804,15.705071],[79.532791,15.705132],[79.533077,15.705088],[79.533184,15.705068]]]},"properties":{"lp":"748","ac":"2.11","chaltha":"748"}},{"type":"Feature","geometry":{"type":"Polygon","coordinates":[[[79.533098,15.703124],[79.533271,15.703088],[79.533323,15.702697],[79.533044,15.702733],[79.533081,15.702998],[79.533098,15.703124]]]},"properties":{"lp":"757","ac":"0.259","chaltha":"757"}},{"type":"Feature","geometry":{"type":"Polygon","coordinates":[[[79.533323,15.702697],[79.533505,15.701333],[79.53283,15.701524],[79.532923,15.702034],[79.533022,15.702572],[79.533044,15.702733],[79.533323,15.702697]]]},"properties":{"lp":"761","ac":"1.795","chaltha":"761"}},{"type":"Feature","geometry":{"type":"Polygon","coordinates":[[[79.533592,15.703022],[79.533639,15.702694],[79.533847,15.701233],[79.533505,15.701333],[79.533323,15.702697],[79.533271,15.703088],[79.533592,15.703022]]]},"properties":{"lp":"758","ac":"1.662","chaltha":"758"}},{"type":"Feature","geometry":{"type":"Polygon","coordinates":[[[79.533592,15.703022],[79.534193,15.702898],[79.534132,15.702632],[79.533639,15.702694],[79.533592,15.703022]]]},"properties":{"lp":"759","ac":"0.479","chaltha":"759"}},{"type":"Feature","geometry":{"type":"Polygon","coordinates":[[[79.534021,15.702141],[79.533847,15.701233],[79.533639,15.702694],[79.534132,15.702632],[79.534021,15.702141]]]},"properties":{"lp":"760","ac":"1.014","chaltha":"760"}},{"type":"Feature","geometry":{"type":"Polygon","coordinates":[[[79.530633,15.704649],[79.53077,15.70475],[79.530695,15.704464],[79.530525,15.703821],[79.53035,15.703424],[79.530222,15.703133],[79.530145,15.703207],[79.530303,15.70353],[79.530633,15.704649]]]},"properties":{"lp":"772","ac":"0.521","chaltha":"772"}},{"type":"Feature","geometry":{"type":"Polygon","coordinates":[[[79.532297,15.704027],[79.533103,15.703724],[79.533098,15.703124],[79.533081,15.702998],[79.532061,15.70324],[79.532088,15.703364],[79.532297,15.704027]]]},"properties":{"lp":"763","ac":"2.153","chaltha":"763"}},{"type":"Feature","geometry":{"type":"Polygon","coordinates":[[[79.533044,15.702733],[79.533022,15.702572],[79.531979,15.702876],[79.531988,15.702915],[79.532061,15.70324],[79.533081,15.702998],[79.533044,15.702733]]]},"properties":{"lp":"762","ac":"1.251","chaltha":"762"}},{"type":"Feature","geometry":{"type":"Polygon","coordinates":[[[79.533847,15.701233],[79.533706,15.700522],[79.53336,15.700604],[79.533408,15.700846],[79.533456,15.701088],[79.533505,15.701333],[79.533847,15.701233]]]},"properties":{"lp":"780","ac":"0.764","chaltha":"780"}},{"type":"Feature","geometry":{"type":"Polygon","coordinates":[[[79.530145,15.703207],[79.530222,15.703133],[79.530201,15.703095],[79.530102,15.702918],[79.529842,15.702456],[79.529747,15.702485],[79.529941,15.702891],[79.530145,15.703207]]]},"properties":{"lp":"773","ac":"0.266","chaltha":"773"}},{"type":"Feature","geometry":{"type":"Polygon","coordinates":[[[79.529747,15.702485],[79.529842,15.702456],[79.529119,15.700726],[79.529061,15.700748],[79.529237,15.701161],[79.529404,15.701595],[79.529659,15.702256],[79.529747,15.702485]]]},"properties":{"lp":"790","ac":"0.408","chaltha":"790"}},{"type":"Feature","geometry":{"type":"Polygon","coordinates":[[[79.53336,15.700604],[79.533706,15.700522],[79.533364,15.699625],[79.533105,15.699673],[79.53336,15.700604]]]},"properties":{"lp":"782","ac":"0.868","chaltha":"782"}},{"type":"Feature","geometry":{"type":"Polygon","coordinates":[[[79.533364,15.699625],[79.533706,15.700522],[79.533579,15.699586],[79.533364,15.699625]]]},"properties":{"lp":"781","ac":"0.303","chaltha":"781"}},{"type":"Feature","geometry":{"type":"Polygon","coordinates":[[[79.52801,15.69871],[79.527462,15.697786],[79.527245,15.6973],[79.526983,15.697427],[79.527467,15.697906],[79.527532,15.698015],[79.527963,15.698737],[79.52801,15.69871]]]},"properties":{"lp":"797","ac":"0.478","chaltha":"797"}},{"type":"Feature","geometry":{"type":"Polygon","coordinates":[[[79.532867,15.697961],[79.532597,15.698023],[79.532685,15.698311],[79.532776,15.698606],[79.532867,15.698902],[79.532945,15.699153],[79.533105,15.699673],[79.533364,15.699625],[79.533253,15.699255],[79.533137,15.698865],[79.533046,15.698561],[79.532955,15.698256],[79.532867,15.697961]]]},"properties":{"lp":"807","ac":"1.367","chaltha":"807"}},{"type":"Feature","geometry":{"type":"Polygon","coordinates":[[[79.533105,15.699673],[79.532945,15.699153],[79.531643,15.699451],[79.531727,15.699744],[79.531986,15.699683],[79.532373,15.699591],[79.53238,15.69959],[79.532617,15.699534],[79.53269,15.699748],[79.533105,15.699673]]]},"properties":{"lp":"806","ac":"1.467","chaltha":"806"}},{"type":"Feature","geometry":{"type":"Polygon","coordinates":[[[79.531643,15.699451],[79.532945,15.699153],[79.532867,15.698902],[79.531563,15.699173],[79.531643,15.699451]]]},"properties":{"lp":"805","ac":"1.077","chaltha":"805"}},{"type":"Feature","geometry":{"type":"Polygon","coordinates":[[[79.531254,15.698025],[79.531328,15.698307],[79.532597,15.698023],[79.532507,15.697734],[79.532471,15.697742],[79.532032,15.697844],[79.531254,15.698025]]]},"properties":{"lp":"801","ac":"1.126","chaltha":"801"}},{"type":"Feature","geometry":{"type":"Polygon","coordinates":[[[79.531404,15.698596],[79.532685,15.698311],[79.532597,15.698023],[79.531328,15.698307],[79.531404,15.698596]]]},"properties":{"lp":"802","ac":"1.146","chaltha":"802"}},{"type":"Feature","geometry":{"type":"Polygon","coordinates":[[[79.531484,15.698895],[79.532776,15.698606],[79.532685,15.698311],[79.531404,15.698596],[79.531468,15.698841],[79.531484,15.698895]]]},"properties":{"lp":"803","ac":"1.193","chaltha":"803"}},{"type":"Feature","geometry":{"type":"Polygon","coordinates":[[[79.531484,15.698895],[79.531563,15.699173],[79.532867,15.698902],[79.532776,15.698606],[79.531484,15.698895]]]},"properties":{"lp":"804","ac":"1.16","chaltha":"804"}},{"type":"Feature","geometry":{"type":"Polygon","coordinates":[[[79.531235,15.696668],[79.531571,15.697727],[79.531254,15.698025],[79.532032,15.697844],[79.531637,15.696523],[79.531235,15.696668]]]},"properties":{"lp":"798","ac":"1.775","chaltha":"798"}},{"type":"Feature","geometry":{"type":"Polygon","coordinates":[[[79.532084,15.696361],[79.53205,15.696374],[79.532471,15.697742],[79.532507,15.697734],[79.532084,15.696361]]]},"properties":{"lp":"800","ac":"0.156","chaltha":"800"}},{"type":"Feature","geometry":{"type":"Polygon","coordinates":[[[79.531637,15.696523],[79.532032,15.697844],[79.532471,15.697742],[79.53205,15.696374],[79.531637,15.696523]]]},"properties":{"lp":"799","ac":"1.829","chaltha":"799"}},{"type":"Feature","geometry":{"type":"Polygon","coordinates":[[[79.532867,15.697961],[79.532955,15.698256],[79.533431,15.698148],[79.533403,15.697875],[79.533391,15.697836],[79.532867,15.697961]]]},"properties":{"lp":"812","ac":"0.47","chaltha":"812"}},{"type":"Feature","geometry":{"type":"Polygon","coordinates":[[[79.533391,15.697836],[79.533303,15.697548],[79.532884,15.697646],[79.53278,15.69767],[79.532867,15.697961],[79.533391,15.697836]]]},"properties":{"lp":"813","ac":"0.475","chaltha":"813"}},{"type":"Feature","geometry":{"type":"Polygon","coordinates":[[[79.532955,15.698256],[79.533046,15.698561],[79.533466,15.69848],[79.533431,15.698148],[79.532955,15.698256]]]},"properties":{"lp":"811","ac":"0.436","chaltha":"811"}},{"type":"Feature","geometry":{"type":"Polygon","coordinates":[[[79.5335,15.698813],[79.533466,15.69848],[79.533046,15.698561],[79.533137,15.698865],[79.5335,15.698813]]]},"properties":{"lp":"810","ac":"0.377","chaltha":"810"}},{"type":"Feature","geometry":{"type":"Polygon","coordinates":[[[79.533538,15.699188],[79.5335,15.698813],[79.533137,15.698865],[79.533253,15.699255],[79.533538,15.699188]]]},"properties":{"lp":"809","ac":"0.377","chaltha":"809"}},{"type":"Feature","geometry":{"type":"Polygon","coordinates":[[[79.533364,15.699625],[79.533579,15.699586],[79.533538,15.699188],[79.533253,15.699255],[79.533364,15.699625]]]},"properties":{"lp":"808","ac":"0.293","chaltha":"808"}},{"type":"Feature","geometry":{"type":"Polygon","coordinates":[[[79.53236,15.696261],[79.53278,15.69767],[79.532884,15.697646],[79.532446,15.69623],[79.53236,15.696261]]]},"properties":{"lp":"814","ac":"0.427","chaltha":"814"}},{"type":"Feature","geometry":{"type":"Polygon","coordinates":[[[79.532884,15.697646],[79.533303,15.697548],[79.533099,15.696842],[79.532896,15.696068],[79.532446,15.69623],[79.532884,15.697646]]]},"properties":{"lp":"815","ac":"1.983","chaltha":"815"}},{"type":"Feature","geometry":{"type":"Polygon","coordinates":[[[79.532764,15.695232],[79.532713,15.695037],[79.532686,15.694936],[79.532625,15.694952],[79.532702,15.69527],[79.53279,15.695633],[79.532818,15.695747],[79.532845,15.695858],[79.532871,15.695968],[79.532896,15.696068],[79.533099,15.696842],[79.533152,15.696832],[79.533074,15.69648],[79.532976,15.69604],[79.532764,15.695232]]]},"properties":{"lp":"816","ac":"0.412","chaltha":"816"}},{"type":"Feature","geometry":{"type":"Polygon","coordinates":[[[79.532625,15.694952],[79.532686,15.694936],[79.53246,15.694161],[79.532318,15.693674],[79.53225,15.693537],[79.532039,15.693113],[79.53199,15.693126],[79.532106,15.693349],[79.532175,15.693481],[79.532293,15.693827],[79.532461,15.694319],[79.532545,15.694645],[79.532625,15.694952]]]},"properties":{"lp":"831","ac":"0.307","chaltha":"831"}},{"type":"Feature","geometry":{"type":"Polygon","coordinates":[[[79.531339,15.691914],[79.531375,15.6919],[79.531286,15.691738],[79.531071,15.691344],[79.530872,15.690982],[79.530856,15.690952],[79.530647,15.69057],[79.530595,15.690591],[79.531339,15.691914]]]},"properties":{"lp":"834","ac":"0.208","chaltha":"834"}},{"type":"Feature","geometry":{"type":"Polygon","coordinates":[[[79.534167,15.693428],[79.534569,15.693388],[79.534753,15.693328],[79.53507,15.693224],[79.535047,15.69307],[79.535011,15.692833],[79.534708,15.692876],[79.534201,15.693202],[79.534139,15.693242],[79.534167,15.693428]]]},"properties":{"lp":"870","ac":"0.982","chaltha":"870"}},{"type":"Feature","geometry":{"type":"Polygon","coordinates":[[[79.533303,15.697548],[79.533366,15.697537],[79.533256,15.697175],[79.533152,15.696832],[79.533099,15.696842],[79.533303,15.697548]]]},"properties":{"lp":"894","ac":"0.126","chaltha":"894"}},{"type":"Feature","geometry":{"type":"Polygon","coordinates":[[[79.533403,15.697875],[79.533431,15.698148],[79.533466,15.69848],[79.5335,15.698813],[79.533538,15.699188],[79.533579,15.699586],[79.533687,15.699691],[79.533578,15.698767],[79.533509,15.698184],[79.533366,15.697537],[79.533303,15.697548],[79.533391,15.697836],[79.533403,15.697875]]]},"properties":{"lp":"913","ac":"0.464","chaltha":"913"}},{"type":"Feature","geometry":{"type":"Polygon","coordinates":[[[79.534193,15.702898],[79.534379,15.703545],[79.534451,15.703795],[79.534561,15.703765],[79.534371,15.703137],[79.534217,15.702621],[79.534074,15.702139],[79.534021,15.702141],[79.534132,15.702632],[79.534193,15.702898]]]},"properties":{"lp":"940","ac":"0.468","chaltha":"940"}},{"type":"Feature","geometry":{"type":"Polygon","coordinates":[[[79.536167,15.707048],[79.53637,15.706914],[79.536579,15.706773],[79.536586,15.706663],[79.536649,15.706414],[79.536694,15.706236],[79.536641,15.7062],[79.536167,15.707048]]]},"properties":{"lp":"948","ac":"0.356","chaltha":"948"}},{"type":"Feature","geometry":{"type":"Polygon","coordinates":[[[79.536641,15.7062],[79.536694,15.706236],[79.536934,15.705171],[79.536875,15.70518],[79.536641,15.7062]]]},"properties":{"lp":"950","ac":"0.18","chaltha":"950"}},{"type":"Feature","geometry":{"type":"Polygon","coordinates":[[[79.536875,15.70518],[79.536934,15.705171],[79.537023,15.704739],[79.537019,15.704658],[79.536993,15.70413],[79.536951,15.704137],[79.536961,15.704739],[79.536875,15.70518]]]},"properties":{"lp":"993","ac":"0.168","chaltha":"993"}},{"type":"Feature","geometry":{"type":"Polygon","coordinates":[[[79.536951,15.704137],[79.536993,15.70413],[79.53703,15.703747],[79.537133,15.70324],[79.537087,15.703231],[79.53699,15.703742],[79.536951,15.704137]]]},"properties":{"lp":"994","ac":"0.113","chaltha":"994"}},{"type":"Feature","geometry":{"type":"Polygon","coordinates":[[[79.537087,15.703231],[79.537133,15.70324],[79.537229,15.7027],[79.537362,15.70195],[79.537311,15.701959],[79.537272,15.702181],[79.537179,15.702707],[79.537101,15.703152],[79.537087,15.703231]]]},"properties":{"lp":"957","ac":"0.184","chaltha":"957"}},{"type":"Feature","geometry":{"type":"Polygon","coordinates":[[[79.537311,15.701959],[79.537362,15.70195],[79.537426,15.701195],[79.53747,15.700718],[79.537477,15.700642],[79.537565,15.7002],[79.537521,15.700208],[79.537437,15.700649],[79.537406,15.700904],[79.537366,15.701221],[79.537363,15.701288],[79.537348,15.701671],[79.537311,15.701959]]]},"properties":{"lp":"963","ac":"0.233","chaltha":"963"}},{"type":"Feature","geometry":{"type":"Polygon","coordinates":[[[79.537616,15.699808],[79.537656,15.699504],[79.537651,15.699349],[79.537632,15.698846],[79.537581,15.698855],[79.537586,15.699067],[79.537597,15.699507],[79.537575,15.699712],[79.537557,15.699878],[79.537553,15.699908],[79.537521,15.700208],[79.537565,15.7002],[79.537616,15.699808]]]},"properties":{"lp":"968","ac":"0.211","chaltha":"968"}},{"type":"Feature","geometry":{"type":"Polygon","coordinates":[[[79.537581,15.698855],[79.537632,15.698846],[79.537632,15.698225],[79.537572,15.698235],[79.537578,15.698634],[79.537581,15.698855]]]},"properties":{"lp":"979","ac":"0.102","chaltha":"979"}},{"type":"Feature","geometry":{"type":"Polygon","coordinates":[[[79.537572,15.698235],[79.537632,15.698225],[79.537624,15.697873],[79.537619,15.697691],[79.537615,15.697497],[79.537565,15.697506],[79.537602,15.697781],[79.537572,15.698235]]]},"properties":{"lp":"980","ac":"0.081","chaltha":"980"}},{"type":"Feature","geometry":{"type":"Polygon","coordinates":[[[79.537565,15.697506],[79.537615,15.697497],[79.537576,15.696874],[79.537523,15.696884],[79.537522,15.697027],[79.537565,15.697506]]]},"properties":{"lp":"987","ac":"0.105","chaltha":"987"}},{"type":"Feature","geometry":{"type":"Polygon","coordinates":[[[79.537549,15.695834],[79.537533,15.695209],[79.537484,15.695216],[79.537497,15.695628],[79.537511,15.696077],[79.537518,15.696541],[79.537523,15.696884],[79.537576,15.696874],[79.537565,15.696431],[79.537563,15.696378],[79.537549,15.695834]]]},"properties":{"lp":"988","ac":"0.234","chaltha":"988"}},{"type":"Feature","geometry":{"type":"Polygon","coordinates":[[[79.537457,15.693334],[79.537528,15.693326],[79.537539,15.693101],[79.537562,15.692636],[79.537586,15.692163],[79.537593,15.692022],[79.537567,15.691782],[79.537519,15.691337],[79.537462,15.691349],[79.537536,15.692026],[79.537516,15.692367],[79.537496,15.692686],[79.537457,15.693334]]]},"properties":{"lp":"1316","ac":"0.358","chaltha":"1316"}},{"type":"Feature","geometry":{"type":"Polygon","coordinates":[[[79.536579,15.706773],[79.537009,15.706505],[79.537292,15.70629],[79.537763,15.705932],[79.538082,15.705503],[79.538005,15.705501],[79.537697,15.705884],[79.537273,15.706182],[79.536586,15.706663],[79.536579,15.706773]]]},"properties":{"lp":"1016","ac":"0.505","chaltha":"1016"}},{"type":"Feature","geometry":{"type":"Polygon","coordinates":[[[79.542871,15.698937],[79.541799,15.700486],[79.541883,15.700526],[79.542944,15.698949],[79.542871,15.698937]]]},"properties":{"lp":"1013","ac":"0.441","chaltha":"1013"}},{"type":"Feature","geometry":{"type":"Polygon","coordinates":[[[79.540183,15.702071],[79.539896,15.702716],[79.539806,15.703032],[79.539315,15.703697],[79.539428,15.70369],[79.539597,15.703416],[79.540117,15.702574],[79.540183,15.702071]]]},"properties":{"lp":"1014","ac":"0.383","chaltha":"1014"}},{"type":"Feature","geometry":{"type":"Polygon","coordinates":[[[79.539315,15.703697],[79.538796,15.704261],[79.53836,15.704943],[79.538005,15.705501],[79.538082,15.705503],[79.538416,15.704974],[79.538815,15.704342],[79.53909,15.70403],[79.539354,15.703765],[79.539428,15.70369],[79.539315,15.703697]]]},"properties":{"lp":"1015","ac":"0.423","chaltha":"1015"}},{"type":"Feature","geometry":{"type":"Polygon","coordinates":[[[79.534308,15.711764],[79.534416,15.711734],[79.534401,15.711489],[79.534337,15.711451],[79.534321,15.711629],[79.534308,15.711764]]]},"properties":{"lp":"295","ac":"0.07","chaltha":"295"}},{"type":"Feature","geometry":{"type":"Polygon","coordinates":[[[79.533996,15.71081],[79.534021,15.710944],[79.534092,15.710927],[79.534157,15.710912],[79.53414,15.710861],[79.534114,15.710774],[79.533996,15.71081]]]},"properties":{"lp":"298","ac":"0.054","chaltha":"298"}},{"type":"Feature","geometry":{"type":"Polygon","coordinates":[[[79.535788,15.71],[79.53565,15.71011],[79.535721,15.710249],[79.535744,15.710521],[79.535878,15.711027],[79.535885,15.711055],[79.535913,15.711184],[79.535946,15.711339],[79.535968,15.71144],[79.53618,15.711641],[79.535788,15.71]]]},"properties":{"lp":"258","ac":"0.685","chaltha":"258"}},{"type":"Feature","geometry":{"type":"Polygon","coordinates":[[[79.535254,15.712005],[79.535455,15.712039],[79.535631,15.711871],[79.535795,15.711801],[79.535939,15.711739],[79.535958,15.711731],[79.536127,15.711662],[79.53618,15.711641],[79.535968,15.71144],[79.535933,15.711466],[79.535751,15.711607],[79.535639,15.711695],[79.535516,15.71179],[79.535445,15.711848],[79.535367,15.711913],[79.535254,15.712005]]]},"properties":{"lp":"278","ac":"0.469","chaltha":"278"}},{"type":"Feature","geometry":{"type":"Polygon","coordinates":[[[79.536589,15.712331],[79.536727,15.71235],[79.53674,15.712251],[79.536599,15.712232],[79.536589,15.712331]]]},"properties":{"lp":"112","ac":"0.041","chaltha":"112"}},{"type":"Feature","geometry":{"type":"Polygon","coordinates":[[[79.536945,15.713455],[79.53683,15.713808],[79.537154,15.713948],[79.537269,15.713543],[79.537003,15.713471],[79.536945,15.713455]]]},"properties":{"lp":"81","ac":"0.398","chaltha":"81"}},{"type":"Feature","geometry":{"type":"Polygon","coordinates":[[[79.537154,15.713948],[79.537572,15.71413],[79.537645,15.713645],[79.537556,15.713621],[79.537269,15.713543],[79.537154,15.713948]]]},"properties":{"lp":"80","ac":"0.557","chaltha":"80"}},{"type":"Feature","geometry":{"type":"Polygon","coordinates":[[[79.537572,15.71413],[79.537712,15.71419],[79.537888,15.714219],[79.537957,15.713729],[79.537652,15.713647],[79.537645,15.713645],[79.537572,15.71413]]]},"properties":{"lp":"79","ac":"0.475","chaltha":"79"}},{"type":"Feature","geometry":{"type":"Polygon","coordinates":[[[79.537888,15.714219],[79.538193,15.714269],[79.538263,15.713786],[79.538126,15.713761],[79.537957,15.713729],[79.537888,15.714219]]]},"properties":{"lp":"78","ac":"0.447","chaltha":"78"}},{"type":"Feature","geometry":{"type":"Polygon","coordinates":[[[79.538193,15.714269],[79.538579,15.714335],[79.538613,15.713807],[79.538263,15.713786],[79.538193,15.714269]]]},"properties":{"lp":"77","ac":"0.552","chaltha":"77"}},{"type":"Feature","geometry":{"type":"Polygon","coordinates":[[[79.538579,15.714335],[79.538785,15.71437],[79.538789,15.714185],[79.538794,15.713948],[79.538797,15.713818],[79.538613,15.713807],[79.538579,15.714335]]]},"properties":{"lp":"76","ac":"0.31","chaltha":"76"}},{"type":"Feature","geometry":{"type":"Polygon","coordinates":[[[79.538785,15.71437],[79.538965,15.714401],[79.538968,15.714188],[79.538789,15.714185],[79.538785,15.71437]]]},"properties":{"lp":"73","ac":"0.105","chaltha":"73"}},{"type":"Feature","geometry":{"type":"Polygon","coordinates":[[[79.538789,15.714185],[79.538968,15.714188],[79.538971,15.71394],[79.538794,15.713948],[79.538789,15.714185]]]},"properties":{"lp":"74","ac":"0.127","chaltha":"74"}},{"type":"Feature","geometry":{"type":"Polygon","coordinates":[[[79.538794,15.713948],[79.538971,15.71394],[79.538973,15.713821],[79.538892,15.713823],[79.538797,15.713818],[79.538794,15.713948]]]},"properties":{"lp":"75","ac":"0.064","chaltha":"75"}},{"type":"Feature","geometry":{"type":"Polygon","coordinates":[[[79.53933,15.713811],[79.539326,15.713706],[79.539247,15.713695],[79.538902,15.713702],[79.538892,15.713823],[79.538973,15.713821],[79.53933,15.713811]]]},"properties":{"lp":"71","ac":"0.149","chaltha":"71"}},{"type":"Feature","geometry":{"type":"Polygon","coordinates":[[[79.538902,15.713702],[79.539247,15.713695],[79.538911,15.713591],[79.538902,15.713702]]]},"properties":{"lp":"70","ac":"0.056","chaltha":"70"}},{"type":"Feature","geometry":{"type":"Polygon","coordinates":[[[79.538911,15.713591],[79.539247,15.713695],[79.539285,15.713537],[79.539312,15.713425],[79.539389,15.713321],[79.539143,15.713334],[79.538969,15.713343],[79.538928,15.713389],[79.538911,15.713591]]]},"properties":{"lp":"69","ac":"0.347","chaltha":"69"}},{"type":"Feature","geometry":{"type":"Polygon","coordinates":[[[79.539349,15.714467],[79.539336,15.714033],[79.53933,15.713811],[79.538973,15.713821],[79.538971,15.71394],[79.538968,15.714188],[79.538965,15.714401],[79.539349,15.714467]]]},"properties":{"lp":"72","ac":"0.671","chaltha":"72"}},{"type":"Feature","geometry":{"type":"Polygon","coordinates":[[[79.539336,15.714033],[79.539777,15.714044],[79.539704,15.713707],[79.539479,15.713726],[79.539326,15.713706],[79.53933,15.713811],[79.539336,15.714033]]]},"properties":{"lp":"68","ac":"0.386","chaltha":"68"}},{"type":"Feature","geometry":{"type":"Polygon","coordinates":[[[79.539777,15.714044],[79.540243,15.714057],[79.540094,15.713673],[79.540089,15.713673],[79.539896,15.71369],[79.539716,15.713705],[79.539704,15.713707],[79.539777,15.714044]]]},"properties":{"lp":"67","ac":"0.456","chaltha":"67"}},{"type":"Feature","geometry":{"type":"Polygon","coordinates":[[[79.540307,15.714058],[79.540412,15.7139],[79.540475,15.713806],[79.540531,15.713722],[79.540593,15.713629],[79.540479,15.713639],[79.540332,15.713652],[79.540145,15.713668],[79.540094,15.713673],[79.540243,15.714057],[79.540307,15.714058]]]},"properties":{"lp":"65","ac":"0.331","chaltha":"65"}},{"type":"Feature","geometry":{"type":"Polygon","coordinates":[[[79.539336,15.714643],[79.539924,15.714661],[79.54058,15.714681],[79.540499,15.714494],[79.540379,15.714223],[79.540307,15.714058],[79.540243,15.714057],[79.539777,15.714044],[79.539336,15.714033],[79.539349,15.714467],[79.539336,15.714643]]]},"properties":{"lp":"66","ac":"1.975","chaltha":"66"}},{"type":"Feature","geometry":{"type":"Polygon","coordinates":[[[79.538733,15.711514],[79.539056,15.711521],[79.539477,15.711527],[79.539851,15.711541],[79.539916,15.711364],[79.539719,15.711404],[79.539156,15.711442],[79.539148,15.711442],[79.538794,15.711466],[79.537921,15.711415],[79.538067,15.711482],[79.538733,15.711514]]]},"properties":{"lp":"246","ac":"0.445","chaltha":"246"}},{"type":"Feature","geometry":{"type":"Polygon","coordinates":[[[79.538677,15.707328],[79.538934,15.707286],[79.539203,15.707242],[79.539469,15.707198],[79.539801,15.707144],[79.539728,15.706361],[79.538597,15.706603],[79.538667,15.707267],[79.538677,15.707328]]]},"properties":{"lp":"1057","ac":"2.544","chaltha":"1057"}},{"type":"Feature","geometry":{"type":"Polygon","coordinates":[[[79.540941,15.706939],[79.54077,15.705986],[79.540029,15.706144],[79.539889,15.706372],[79.539833,15.706296],[79.539728,15.706361],[79.539801,15.707144],[79.540442,15.707029],[79.540941,15.706939]]]},"properties":{"lp":"1058","ac":"3.005","chaltha":"1058"}},{"type":"Feature","geometry":{"type":"Polygon","coordinates":[[[79.539123,15.709287],[79.539375,15.709285],[79.539561,15.709253],[79.539541,15.709134],[79.539328,15.709155],[79.539256,15.708473],[79.539049,15.708505],[79.539123,15.709287]]]},"properties":{"lp":"1070","ac":"0.583","chaltha":"1070"}},{"type":"Feature","geometry":{"type":"Polygon","coordinates":[[[79.539561,15.709253],[79.539931,15.709191],[79.539863,15.708458],[79.539678,15.708363],[79.539597,15.708421],[79.539256,15.708473],[79.539328,15.709155],[79.539541,15.709134],[79.539561,15.709253]]]},"properties":{"lp":"1069","ac":"1.354","chaltha":"1069"}},{"type":"Feature","geometry":{"type":"Polygon","coordinates":[[[79.539931,15.709191],[79.540009,15.709177],[79.540597,15.709078],[79.540575,15.708825],[79.539863,15.708458],[79.539931,15.709191]]]},"properties":{"lp":"1068","ac":"0.979","chaltha":"1068"}},{"type":"Feature","geometry":{"type":"Polygon","coordinates":[[[79.539863,15.708458],[79.540575,15.708825],[79.540703,15.708802],[79.540613,15.708193],[79.539641,15.70815],[79.539597,15.708421],[79.539678,15.708363],[79.539863,15.708458]]]},"properties":{"lp":"1067","ac":"1.302","chaltha":"1067"}},{"type":"Feature","geometry":{"type":"Polygon","coordinates":[[[79.539657,15.708048],[79.540565,15.707864],[79.540536,15.707667],[79.539686,15.707869],[79.539657,15.708048]]]},"properties":{"lp":"1066","ac":"0.486","chaltha":"1066"}},{"type":"Feature","geometry":{"type":"Polygon","coordinates":[[[79.539686,15.707869],[79.540536,15.707667],[79.540506,15.70746],[79.540442,15.707029],[79.539801,15.707144],[79.539698,15.70779],[79.539686,15.707869]]]},"properties":{"lp":"1065","ac":"1.484","chaltha":"1065"}},{"type":"Feature","geometry":{"type":"Polygon","coordinates":[[[79.540941,15.706939],[79.540442,15.707029],[79.540506,15.70746],[79.541004,15.707378],[79.540941,15.706939]]]},"properties":{"lp":"1063","ac":"0.652","chaltha":"1063"}},{"type":"Feature","geometry":{"type":"Polygon","coordinates":[[[79.540506,15.70746],[79.540536,15.707667],[79.540565,15.707864],[79.540613,15.708193],[79.540703,15.708802],[79.541195,15.708716],[79.541141,15.708335],[79.541004,15.707378],[79.540506,15.70746]]]},"properties":{"lp":"1064","ac":"1.994","chaltha":"1064"}},{"type":"Feature","geometry":{"type":"Polygon","coordinates":[[[79.538794,15.711466],[79.539148,15.711442],[79.539344,15.711033],[79.539519,15.71067],[79.539648,15.7104],[79.539453,15.710631],[79.539248,15.710681],[79.538987,15.710745],[79.538989,15.710878],[79.539,15.711034],[79.538783,15.711096],[79.538794,15.711466]]]},"properties":{"lp":"1079","ac":"1.025","chaltha":"1079"}},{"type":"Feature","geometry":{"type":"Polygon","coordinates":[[[79.539916,15.711364],[79.54132,15.71162],[79.540914,15.710793],[79.540889,15.709907],[79.540851,15.709694],[79.540746,15.709707],[79.540703,15.710095],[79.540674,15.710356],[79.540661,15.710473],[79.540514,15.710649],[79.540216,15.711005],[79.539916,15.711364]]]},"properties":{"lp":"1081","ac":"2.763","chaltha":"1081"}},{"type":"Feature","geometry":{"type":"Polygon","coordinates":[[[79.539148,15.711442],[79.539156,15.711442],[79.539719,15.711404],[79.539916,15.711364],[79.540216,15.711005],[79.539344,15.711033],[79.539148,15.711442]]]},"properties":{"lp":"1080","ac":"0.906","chaltha":"1080"}},{"type":"Feature","geometry":{"type":"Polygon","coordinates":[[[79.539519,15.71067],[79.539344,15.711033],[79.540216,15.711005],[79.540514,15.710649],[79.539519,15.71067]]]},"properties":{"lp":"1078","ac":"0.967","chaltha":"1078"}},{"type":"Feature","geometry":{"type":"Polygon","coordinates":[[[79.539648,15.7104],[79.539519,15.71067],[79.540514,15.710649],[79.540661,15.710473],[79.540674,15.710356],[79.539648,15.710369],[79.539648,15.7104]]]},"properties":{"lp":"1077","ac":"0.889","chaltha":"1077"}},{"type":"Feature","geometry":{"type":"Polygon","coordinates":[[[79.539648,15.710369],[79.540674,15.710356],[79.540703,15.710095],[79.539639,15.710045],[79.539643,15.710186],[79.539648,15.710369]]]},"properties":{"lp":"1076","ac":"0.895","chaltha":"1076"}},{"type":"Feature","geometry":{"type":"Polygon","coordinates":[[[79.539639,15.710045],[79.540703,15.710095],[79.540746,15.709707],[79.540269,15.709746],[79.540044,15.709737],[79.53963,15.70972],[79.539636,15.709932],[79.539639,15.710045]]]},"properties":{"lp":"1075","ac":"1.085","chaltha":"1075"}},{"type":"Feature","geometry":{"type":"Polygon","coordinates":[[[79.539851,15.711541],[79.54028,15.711585],[79.540857,15.711644],[79.541413,15.711905],[79.541651,15.711916],[79.541599,15.711867],[79.54132,15.71162],[79.539916,15.711364],[79.539851,15.711541]]]},"properties":{"lp":"245","ac":"0.787","chaltha":"245"}},{"type":"Feature","geometry":{"type":"Polygon","coordinates":[[[79.5397,15.712045],[79.53973,15.712195],[79.539795,15.712514],[79.539796,15.712523],[79.539841,15.712745],[79.539844,15.712758],[79.539878,15.712902],[79.539915,15.712901],[79.540395,15.7129],[79.54045,15.7129],[79.54048,15.7129],[79.540519,15.712907],[79.540534,15.71291],[79.54028,15.711585],[79.539851,15.711541],[79.539477,15.711527],[79.5397,15.712045]]]},"properties":{"lp":"213","ac":"2.722","chaltha":"213"}},{"type":"Feature","geometry":{"type":"Polygon","coordinates":[[[79.540724,15.712947],[79.540852,15.712972],[79.541092,15.713018],[79.541217,15.713042],[79.541265,15.713051],[79.541582,15.712938],[79.541925,15.712408],[79.541413,15.711905],[79.540857,15.711644],[79.54028,15.711585],[79.540534,15.71291],[79.540582,15.71292],[79.540724,15.712947]]]},"properties":{"lp":"214","ac":"4.669","chaltha":"214"}},{"type":"Feature","geometry":{"type":"Polygon","coordinates":[[[79.539389,15.713321],[79.539312,15.713425],[79.539285,15.713537],[79.539451,15.713539],[79.539419,15.71332],[79.539389,15.713321]]]},"properties":{"lp":"191","ac":"0.071","chaltha":"191"}},{"type":"Feature","geometry":{"type":"Polygon","coordinates":[[[79.539247,15.713695],[79.539326,15.713706],[79.539479,15.713726],[79.539451,15.713539],[79.539285,15.713537],[79.539247,15.713695]]]},"properties":{"lp":"192","ac":"0.101","chaltha":"192"}},{"type":"Feature","geometry":{"type":"Polygon","coordinates":[[[79.540945,15.714717],[79.540934,15.714481],[79.540562,15.714493],[79.540499,15.714494],[79.54058,15.714681],[79.540945,15.714717]]]},"properties":{"lp":"57","ac":"0.246","chaltha":"57"}},{"type":"Feature","geometry":{"type":"Polygon","coordinates":[[[79.541587,15.714144],[79.540904,15.714189],[79.540616,15.714208],[79.540379,15.714223],[79.540499,15.714494],[79.540562,15.714493],[79.540934,15.714481],[79.541613,15.714461],[79.541587,15.714144]]]},"properties":{"lp":"58","ac":"1.014","chaltha":"58"}},{"type":"Feature","geometry":{"type":"Polygon","coordinates":[[[79.540907,15.713857],[79.540812,15.713865],[79.540412,15.7139],[79.540307,15.714058],[79.540379,15.714223],[79.540616,15.714208],[79.540904,15.714189],[79.540907,15.713857]]]},"properties":{"lp":"59","ac":"0.529","chaltha":"59"}},{"type":"Feature","geometry":{"type":"Polygon","coordinates":[[[79.540904,15.714189],[79.541587,15.714144],[79.541558,15.713801],[79.540907,15.713857],[79.540904,15.714189]]]},"properties":{"lp":"60","ac":"0.66","chaltha":"60"}},{"type":"Feature","geometry":{"type":"Polygon","coordinates":[[[79.540812,15.713865],[79.540907,15.713857],[79.541558,15.713801],[79.541543,15.71362],[79.541378,15.713587],[79.540762,15.71362],[79.540779,15.713702],[79.540795,15.71378],[79.540812,15.713865]]]},"properties":{"lp":"61","ac":"0.517","chaltha":"61"}},{"type":"Feature","geometry":{"type":"Polygon","coordinates":[[[79.540593,15.713629],[79.540531,15.713722],[79.540779,15.713702],[79.540762,15.71362],[79.540614,15.713628],[79.540593,15.713629]]]},"properties":{"lp":"64","ac":"0.052","chaltha":"64"}},{"type":"Feature","geometry":{"type":"Polygon","coordinates":[[[79.540531,15.713722],[79.540475,15.713806],[79.540795,15.71378],[79.540779,15.713702],[79.540531,15.713722]]]},"properties":{"lp":"63","ac":"0.066","chaltha":"63"}},{"type":"Feature","geometry":{"type":"Polygon","coordinates":[[[79.540475,15.713806],[79.540412,15.7139],[79.540812,15.713865],[79.540795,15.71378],[79.540475,15.713806]]]},"properties":{"lp":"62","ac":"0.093","chaltha":"62"}},{"type":"Feature","geometry":{"type":"Polygon","coordinates":[[[79.54164,15.714788],[79.541715,15.714796],[79.542031,15.714855],[79.5418,15.713672],[79.541543,15.71362],[79.541558,15.713801],[79.541587,15.714144],[79.541613,15.714461],[79.54164,15.714788]]]},"properties":{"lp":"53","ac":"1.085","chaltha":"53"}},{"type":"Feature","geometry":{"type":"Polygon","coordinates":[[[79.542031,15.714855],[79.542349,15.714915],[79.54204,15.71372],[79.5418,15.713672],[79.542031,15.714855]]]},"properties":{"lp":"52","ac":"0.929","chaltha":"52"}},{"type":"Feature","geometry":{"type":"Polygon","coordinates":[[[79.542349,15.714915],[79.54266,15.714973],[79.5423,15.713772],[79.54204,15.71372],[79.542349,15.714915]]]},"properties":{"lp":"51","ac":"0.948","chaltha":"51"}},{"type":"Feature","geometry":{"type":"Polygon","coordinates":[[[79.54266,15.714973],[79.542972,15.715031],[79.542548,15.713845],[79.5423,15.713772],[79.54266,15.714973]]]},"properties":{"lp":"50","ac":"0.904","chaltha":"50"}},{"type":"Feature","geometry":{"type":"Polygon","coordinates":[[[79.542972,15.715031],[79.543297,15.715092],[79.542795,15.713918],[79.542548,15.713845],[79.542972,15.715031]]]},"properties":{"lp":"49","ac":"0.898","chaltha":"49"}},{"type":"Feature","geometry":{"type":"Polygon","coordinates":[[[79.543297,15.715092],[79.543626,15.715154],[79.543072,15.713999],[79.542795,15.713918],[79.543297,15.715092]]]},"properties":{"lp":"48","ac":"0.924","chaltha":"48"}},{"type":"Feature","geometry":{"type":"Polygon","coordinates":[[[79.541413,15.711905],[79.541925,15.712408],[79.541582,15.712938],[79.541265,15.713051],[79.541363,15.713516],[79.541378,15.713587],[79.541543,15.71362],[79.5418,15.713672],[79.54204,15.71372],[79.5423,15.713772],[79.542548,15.713845],[79.542795,15.713918],[79.543072,15.713999],[79.543371,15.713636],[79.542445,15.71362],[79.542292,15.713453],[79.542126,15.713274],[79.541951,15.713084],[79.541754,15.71287],[79.542345,15.712546],[79.542309,15.712303],[79.541651,15.711916],[79.541413,15.711905]]]},"properties":{"lp":"215","ac":"3.561","chaltha":"215"}},{"type":"Feature","geometry":{"type":"Polygon","coordinates":[[[79.546626,15.712815],[79.546289,15.712651],[79.546158,15.712956],[79.546098,15.713414],[79.545935,15.713444],[79.545801,15.71359],[79.546153,15.714585],[79.546449,15.713822],[79.546626,15.712815]]]},"properties":{"lp":"229","ac":"2.229","chaltha":"229"}},{"type":"Feature","geometry":{"type":"Polygon","coordinates":[[[79.545242,15.713118],[79.544956,15.712829],[79.544842,15.712755],[79.544646,15.712628],[79.544597,15.712662],[79.544779,15.712839],[79.545071,15.713122],[79.545801,15.71359],[79.545935,15.713444],[79.545242,15.713118]]]},"properties":{"lp":"227","ac":"0.564","chaltha":"227"}},{"type":"Feature","geometry":{"type":"Polygon","coordinates":[[[79.542718,15.712],[79.543003,15.711969],[79.542994,15.71186],[79.542611,15.711847],[79.541841,15.711822],[79.541622,15.711863],[79.541599,15.711867],[79.541651,15.711916],[79.542718,15.712]]]},"properties":{"lp":"244","ac":"0.489","chaltha":"244"}},{"type":"Feature","geometry":{"type":"Polygon","coordinates":[[[79.544415,15.711715],[79.54457,15.711646],[79.545015,15.711449],[79.54528,15.711269],[79.545446,15.711156],[79.545468,15.711025],[79.544967,15.711397],[79.54442,15.711626],[79.544415,15.711715]]]},"properties":{"lp":"243","ac":"0.273","chaltha":"243"}},{"type":"Feature","geometry":{"type":"Polygon","coordinates":[[[79.535687,15.698979],[79.536314,15.698864],[79.536191,15.698028],[79.535508,15.698148],[79.535687,15.698979]]]},"properties":{"lp":"907","ac":"1.651","chaltha":"907"}},{"type":"Feature","geometry":{"type":"Polygon","coordinates":[[[79.536314,15.698864],[79.53662,15.698809],[79.536942,15.69875],[79.536882,15.697907],[79.536209,15.698025],[79.536191,15.698028],[79.536314,15.698864]]]},"properties":{"lp":"905","ac":"1.654","chaltha":"905"}},{"type":"Feature","geometry":{"type":"Polygon","coordinates":[[[79.536942,15.69875],[79.537578,15.698634],[79.537572,15.698235],[79.537602,15.697781],[79.536891,15.697906],[79.536882,15.697907],[79.536942,15.69875]]]},"properties":{"lp":"904","ac":"1.668","chaltha":"904"}},{"type":"Feature","geometry":{"type":"Polygon","coordinates":[[[79.539419,15.71332],[79.539451,15.713539],[79.539678,15.713504],[79.539861,15.713475],[79.540025,15.71345],[79.539774,15.713282],[79.539749,15.713309],[79.539419,15.71332]]]},"properties":{"lp":"196","ac":"0.277","chaltha":"196"}},{"type":"Feature","geometry":{"type":"Polygon","coordinates":[[[79.539704,15.713707],[79.539716,15.713705],[79.539678,15.713504],[79.539451,15.713539],[79.539479,15.713726],[79.539704,15.713707]]]},"properties":{"lp":"193","ac":"0.135","chaltha":"193"}},{"type":"Feature","geometry":{"type":"Polygon","coordinates":[[[79.539896,15.71369],[79.540089,15.713673],[79.540025,15.71345],[79.539861,15.713475],[79.539896,15.71369]]]},"properties":{"lp":"195","ac":"0.117","chaltha":"195"}},{"type":"Feature","geometry":{"type":"Polygon","coordinates":[[[79.540145,15.713668],[79.539991,15.713288],[79.53994,15.713029],[79.539915,15.712901],[79.539878,15.712902],[79.539898,15.713098],[79.539903,15.713141],[79.539774,15.713282],[79.540025,15.71345],[79.540089,15.713673],[79.540094,15.713673],[79.540145,15.713668]]]},"properties":{"lp":"197","ac":"0.18","chaltha":"197"}},{"type":"Feature","geometry":{"type":"Polygon","coordinates":[[[79.53994,15.713029],[79.539991,15.713288],[79.540145,15.713668],[79.540332,15.713652],[79.540231,15.7131],[79.53994,15.713029]]]},"properties":{"lp":"199","ac":"0.435","chaltha":"199"}},{"type":"Feature","geometry":{"type":"Polygon","coordinates":[[[79.540352,15.713085],[79.540395,15.7129],[79.539915,15.712901],[79.53994,15.713029],[79.540231,15.7131],[79.540352,15.713085]]]},"properties":{"lp":"198","ac":"0.224","chaltha":"198"}},{"type":"Feature","geometry":{"type":"Polygon","coordinates":[[[79.540231,15.7131],[79.540332,15.713652],[79.540479,15.713639],[79.540352,15.713085],[79.540231,15.7131]]]},"properties":{"lp":"200","ac":"0.221","chaltha":"200"}},{"type":"Feature","geometry":{"type":"Polygon","coordinates":[[[79.540479,15.713639],[79.540593,15.713629],[79.540614,15.713628],[79.540485,15.713068],[79.540472,15.71307],[79.540352,15.713085],[79.540479,15.713639]]]},"properties":{"lp":"202","ac":"0.224","chaltha":"202"}},{"type":"Feature","geometry":{"type":"Polygon","coordinates":[[[79.540352,15.713085],[79.540472,15.71307],[79.54045,15.7129],[79.540395,15.7129],[79.540352,15.713085]]]},"properties":{"lp":"204","ac":"0.045","chaltha":"204"}},{"type":"Feature","geometry":{"type":"Polygon","coordinates":[[[79.540485,15.713068],[79.540532,15.713063],[79.540519,15.712907],[79.54048,15.7129],[79.54045,15.7129],[79.540472,15.71307],[79.540485,15.713068]]]},"properties":{"lp":"205","ac":"0.031","chaltha":"205"}},{"type":"Feature","geometry":{"type":"Polygon","coordinates":[[[79.540582,15.71292],[79.540534,15.71291],[79.540519,15.712907],[79.540532,15.713063],[79.540616,15.713052],[79.540582,15.71292]]]},"properties":{"lp":"206","ac":"0.031","chaltha":"206"}},{"type":"Feature","geometry":{"type":"Polygon","coordinates":[[[79.540762,15.71362],[79.541378,15.713587],[79.541363,15.713516],[79.541342,15.713518],[79.541216,15.71353],[79.54098,15.713553],[79.54087,15.713564],[79.54075,15.713576],[79.540762,15.71362]]]},"properties":{"lp":"212","ac":"0.106","chaltha":"212"}},{"type":"Feature","geometry":{"type":"Polygon","coordinates":[[[79.54087,15.713564],[79.540724,15.712947],[79.540582,15.71292],[79.540616,15.713052],[79.54075,15.713576],[79.54087,15.713564]]]},"properties":{"lp":"207","ac":"0.24","chaltha":"207"}},{"type":"Feature","geometry":{"type":"Polygon","coordinates":[[[79.540852,15.712972],[79.540724,15.712947],[79.54087,15.713564],[79.54098,15.713553],[79.540852,15.712972]]]},"properties":{"lp":"208","ac":"0.206","chaltha":"208"}},{"type":"Feature","geometry":{"type":"Polygon","coordinates":[[[79.541092,15.713018],[79.540852,15.712972],[79.54098,15.713553],[79.541216,15.71353],[79.541092,15.713018]]]},"properties":{"lp":"209","ac":"0.377","chaltha":"209"}},{"type":"Feature","geometry":{"type":"Polygon","coordinates":[[[79.541216,15.71353],[79.541342,15.713518],[79.541217,15.713042],[79.541092,15.713018],[79.541216,15.71353]]]},"properties":{"lp":"210","ac":"0.18","chaltha":"210"}},{"type":"Feature","geometry":{"type":"Polygon","coordinates":[[[79.541342,15.713518],[79.541363,15.713516],[79.541265,15.713051],[79.541217,15.713042],[79.541342,15.713518]]]},"properties":{"lp":"211","ac":"0.046","chaltha":"211"}},{"type":"Feature","geometry":{"type":"Polygon","coordinates":[[[79.535852,15.706997],[79.536083,15.707034],[79.536221,15.70676],[79.536115,15.706688],[79.535852,15.706997]]]},"properties":{"lp":"946","ac":"0.176","chaltha":"946"}},{"type":"Feature","geometry":{"type":"Polygon","coordinates":[[[79.53623,15.70625],[79.536115,15.706688],[79.536221,15.70676],[79.536083,15.707034],[79.536167,15.707048],[79.536641,15.7062],[79.53644,15.706428],[79.536405,15.706424],[79.536402,15.706423],[79.536287,15.70641],[79.53623,15.70625]]]},"properties":{"lp":"947","ac":"0.399","chaltha":"947"}},{"type":"Feature","geometry":{"type":"Polygon","coordinates":[[[79.539314,15.702344],[79.539186,15.70172],[79.539166,15.701624],[79.537362,15.70195],[79.537229,15.7027],[79.539314,15.702344]]]},"properties":{"lp":"958","ac":"4.195","chaltha":"958"}},{"type":"Feature","geometry":{"type":"Polygon","coordinates":[[[79.537426,15.701195],[79.537362,15.70195],[79.539166,15.701624],[79.539016,15.700886],[79.537426,15.701195]]]},"properties":{"lp":"962","ac":"3.751","chaltha":"962"}},{"type":"Feature","geometry":{"type":"Polygon","coordinates":[[[79.537565,15.7002],[79.538422,15.700051],[79.539357,15.699888],[79.539261,15.699505],[79.537616,15.699808],[79.537565,15.7002]]]},"properties":{"lp":"967","ac":"1.972","chaltha":"967"}},{"type":"Feature","geometry":{"type":"Polygon","coordinates":[[[79.537616,15.699808],[79.539261,15.699505],[79.53926,15.699498],[79.539177,15.699167],[79.539154,15.699072],[79.537651,15.699349],[79.537656,15.699504],[79.537616,15.699808]]]},"properties":{"lp":"969","ac":"2.075","chaltha":"969"}},{"type":"Feature","geometry":{"type":"Polygon","coordinates":[[[79.537651,15.699349],[79.539154,15.699072],[79.539081,15.698776],[79.539036,15.698593],[79.538567,15.698677],[79.538163,15.69875],[79.538155,15.698752],[79.538106,15.69876],[79.537632,15.698846],[79.537651,15.699349]]]},"properties":{"lp":"970","ac":"2.145","chaltha":"970"}},{"type":"Feature","geometry":{"type":"Polygon","coordinates":[[[79.533673,15.712063],[79.533754,15.712057],[79.533917,15.712044],[79.533885,15.711923],[79.533684,15.711919],[79.533673,15.712063]]]},"properties":{"lp":"302","ac":"0.087","chaltha":"302"}},{"type":"Feature","geometry":{"type":"Polygon","coordinates":[[[79.537001,15.677309],[79.536869,15.676618],[79.536782,15.676165],[79.536715,15.676182],[79.536179,15.676263],[79.536318,15.676957],[79.536409,15.677413],[79.537001,15.677309]]]},"properties":{"lp":"2150","ac":"2.069","chaltha":"2150"}},{"type":"Feature","geometry":{"type":"Polygon","coordinates":[[[79.536636,15.678548],[79.537213,15.678425],[79.537063,15.677633],[79.537001,15.677309],[79.536409,15.677413],[79.536477,15.677751],[79.536636,15.678548]]]},"properties":{"lp":"2153","ac":"2.0","chaltha":"2153"}},{"type":"Feature","geometry":{"type":"Polygon","coordinates":[[[79.551923,15.669911],[79.551306,15.670018],[79.5507,15.670123],[79.550062,15.670234],[79.54944,15.670343],[79.549461,15.670457],[79.549536,15.670863],[79.551875,15.670456],[79.551923,15.669911]]]},"properties":{"lp":"1822","ac":"3.794","chaltha":"1822"}},{"type":"Feature","geometry":{"type":"Polygon","coordinates":[[[79.551756,15.669046],[79.551161,15.669166],[79.551306,15.670018],[79.551923,15.669911],[79.551756,15.669046]]]},"properties":{"lp":"1818","ac":"1.576","chaltha":"1818"}},{"type":"Feature","geometry":{"type":"Polygon","coordinates":[[[79.550004,15.681347],[79.54988,15.681561],[79.550782,15.681417],[79.550756,15.681246],[79.550754,15.681235],[79.550004,15.681347]]]},"properties":{"lp":"1669","ac":"0.461","chaltha":"1669"}},{"type":"Feature","geometry":{"type":"Polygon","coordinates":[[[79.54977,15.68175],[79.550805,15.681572],[79.550782,15.681417],[79.54988,15.681561],[79.54977,15.68175]]]},"properties":{"lp":"1668","ac":"0.468","chaltha":"1668"}},{"type":"Feature","geometry":{"type":"Polygon","coordinates":[[[79.534952,15.711964],[79.535026,15.711934],[79.535013,15.711891],[79.534945,15.711673],[79.534912,15.711595],[79.534762,15.711637],[79.534806,15.711975],[79.534952,15.711964]]]},"properties":{"lp":"306","ac":"0.201","chaltha":"306"}},{"type":"Feature","geometry":{"type":"Polygon","coordinates":[[[79.534762,15.711637],[79.534565,15.711692],[79.534607,15.71199],[79.534709,15.711982],[79.534806,15.711975],[79.534762,15.711637]]]},"properties":{"lp":"305","ac":"0.189","chaltha":"305"}},{"type":"Feature","geometry":{"type":"Polygon","coordinates":[[[79.534557,15.711694],[79.534416,15.711734],[79.534308,15.711764],[79.534321,15.711629],[79.534133,15.71165],[79.534125,15.712028],[79.534502,15.711999],[79.534607,15.71199],[79.534565,15.711692],[79.534557,15.711694]]]},"properties":{"lp":"304","ac":"0.428","chaltha":"304"}},{"type":"Feature","geometry":{"type":"Polygon","coordinates":[[[79.533702,15.7117],[79.5337,15.711718],[79.533684,15.711919],[79.533885,15.711923],[79.533917,15.712044],[79.534125,15.712028],[79.534133,15.71165],[79.533888,15.711678],[79.533702,15.7117]]]},"properties":{"lp":"303","ac":"0.391","chaltha":"303"}},{"type":"Feature","geometry":{"type":"Polygon","coordinates":[[[79.534113,15.711326],[79.534133,15.71165],[79.534321,15.711629],[79.534337,15.711451],[79.53432,15.711357],[79.534309,15.711298],[79.534113,15.711326]]]},"properties":{"lp":"296","ac":"0.197","chaltha":"296"}},{"type":"Feature","geometry":{"type":"Polygon","coordinates":[[[79.533702,15.7117],[79.533888,15.711678],[79.533873,15.711383],[79.533725,15.711403],[79.533702,15.7117]]]},"properties":{"lp":"301","ac":"0.145","chaltha":"301"}},{"type":"Feature","geometry":{"type":"Polygon","coordinates":[[[79.533888,15.711678],[79.534133,15.71165],[79.534113,15.711326],[79.533872,15.711361],[79.533873,15.711383],[79.533888,15.711678]]]},"properties":{"lp":"300","ac":"0.23","chaltha":"300"}},{"type":"Feature","geometry":{"type":"Polygon","coordinates":[[[79.534113,15.711326],[79.534309,15.711298],[79.534273,15.71111],[79.534223,15.710841],[79.53414,15.710861],[79.534157,15.710912],[79.534092,15.710927],[79.534113,15.711326]]]},"properties":{"lp":"297","ac":"0.215","chaltha":"297"}},{"type":"Feature","geometry":{"type":"Polygon","coordinates":[[[79.534113,15.711326],[79.534092,15.710927],[79.534021,15.710944],[79.533996,15.71081],[79.534114,15.710774],[79.53414,15.710861],[79.534223,15.710841],[79.534191,15.71067],[79.534142,15.710412],[79.533531,15.710652],[79.533864,15.711118],[79.533872,15.711359],[79.533872,15.711361],[79.534113,15.711326]]]},"properties":{"lp":"299","ac":"0.955","chaltha":"299"}},{"type":"Feature","geometry":{"type":"Polygon","coordinates":[[[79.538071,15.711513],[79.537999,15.71151],[79.537815,15.711584],[79.537855,15.711855],[79.537928,15.711849],[79.538107,15.711833],[79.538071,15.711513]]]},"properties":{"lp":"137","ac":"0.234","chaltha":"137"}},{"type":"Feature","geometry":{"type":"Polygon","coordinates":[[[79.537788,15.712479],[79.537954,15.71249],[79.537956,15.712335],[79.537956,15.712315],[79.53779,15.712304],[79.537788,15.712479]]]},"properties":{"lp":"142","ac":"0.085","chaltha":"142"}},{"type":"Feature","geometry":{"type":"Polygon","coordinates":[[[79.537956,15.712315],[79.537958,15.71217],[79.537792,15.712164],[79.53779,15.712304],[79.537956,15.712315]]]},"properties":{"lp":"141","ac":"0.069","chaltha":"141"}},{"type":"Feature","geometry":{"type":"Polygon","coordinates":[[[79.537792,15.712164],[79.537958,15.71217],[79.53796,15.711992],[79.537941,15.711995],[79.537804,15.712015],[79.537794,15.712017],[79.537792,15.712164]]]},"properties":{"lp":"140","ac":"0.079","chaltha":"140"}},{"type":"Feature","geometry":{"type":"Polygon","coordinates":[[[79.537665,15.712471],[79.537687,15.712472],[79.537788,15.712479],[79.53779,15.712304],[79.537792,15.712164],[79.537794,15.712017],[79.537713,15.712026],[79.537677,15.712031],[79.537665,15.712471]]]},"properties":{"lp":"143","ac":"0.158","chaltha":"143"}},{"type":"Feature","geometry":{"type":"Polygon","coordinates":[[[79.53663,15.711681],[79.536621,15.711789],[79.536806,15.711826],[79.536898,15.711845],[79.536919,15.711755],[79.53663,15.711681]]]},"properties":{"lp":"117","ac":"0.085","chaltha":"117"}},{"type":"Feature","geometry":{"type":"Polygon","coordinates":[[[79.536851,15.712052],[79.536855,15.712035],[79.536898,15.711845],[79.536806,15.711826],[79.53678,15.711939],[79.536757,15.712037],[79.536768,15.712039],[79.536851,15.712052]]]},"properties":{"lp":"118","ac":"0.059","chaltha":"118"}},{"type":"Feature","geometry":{"type":"Polygon","coordinates":[[[79.536604,15.712012],[79.536757,15.712037],[79.53678,15.711939],[79.536611,15.711922],[79.536604,15.712012]]]},"properties":{"lp":"115","ac":"0.045","chaltha":"115"}},{"type":"Feature","geometry":{"type":"Polygon","coordinates":[[[79.536611,15.711922],[79.53678,15.711939],[79.536806,15.711826],[79.536621,15.711789],[79.536611,15.711922]]]},"properties":{"lp":"116","ac":"0.065","chaltha":"116"}},{"type":"Feature","geometry":{"type":"Polygon","coordinates":[[[79.53674,15.712251],[79.536743,15.712223],[79.536754,15.712147],[79.536608,15.712139],[79.536599,15.712232],[79.53674,15.712251]]]},"properties":{"lp":"113","ac":"0.042","chaltha":"113"}},{"type":"Feature","geometry":{"type":"Polygon","coordinates":[[[79.536608,15.712139],[79.536754,15.712147],[79.536768,15.712039],[79.536757,15.712037],[79.536604,15.712012],[79.536608,15.712139]]]},"properties":{"lp":"114","ac":"0.054","chaltha":"114"}},{"type":"Feature","geometry":{"type":"Polygon","coordinates":[[[79.536727,15.71235],[79.536757,15.712354],[79.53684,15.712365],[79.536936,15.712382],[79.536931,15.712362],[79.536908,15.712275],[79.536896,15.712225],[79.536743,15.712223],[79.53674,15.712251],[79.536727,15.71235]]]},"properties":{"lp":"123","ac":"0.074","chaltha":"123"}},{"type":"Feature","geometry":{"type":"Polygon","coordinates":[[[79.536743,15.712223],[79.536896,15.712225],[79.536887,15.712191],[79.536851,15.712052],[79.536768,15.712039],[79.536754,15.712147],[79.536743,15.712223]]]},"properties":{"lp":"122","ac":"0.061","chaltha":"122"}},{"type":"Feature","geometry":{"type":"Polygon","coordinates":[[[79.543103,15.713256],[79.543339,15.713109],[79.542718,15.712],[79.541651,15.711916],[79.542309,15.712303],[79.542345,15.712546],[79.542528,15.712718],[79.542721,15.712898],[79.542909,15.713074],[79.543103,15.713256]]]},"properties":{"lp":"220","ac":"2.197","chaltha":"220"}},{"type":"Feature","geometry":{"type":"Polygon","coordinates":[[[79.543703,15.712284],[79.543588,15.711936],[79.543142,15.712019],[79.543238,15.71226],[79.543154,15.712284],[79.543056,15.712035],[79.542718,15.712],[79.543339,15.713109],[79.543868,15.712781],[79.543703,15.712284]]]},"properties":{"lp":"221","ac":"2.119","chaltha":"221"}},{"type":"Feature","geometry":{"type":"Polygon","coordinates":[[[79.541801,15.709298],[79.541421,15.709552],[79.541244,15.70967],[79.541622,15.711863],[79.541841,15.711822],[79.54203,15.711412],[79.542102,15.711025],[79.542174,15.710881],[79.542295,15.710643],[79.542313,15.710303],[79.541954,15.710348],[79.541801,15.709298]]]},"properties":{"lp":"1085","ac":"4.258","chaltha":"1085"}},{"type":"Feature","geometry":{"type":"Polygon","coordinates":[[[79.545104,15.708808],[79.546014,15.708699],[79.546445,15.708647],[79.546375,15.707806],[79.546351,15.707524],[79.546328,15.707237],[79.545472,15.707365],[79.545331,15.707377],[79.545144,15.708112],[79.545104,15.708808]]]},"properties":{"lp":"1126","ac":"4.976","chaltha":"1126"}},{"type":"Feature","geometry":{"type":"Polygon","coordinates":[[[79.546328,15.707237],[79.54722,15.707104],[79.547256,15.707098],[79.547292,15.706739],[79.545435,15.707015],[79.545472,15.707365],[79.546328,15.707237]]]},"properties":{"lp":"1131","ac":"1.894","chaltha":"1131"}},{"type":"Feature","geometry":{"type":"Polygon","coordinates":[[[79.545364,15.706334],[79.545399,15.706665],[79.547312,15.70637],[79.547304,15.706031],[79.546396,15.706171],[79.54545,15.706317],[79.545364,15.706334]]]},"properties":{"lp":"1133","ac":"1.918","chaltha":"1133"}},{"type":"Feature","geometry":{"type":"Polygon","coordinates":[[[79.545435,15.707015],[79.547292,15.706739],[79.547315,15.706505],[79.547312,15.70637],[79.545399,15.706665],[79.545419,15.706861],[79.545435,15.707015]]]},"properties":{"lp":"1132","ac":"1.997","chaltha":"1132"}},{"type":"Feature","geometry":{"type":"Polygon","coordinates":[[[79.542983,15.706574],[79.543015,15.706727],[79.543449,15.706678],[79.543588,15.706659],[79.543337,15.704958],[79.542679,15.705092],[79.542775,15.70556],[79.542983,15.706574]]]},"properties":{"lp":"1138","ac":"3.099","chaltha":"1138"}},{"type":"Feature","geometry":{"type":"Polygon","coordinates":[[[79.543588,15.706659],[79.544211,15.706575],[79.543959,15.704831],[79.543627,15.704899],[79.543337,15.704958],[79.543588,15.706659]]]},"properties":{"lp":"1139","ac":"3.221","chaltha":"1139"}},{"type":"Feature","geometry":{"type":"Polygon","coordinates":[[[79.544838,15.70649],[79.545206,15.70644],[79.545207,15.706366],[79.545364,15.706334],[79.54545,15.706317],[79.545392,15.70538],[79.545365,15.704955],[79.54534,15.704549],[79.544633,15.704693],[79.544838,15.70649]]]},"properties":{"lp":"1142","ac":"3.539","chaltha":"1142"}},{"type":"Feature","geometry":{"type":"Polygon","coordinates":[[[79.542469,15.705119],[79.542679,15.705092],[79.543337,15.704958],[79.543627,15.704899],[79.543559,15.704547],[79.542389,15.704781],[79.542405,15.704847],[79.542469,15.705119]]]},"properties":{"lp":"1155","ac":"1.248","chaltha":"1155"}},{"type":"Feature","geometry":{"type":"Polygon","coordinates":[[[79.54231,15.70444],[79.542389,15.704781],[79.543559,15.704547],[79.543488,15.704179],[79.542906,15.704305],[79.54231,15.70444]]]},"properties":{"lp":"1154","ac":"1.278","chaltha":"1154"}},{"type":"Feature","geometry":{"type":"Polygon","coordinates":[[[79.541389,15.705855],[79.541514,15.705828],[79.542233,15.705675],[79.542775,15.70556],[79.542679,15.705092],[79.542469,15.705119],[79.542405,15.704847],[79.541221,15.705107],[79.541389,15.705855]]]},"properties":{"lp":"1156","ac":"3.034","chaltha":"1156"}},{"type":"Feature","geometry":{"type":"Polygon","coordinates":[[[79.540029,15.706144],[79.54077,15.705986],[79.541136,15.705908],[79.541389,15.705855],[79.541221,15.705107],[79.540994,15.705157],[79.540091,15.705338],[79.540029,15.706144]]]},"properties":{"lp":"1157","ac":"2.867","chaltha":"1157"}},{"type":"Feature","geometry":{"type":"Polygon","coordinates":[[[79.539833,15.706296],[79.539889,15.706372],[79.540029,15.706144],[79.540091,15.705338],[79.53993,15.705135],[79.53997,15.705742],[79.539833,15.706296]]]},"properties":{"lp":"1158","ac":"0.4","chaltha":"1158"}},{"type":"Feature","geometry":{"type":"Polygon","coordinates":[[[79.537741,15.706122],[79.538671,15.705946],[79.538685,15.705991],[79.53997,15.705742],[79.53993,15.705135],[79.538082,15.705503],[79.537741,15.706122]]]},"properties":{"lp":"1160","ac":"3.531","chaltha":"1160"}},{"type":"Feature","geometry":{"type":"Polygon","coordinates":[[[79.54045,15.703817],[79.539822,15.703915],[79.539886,15.704638],[79.53993,15.705135],[79.540472,15.704514],[79.540567,15.704237],[79.54045,15.703817]]]},"properties":{"lp":"1163","ac":"1.817","chaltha":"1163"}},{"type":"Feature","geometry":{"type":"Polygon","coordinates":[[[79.538082,15.705503],[79.53993,15.705135],[79.539886,15.704638],[79.538416,15.704974],[79.538082,15.705503]]]},"properties":{"lp":"1161","ac":"2.345","chaltha":"1161"}},{"type":"Feature","geometry":{"type":"Polygon","coordinates":[[[79.538416,15.704974],[79.539886,15.704638],[79.539822,15.703915],[79.53909,15.70403],[79.538815,15.704342],[79.538416,15.704974]]]},"properties":{"lp":"1162","ac":"2.56","chaltha":"1162"}},{"type":"Feature","geometry":{"type":"Polygon","coordinates":[[[79.540091,15.705338],[79.540138,15.705091],[79.540564,15.704619],[79.54082,15.703938],[79.54061,15.703754],[79.540431,15.703216],[79.540364,15.702981],[79.5403,15.702754],[79.540227,15.702496],[79.540208,15.702428],[79.540117,15.702574],[79.540311,15.703297],[79.540392,15.703599],[79.54045,15.703817],[79.540567,15.704237],[79.540472,15.704514],[79.53993,15.705135],[79.540091,15.705338]]]},"properties":{"lp":"1167","ac":"1.37","chaltha":"1167"}},{"type":"Feature","geometry":{"type":"Polygon","coordinates":[[[79.54082,15.703938],[79.540564,15.704619],[79.540138,15.705091],[79.540091,15.705338],[79.540994,15.705157],[79.540937,15.704758],[79.540868,15.704271],[79.54082,15.703938]]]},"properties":{"lp":"1168","ac":"1.578","chaltha":"1168"}},{"type":"Feature","geometry":{"type":"Polygon","coordinates":[[[79.543058,15.703929],[79.543424,15.703849],[79.543877,15.703762],[79.543839,15.703528],[79.543697,15.702827],[79.543635,15.702523],[79.542794,15.702701],[79.542969,15.703488],[79.543058,15.703929]]]},"properties":{"lp":"1172","ac":"3.127","chaltha":"1172"}},{"type":"Feature","geometry":{"type":"Polygon","coordinates":[[[79.549743,15.69741],[79.549526,15.697494],[79.549793,15.698267],[79.55004,15.69898],[79.550308,15.698843],[79.550536,15.698675],[79.549911,15.697326],[79.549743,15.69741]]]},"properties":{"lp":"1229","ac":"2.24","chaltha":"1229"}},{"type":"Feature","geometry":{"type":"Polygon","coordinates":[[[79.54932,15.68975],[79.549406,15.689754],[79.549406,15.689718],[79.549622,15.689678],[79.549844,15.689634],[79.550383,15.689554],[79.550329,15.689194],[79.54981,15.689286],[79.549268,15.689375],[79.54932,15.68975]]]},"properties":{"lp":"1569","ac":"1.133","chaltha":"1569"}},{"type":"Feature","geometry":{"type":"Polygon","coordinates":[[[79.549596,15.690612],[79.549806,15.690562],[79.549622,15.689678],[79.549406,15.689718],[79.549406,15.689754],[79.549596,15.690612]]]},"properties":{"lp":"1572","ac":"0.59","chaltha":"1572"}},{"type":"Feature","geometry":{"type":"Polygon","coordinates":[[[79.549806,15.690562],[79.550019,15.690511],[79.549844,15.689634],[79.549622,15.689678],[79.549806,15.690562]]]},"properties":{"lp":"1571","ac":"0.586","chaltha":"1571"}},{"type":"Feature","geometry":{"type":"Polygon","coordinates":[[[79.550019,15.690511],[79.550509,15.690392],[79.550383,15.689554],[79.549844,15.689634],[79.550019,15.690511]]]},"properties":{"lp":"1570","ac":"1.336","chaltha":"1570"}},{"type":"Feature","geometry":{"type":"Polygon","coordinates":[[[79.553836,15.679319],[79.553943,15.67973],[79.553951,15.679762],[79.556856,15.678904],[79.556713,15.67852],[79.555282,15.678917],[79.553836,15.679319]]]},"properties":{"lp":"1726","ac":"3.816","chaltha":"1726"}},{"type":"Feature","geometry":{"type":"Polygon","coordinates":[[[79.554073,15.680231],[79.554119,15.680223],[79.554775,15.680028],[79.555544,15.6798],[79.556119,15.679624],[79.556102,15.679539],[79.556263,15.679491],[79.556993,15.679271],[79.556856,15.678904],[79.553951,15.679762],[79.554073,15.680231]]]},"properties":{"lp":"1725","ac":"4.104","chaltha":"1725"}},{"type":"Feature","geometry":{"type":"Polygon","coordinates":[[[79.549276,15.695773],[79.548666,15.69608],[79.548521,15.696291],[79.548843,15.696677],[79.549486,15.696351],[79.549406,15.696022],[79.549276,15.695773]]]},"properties":{"lp":"1227","ac":"1.472","chaltha":"1227"}},{"type":"Feature","geometry":{"type":"Polygon","coordinates":[[[79.548832,15.676944],[79.549226,15.676875],[79.549083,15.676115],[79.548693,15.6762],[79.548832,15.676944]]]},"properties":{"lp":"1762","ac":"0.896","chaltha":"1762"}},{"type":"Feature","geometry":{"type":"Polygon","coordinates":[[[79.548693,15.6762],[79.549083,15.676115],[79.548934,15.675323],[79.548737,15.675362],[79.548663,15.675378],[79.548677,15.675513],[79.548571,15.675541],[79.548693,15.6762]]]},"properties":{"lp":"1763","ac":"0.897","chaltha":"1763"}},{"type":"Feature","geometry":{"type":"Polygon","coordinates":[[[79.53052,15.683694],[79.531411,15.683512],[79.531847,15.683423],[79.532318,15.683258],[79.533141,15.682968],[79.533239,15.682934],[79.533011,15.682411],[79.530532,15.683001],[79.53053,15.68313],[79.53052,15.683694]]]},"properties":{"lp":"2225","ac":"5.243","chaltha":"2225"}},{"type":"Feature","geometry":{"type":"Polygon","coordinates":[[[79.533011,15.682411],[79.532767,15.68185],[79.530692,15.682249],[79.530426,15.682283],[79.530452,15.682447],[79.530478,15.682611],[79.530518,15.682857],[79.530533,15.682954],[79.530532,15.683001],[79.533011,15.682411]]]},"properties":{"lp":"2224","ac":"4.72","chaltha":"2224"}},{"type":"Feature","geometry":{"type":"Polygon","coordinates":[[[79.536171,15.689213],[79.536536,15.68915],[79.536737,15.689116],[79.536585,15.688152],[79.535983,15.688235],[79.536171,15.689213]]]},"properties":{"lp":"2634","ac":"1.707","chaltha":"2634"}},{"type":"Feature","geometry":{"type":"Polygon","coordinates":[[[79.536737,15.689116],[79.537301,15.689019],[79.537292,15.688957],[79.537219,15.688065],[79.536625,15.688147],[79.536585,15.688152],[79.536737,15.689116]]]},"properties":{"lp":"2635","ac":"1.709","chaltha":"2635"}},{"type":"Feature","geometry":{"type":"Polygon","coordinates":[[[79.537219,15.688065],[79.537223,15.688034],[79.537307,15.687302],[79.536762,15.687309],[79.536549,15.687317],[79.536625,15.688147],[79.537219,15.688065]]]},"properties":{"lp":"2636","ac":"1.582","chaltha":"2636"}},{"type":"Feature","geometry":{"type":"Polygon","coordinates":[[[79.536549,15.687317],[79.536762,15.687309],[79.5367,15.686833],[79.53581,15.687006],[79.535958,15.688103],[79.535983,15.688235],[79.536585,15.688152],[79.536625,15.688147],[79.536549,15.687317]]]},"properties":{"lp":"2637","ac":"2.797","chaltha":"2637"}},{"type":"Feature","geometry":{"type":"Polygon","coordinates":[[[79.537307,15.687302],[79.537339,15.687034],[79.537521,15.686999],[79.537605,15.686519],[79.537119,15.686446],[79.537064,15.686308],[79.536621,15.686387],[79.5367,15.686833],[79.536762,15.687309],[79.537307,15.687302]]]},"properties":{"lp":"2638","ac":"2.06","chaltha":"2638"}},{"type":"Feature","geometry":{"type":"Polygon","coordinates":[[[79.552761,15.696659],[79.553023,15.696924],[79.552838,15.696379],[79.552849,15.695724],[79.552724,15.695833],[79.552754,15.696513],[79.552761,15.696659]]]},"properties":{"lp":"1266","ac":"0.364","chaltha":"1266"}},{"type":"Feature","geometry":{"type":"Polygon","coordinates":[[[79.548843,15.696677],[79.549437,15.697387],[79.549526,15.697494],[79.549743,15.69741],[79.549486,15.696351],[79.548843,15.696677]]]},"properties":{"lp":"1228","ac":"1.464","chaltha":"1228"}},{"type":"Feature","geometry":{"type":"Polygon","coordinates":[[[79.544691,15.693884],[79.54478,15.693897],[79.544444,15.693246],[79.544314,15.692573],[79.544165,15.692606],[79.543823,15.692374],[79.543771,15.691931],[79.543662,15.69218],[79.543717,15.692299],[79.543779,15.692429],[79.544154,15.692702],[79.544179,15.692757],[79.54446,15.693375],[79.544691,15.693884]]]},"properties":{"lp":"1343","ac":"0.571","chaltha":"1343"}},{"type":"Feature","geometry":{"type":"Polygon","coordinates":[[[79.543508,15.697707],[79.54342,15.697726],[79.543309,15.698059],[79.543056,15.698512],[79.542871,15.698937],[79.542944,15.698949],[79.543173,15.698485],[79.543391,15.698046],[79.543508,15.697707]]]},"properties":{"lp":"1012","ac":"0.313","chaltha":"1012"}},{"type":"Feature","geometry":{"type":"Polygon","coordinates":[[[79.544602,15.69513],[79.544911,15.694125],[79.54478,15.693897],[79.544691,15.693884],[79.544759,15.694219],[79.54465,15.694671],[79.544471,15.695101],[79.544602,15.69513]]]},"properties":{"lp":"1303","ac":"0.425","chaltha":"1303"}},{"type":"Feature","geometry":{"type":"Polygon","coordinates":[[[79.545116,15.69383],[79.545208,15.693741],[79.54537,15.693585],[79.545533,15.693481],[79.545699,15.693377],[79.545761,15.693379],[79.545887,15.693384],[79.545967,15.693387],[79.546047,15.69339],[79.546176,15.693394],[79.546155,15.693168],[79.546304,15.693149],[79.546003,15.692877],[79.545693,15.693285],[79.545546,15.693383],[79.545224,15.693599],[79.544904,15.693814],[79.54478,15.693897],[79.545116,15.69383]]]},"properties":{"lp":"1344","ac":"0.765","chaltha":"1344"}},{"type":"Feature","geometry":{"type":"Polygon","coordinates":[[[79.545116,15.69383],[79.54478,15.693897],[79.544911,15.694125],[79.544602,15.69513],[79.545088,15.694992],[79.545131,15.694449],[79.545104,15.694238],[79.54511,15.694027],[79.545116,15.69383]]]},"properties":{"lp":"1358","ac":"1.146","chaltha":"1358"}},{"type":"Feature","geometry":{"type":"Polygon","coordinates":[[[79.546601,15.693167],[79.546776,15.693178],[79.546879,15.693184],[79.54706,15.693195],[79.547646,15.693231],[79.547482,15.692683],[79.547319,15.692892],[79.547152,15.692921],[79.547015,15.692944],[79.546913,15.692961],[79.546741,15.69299],[79.546625,15.69301],[79.546003,15.692877],[79.546304,15.693149],[79.546601,15.693167]]]},"properties":{"lp":"1400","ac":"1.083","chaltha":"1400"}},{"type":"Feature","geometry":{"type":"Polygon","coordinates":[[[79.544314,15.692573],[79.54466,15.692441],[79.544888,15.692411],[79.544922,15.692407],[79.54515,15.692378],[79.545471,15.692352],[79.545362,15.692266],[79.545078,15.692294],[79.544724,15.692329],[79.544552,15.692317],[79.544381,15.692212],[79.544314,15.692573]]]},"properties":{"lp":"1416","ac":"0.418","chaltha":"1416"}},{"type":"Feature","geometry":{"type":"Polygon","coordinates":[[[79.544203,15.691692],[79.544548,15.691604],[79.54478,15.691548],[79.544884,15.691523],[79.545267,15.69143],[79.545242,15.691315],[79.544996,15.691357],[79.544789,15.691433],[79.544766,15.691477],[79.54441,15.691503],[79.544028,15.691643],[79.544084,15.691722],[79.544203,15.691692]]]},"properties":{"lp":"1427","ac":"0.409","chaltha":"1427"}},{"type":"Feature","geometry":{"type":"Polygon","coordinates":[[[79.545267,15.69143],[79.545295,15.691527],[79.545362,15.692266],[79.545471,15.692352],[79.545699,15.692416],[79.545889,15.692601],[79.545935,15.692645],[79.54599,15.692831],[79.546003,15.692877],[79.546625,15.69301],[79.546246,15.692775],[79.54606,15.692581],[79.545925,15.692429],[79.545776,15.692262],[79.545669,15.692142],[79.545542,15.691786],[79.545497,15.691213],[79.545242,15.691315],[79.545267,15.69143]]]},"properties":{"lp":"1428","ac":"1.339","chaltha":"1428"}},{"type":"Feature","geometry":{"type":"Polygon","coordinates":[[[79.54636,15.691694],[79.546387,15.691685],[79.546395,15.691495],[79.546365,15.691504],[79.54636,15.691694]]]},"properties":{"lp":"1453","ac":"0.016","chaltha":"1453"}},{"type":"Feature","geometry":{"type":"Polygon","coordinates":[[[79.555797,15.689278],[79.555265,15.68949],[79.555295,15.689608],[79.555644,15.689471],[79.555865,15.689385],[79.555991,15.689313],[79.556313,15.689128],[79.55628,15.688977],[79.555797,15.689278]]]},"properties":{"lp":"1508","ac":"0.431","chaltha":"1508"}},{"type":"Feature","geometry":{"type":"Polygon","coordinates":[[[79.553429,15.690168],[79.552853,15.690206],[79.552869,15.69032],[79.553494,15.690262],[79.554077,15.690084],[79.55404,15.689983],[79.553429,15.690168]]]},"properties":{"lp":"1564","ac":"0.386","chaltha":"1564"}},{"type":"Feature","geometry":{"type":"Polygon","coordinates":[[[79.548877,15.690805],[79.550251,15.690657],[79.550019,15.690511],[79.549806,15.690562],[79.549596,15.690612],[79.548827,15.690738],[79.548877,15.690805]]]},"properties":{"lp":"1573","ac":"0.441","chaltha":"1573"}},{"type":"Feature","geometry":{"type":"Polygon","coordinates":[[[79.557691,15.68118],[79.557069,15.681504],[79.556768,15.681788],[79.556819,15.681851],[79.557106,15.681576],[79.557712,15.681236],[79.557691,15.68118]]]},"properties":{"lp":"1529","ac":"0.237","chaltha":"1529"}},{"type":"Feature","geometry":{"type":"Polygon","coordinates":[[[79.556112,15.682408],[79.55556,15.682726],[79.555015,15.68304],[79.555042,15.683158],[79.555682,15.682738],[79.556155,15.682485],[79.556112,15.682408]]]},"properties":{"lp":"1530","ac":"0.327","chaltha":"1530"}},{"type":"Feature","geometry":{"type":"Polygon","coordinates":[[[79.553696,15.684802],[79.55366,15.684715],[79.553118,15.685018],[79.552468,15.685354],[79.552558,15.685407],[79.553208,15.685068],[79.553696,15.684802]]]},"properties":{"lp":"1535","ac":"0.342","chaltha":"1535"}},{"type":"Feature","geometry":{"type":"Polygon","coordinates":[[[79.552468,15.685354],[79.552079,15.685514],[79.551649,15.685729],[79.551669,15.685844],[79.552165,15.6856],[79.552558,15.685407],[79.552468,15.685354]]]},"properties":{"lp":"1553","ac":"0.298","chaltha":"1553"}},{"type":"Feature","geometry":{"type":"Polygon","coordinates":[[[79.551324,15.685816],[79.55093,15.68589],[79.550594,15.685993],[79.550595,15.686068],[79.550964,15.685991],[79.551669,15.685844],[79.551649,15.685729],[79.551511,15.685767],[79.551324,15.685816]]]},"properties":{"lp":"1594","ac":"0.319","chaltha":"1594"}},{"type":"Feature","geometry":{"type":"Polygon","coordinates":[[[79.548233,15.686849],[79.548171,15.686971],[79.548263,15.688119],[79.548144,15.688634],[79.548344,15.688655],[79.548359,15.688378],[79.548371,15.688146],[79.548349,15.687913],[79.548256,15.686939],[79.548233,15.686849]]]},"properties":{"lp":"1588","ac":"0.584","chaltha":"1588"}},{"type":"Feature","geometry":{"type":"Polygon","coordinates":[[[79.547837,15.690946],[79.548306,15.690942],[79.548525,15.690769],[79.548877,15.690805],[79.548827,15.690738],[79.548501,15.690462],[79.548371,15.690495],[79.548324,15.69076],[79.547983,15.690853],[79.547837,15.690946]]]},"properties":{"lp":"1574","ac":"0.513","chaltha":"1574"}},{"type":"Feature","geometry":{"type":"Polygon","coordinates":[[[79.547837,15.690946],[79.547983,15.690853],[79.54774,15.690693],[79.547545,15.69038],[79.547454,15.69043],[79.547837,15.690946]]]},"properties":{"lp":"1575","ac":"0.192","chaltha":"1575"}},{"type":"Feature","geometry":{"type":"Polygon","coordinates":[[[79.547412,15.689432],[79.547707,15.689359],[79.548005,15.689088],[79.548332,15.68882],[79.548344,15.688655],[79.548144,15.688634],[79.547272,15.688593],[79.547088,15.688586],[79.547412,15.689432]]]},"properties":{"lp":"1578","ac":"1.908","chaltha":"1578"}},{"type":"Feature","geometry":{"type":"Polygon","coordinates":[[[79.547454,15.69043],[79.547545,15.69038],[79.547707,15.689359],[79.547412,15.689432],[79.54756,15.689491],[79.547456,15.690268],[79.547454,15.69043]]]},"properties":{"lp":"2046","ac":"0.369","chaltha":"2046"}},{"type":"Feature","geometry":{"type":"Polygon","coordinates":[[[79.547057,15.687463],[79.547215,15.687332],[79.547201,15.687001],[79.547186,15.686679],[79.547162,15.686156],[79.547147,15.685817],[79.547015,15.685951],[79.547034,15.686632],[79.547057,15.687463]]]},"properties":{"lp":"1579","ac":"0.667","chaltha":"1579"}},{"type":"Feature","geometry":{"type":"Polygon","coordinates":[[[79.548359,15.685126],[79.548448,15.685209],[79.548881,15.683749],[79.548762,15.683827],[79.548684,15.68408],[79.548497,15.684681],[79.548496,15.684684],[79.548359,15.685126]]]},"properties":{"lp":"1603","ac":"0.424","chaltha":"1603"}},{"type":"Feature","geometry":{"type":"Polygon","coordinates":[[[79.547047,15.684306],[79.54715,15.68409],[79.547166,15.682906],[79.547034,15.682912],[79.547033,15.682986],[79.54704,15.683655],[79.547047,15.684306]]]},"properties":{"lp":"1609","ac":"0.447","chaltha":"1609"}},{"type":"Feature","geometry":{"type":"Polygon","coordinates":[[[79.547166,15.682906],[79.547157,15.682543],[79.547148,15.682173],[79.547138,15.681803],[79.547109,15.681525],[79.547082,15.681261],[79.547026,15.680725],[79.546931,15.680743],[79.547003,15.681303],[79.54705,15.682386],[79.547042,15.682679],[79.547034,15.682912],[79.547166,15.682906]]]},"properties":{"lp":"1617","ac":"0.661","chaltha":"1617"}},{"type":"Feature","geometry":{"type":"Polygon","coordinates":[[[79.546801,15.679212],[79.546909,15.679431],[79.54685,15.679029],[79.546789,15.678617],[79.546725,15.678296],[79.546667,15.67831],[79.546733,15.678755],[79.546801,15.679212]]]},"properties":{"lp":"1626","ac":"0.22","chaltha":"1626"}},{"type":"Feature","geometry":{"type":"Polygon","coordinates":[[[79.549413,15.682493],[79.549331,15.682513],[79.549082,15.683036],[79.548762,15.683827],[79.548881,15.683749],[79.549161,15.682993],[79.549413,15.682493]]]},"properties":{"lp":"1677","ac":"0.269","chaltha":"1677"}},{"type":"Feature","geometry":{"type":"Polygon","coordinates":[[[79.549413,15.682493],[79.549587,15.682131],[79.54977,15.68175],[79.54988,15.681561],[79.550004,15.681347],[79.550099,15.680995],[79.550006,15.681007],[79.549957,15.681181],[79.549906,15.681363],[79.549635,15.681774],[79.54951,15.682079],[79.549331,15.682513],[79.549413,15.682493]]]},"properties":{"lp":"1671","ac":"0.434","chaltha":"1671"}},{"type":"Feature","geometry":{"type":"Polygon","coordinates":[[[79.550006,15.681007],[79.550099,15.680995],[79.550341,15.680321],[79.550249,15.680331],[79.550133,15.680652],[79.550006,15.681007]]]},"properties":{"lp":"1656","ac":"0.176","chaltha":"1656"}},{"type":"Feature","geometry":{"type":"Polygon","coordinates":[[[79.550249,15.680331],[79.550341,15.680321],[79.550439,15.679983],[79.550375,15.679991],[79.550249,15.680331]]]},"properties":{"lp":"1650","ac":"0.075","chaltha":"1650"}},{"type":"Feature","geometry":{"type":"Polygon","coordinates":[[[79.550375,15.679991],[79.550439,15.679983],[79.550601,15.679636],[79.550551,15.679642],[79.550375,15.679991]]]},"properties":{"lp":"1647","ac":"0.055","chaltha":"1647"}},{"type":"Feature","geometry":{"type":"Polygon","coordinates":[[[79.550551,15.679642],[79.550601,15.679636],[79.550893,15.678823],[79.551068,15.678336],[79.551204,15.677958],[79.551332,15.67778],[79.551226,15.677796],[79.551126,15.677927],[79.550979,15.678365],[79.550821,15.678837],[79.550551,15.679642]]]},"properties":{"lp":"1639","ac":"0.385","chaltha":"1639"}},{"type":"Feature","geometry":{"type":"Polygon","coordinates":[[[79.551566,15.677071],[79.551703,15.677091],[79.551616,15.674886],[79.551543,15.67489],[79.551566,15.677071]]]},"properties":{"lp":"1746","ac":"0.675","chaltha":"1746"}},{"type":"Feature","geometry":{"type":"Polygon","coordinates":[[[79.546296,15.676688],[79.546376,15.676754],[79.546226,15.676075],[79.546223,15.676063],[79.546079,15.675066],[79.546031,15.675074],[79.546102,15.675648],[79.546107,15.675682],[79.546205,15.676206],[79.546296,15.676688]]]},"properties":{"lp":"1783","ac":"0.265","chaltha":"1783"}},{"type":"Feature","geometry":{"type":"Polygon","coordinates":[[[79.546055,15.673805],[79.546114,15.673927],[79.546086,15.673426],[79.545934,15.672418],[79.545882,15.672438],[79.545961,15.67294],[79.546031,15.673387],[79.546055,15.673805]]]},"properties":{"lp":"1784","ac":"0.22","chaltha":"1784"}},{"type":"Feature","geometry":{"type":"Polygon","coordinates":[[[79.545185,15.670913],[79.545253,15.6709],[79.545006,15.670509],[79.544658,15.670011],[79.544292,15.669486],[79.544335,15.669649],[79.544583,15.670008],[79.544943,15.670527],[79.545185,15.670913]]]},"properties":{"lp":"1785","ac":"0.289","chaltha":"1785"}},{"type":"Feature","geometry":{"type":"Polygon","coordinates":[[[79.544335,15.669649],[79.544292,15.669486],[79.544103,15.66925],[79.54366,15.668333],[79.543564,15.668321],[79.544053,15.669322],[79.544335,15.669649]]]},"properties":{"lp":"1888","ac":"0.33","chaltha":"1888"}},{"type":"Feature","geometry":{"type":"Polygon","coordinates":[[[79.552399,15.669009],[79.552102,15.66834],[79.552005,15.66832],[79.55231,15.669049],[79.552232,15.670077],[79.55231,15.67009],[79.552399,15.669009]]]},"properties":{"lp":"1827","ac":"0.454","chaltha":"1827"}},{"type":"Feature","geometry":{"type":"Polygon","coordinates":[[[79.552005,15.66832],[79.552102,15.66834],[79.551599,15.667465],[79.551529,15.667344],[79.550883,15.666476],[79.550789,15.666514],[79.551015,15.666782],[79.551248,15.667098],[79.55146,15.667385],[79.551597,15.66762],[79.551747,15.667877],[79.552005,15.66832]]]},"properties":{"lp":"1835","ac":"0.513","chaltha":"1835"}},{"type":"Feature","geometry":{"type":"Polygon","coordinates":[[[79.550789,15.666514],[79.550883,15.666476],[79.550167,15.665478],[79.550434,15.66494],[79.549654,15.665133],[79.549286,15.665225],[79.549612,15.66536],[79.550132,15.665959],[79.550789,15.666514]]]},"properties":{"lp":"1859","ac":"1.914","chaltha":"1859"}},{"type":"Feature","geometry":{"type":"Polygon","coordinates":[[[79.548761,15.674187],[79.549469,15.67401],[79.550277,15.673808],[79.551391,15.673546],[79.551488,15.673527],[79.551478,15.673068],[79.550692,15.67322],[79.548961,15.673556],[79.54901,15.673915],[79.548736,15.673955],[79.548761,15.674187]]]},"properties":{"lp":"1778","ac":"3.919","chaltha":"1778"}},{"type":"Feature","geometry":{"type":"Polygon","coordinates":[[[79.542416,15.682631],[79.543039,15.682505],[79.543672,15.682377],[79.543998,15.682317],[79.543979,15.682201],[79.543931,15.681919],[79.542338,15.682209],[79.542391,15.682497],[79.542416,15.682631]]]},"properties":{"lp":"1970","ac":"1.96","chaltha":"1970"}},{"type":"Feature","geometry":{"type":"Polygon","coordinates":[[[79.542338,15.682209],[79.543931,15.681919],[79.543914,15.681817],[79.543878,15.681601],[79.543078,15.681747],[79.543068,15.681749],[79.542278,15.681893],[79.542303,15.682023],[79.542338,15.682209]]]},"properties":{"lp":"1971","ac":"1.531","chaltha":"1971"}},{"type":"Feature","geometry":{"type":"Polygon","coordinates":[[[79.543535,15.680117],[79.542815,15.680249],[79.542747,15.680261],[79.542048,15.680383],[79.542135,15.681112],[79.542947,15.681002],[79.543697,15.6809],[79.543535,15.680117]]]},"properties":{"lp":"1974","ac":"3.458","chaltha":"1974"}},{"type":"Feature","geometry":{"type":"Polygon","coordinates":[[[79.537864,15.684954],[79.538176,15.684948],[79.538618,15.6841],[79.5378,15.684174],[79.537864,15.684954]]]},"properties":{"lp":"2119","ac":"1.325","chaltha":"2119"}},{"type":"Feature","geometry":{"type":"Polygon","coordinates":[[[79.539834,15.685579],[79.540083,15.685536],[79.539967,15.684355],[79.539226,15.684464],[79.539384,15.685627],[79.539834,15.685579]]]},"properties":{"lp":"2089","ac":"2.523","chaltha":"2089"}},{"type":"Feature","geometry":{"type":"Polygon","coordinates":[[[79.544849,15.679077],[79.545471,15.678978],[79.545546,15.67943],[79.545853,15.679377],[79.545868,15.679374],[79.545791,15.678887],[79.54572,15.678441],[79.544779,15.67857],[79.544849,15.679077]]]},"properties":{"lp":"1962","ac":"1.842","chaltha":"1962"}},{"type":"Feature","geometry":{"type":"Polygon","coordinates":[[[79.545868,15.679374],[79.546801,15.679212],[79.546733,15.678755],[79.545791,15.678887],[79.545868,15.679374]]]},"properties":{"lp":"1961","ac":"1.328","chaltha":"1961"}},{"type":"Feature","geometry":{"type":"Polygon","coordinates":[[[79.545791,15.678887],[79.546733,15.678755],[79.546667,15.67831],[79.54572,15.678441],[79.545791,15.678887]]]},"properties":{"lp":"1960","ac":"1.26","chaltha":"1960"}},{"type":"Feature","geometry":{"type":"Polygon","coordinates":[[[79.538107,15.671637],[79.538121,15.671679],[79.538092,15.671749],[79.537835,15.672242],[79.53815,15.672857],[79.539106,15.673337],[79.539306,15.673273],[79.538871,15.673129],[79.538745,15.672946],[79.538556,15.671647],[79.538765,15.670901],[79.538388,15.671356],[79.538107,15.671637]]]},"properties":{"lp":"1868","ac":"3.214","chaltha":"1868"}},{"type":"Feature","geometry":{"type":"Polygon","coordinates":[[[79.541286,15.669232],[79.541211,15.66925],[79.540737,15.670315],[79.540763,15.670399],[79.541286,15.669232]]]},"properties":{"lp":"1885","ac":"0.215","chaltha":"1885"}},{"type":"Feature","geometry":{"type":"Polygon","coordinates":[[[79.540737,15.670315],[79.540558,15.670749],[79.540574,15.670889],[79.540763,15.670399],[79.540737,15.670315]]]},"properties":{"lp":"851","ac":"0.089","chaltha":"851"}},{"type":"Feature","geometry":{"type":"Polygon","coordinates":[[[79.540558,15.670749],[79.539748,15.672928],[79.539647,15.674218],[79.539708,15.674209],[79.539795,15.672932],[79.540574,15.670889],[79.540558,15.670749]]]},"properties":{"lp":"1870","ac":"0.561","chaltha":"1870"}},{"type":"Feature","geometry":{"type":"Polygon","coordinates":[[[79.539647,15.674218],[79.539433,15.674937],[79.539438,15.67503],[79.539708,15.674209],[79.539647,15.674218]]]},"properties":{"lp":"1911","ac":"0.105","chaltha":"1911"}},{"type":"Feature","geometry":{"type":"Polygon","coordinates":[[[79.539288,15.674907],[79.539148,15.675486],[79.539341,15.675276],[79.539445,15.675166],[79.539438,15.67503],[79.539433,15.674937],[79.539396,15.674254],[79.539306,15.673273],[79.539106,15.673337],[79.539288,15.674907]]]},"properties":{"lp":"1913","ac":"1.094","chaltha":"1913"}},{"type":"Feature","geometry":{"type":"Polygon","coordinates":[[[79.539148,15.675486],[79.53886,15.675665],[79.538882,15.676461],[79.538905,15.677309],[79.53905,15.67728],[79.539024,15.676447],[79.539011,15.676048],[79.539341,15.675276],[79.539148,15.675486]]]},"properties":{"lp":"55","ac":"0.919","chaltha":"55"}},{"type":"Feature","geometry":{"type":"Polygon","coordinates":[[[79.538967,15.678784],[79.538988,15.679054],[79.539013,15.679375],[79.53907,15.680037],[79.539079,15.680138],[79.539246,15.680117],[79.539096,15.678773],[79.538967,15.678784]]]},"properties":{"lp":"1985","ac":"0.599","chaltha":"1985"}},{"type":"Feature","geometry":{"type":"Polygon","coordinates":[[[79.539079,15.680138],[79.53912,15.680766],[79.539145,15.681397],[79.539251,15.681471],[79.539248,15.680748],[79.539248,15.680717],[79.539246,15.680117],[79.539079,15.680138]]]},"properties":{"lp":"1986","ac":"0.505","chaltha":"1986"}},{"type":"Feature","geometry":{"type":"Polygon","coordinates":[[[79.539145,15.681397],[79.539025,15.682071],[79.538909,15.682723],[79.538813,15.68335],[79.5388,15.683435],[79.538901,15.683403],[79.53899,15.682915],[79.539103,15.68229],[79.539251,15.681471],[79.539145,15.681397]]]},"properties":{"lp":"1998","ac":"0.66","chaltha":"1998"}},{"type":"Feature","geometry":{"type":"Polygon","coordinates":[[[79.53826,15.682796],[79.538198,15.682803],[79.53824,15.682847],[79.5388,15.683435],[79.538813,15.68335],[79.53826,15.682796]]]},"properties":{"lp":"2125","ac":"0.142","chaltha":"2125"}},{"type":"Feature","geometry":{"type":"Polygon","coordinates":[[[79.538198,15.682803],[79.53826,15.682796],[79.537677,15.682225],[79.537081,15.68164],[79.537034,15.681645],[79.53762,15.682228],[79.538198,15.682803]]]},"properties":{"lp":"2129","ac":"0.206","chaltha":"2129"}},{"type":"Feature","geometry":{"type":"Polygon","coordinates":[[[79.537034,15.681645],[79.537081,15.68164],[79.536699,15.681173],[79.536638,15.681186],[79.537034,15.681645]]]},"properties":{"lp":"2132","ac":"0.084","chaltha":"2132"}},{"type":"Feature","geometry":{"type":"Polygon","coordinates":[[[79.536638,15.681186],[79.536699,15.681173],[79.536072,15.680375],[79.536006,15.680384],[79.536036,15.680422],[79.536638,15.681186]]]},"properties":{"lp":"2175","ac":"0.168","chaltha":"2175"}},{"type":"Feature","geometry":{"type":"Polygon","coordinates":[[[79.536006,15.680384],[79.536072,15.680375],[79.535711,15.679942],[79.535697,15.679925],[79.535674,15.679897],[79.53569,15.679975],[79.536006,15.680384]]]},"properties":{"lp":"2173","ac":"0.078","chaltha":"2173"}},{"type":"Feature","geometry":{"type":"Polygon","coordinates":[[[79.535674,15.679897],[79.535211,15.67931],[79.534886,15.678899],[79.534705,15.678723],[79.534542,15.678519],[79.534495,15.678527],[79.534807,15.678912],[79.535145,15.679319],[79.535601,15.679867],[79.53569,15.679975],[79.535674,15.679897]]]},"properties":{"lp":"2190","ac":"0.276","chaltha":"2190"}},{"type":"Feature","geometry":{"type":"Polygon","coordinates":[[[79.534495,15.678527],[79.534542,15.678519],[79.534003,15.677823],[79.533623,15.677333],[79.533644,15.677428],[79.533956,15.677831],[79.534495,15.678527]]]},"properties":{"lp":"2169","ac":"0.177","chaltha":"2169"}},{"type":"Feature","geometry":{"type":"Polygon","coordinates":[[[79.533623,15.677333],[79.53327,15.676891],[79.533092,15.676668],[79.532915,15.676436],[79.532855,15.676447],[79.533034,15.67668],[79.533215,15.676902],[79.533599,15.677373],[79.533644,15.677428],[79.533623,15.677333]]]},"properties":{"lp":"2196","ac":"0.174","chaltha":"2196"}},{"type":"Feature","geometry":{"type":"Polygon","coordinates":[[[79.528002,15.678392],[79.527897,15.678407],[79.528069,15.680187],[79.528124,15.680177],[79.528096,15.679743],[79.528002,15.678392]]]},"properties":{"lp":"2245","ac":"0.426","chaltha":"2245"}},{"type":"Feature","geometry":{"type":"Polygon","coordinates":[[[79.528069,15.680187],[79.528093,15.680471],[79.528151,15.681054],[79.5282,15.681044],[79.528124,15.680177],[79.528069,15.680187]]]},"properties":{"lp":"2238","ac":"0.138","chaltha":"2238"}},{"type":"Feature","geometry":{"type":"Polygon","coordinates":[[[79.528151,15.681054],[79.528202,15.681557],[79.528295,15.68214],[79.528347,15.682132],[79.528305,15.681849],[79.528283,15.681701],[79.528263,15.681564],[79.5282,15.681044],[79.528151,15.681054]]]},"properties":{"lp":"2237","ac":"0.179","chaltha":"2237"}},{"type":"Feature","geometry":{"type":"Polygon","coordinates":[[[79.528295,15.68214],[79.528349,15.682484],[79.528375,15.682572],[79.528456,15.68256],[79.528451,15.682541],[79.528347,15.682132],[79.528295,15.68214]]]},"properties":{"lp":"2229","ac":"0.093","chaltha":"2229"}},{"type":"Feature","geometry":{"type":"Polygon","coordinates":[[[79.528574,15.68342],[79.528667,15.684072],[79.528723,15.684071],[79.52865,15.683499],[79.528626,15.683312],[79.528606,15.683227],[79.528542,15.682942],[79.528456,15.68256],[79.528375,15.682572],[79.528574,15.68342]]]},"properties":{"lp":"2228","ac":"0.316","chaltha":"2228"}},{"type":"Feature","geometry":{"type":"Polygon","coordinates":[[[79.548072,15.686479],[79.548233,15.686849],[79.548934,15.686726],[79.549478,15.686486],[79.549094,15.684994],[79.548448,15.685209],[79.548072,15.686479]]]},"properties":{"lp":"1595","ac":"5.058","chaltha":"1595"}},{"type":"Feature","geometry":{"type":"Polygon","coordinates":[[[79.549742,15.686369],[79.549377,15.684901],[79.549094,15.684994],[79.549478,15.686486],[79.549742,15.686369]]]},"properties":{"lp":"1596","ac":"1.302","chaltha":"1596"}},{"type":"Feature","geometry":{"type":"Polygon","coordinates":[[[79.549655,15.684813],[79.54939,15.684896],[79.549377,15.684901],[79.549742,15.686369],[79.550023,15.686245],[79.549655,15.684813]]]},"properties":{"lp":"1597","ac":"1.303","chaltha":"1597"}},{"type":"Feature","geometry":{"type":"Polygon","coordinates":[[[79.550123,15.684666],[79.549987,15.684709],[79.549655,15.684813],[79.550023,15.686245],[79.550467,15.686049],[79.550123,15.684666]]]},"properties":{"lp":"1598","ac":"2.058","chaltha":"1598"}},{"type":"Feature","geometry":{"type":"Polygon","coordinates":[[[79.550594,15.685993],[79.55093,15.68589],[79.550729,15.685102],[79.550581,15.684523],[79.550123,15.684666],[79.550467,15.686049],[79.550594,15.685993]]]},"properties":{"lp":"1599","ac":"2.001","chaltha":"1599"}},{"type":"Feature","geometry":{"type":"Polygon","coordinates":[[[79.549094,15.684994],[79.549377,15.684901],[79.54939,15.684896],[79.549105,15.683679],[79.548881,15.683749],[79.548448,15.685209],[79.549094,15.684994]]]},"properties":{"lp":"1602","ac":"2.246","chaltha":"1602"}},{"type":"Feature","geometry":{"type":"Polygon","coordinates":[[[79.549105,15.683679],[79.54939,15.684896],[79.549655,15.684813],[79.549987,15.684709],[79.549683,15.683498],[79.549105,15.683679]]]},"properties":{"lp":"1601","ac":"2.25","chaltha":"1601"}},{"type":"Feature","geometry":{"type":"Polygon","coordinates":[[[79.549987,15.684709],[79.550123,15.684666],[79.550581,15.684523],[79.550272,15.683313],[79.549683,15.683498],[79.549987,15.684709]]]},"properties":{"lp":"1600","ac":"2.264","chaltha":"1600"}},{"type":"Feature","geometry":{"type":"Polygon","coordinates":[[[79.551511,15.685767],[79.551649,15.685729],[79.552079,15.685514],[79.551916,15.6848],[79.551767,15.684152],[79.551495,15.682968],[79.550917,15.683115],[79.551329,15.684953],[79.551511,15.685767]]]},"properties":{"lp":"1684","ac":"4.727","chaltha":"1684"}},{"type":"Feature","geometry":{"type":"Polygon","coordinates":[[[79.551495,15.682968],[79.551767,15.684152],[79.552175,15.684038],[79.551914,15.682867],[79.551495,15.682968]]]},"properties":{"lp":"1685","ac":"1.511","chaltha":"1685"}},{"type":"Feature","geometry":{"type":"Polygon","coordinates":[[[79.551767,15.684152],[79.551916,15.6848],[79.552319,15.684686],[79.552192,15.684113],[79.552175,15.684038],[79.551767,15.684152]]]},"properties":{"lp":"1686","ac":"0.821","chaltha":"1686"}},{"type":"Feature","geometry":{"type":"Polygon","coordinates":[[[79.551916,15.6848],[79.552079,15.685514],[79.552468,15.685354],[79.552319,15.684686],[79.551916,15.6848]]]},"properties":{"lp":"1687","ac":"0.864","chaltha":"1687"}},{"type":"Feature","geometry":{"type":"Polygon","coordinates":[[[79.551914,15.682867],[79.552175,15.684038],[79.552192,15.684113],[79.552878,15.683907],[79.552736,15.683249],[79.552645,15.682797],[79.552089,15.682904],[79.552068,15.682843],[79.551914,15.682867]]]},"properties":{"lp":"1689","ac":"2.5","chaltha":"1689"}},{"type":"Feature","geometry":{"type":"Polygon","coordinates":[[[79.552192,15.684113],[79.552319,15.684686],[79.552468,15.685354],[79.553118,15.685018],[79.552923,15.684115],[79.552878,15.683907],[79.552192,15.684113]]]},"properties":{"lp":"1688","ac":"2.507","chaltha":"1688"}},{"type":"Feature","geometry":{"type":"Polygon","coordinates":[[[79.552736,15.683249],[79.552878,15.683907],[79.552923,15.684115],[79.553469,15.683956],[79.553437,15.683831],[79.553245,15.683069],[79.552736,15.683249]]]},"properties":{"lp":"1693","ac":"1.457","chaltha":"1693"}},{"type":"Feature","geometry":{"type":"Polygon","coordinates":[[[79.553118,15.685018],[79.55366,15.684715],[79.553469,15.683956],[79.552923,15.684115],[79.553118,15.685018]]]},"properties":{"lp":"1694","ac":"1.456","chaltha":"1694"}},{"type":"Feature","geometry":{"type":"Polygon","coordinates":[[[79.55362,15.682316],[79.553783,15.682857],[79.553907,15.683298],[79.555008,15.683021],[79.554669,15.682109],[79.55362,15.682316]]]},"properties":{"lp":"1697","ac":"3.2","chaltha":"1697"}},{"type":"Feature","geometry":{"type":"Polygon","coordinates":[[[79.554186,15.68429],[79.555015,15.68304],[79.555008,15.683021],[79.553907,15.683298],[79.553979,15.683554],[79.554006,15.683651],[79.554186,15.68429]]]},"properties":{"lp":"1587","ac":"1.749","chaltha":"1587"}},{"type":"Feature","geometry":{"type":"Polygon","coordinates":[[[79.555015,15.68304],[79.55556,15.682726],[79.555211,15.681822],[79.554669,15.682109],[79.555008,15.683021],[79.555015,15.68304]]]},"properties":{"lp":"1699","ac":"1.768","chaltha":"1699"}},{"type":"Feature","geometry":{"type":"Polygon","coordinates":[[[79.55556,15.682726],[79.556112,15.682408],[79.555771,15.681527],[79.555211,15.681822],[79.55556,15.682726]]]},"properties":{"lp":"1700","ac":"1.765","chaltha":"1700"}},{"type":"Feature","geometry":{"type":"Polygon","coordinates":[[[79.556112,15.682408],[79.556768,15.681788],[79.556469,15.681158],[79.555951,15.681431],[79.555771,15.681527],[79.556112,15.682408]]]},"properties":{"lp":"1701","ac":"1.965","chaltha":"1701"}},{"type":"Feature","geometry":{"type":"Polygon","coordinates":[[[79.556768,15.681788],[79.557069,15.681504],[79.557691,15.68118],[79.557471,15.680628],[79.55668,15.681046],[79.556469,15.681158],[79.556768,15.681788]]]},"properties":{"lp":"1702","ac":"1.985","chaltha":"1702"}},{"type":"Feature","geometry":{"type":"Polygon","coordinates":[[[79.554347,15.681181],[79.55502,15.680899],[79.554775,15.680028],[79.554119,15.680223],[79.554225,15.680667],[79.554347,15.681181]]]},"properties":{"lp":"1721","ac":"1.946","chaltha":"1721"}},{"type":"Feature","geometry":{"type":"Polygon","coordinates":[[[79.55502,15.680899],[79.555671,15.680626],[79.555796,15.680574],[79.555544,15.6798],[79.554775,15.680028],[79.55502,15.680899]]]},"properties":{"lp":"1722","ac":"2.062","chaltha":"1722"}},{"type":"Feature","geometry":{"type":"Polygon","coordinates":[[[79.555796,15.680574],[79.556496,15.680281],[79.556263,15.679491],[79.556102,15.679539],[79.556119,15.679624],[79.555544,15.6798],[79.555796,15.680574]]]},"properties":{"lp":"1723","ac":"1.785","chaltha":"1723"}},{"type":"Feature","geometry":{"type":"Polygon","coordinates":[[[79.556496,15.680281],[79.557237,15.67997],[79.556993,15.679271],[79.556263,15.679491],[79.556496,15.680281]]]},"properties":{"lp":"1724","ac":"1.79","chaltha":"1724"}},{"type":"Feature","geometry":{"type":"Polygon","coordinates":[[[79.553836,15.679319],[79.555282,15.678917],[79.555151,15.678455],[79.553733,15.678847],[79.553836,15.679319]]]},"properties":{"lp":"1727","ac":"2.098","chaltha":"1727"}},{"type":"Feature","geometry":{"type":"Polygon","coordinates":[[[79.556713,15.67852],[79.556551,15.678071],[79.555258,15.678426],[79.555151,15.678455],[79.555282,15.678917],[79.556713,15.67852]]]},"properties":{"lp":"1728","ac":"2.057","chaltha":"1728"}},{"type":"Feature","geometry":{"type":"Polygon","coordinates":[[[79.548881,15.683749],[79.549105,15.683679],[79.549683,15.683498],[79.550272,15.683313],[79.550564,15.683208],[79.550483,15.682706],[79.550411,15.682254],[79.549413,15.682493],[79.549161,15.682993],[79.548881,15.683749]]]},"properties":{"lp":"1678","ac":"4.225","chaltha":"1678"}},{"type":"Feature","geometry":{"type":"Polygon","coordinates":[[[79.551495,15.682968],[79.551914,15.682867],[79.552068,15.682843],[79.552026,15.682555],[79.551999,15.682374],[79.550483,15.682706],[79.550564,15.683208],[79.550592,15.683199],[79.550615,15.683192],[79.55071,15.683167],[79.550917,15.683115],[79.551495,15.682968]]]},"properties":{"lp":"1682","ac":"2.181","chaltha":"1682"}},{"type":"Feature","geometry":{"type":"Polygon","coordinates":[[[79.550483,15.682706],[79.551999,15.682374],[79.551935,15.681946],[79.550889,15.682123],[79.550411,15.682254],[79.550483,15.682706]]]},"properties":{"lp":"1683","ac":"2.1","chaltha":"1683"}},{"type":"Feature","geometry":{"type":"Polygon","coordinates":[[[79.552807,15.681797],[79.551935,15.681946],[79.551999,15.682374],[79.552026,15.682555],[79.553108,15.682352],[79.552929,15.681774],[79.552807,15.681797]]]},"properties":{"lp":"1691","ac":"1.876","chaltha":"1691"}},{"type":"Feature","geometry":{"type":"Polygon","coordinates":[[[79.552089,15.682904],[79.552645,15.682797],[79.552736,15.683249],[79.553245,15.683069],[79.55332,15.68304],[79.553108,15.682352],[79.552026,15.682555],[79.552068,15.682843],[79.552089,15.682904]]]},"properties":{"lp":"1690","ac":"1.889","chaltha":"1690"}},{"type":"Feature","geometry":{"type":"Polygon","coordinates":[[[79.550889,15.682123],[79.551935,15.681946],[79.552807,15.681797],[79.552739,15.681372],[79.552716,15.681234],[79.551724,15.68141],[79.550805,15.681572],[79.550855,15.681895],[79.550889,15.682123]]]},"properties":{"lp":"1665","ac":"3.212","chaltha":"1665"}},{"type":"Feature","geometry":{"type":"Polygon","coordinates":[[[79.550706,15.680917],[79.550754,15.681235],[79.550756,15.681246],[79.551672,15.681107],[79.551639,15.680794],[79.551167,15.680856],[79.550706,15.680917]]]},"properties":{"lp":"1661","ac":"0.887","chaltha":"1661"}},{"type":"Feature","geometry":{"type":"Polygon","coordinates":[[[79.551672,15.681107],[79.552671,15.680956],[79.552621,15.680645],[79.551895,15.680755],[79.551639,15.680794],[79.551672,15.681107]]]},"properties":{"lp":"1662","ac":"0.926","chaltha":"1662"}},{"type":"Feature","geometry":{"type":"Polygon","coordinates":[[[79.550805,15.681572],[79.551724,15.68141],[79.551672,15.681107],[79.550756,15.681246],[79.550782,15.681417],[79.550805,15.681572]]]},"properties":{"lp":"1664","ac":"0.867","chaltha":"1664"}},{"type":"Feature","geometry":{"type":"Polygon","coordinates":[[[79.551724,15.68141],[79.552716,15.681234],[79.552671,15.680956],[79.551672,15.681107],[79.551724,15.68141]]]},"properties":{"lp":"1663","ac":"0.871","chaltha":"1663"}},{"type":"Feature","geometry":{"type":"Polygon","coordinates":[[[79.551167,15.680856],[79.551639,15.680794],[79.551895,15.680755],[79.551793,15.680139],[79.551547,15.680172],[79.55108,15.680231],[79.551167,15.680856]]]},"properties":{"lp":"1654","ac":"1.339","chaltha":"1654"}},{"type":"Feature","geometry":{"type":"Polygon","coordinates":[[[79.551895,15.680755],[79.552621,15.680645],[79.552534,15.680042],[79.551793,15.680139],[79.551895,15.680755]]]},"properties":{"lp":"1653","ac":"1.337","chaltha":"1653"}},{"type":"Feature","geometry":{"type":"Polygon","coordinates":[[[79.550341,15.680321],[79.550099,15.680995],[79.550706,15.680917],[79.551167,15.680856],[79.55108,15.680231],[79.550605,15.680291],[79.550341,15.680321]]]},"properties":{"lp":"1655","ac":"1.692","chaltha":"1655"}},{"type":"Feature","geometry":{"type":"Polygon","coordinates":[[[79.550004,15.681347],[79.550754,15.681235],[79.550706,15.680917],[79.550099,15.680995],[79.550004,15.681347]]]},"properties":{"lp":"1670","ac":"0.661","chaltha":"1670"}},{"type":"Feature","geometry":{"type":"Polygon","coordinates":[[[79.54977,15.68175],[79.549587,15.682131],[79.550855,15.681895],[79.550805,15.681572],[79.54977,15.68175]]]},"properties":{"lp":"1667","ac":"1.148","chaltha":"1667"}},{"type":"Feature","geometry":{"type":"Polygon","coordinates":[[[79.549413,15.682493],[79.550411,15.682254],[79.550889,15.682123],[79.550855,15.681895],[79.549587,15.682131],[79.549413,15.682493]]]},"properties":{"lp":"1666","ac":"1.148","chaltha":"1666"}},{"type":"Feature","geometry":{"type":"Polygon","coordinates":[[[79.548904,15.68189],[79.549635,15.681774],[79.549906,15.681363],[79.548874,15.681507],[79.548877,15.681556],[79.548904,15.68189]]]},"properties":{"lp":"1673","ac":"0.98","chaltha":"1673"}},{"type":"Feature","geometry":{"type":"Polygon","coordinates":[[[79.549014,15.682589],[79.549331,15.682513],[79.54951,15.682079],[79.548948,15.682171],[79.548958,15.682233],[79.549014,15.682589]]]},"properties":{"lp":"1675","ac":"0.535","chaltha":"1675"}},{"type":"Feature","geometry":{"type":"Polygon","coordinates":[[[79.548948,15.682171],[79.54951,15.682079],[79.549635,15.681774],[79.548904,15.68189],[79.548948,15.682171]]]},"properties":{"lp":"1674","ac":"0.542","chaltha":"1674"}},{"type":"Feature","geometry":{"type":"Polygon","coordinates":[[[79.548829,15.680494],[79.548842,15.680806],[79.549236,15.680759],[79.549641,15.680711],[79.550133,15.680652],[79.550249,15.680331],[79.548829,15.680494]]]},"properties":{"lp":"1657","ac":"1.232","chaltha":"1657"}},{"type":"Feature","geometry":{"type":"Polygon","coordinates":[[[79.548857,15.681154],[79.549269,15.681101],[79.549236,15.680759],[79.548842,15.680806],[79.548851,15.681018],[79.548857,15.681154]]]},"properties":{"lp":"1658","ac":"0.411","chaltha":"1658"}},{"type":"Feature","geometry":{"type":"Polygon","coordinates":[[[79.549269,15.681101],[79.549677,15.681049],[79.549641,15.680711],[79.549236,15.680759],[79.549269,15.681101]]]},"properties":{"lp":"1659","ac":"0.41","chaltha":"1659"}},{"type":"Feature","geometry":{"type":"Polygon","coordinates":[[[79.549677,15.681049],[79.550006,15.681007],[79.550133,15.680652],[79.549641,15.680711],[79.549677,15.681049]]]},"properties":{"lp":"1660","ac":"0.41","chaltha":"1660"}},{"type":"Feature","geometry":{"type":"Polygon","coordinates":[[[79.550249,15.680331],[79.550375,15.679991],[79.548811,15.680184],[79.548829,15.680494],[79.550249,15.680331]]]},"properties":{"lp":"1649","ac":"1.395","chaltha":"1649"}},{"type":"Feature","geometry":{"type":"Polygon","coordinates":[[[79.550341,15.680321],[79.550605,15.680291],[79.550554,15.679969],[79.550439,15.679983],[79.550341,15.680321]]]},"properties":{"lp":"1651","ac":"0.181","chaltha":"1651"}},{"type":"Feature","geometry":{"type":"Polygon","coordinates":[[[79.550605,15.680291],[79.55108,15.680231],[79.551547,15.680172],[79.551515,15.679857],[79.551482,15.679537],[79.550601,15.679636],[79.550439,15.679983],[79.550554,15.679969],[79.550605,15.680291]]]},"properties":{"lp":"1646","ac":"1.835","chaltha":"1646"}},{"type":"Feature","geometry":{"type":"Polygon","coordinates":[[[79.548811,15.680184],[79.550375,15.679991],[79.550551,15.679642],[79.548794,15.679835],[79.548811,15.680184]]]},"properties":{"lp":"1648","ac":"1.651","chaltha":"1648"}},{"type":"Feature","geometry":{"type":"Polygon","coordinates":[[[79.550479,15.678891],[79.550481,15.678915],[79.550551,15.679642],[79.550821,15.678837],[79.550479,15.678891]]]},"properties":{"lp":"1636","ac":"0.382","chaltha":"1636"}},{"type":"Feature","geometry":{"type":"Polygon","coordinates":[[[79.552362,15.67859],[79.551949,15.678656],[79.5515,15.678727],[79.550893,15.678823],[79.550601,15.679636],[79.551482,15.679537],[79.552446,15.679428],[79.552362,15.67859]]]},"properties":{"lp":"1644","ac":"3.94","chaltha":"1644"}},{"type":"Feature","geometry":{"type":"Polygon","coordinates":[[[79.550439,15.678478],[79.550479,15.678891],[79.550821,15.678837],[79.550979,15.678365],[79.550439,15.678478]]]},"properties":{"lp":"1637","ac":"0.557","chaltha":"1637"}},{"type":"Feature","geometry":{"type":"Polygon","coordinates":[[[79.550439,15.678478],[79.550979,15.678365],[79.551126,15.677927],[79.550651,15.678063],[79.550406,15.678133],[79.550439,15.678478]]]},"properties":{"lp":"1638","ac":"0.695","chaltha":"1638"}},{"type":"Feature","geometry":{"type":"Polygon","coordinates":[[[79.551068,15.678336],[79.551417,15.678261],[79.551865,15.678164],[79.552309,15.678069],[79.552286,15.677835],[79.552267,15.677632],[79.551332,15.67778],[79.551204,15.677958],[79.551068,15.678336]]]},"properties":{"lp":"1640","ac":"1.55","chaltha":"1640"}},{"type":"Feature","geometry":{"type":"Polygon","coordinates":[[[79.553943,15.67973],[79.553836,15.679319],[79.553733,15.678847],[79.553627,15.678406],[79.553427,15.677568],[79.553236,15.677605],[79.55314,15.677628],[79.553376,15.678755],[79.553596,15.679807],[79.553943,15.67973]]]},"properties":{"lp":"1716","ac":"2.103","chaltha":"1716"}},{"type":"Feature","geometry":{"type":"Polygon","coordinates":[[[79.552559,15.677769],[79.552728,15.678879],[79.553045,15.678819],[79.553214,15.678786],[79.553376,15.678755],[79.55314,15.677628],[79.552559,15.677769]]]},"properties":{"lp":"1715","ac":"2.094","chaltha":"1715"}},{"type":"Feature","geometry":{"type":"Polygon","coordinates":[[[79.552893,15.679963],[79.553234,15.679887],[79.553045,15.678819],[79.552728,15.678879],[79.552893,15.679963]]]},"properties":{"lp":"1713","ac":"1.071","chaltha":"1713"}},{"type":"Feature","geometry":{"type":"Polygon","coordinates":[[[79.5536,15.681652],[79.554441,15.681506],[79.554347,15.681181],[79.554225,15.680667],[79.553432,15.680796],[79.553437,15.68082],[79.55352,15.681247],[79.5536,15.681652]]]},"properties":{"lp":"1708","ac":"2.095","chaltha":"1708"}},{"type":"Feature","geometry":{"type":"Polygon","coordinates":[[[79.553334,15.680348],[79.553432,15.680796],[79.554225,15.680667],[79.554119,15.680223],[79.554073,15.680231],[79.553334,15.680348]]]},"properties":{"lp":"1720","ac":"1.069","chaltha":"1720"}},{"type":"Feature","geometry":{"type":"Polygon","coordinates":[[[79.553334,15.680348],[79.554073,15.680231],[79.553951,15.679762],[79.553943,15.67973],[79.553596,15.679807],[79.553413,15.679847],[79.553234,15.679887],[79.553334,15.680348]]]},"properties":{"lp":"1719","ac":"1.067","chaltha":"1719"}},{"type":"Feature","geometry":{"type":"Polygon","coordinates":[[[79.555682,15.682738],[79.555967,15.683625],[79.557063,15.68337],[79.558219,15.683102],[79.557926,15.682001],[79.557857,15.681636],[79.557712,15.681236],[79.557106,15.681576],[79.556819,15.681851],[79.556155,15.682485],[79.555682,15.682738]]]},"properties":{"lp":"1528","ac":"9.91","chaltha":"1528"}},{"type":"Feature","geometry":{"type":"Polygon","coordinates":[[[79.555258,15.678426],[79.555142,15.677979],[79.553627,15.678406],[79.553733,15.678847],[79.555151,15.678455],[79.555258,15.678426]]]},"properties":{"lp":"1730","ac":"2.114","chaltha":"1730"}},{"type":"Feature","geometry":{"type":"Polygon","coordinates":[[[79.553627,15.678406],[79.555142,15.677979],[79.554996,15.677416],[79.554928,15.677155],[79.553427,15.677568],[79.553627,15.678406]]]},"properties":{"lp":"1731","ac":"3.927","chaltha":"1731"}},{"type":"Feature","geometry":{"type":"Polygon","coordinates":[[[79.555258,15.678426],[79.556551,15.678071],[79.556413,15.677611],[79.555945,15.677747],[79.555453,15.677889],[79.555142,15.677979],[79.555258,15.678426]]]},"properties":{"lp":"1729","ac":"1.837","chaltha":"1729"}},{"type":"Feature","geometry":{"type":"Polygon","coordinates":[[[79.555142,15.677979],[79.555453,15.677889],[79.555312,15.67733],[79.554996,15.677416],[79.555142,15.677979]]]},"properties":{"lp":"1732","ac":"0.553","chaltha":"1732"}},{"type":"Feature","geometry":{"type":"Polygon","coordinates":[[[79.555453,15.677889],[79.555945,15.677747],[79.555795,15.677198],[79.555312,15.67733],[79.555453,15.677889]]]},"properties":{"lp":"1733","ac":"0.849","chaltha":"1733"}},{"type":"Feature","geometry":{"type":"Polygon","coordinates":[[[79.555945,15.677747],[79.556413,15.677611],[79.556252,15.677072],[79.555795,15.677198],[79.555945,15.677747]]]},"properties":{"lp":"1734","ac":"0.797","chaltha":"1734"}},{"type":"Feature","geometry":{"type":"Polygon","coordinates":[[[79.553236,15.677605],[79.553427,15.677568],[79.554928,15.677155],[79.554996,15.677416],[79.555312,15.67733],[79.555795,15.677198],[79.556252,15.677072],[79.556087,15.676519],[79.555758,15.67661],[79.555424,15.676703],[79.554788,15.67688],[79.554828,15.677028],[79.553217,15.677448],[79.553236,15.677605]]]},"properties":{"lp":"1735","ac":"3.02","chaltha":"1735"}},{"type":"Feature","geometry":{"type":"Polygon","coordinates":[[[79.554788,15.67688],[79.555424,15.676703],[79.554984,15.674973],[79.554657,15.675043],[79.55431,15.675117],[79.554499,15.675814],[79.554674,15.676462],[79.554788,15.67688]]]},"properties":{"lp":"1738","ac":"3.57","chaltha":"1738"}},{"type":"Feature","geometry":{"type":"Polygon","coordinates":[[[79.555424,15.676703],[79.555758,15.67661],[79.555327,15.674899],[79.554984,15.674973],[79.555424,15.676703]]]},"properties":{"lp":"1739","ac":"1.813","chaltha":"1739"}},{"type":"Feature","geometry":{"type":"Polygon","coordinates":[[[79.555758,15.67661],[79.556087,15.676519],[79.555966,15.67599],[79.555687,15.674867],[79.555675,15.674824],[79.555327,15.674899],[79.555758,15.67661]]]},"properties":{"lp":"1740","ac":"1.814","chaltha":"1740"}},{"type":"Feature","geometry":{"type":"Polygon","coordinates":[[[79.553711,15.675235],[79.55431,15.675117],[79.554657,15.675043],[79.554408,15.673687],[79.553486,15.67384],[79.553711,15.675235]]]},"properties":{"lp":"1744","ac":"3.889","chaltha":"1744"}},{"type":"Feature","geometry":{"type":"Polygon","coordinates":[[[79.550651,15.678063],[79.551126,15.677927],[79.551226,15.677796],[79.551566,15.677071],[79.551529,15.676964],[79.550412,15.677251],[79.550532,15.677657],[79.550651,15.678063]]]},"properties":{"lp":"1748","ac":"2.175","chaltha":"1748"}},{"type":"Feature","geometry":{"type":"Polygon","coordinates":[[[79.549871,15.678267],[79.550406,15.678133],[79.550651,15.678063],[79.550532,15.677657],[79.549752,15.67786],[79.549871,15.678267]]]},"properties":{"lp":"1749","ac":"1.006","chaltha":"1749"}},{"type":"Feature","geometry":{"type":"Polygon","coordinates":[[[79.549752,15.67786],[79.550532,15.677657],[79.550412,15.677251],[79.549633,15.677452],[79.549752,15.67786]]]},"properties":{"lp":"1750","ac":"1.001","chaltha":"1750"}},{"type":"Feature","geometry":{"type":"Polygon","coordinates":[[[79.549633,15.677452],[79.550412,15.677251],[79.551529,15.676964],[79.551299,15.676291],[79.551263,15.676198],[79.550688,15.676355],[79.549767,15.676566],[79.549553,15.6768],[79.54946,15.676827],[79.549633,15.677452]]]},"properties":{"lp":"1751","ac":"4.484","chaltha":"1751"}},{"type":"Feature","geometry":{"type":"Polygon","coordinates":[[[79.550688,15.676355],[79.551263,15.676198],[79.551299,15.676291],[79.551473,15.676228],[79.551331,15.675606],[79.550524,15.675776],[79.550688,15.676355]]]},"properties":{"lp":"1769","ac":"1.421","chaltha":"1769"}},{"type":"Feature","geometry":{"type":"Polygon","coordinates":[[[79.550524,15.675776],[79.551331,15.675606],[79.551189,15.674981],[79.550533,15.675145],[79.55036,15.675194],[79.550506,15.675711],[79.550524,15.675776]]]},"properties":{"lp":"1770","ac":"1.538","chaltha":"1770"}},{"type":"Feature","geometry":{"type":"Polygon","coordinates":[[[79.550533,15.675145],[79.551189,15.674981],[79.551436,15.674918],[79.551412,15.674201],[79.550396,15.674429],[79.550533,15.675145]]]},"properties":{"lp":"1771","ac":"2.07","chaltha":"1771"}},{"type":"Feature","geometry":{"type":"Polygon","coordinates":[[[79.550396,15.674429],[79.551412,15.674201],[79.551391,15.673546],[79.550277,15.673808],[79.550392,15.674409],[79.550396,15.674429]]]},"properties":{"lp":"1772","ac":"2.041","chaltha":"1772"}},{"type":"Feature","geometry":{"type":"Polygon","coordinates":[[[79.549767,15.676566],[79.550688,15.676355],[79.550524,15.675776],[79.550506,15.675711],[79.5494,15.675988],[79.549409,15.676034],[79.549553,15.6768],[79.549767,15.676566]]]},"properties":{"lp":"1767","ac":"2.319","chaltha":"1767"}},{"type":"Feature","geometry":{"type":"Polygon","coordinates":[[[79.5494,15.675988],[79.550506,15.675711],[79.55036,15.675194],[79.550304,15.675011],[79.549649,15.675164],[79.549262,15.675255],[79.5494,15.675988]]]},"properties":{"lp":"1768","ac":"2.388","chaltha":"1768"}},{"type":"Feature","geometry":{"type":"Polygon","coordinates":[[[79.54946,15.676827],[79.549553,15.6768],[79.549409,15.676034],[79.549244,15.676075],[79.549083,15.676115],[79.549226,15.676875],[79.54946,15.676827]]]},"properties":{"lp":"1766","ac":"0.765","chaltha":"1766"}},{"type":"Feature","geometry":{"type":"Polygon","coordinates":[[[79.548934,15.675323],[79.549083,15.676115],[79.549244,15.676075],[79.549098,15.675289],[79.548934,15.675323]]]},"properties":{"lp":"1764","ac":"0.393","chaltha":"1764"}},{"type":"Feature","geometry":{"type":"Polygon","coordinates":[[[79.549244,15.676075],[79.549409,15.676034],[79.5494,15.675988],[79.549262,15.675255],[79.549098,15.675289],[79.549244,15.676075]]]},"properties":{"lp":"1765","ac":"0.391","chaltha":"1765"}},{"type":"Feature","geometry":{"type":"Polygon","coordinates":[[[79.549649,15.675164],[79.550304,15.675011],[79.55036,15.675194],[79.550533,15.675145],[79.550396,15.674429],[79.550392,15.674409],[79.549574,15.674592],[79.549546,15.674599],[79.549599,15.67489],[79.549649,15.675164]]]},"properties":{"lp":"1774","ac":"1.558","chaltha":"1774"}},{"type":"Feature","geometry":{"type":"Polygon","coordinates":[[[79.549574,15.674592],[79.550392,15.674409],[79.550277,15.673808],[79.549469,15.67401],[79.549574,15.674592]]]},"properties":{"lp":"1773","ac":"1.472","chaltha":"1773"}},{"type":"Feature","geometry":{"type":"Polygon","coordinates":[[[79.548749,15.674777],[79.549546,15.674599],[79.549574,15.674592],[79.549469,15.67401],[79.548761,15.674187],[79.548749,15.674777]]]},"properties":{"lp":"1777","ac":"1.342","chaltha":"1777"}},{"type":"Feature","geometry":{"type":"Polygon","coordinates":[[[79.548749,15.674777],[79.548742,15.675084],[79.549599,15.67489],[79.549546,15.674599],[79.548749,15.674777]]]},"properties":{"lp":"1776","ac":"0.739","chaltha":"1776"}},{"type":"Feature","geometry":{"type":"Polygon","coordinates":[[[79.548742,15.675084],[79.548737,15.675362],[79.548934,15.675323],[79.549098,15.675289],[79.549262,15.675255],[79.549649,15.675164],[79.549599,15.67489],[79.548742,15.675084]]]},"properties":{"lp":"1775","ac":"0.739","chaltha":"1775"}},{"type":"Feature","geometry":{"type":"Polygon","coordinates":[[[79.548961,15.673556],[79.550692,15.67322],[79.550637,15.6729],[79.550595,15.672648],[79.550588,15.67265],[79.549693,15.672841],[79.54889,15.673013],[79.548961,15.673556]]]},"properties":{"lp":"1801","ac":"2.893","chaltha":"1801"}},{"type":"Feature","geometry":{"type":"Polygon","coordinates":[[[79.550692,15.67322],[79.551478,15.673068],[79.551495,15.672769],[79.550637,15.6729],[79.550692,15.67322]]]},"properties":{"lp":"1802","ac":"0.753","chaltha":"1802"}},{"type":"Feature","geometry":{"type":"Polygon","coordinates":[[[79.54889,15.673013],[79.549693,15.672841],[79.549553,15.672143],[79.549184,15.672217],[79.548626,15.672328],[79.548717,15.672857],[79.54886,15.672832],[79.54889,15.673013]]]},"properties":{"lp":"1806","ac":"1.934","chaltha":"1806"}},{"type":"Feature","geometry":{"type":"Polygon","coordinates":[[[79.550782,15.671897],[79.55143,15.671768],[79.551765,15.671685],[79.551823,15.671029],[79.550656,15.67124],[79.550716,15.671552],[79.550782,15.671897]]]},"properties":{"lp":"1825","ac":"2.105","chaltha":"1825"}},{"type":"Feature","geometry":{"type":"Polygon","coordinates":[[[79.549639,15.671424],[79.54967,15.671592],[79.549698,15.671745],[79.550716,15.671552],[79.550656,15.67124],[79.549639,15.671424]]]},"properties":{"lp":"1824","ac":"0.978","chaltha":"1824"}},{"type":"Feature","geometry":{"type":"Polygon","coordinates":[[[79.549639,15.671424],[79.550656,15.67124],[79.551823,15.671029],[79.551875,15.670456],[79.549536,15.670863],[79.549576,15.671082],[79.549639,15.671424]]]},"properties":{"lp":"1823","ac":"3.789","chaltha":"1823"}},{"type":"Feature","geometry":{"type":"Polygon","coordinates":[[[79.54944,15.670343],[79.550062,15.670234],[79.549905,15.669419],[79.549293,15.669542],[79.54935,15.669853],[79.54944,15.670343]]]},"properties":{"lp":"1821","ac":"1.512","chaltha":"1821"}},{"type":"Feature","geometry":{"type":"Polygon","coordinates":[[[79.550062,15.670234],[79.5507,15.670123],[79.55054,15.669291],[79.549905,15.669419],[79.550062,15.670234]]]},"properties":{"lp":"1820","ac":"1.592","chaltha":"1820"}},{"type":"Feature","geometry":{"type":"Polygon","coordinates":[[[79.5507,15.670123],[79.551306,15.670018],[79.551161,15.669166],[79.550562,15.669287],[79.55054,15.669291],[79.5507,15.670123]]]},"properties":{"lp":"1819","ac":"1.566","chaltha":"1819"}},{"type":"Feature","geometry":{"type":"Polygon","coordinates":[[[79.549293,15.669542],[79.549905,15.669419],[79.55054,15.669291],[79.550562,15.669287],[79.550395,15.668432],[79.549149,15.668756],[79.549256,15.669339],[79.549293,15.669542]]]},"properties":{"lp":"1816","ac":"3.156","chaltha":"1816"}},{"type":"Feature","geometry":{"type":"Polygon","coordinates":[[[79.550562,15.669287],[79.551161,15.669166],[79.551756,15.669046],[79.551604,15.668258],[79.551206,15.668221],[79.550623,15.668373],[79.550395,15.668432],[79.550562,15.669287]]]},"properties":{"lp":"1817","ac":"3.157","chaltha":"1817"}},{"type":"Feature","geometry":{"type":"Polygon","coordinates":[[[79.547967,15.671978],[79.54842,15.671875],[79.548358,15.671308],[79.547873,15.671428],[79.547967,15.671978]]]},"properties":{"lp":"1809","ac":"0.795","chaltha":"1809"}},{"type":"Feature","geometry":{"type":"Polygon","coordinates":[[[79.549184,15.672217],[79.549553,15.672143],[79.550453,15.671963],[79.550782,15.671897],[79.550716,15.671552],[79.549698,15.671745],[79.54967,15.671592],[79.549064,15.671706],[79.549184,15.672217]]]},"properties":{"lp":"1807","ac":"2.005","chaltha":"1807"}},{"type":"Feature","geometry":{"type":"Polygon","coordinates":[[[79.549064,15.671706],[79.54967,15.671592],[79.549639,15.671424],[79.549576,15.671082],[79.548944,15.671199],[79.549064,15.671706]]]},"properties":{"lp":"1811","ac":"0.96","chaltha":"1811"}},{"type":"Feature","geometry":{"type":"Polygon","coordinates":[[[79.548944,15.671199],[79.548358,15.671308],[79.54842,15.671875],[79.548529,15.671856],[79.548526,15.671813],[79.549064,15.671706],[79.548944,15.671199]]]},"properties":{"lp":"1810","ac":"0.979","chaltha":"1810"}},{"type":"Feature","geometry":{"type":"Polygon","coordinates":[[[79.548626,15.672328],[79.549184,15.672217],[79.549064,15.671706],[79.548526,15.671813],[79.548529,15.671856],[79.548626,15.672328]]]},"properties":{"lp":"1808","ac":"0.863","chaltha":"1808"}},{"type":"Feature","geometry":{"type":"Polygon","coordinates":[[[79.548717,15.672857],[79.548626,15.672328],[79.548529,15.671856],[79.54842,15.671875],[79.547967,15.671978],[79.54774,15.672028],[79.547445,15.672091],[79.547212,15.672142],[79.546453,15.672306],[79.545934,15.672418],[79.546086,15.673426],[79.547006,15.673227],[79.547896,15.673034],[79.548717,15.672857]]]},"properties":{"lp":"1795","ac":"7.986","chaltha":"1795"}},{"type":"Feature","geometry":{"type":"Polygon","coordinates":[[[79.548325,15.670678],[79.548358,15.671308],[79.548944,15.671199],[79.549576,15.671082],[79.549536,15.670863],[79.549461,15.670457],[79.548325,15.670678]]]},"properties":{"lp":"1812","ac":"2.21","chaltha":"1812"}},{"type":"Feature","geometry":{"type":"Polygon","coordinates":[[[79.548325,15.670678],[79.549461,15.670457],[79.54944,15.670343],[79.54935,15.669853],[79.548295,15.67011],[79.548325,15.670678]]]},"properties":{"lp":"1813","ac":"1.931","chaltha":"1813"}},{"type":"Feature","geometry":{"type":"Polygon","coordinates":[[[79.548295,15.67011],[79.54935,15.669853],[79.549293,15.669542],[79.549256,15.669339],[79.548266,15.669547],[79.548295,15.67011]]]},"properties":{"lp":"1814","ac":"1.657","chaltha":"1814"}},{"type":"Feature","geometry":{"type":"Polygon","coordinates":[[[79.548266,15.669547],[79.549256,15.669339],[79.549149,15.668756],[79.549099,15.668773],[79.548236,15.668971],[79.548256,15.669358],[79.548266,15.669547]]]},"properties":{"lp":"1815","ac":"1.653","chaltha":"1815"}},{"type":"Feature","geometry":{"type":"Polygon","coordinates":[[[79.553143,15.66325],[79.553195,15.663219],[79.553376,15.663111],[79.553409,15.662494],[79.553864,15.662388],[79.553992,15.662467],[79.55384,15.661993],[79.552884,15.662588],[79.552886,15.66298],[79.553143,15.66325]]]},"properties":{"lp":"1864","ac":"1.559","chaltha":"1864"}},{"type":"Feature","geometry":{"type":"Polygon","coordinates":[[[79.552586,15.668546],[79.55243,15.66756],[79.552389,15.667303],[79.551599,15.667465],[79.552102,15.66834],[79.552586,15.668546]]]},"properties":{"lp":"1834","ac":"1.954","chaltha":"1834"}},{"type":"Feature","geometry":{"type":"Polygon","coordinates":[[[79.552389,15.667303],[79.552198,15.666093],[79.552027,15.666137],[79.550883,15.666476],[79.551529,15.667344],[79.551599,15.667465],[79.552389,15.667303]]]},"properties":{"lp":"1833","ac":"3.74","chaltha":"1833"}},{"type":"Feature","geometry":{"type":"Polygon","coordinates":[[[79.550883,15.666476],[79.552027,15.666137],[79.551526,15.66494],[79.551413,15.66467],[79.550434,15.66494],[79.550167,15.665478],[79.550883,15.666476]]]},"properties":{"lp":"1860","ac":"6.098","chaltha":"1860"}},{"type":"Feature","geometry":{"type":"Polygon","coordinates":[[[79.553747,15.665315],[79.554426,15.665161],[79.554354,15.664524],[79.553588,15.664717],[79.553747,15.665315]]]},"properties":{"lp":"1867","ac":"1.367","chaltha":"1867"}},{"type":"Feature","geometry":{"type":"Polygon","coordinates":[[[79.553864,15.662388],[79.553409,15.662494],[79.553376,15.663111],[79.553195,15.663219],[79.553255,15.663445],[79.554123,15.663261],[79.553992,15.662467],[79.553864,15.662388]]]},"properties":{"lp":"1865","ac":"1.903","chaltha":"1865"}},{"type":"Feature","geometry":{"type":"Polygon","coordinates":[[[79.553588,15.664717],[79.554354,15.664524],[79.55435,15.66449],[79.554201,15.664053],[79.554152,15.663432],[79.554123,15.663261],[79.553255,15.663445],[79.553588,15.664717]]]},"properties":{"lp":"1866","ac":"3.087","chaltha":"1866"}},{"type":"Feature","geometry":{"type":"Polygon","coordinates":[[[79.552295,15.663201],[79.552205,15.663669],[79.552085,15.663722],[79.55224,15.664348],[79.552601,15.664275],[79.552315,15.663193],[79.552295,15.663201]]]},"properties":{"lp":"1863","ac":"0.872","chaltha":"1863"}},{"type":"Feature","geometry":{"type":"Polygon","coordinates":[[[79.551862,15.66382],[79.551505,15.664496],[79.55224,15.664348],[79.552085,15.663722],[79.551862,15.66382]]]},"properties":{"lp":"1862","ac":"0.878","chaltha":"1862"}},{"type":"Feature","geometry":{"type":"Polygon","coordinates":[[[79.547707,15.668698],[79.548249,15.668574],[79.548542,15.667422],[79.548577,15.667298],[79.547422,15.667384],[79.547707,15.668698]]]},"properties":{"lp":"1856","ac":"3.208","chaltha":"1856"}},{"type":"Feature","geometry":{"type":"Polygon","coordinates":[[[79.547422,15.667384],[79.548577,15.667298],[79.548829,15.666414],[79.548091,15.666572],[79.547282,15.666744],[79.547333,15.666975],[79.547422,15.667384]]]},"properties":{"lp":"1855","ac":"2.983","chaltha":"1855"}},{"type":"Feature","geometry":{"type":"Polygon","coordinates":[[[79.547282,15.666744],[79.548091,15.666572],[79.547912,15.665755],[79.547382,15.665934],[79.547151,15.666149],[79.547282,15.666744]]]},"properties":{"lp":"1853","ac":"1.861","chaltha":"1853"}},{"type":"Feature","geometry":{"type":"Polygon","coordinates":[[[79.548091,15.666572],[79.548829,15.666414],[79.548587,15.665528],[79.548288,15.665629],[79.547912,15.665755],[79.548091,15.666572]]]},"properties":{"lp":"1854","ac":"1.882","chaltha":"1854"}},{"type":"Feature","geometry":{"type":"Polygon","coordinates":[[[79.545604,15.667599],[79.546521,15.667379],[79.546663,15.667082],[79.547333,15.666975],[79.547282,15.666744],[79.547151,15.666149],[79.546114,15.667121],[79.545604,15.667599]]]},"properties":{"lp":"1852","ac":"2.271","chaltha":"1852"}},{"type":"Feature","geometry":{"type":"Polygon","coordinates":[[[79.544493,15.668057],[79.544765,15.668232],[79.545435,15.668128],[79.545604,15.667599],[79.544899,15.66789],[79.544493,15.668057]]]},"properties":{"lp":"1851","ac":"0.963","chaltha":"1851"}},{"type":"Feature","geometry":{"type":"Polygon","coordinates":[[[79.548975,15.691495],[79.550176,15.691324],[79.550285,15.691237],[79.550285,15.691226],[79.550268,15.690937],[79.550251,15.690657],[79.548877,15.690805],[79.548975,15.691495]]]},"properties":{"lp":"1472","ac":"2.664","chaltha":"1472"}},{"type":"Feature","geometry":{"type":"Polygon","coordinates":[[[79.548975,15.691495],[79.549022,15.69182],[79.550209,15.691629],[79.550176,15.691324],[79.548975,15.691495]]]},"properties":{"lp":"1471","ac":"1.124","chaltha":"1471"}},{"type":"Feature","geometry":{"type":"Polygon","coordinates":[[[79.549022,15.69182],[79.549051,15.692022],[79.550232,15.691835],[79.550209,15.691629],[79.549022,15.69182]]]},"properties":{"lp":"1470","ac":"0.723","chaltha":"1470"}},{"type":"Feature","geometry":{"type":"Polygon","coordinates":[[[79.549051,15.692022],[79.549068,15.692148],[79.550247,15.691977],[79.550232,15.691835],[79.549051,15.692022]]]},"properties":{"lp":"1469","ac":"0.471","chaltha":"1469"}},{"type":"Feature","geometry":{"type":"Polygon","coordinates":[[[79.549152,15.692747],[79.54947,15.692842],[79.549492,15.692848],[79.549792,15.692938],[79.550077,15.693023],[79.55011,15.693266],[79.550381,15.693226],[79.550329,15.692716],[79.550313,15.692561],[79.550297,15.692405],[79.550283,15.692273],[79.55028,15.692239],[79.55026,15.6921],[79.550247,15.691977],[79.549068,15.692148],[79.549152,15.692747]]]},"properties":{"lp":"1468","ac":"3.164","chaltha":"1468"}},{"type":"Feature","geometry":{"type":"Polygon","coordinates":[[[79.550283,15.692273],[79.551352,15.692136],[79.55135,15.692104],[79.55028,15.692239],[79.550283,15.692273]]]},"properties":{"lp":"1482","ac":"0.104","chaltha":"1482"}},{"type":"Feature","geometry":{"type":"Polygon","coordinates":[[[79.55028,15.692239],[79.55135,15.692104],[79.551354,15.691817],[79.550247,15.691977],[79.55026,15.6921],[79.55028,15.692239]]]},"properties":{"lp":"1481","ac":"0.883","chaltha":"1481"}},{"type":"Feature","geometry":{"type":"Polygon","coordinates":[[[79.550247,15.691977],[79.551354,15.691817],[79.551361,15.69131],[79.551364,15.691066],[79.550747,15.691158],[79.550285,15.691226],[79.550285,15.691237],[79.550176,15.691324],[79.550209,15.691629],[79.550232,15.691835],[79.550247,15.691977]]]},"properties":{"lp":"1477","ac":"2.506","chaltha":"1477"}},{"type":"Feature","geometry":{"type":"Polygon","coordinates":[[[79.550557,15.690534],[79.550251,15.690657],[79.550268,15.690937],[79.55073,15.690849],[79.551369,15.690726],[79.551374,15.690401],[79.550557,15.690534]]]},"properties":{"lp":"1473","ac":"1.078","chaltha":"1473"}},{"type":"Feature","geometry":{"type":"Polygon","coordinates":[[[79.552239,15.692141],[79.55315,15.692021],[79.553001,15.691123],[79.552223,15.691212],[79.552099,15.691226],[79.552173,15.69171],[79.552239,15.692141]]]},"properties":{"lp":"1479","ac":"2.456","chaltha":"1479"}},{"type":"Feature","geometry":{"type":"Polygon","coordinates":[[[79.553183,15.692354],[79.55431,15.692239],[79.553163,15.692154],[79.553183,15.692354]]]},"properties":{"lp":"1498","ac":"0.334","chaltha":"1498"}},{"type":"Feature","geometry":{"type":"Polygon","coordinates":[[[79.553163,15.692154],[79.55431,15.692239],[79.554232,15.691522],[79.554172,15.690963],[79.554077,15.690084],[79.553494,15.690262],[79.552869,15.69032],[79.553001,15.691123],[79.55315,15.692021],[79.553163,15.692154]]]},"properties":{"lp":"1499","ac":"6.806","chaltha":"1499"}},{"type":"Feature","geometry":{"type":"Polygon","coordinates":[[[79.552239,15.692141],[79.552237,15.692809],[79.553066,15.692752],[79.553057,15.69286],[79.55405,15.692763],[79.555308,15.692639],[79.555646,15.692102],[79.55431,15.692239],[79.553183,15.692354],[79.553163,15.692154],[79.55315,15.692021],[79.552239,15.692141]]]},"properties":{"lp":"1497","ac":"5.301","chaltha":"1497"}},{"type":"Feature","geometry":{"type":"Polygon","coordinates":[[[79.552236,15.693551],[79.552848,15.693523],[79.552875,15.693394],[79.552966,15.693128],[79.552237,15.693171],[79.552236,15.693551]]]},"properties":{"lp":"1494","ac":"0.749","chaltha":"1494"}},{"type":"Feature","geometry":{"type":"Polygon","coordinates":[[[79.554028,15.693317],[79.554918,15.693258],[79.555308,15.692639],[79.55405,15.692763],[79.554028,15.693317]]]},"properties":{"lp":"1496","ac":"1.794","chaltha":"1496"}},{"type":"Feature","geometry":{"type":"Polygon","coordinates":[[[79.552577,15.694851],[79.553742,15.694805],[79.553966,15.694637],[79.55427,15.6943],[79.55434,15.694187],[79.552699,15.694252],[79.552577,15.694851]]]},"properties":{"lp":"1490","ac":"2.516","chaltha":"1490"}},{"type":"Feature","geometry":{"type":"Polygon","coordinates":[[[79.5518,15.694997],[79.552568,15.694999],[79.552577,15.694851],[79.552699,15.694252],[79.552798,15.693766],[79.552848,15.693523],[79.552236,15.693551],[79.5518,15.694997]]]},"properties":{"lp":"1492","ac":"2.902","chaltha":"1492"}},{"type":"Feature","geometry":{"type":"Polygon","coordinates":[[[79.551726,15.695106],[79.55229,15.695491],[79.552849,15.695724],[79.552985,15.695732],[79.553401,15.69506],[79.553742,15.694805],[79.552577,15.694851],[79.552568,15.694999],[79.5518,15.694997],[79.551726,15.695106]]]},"properties":{"lp":"1489","ac":"2.775","chaltha":"1489"}},{"type":"Feature","geometry":{"type":"Polygon","coordinates":[[[79.551566,15.677071],[79.551543,15.67489],[79.551592,15.673028],[79.551478,15.673068],[79.551488,15.673527],[79.551391,15.673546],[79.551412,15.674201],[79.551436,15.674918],[79.551189,15.674981],[79.551331,15.675606],[79.551473,15.676228],[79.551299,15.676291],[79.551529,15.676964],[79.551566,15.677071]]]},"properties":{"lp":"1747","ac":"1.912","chaltha":"1747"}},{"type":"Feature","geometry":{"type":"Polygon","coordinates":[[[79.552267,15.677632],[79.552286,15.677835],[79.552559,15.677769],[79.55314,15.677628],[79.553236,15.677605],[79.553217,15.677448],[79.553148,15.676857],[79.553148,15.676856],[79.553138,15.676769],[79.553132,15.676718],[79.553072,15.676211],[79.553059,15.676093],[79.552973,15.675361],[79.553711,15.675235],[79.553486,15.67384],[79.553409,15.673854],[79.553268,15.67321],[79.553112,15.672501],[79.55171,15.672987],[79.551616,15.674886],[79.551703,15.677091],[79.551332,15.67778],[79.552267,15.677632]]]},"properties":{"lp":"1745","ac":"23.96","chaltha":"1745"}},{"type":"Feature","geometry":{"type":"Polygon","coordinates":[[[79.551478,15.673068],[79.551592,15.673028],[79.551825,15.671856],[79.552154,15.671097],[79.552232,15.670077],[79.55231,15.669049],[79.552005,15.66832],[79.551604,15.668258],[79.551756,15.669046],[79.551923,15.669911],[79.551875,15.670456],[79.551823,15.671029],[79.551765,15.671685],[79.55143,15.671768],[79.551513,15.672452],[79.551495,15.672769],[79.551478,15.673068]]]},"properties":{"lp":"1826","ac":"4.64","chaltha":"1826"}},{"type":"Feature","geometry":{"type":"Polygon","coordinates":[[[79.547147,15.685817],[79.548211,15.685603],[79.548359,15.685126],[79.547148,15.68532],[79.547147,15.685817]]]},"properties":{"lp":"1604","ac":"1.58","chaltha":"1604"}},{"type":"Feature","geometry":{"type":"Polygon","coordinates":[[[79.547148,15.68532],[79.548359,15.685126],[79.548496,15.684684],[79.548497,15.684681],[79.547917,15.684771],[79.547149,15.68489],[79.547148,15.68532]]]},"properties":{"lp":"1605","ac":"1.602","chaltha":"1605"}},{"type":"Feature","geometry":{"type":"Polygon","coordinates":[[[79.547149,15.68489],[79.547917,15.684771],[79.547871,15.684197],[79.547854,15.683975],[79.54715,15.68409],[79.547149,15.68489]]]},"properties":{"lp":"1608","ac":"1.73","chaltha":"1608"}},{"type":"Feature","geometry":{"type":"Polygon","coordinates":[[[79.547854,15.683975],[79.547871,15.684197],[79.548684,15.68408],[79.548762,15.683827],[79.548535,15.683864],[79.548081,15.683938],[79.547854,15.683975]]]},"properties":{"lp":"1607","ac":"0.587","chaltha":"1607"}},{"type":"Feature","geometry":{"type":"Polygon","coordinates":[[[79.547917,15.684771],[79.548497,15.684681],[79.548684,15.68408],[79.547871,15.684197],[79.547917,15.684771]]]},"properties":{"lp":"1606","ac":"1.177","chaltha":"1606"}},{"type":"Feature","geometry":{"type":"Polygon","coordinates":[[[79.549082,15.683036],[79.549331,15.682513],[79.549014,15.682589],[79.549082,15.683036]]]},"properties":{"lp":"1676","ac":"0.215","chaltha":"1676"}},{"type":"Feature","geometry":{"type":"Polygon","coordinates":[[[79.547166,15.682906],[79.548017,15.68276],[79.548486,15.682679],[79.549014,15.682589],[79.548958,15.682233],[79.547157,15.682543],[79.547166,15.682906]]]},"properties":{"lp":"1613","ac":"1.951","chaltha":"1613"}},{"type":"Feature","geometry":{"type":"Polygon","coordinates":[[[79.547157,15.682543],[79.548958,15.682233],[79.548948,15.682171],[79.548904,15.68189],[79.548018,15.682033],[79.547148,15.682173],[79.547157,15.682543]]]},"properties":{"lp":"1614","ac":"1.887","chaltha":"1614"}},{"type":"Feature","geometry":{"type":"Polygon","coordinates":[[[79.547148,15.682173],[79.548018,15.682033],[79.54797,15.681685],[79.547138,15.681803],[79.547148,15.682173]]]},"properties":{"lp":"1616","ac":"0.906","chaltha":"1616"}},{"type":"Feature","geometry":{"type":"Polygon","coordinates":[[[79.548018,15.682033],[79.548904,15.68189],[79.548877,15.681556],[79.54797,15.681685],[79.548018,15.682033]]]},"properties":{"lp":"1615","ac":"0.91","chaltha":"1615"}},{"type":"Feature","geometry":{"type":"Polygon","coordinates":[[[79.547082,15.681261],[79.548851,15.681018],[79.548842,15.680806],[79.548829,15.680494],[79.548534,15.680532],[79.548231,15.680571],[79.547026,15.680725],[79.547082,15.681261]]]},"properties":{"lp":"1620","ac":"2.8","chaltha":"1620"}},{"type":"Feature","geometry":{"type":"Polygon","coordinates":[[[79.54797,15.681685],[79.548877,15.681556],[79.548874,15.681507],[79.548864,15.681292],[79.547109,15.681525],[79.547138,15.681803],[79.54797,15.681685]]]},"properties":{"lp":"1618","ac":"1.401","chaltha":"1618"}},{"type":"Feature","geometry":{"type":"Polygon","coordinates":[[[79.547082,15.681261],[79.547109,15.681525],[79.548864,15.681292],[79.548857,15.681154],[79.548851,15.681018],[79.547082,15.681261]]]},"properties":{"lp":"1619","ac":"1.402","chaltha":"1619"}},{"type":"Feature","geometry":{"type":"Polygon","coordinates":[[[79.546789,15.678617],[79.54685,15.679029],[79.547778,15.678881],[79.548072,15.678835],[79.548395,15.678783],[79.548707,15.678734],[79.548684,15.678505],[79.548633,15.67829],[79.548307,15.678351],[79.547521,15.678489],[79.546789,15.678617]]]},"properties":{"lp":"1629","ac":"2.384","chaltha":"1629"}},{"type":"Feature","geometry":{"type":"Polygon","coordinates":[[[79.546789,15.678617],[79.547521,15.678489],[79.547392,15.677874],[79.547171,15.677919],[79.546674,15.678021],[79.546725,15.678296],[79.546789,15.678617]]]},"properties":{"lp":"1630","ac":"1.337","chaltha":"1630"}},{"type":"Feature","geometry":{"type":"Polygon","coordinates":[[[79.547521,15.678489],[79.548307,15.678351],[79.548147,15.67772],[79.547676,15.677816],[79.547392,15.677874],[79.547521,15.678489]]]},"properties":{"lp":"1631","ac":"1.47","chaltha":"1631"}},{"type":"Feature","geometry":{"type":"Polygon","coordinates":[[[79.548307,15.678351],[79.548633,15.67829],[79.548684,15.678505],[79.549173,15.678407],[79.548959,15.677574],[79.548879,15.677588],[79.548512,15.677654],[79.548147,15.67772],[79.548307,15.678351]]]},"properties":{"lp":"1632","ac":"1.881","chaltha":"1632"}},{"type":"Feature","geometry":{"type":"Polygon","coordinates":[[[79.549173,15.678407],[79.549871,15.678267],[79.549752,15.67786],[79.549633,15.677452],[79.548959,15.677574],[79.549173,15.678407]]]},"properties":{"lp":"1633","ac":"1.742","chaltha":"1633"}},{"type":"Feature","geometry":{"type":"Polygon","coordinates":[[[79.547171,15.677919],[79.547392,15.677874],[79.547676,15.677816],[79.547532,15.677199],[79.547529,15.677199],[79.547517,15.677202],[79.547349,15.677242],[79.547032,15.677317],[79.547171,15.677919]]]},"properties":{"lp":"1756","ac":"0.943","chaltha":"1756"}},{"type":"Feature","geometry":{"type":"Polygon","coordinates":[[[79.547676,15.677816],[79.548147,15.67772],[79.547993,15.677089],[79.547532,15.677199],[79.547676,15.677816]]]},"properties":{"lp":"1755","ac":"0.897","chaltha":"1755"}},{"type":"Feature","geometry":{"type":"Polygon","coordinates":[[[79.548147,15.67772],[79.548512,15.677654],[79.548367,15.677024],[79.548187,15.677056],[79.547993,15.677089],[79.548147,15.67772]]]},"properties":{"lp":"1754","ac":"0.711","chaltha":"1754"}},{"type":"Feature","geometry":{"type":"Polygon","coordinates":[[[79.548512,15.677654],[79.548879,15.677588],[79.548739,15.67696],[79.548367,15.677024],[79.548512,15.677654]]]},"properties":{"lp":"1753","ac":"0.708","chaltha":"1753"}},{"type":"Feature","geometry":{"type":"Polygon","coordinates":[[[79.548879,15.677588],[79.548959,15.677574],[79.549633,15.677452],[79.54946,15.676827],[79.549226,15.676875],[79.548832,15.676944],[79.548739,15.67696],[79.548879,15.677588]]]},"properties":{"lp":"1752","ac":"1.41","chaltha":"1752"}},{"type":"Feature","geometry":{"type":"Polygon","coordinates":[[[79.546223,15.676063],[79.546226,15.676075],[79.546895,15.675946],[79.546799,15.675143],[79.546703,15.674334],[79.546136,15.674449],[79.546079,15.675066],[79.546223,15.676063]]]},"properties":{"lp":"1782","ac":"3.203","chaltha":"1782"}},{"type":"Feature","geometry":{"type":"Polygon","coordinates":[[[79.547347,15.674203],[79.547417,15.674939],[79.548014,15.674821],[79.548167,15.675666],[79.548571,15.675541],[79.548677,15.675513],[79.548663,15.675378],[79.548737,15.675362],[79.548742,15.675084],[79.548749,15.674777],[79.548761,15.674187],[79.548736,15.673955],[79.548046,15.674061],[79.547347,15.674203]]]},"properties":{"lp":"1779","ac":"4.585","chaltha":"1779"}},{"type":"Feature","geometry":{"type":"Polygon","coordinates":[[[79.547417,15.674939],[79.547347,15.674203],[79.547104,15.674252],[79.546703,15.674334],[79.546799,15.675143],[79.547428,15.675022],[79.547417,15.674939]]]},"properties":{"lp":"1781","ac":"1.548","chaltha":"1781"}},{"type":"Feature","geometry":{"type":"Polygon","coordinates":[[[79.546895,15.675946],[79.547895,15.675751],[79.548167,15.675666],[79.548014,15.674821],[79.547417,15.674939],[79.547428,15.675022],[79.546799,15.675143],[79.546895,15.675946]]]},"properties":{"lp":"1780","ac":"3.153","chaltha":"1780"}},{"type":"Feature","geometry":{"type":"Polygon","coordinates":[[[79.548046,15.674061],[79.548736,15.673955],[79.54901,15.673915],[79.548961,15.673556],[79.54889,15.673013],[79.54886,15.672832],[79.548717,15.672857],[79.547896,15.673034],[79.547971,15.673546],[79.548046,15.674061]]]},"properties":{"lp":"1800","ac":"3.067","chaltha":"1800"}},{"type":"Feature","geometry":{"type":"Polygon","coordinates":[[[79.545495,15.671283],[79.545934,15.672418],[79.546453,15.672306],[79.546302,15.671574],[79.546207,15.671114],[79.545495,15.671283]]]},"properties":{"lp":"1786","ac":"2.238","chaltha":"1786"}},{"type":"Feature","geometry":{"type":"Polygon","coordinates":[[[79.546453,15.672306],[79.547212,15.672142],[79.547061,15.671416],[79.546302,15.671574],[79.546453,15.672306]]]},"properties":{"lp":"1794","ac":"1.692","chaltha":"1794"}},{"type":"Feature","geometry":{"type":"Polygon","coordinates":[[[79.545253,15.6709],[79.545495,15.671283],[79.546207,15.671114],[79.546322,15.671086],[79.546261,15.670831],[79.546221,15.670666],[79.545253,15.6709]]]},"properties":{"lp":"1787","ac":"1.165","chaltha":"1787"}},{"type":"Feature","geometry":{"type":"Polygon","coordinates":[[[79.545253,15.6709],[79.546221,15.670666],[79.546119,15.670236],[79.545006,15.670509],[79.545253,15.6709]]]},"properties":{"lp":"1788","ac":"1.381","chaltha":"1788"}},{"type":"Feature","geometry":{"type":"Polygon","coordinates":[[[79.548249,15.668574],[79.548236,15.668971],[79.549099,15.668773],[79.54889,15.667324],[79.548542,15.667422],[79.548249,15.668574]]]},"properties":{"lp":"1842","ac":"2.788","chaltha":"1842"}},{"type":"Feature","geometry":{"type":"Polygon","coordinates":[[[79.548325,15.670678],[79.548295,15.67011],[79.548266,15.669547],[79.548256,15.669358],[79.547407,15.66954],[79.547458,15.669787],[79.547613,15.669751],[79.547733,15.670524],[79.547845,15.671251],[79.547873,15.671428],[79.548358,15.671308],[79.548325,15.670678]]]},"properties":{"lp":"1844","ac":"3.511","chaltha":"1844"}},{"type":"Feature","geometry":{"type":"Polygon","coordinates":[[[79.545006,15.670509],[79.546119,15.670236],[79.546101,15.670155],[79.545992,15.669672],[79.545251,15.66986],[79.544727,15.669994],[79.545006,15.670509]]]},"properties":{"lp":"1846","ac":"2.058","chaltha":"1846"}},{"type":"Feature","geometry":{"type":"Polygon","coordinates":[[[79.545854,15.669068],[79.545868,15.669121],[79.545977,15.669603],[79.547357,15.669298],[79.547252,15.668789],[79.545854,15.669068]]]},"properties":{"lp":"1849","ac":"2.221","chaltha":"1849"}},{"type":"Feature","geometry":{"type":"Polygon","coordinates":[[[79.545992,15.669672],[79.546101,15.670155],[79.547458,15.669787],[79.547407,15.66954],[79.547357,15.669298],[79.545977,15.669603],[79.545992,15.669672]]]},"properties":{"lp":"1845","ac":"2.196","chaltha":"1845"}},{"type":"Feature","geometry":{"type":"Polygon","coordinates":[[[79.545524,15.686176],[79.545409,15.686636],[79.545411,15.686872],[79.547034,15.686632],[79.547015,15.685951],[79.545524,15.686176]]]},"properties":{"lp":"2033","ac":"3.149","chaltha":"2033"}},{"type":"Feature","geometry":{"type":"Polygon","coordinates":[[[79.545411,15.686872],[79.545413,15.687091],[79.545404,15.687273],[79.546237,15.687168],[79.546261,15.68758],[79.547057,15.687463],[79.547034,15.686632],[79.545411,15.686872]]]},"properties":{"lp":"2034","ac":"2.952","chaltha":"2034"}},{"type":"Feature","geometry":{"type":"Polygon","coordinates":[[[79.546261,15.68758],[79.546274,15.687793],[79.547063,15.687685],[79.547057,15.687463],[79.546261,15.68758]]]},"properties":{"lp":"2038","ac":"0.508","chaltha":"2038"}},{"type":"Feature","geometry":{"type":"Polygon","coordinates":[[[79.545334,15.688819],[79.546328,15.688687],[79.546315,15.68846],[79.546437,15.688446],[79.546565,15.68843],[79.546697,15.688414],[79.547082,15.688367],[79.547063,15.687685],[79.546274,15.687793],[79.546285,15.687964],[79.546307,15.688334],[79.545351,15.688453],[79.545334,15.688819]]]},"properties":{"lp":"2039","ac":"2.576","chaltha":"2039"}},{"type":"Feature","geometry":{"type":"Polygon","coordinates":[[[79.545368,15.688073],[79.545351,15.688453],[79.546307,15.688334],[79.546285,15.687964],[79.545368,15.688073]]]},"properties":{"lp":"2037","ac":"1.03","chaltha":"2037"}},{"type":"Feature","geometry":{"type":"Polygon","coordinates":[[[79.546261,15.68758],[79.545386,15.687677],[79.545368,15.688073],[79.546285,15.687964],[79.546274,15.687793],[79.546261,15.68758]]]},"properties":{"lp":"2036","ac":"1.025","chaltha":"2036"}},{"type":"Feature","geometry":{"type":"Polygon","coordinates":[[[79.545386,15.687677],[79.546261,15.68758],[79.546237,15.687168],[79.545404,15.687273],[79.545386,15.687677]]]},"properties":{"lp":"2035","ac":"1.023","chaltha":"2035"}},{"type":"Feature","geometry":{"type":"Polygon","coordinates":[[[79.545702,15.684508],[79.545751,15.685166],[79.545763,15.685326],[79.54703,15.68514],[79.547047,15.684306],[79.545943,15.684463],[79.545702,15.684508]]]},"properties":{"lp":"2027","ac":"3.191","chaltha":"2027"}},{"type":"Feature","geometry":{"type":"Polygon","coordinates":[[[79.545524,15.686176],[79.547015,15.685951],[79.547022,15.685568],[79.545693,15.685763],[79.545524,15.686176]]]},"properties":{"lp":"2029","ac":"1.59","chaltha":"2029"}},{"type":"Feature","geometry":{"type":"Polygon","coordinates":[[[79.545693,15.685763],[79.547022,15.685568],[79.54703,15.68514],[79.545763,15.685326],[79.545779,15.685553],[79.545693,15.685763]]]},"properties":{"lp":"2028","ac":"1.59","chaltha":"2028"}},{"type":"Feature","geometry":{"type":"Polygon","coordinates":[[[79.545688,15.682668],[79.545733,15.682951],[79.547042,15.682679],[79.54705,15.682386],[79.545688,15.682668]]]},"properties":{"lp":"2023","ac":"1.143","chaltha":"2023"}},{"type":"Feature","geometry":{"type":"Polygon","coordinates":[[[79.545733,15.682951],[79.54578,15.683238],[79.547033,15.682986],[79.547034,15.682912],[79.547042,15.682679],[79.545733,15.682951]]]},"properties":{"lp":"2024","ac":"1.127","chaltha":"2024"}},{"type":"Feature","geometry":{"type":"Polygon","coordinates":[[[79.54578,15.683238],[79.545818,15.683476],[79.545866,15.683853],[79.54704,15.683655],[79.547033,15.682986],[79.54578,15.683238]]]},"properties":{"lp":"2025","ac":"2.312","chaltha":"2025"}},{"type":"Feature","geometry":{"type":"Polygon","coordinates":[[[79.545943,15.684463],[79.547047,15.684306],[79.54704,15.683655],[79.545866,15.683853],[79.545943,15.684463]]]},"properties":{"lp":"2026","ac":"2.127","chaltha":"2026"}},{"type":"Feature","geometry":{"type":"Polygon","coordinates":[[[79.545688,15.682668],[79.54705,15.682386],[79.547003,15.681303],[79.546615,15.681375],[79.546242,15.681446],[79.54605,15.681482],[79.545858,15.681518],[79.545459,15.681593],[79.545526,15.681922],[79.54561,15.682334],[79.545635,15.682454],[79.545688,15.682668]]]},"properties":{"lp":"2022","ac":"4.723","chaltha":"2022"}},{"type":"Feature","geometry":{"type":"Polygon","coordinates":[[[79.543972,15.683793],[79.544331,15.683729],[79.5451,15.683593],[79.545818,15.683476],[79.54578,15.683238],[79.545733,15.682951],[79.545688,15.682668],[79.545635,15.682454],[79.54418,15.682676],[79.54416,15.682564],[79.544114,15.6823],[79.543998,15.682317],[79.543672,15.682377],[79.543972,15.683793]]]},"properties":{"lp":"2006","ac":"6.343","chaltha":"2006"}},{"type":"Feature","geometry":{"type":"Polygon","coordinates":[[[79.542795,15.684004],[79.543353,15.683904],[79.543039,15.682505],[79.542416,15.682631],[79.542438,15.682971],[79.542649,15.683628],[79.542745,15.683925],[79.542795,15.684004]]]},"properties":{"lp":"2004","ac":"2.691","chaltha":"2004"}},{"type":"Feature","geometry":{"type":"Polygon","coordinates":[[[79.543353,15.683904],[79.543972,15.683793],[79.543672,15.682377],[79.543039,15.682505],[79.543353,15.683904]]]},"properties":{"lp":"2005","ac":"2.689","chaltha":"2005"}},{"type":"Feature","geometry":{"type":"Polygon","coordinates":[[[79.541977,15.679795],[79.542048,15.680383],[79.542747,15.680261],[79.542815,15.680249],[79.542694,15.679524],[79.542354,15.679604],[79.541996,15.679688],[79.541977,15.679795]]]},"properties":{"lp":"1976","ac":"1.589","chaltha":"1976"}},{"type":"Feature","geometry":{"type":"Polygon","coordinates":[[[79.543535,15.680117],[79.543494,15.679918],[79.543455,15.679728],[79.543379,15.679362],[79.542721,15.679517],[79.542694,15.679524],[79.542815,15.680249],[79.543535,15.680117]]]},"properties":{"lp":"1975","ac":"1.583","chaltha":"1975"}},{"type":"Feature","geometry":{"type":"Polygon","coordinates":[[[79.542278,15.681893],[79.543068,15.681749],[79.542947,15.681002],[79.542135,15.681112],[79.542138,15.681139],[79.542222,15.681593],[79.542278,15.681893]]]},"properties":{"lp":"1973","ac":"1.847","chaltha":"1973"}},{"type":"Feature","geometry":{"type":"Polygon","coordinates":[[[79.543068,15.681749],[79.543078,15.681747],[79.543878,15.681601],[79.543849,15.68143],[79.543844,15.6814],[79.543823,15.681273],[79.543762,15.680911],[79.543697,15.6809],[79.542947,15.681002],[79.543068,15.681749]]]},"properties":{"lp":"1972","ac":"1.775","chaltha":"1972"}},{"type":"Feature","geometry":{"type":"Polygon","coordinates":[[[79.54418,15.682676],[79.545635,15.682454],[79.54561,15.682334],[79.54416,15.682564],[79.54418,15.682676]]]},"properties":{"lp":"2007","ac":"0.51","chaltha":"2007"}},{"type":"Feature","geometry":{"type":"Polygon","coordinates":[[[79.54416,15.682564],[79.54561,15.682334],[79.545526,15.681922],[79.543979,15.682201],[79.543998,15.682317],[79.544114,15.6823],[79.54416,15.682564]]]},"properties":{"lp":"2008","ac":"1.775","chaltha":"2008"}},{"type":"Feature","geometry":{"type":"Polygon","coordinates":[[[79.543979,15.682201],[79.545526,15.681922],[79.545459,15.681593],[79.54545,15.681533],[79.543914,15.681817],[79.543931,15.681919],[79.543979,15.682201]]]},"properties":{"lp":"2009","ac":"1.802","chaltha":"2009"}},{"type":"Feature","geometry":{"type":"Polygon","coordinates":[[[79.546871,15.680088],[79.546801,15.679212],[79.545868,15.679374],[79.545853,15.679377],[79.545992,15.680229],[79.54608,15.680215],[79.546467,15.680153],[79.546871,15.680088]]]},"properties":{"lp":"2013","ac":"2.359","chaltha":"2013"}},{"type":"Feature","geometry":{"type":"Polygon","coordinates":[[[79.545047,15.680382],[79.545281,15.680343],[79.545992,15.680229],[79.545853,15.679377],[79.545546,15.67943],[79.545471,15.678978],[79.544849,15.679077],[79.544855,15.679118],[79.544866,15.6792],[79.544905,15.679482],[79.544913,15.679539],[79.544936,15.679682],[79.544967,15.679875],[79.545047,15.680382]]]},"properties":{"lp":"1963","ac":"3.264","chaltha":"1963"}},{"type":"Feature","geometry":{"type":"Polygon","coordinates":[[[79.545281,15.680343],[79.545367,15.68095],[79.54577,15.680881],[79.545965,15.680848],[79.546159,15.680815],[79.54608,15.680215],[79.545992,15.680229],[79.545281,15.680343]]]},"properties":{"lp":"2016","ac":"1.44","chaltha":"2016"}},{"type":"Feature","geometry":{"type":"Polygon","coordinates":[[[79.545459,15.681593],[79.545858,15.681518],[79.54577,15.680881],[79.545367,15.68095],[79.545372,15.680984],[79.545395,15.681144],[79.54545,15.681533],[79.545459,15.681593]]]},"properties":{"lp":"2017","ac":"0.77","chaltha":"2017"}},{"type":"Feature","geometry":{"type":"Polygon","coordinates":[[[79.545858,15.681518],[79.54605,15.681482],[79.545965,15.680848],[79.54577,15.680881],[79.545858,15.681518]]]},"properties":{"lp":"2018","ac":"0.369","chaltha":"2018"}},{"type":"Feature","geometry":{"type":"Polygon","coordinates":[[[79.54605,15.681482],[79.546242,15.681446],[79.546163,15.680844],[79.546159,15.680815],[79.545965,15.680848],[79.54605,15.681482]]]},"properties":{"lp":"2019","ac":"0.366","chaltha":"2019"}},{"type":"Feature","geometry":{"type":"Polygon","coordinates":[[[79.546242,15.681446],[79.546615,15.681375],[79.546542,15.680785],[79.546163,15.680844],[79.546242,15.681446]]]},"properties":{"lp":"2020","ac":"0.671","chaltha":"2020"}},{"type":"Feature","geometry":{"type":"Polygon","coordinates":[[[79.546615,15.681375],[79.547003,15.681303],[79.546931,15.680743],[79.546929,15.68072],[79.546542,15.680781],[79.546542,15.680785],[79.546615,15.681375]]]},"properties":{"lp":"2021","ac":"0.682","chaltha":"2021"}},{"type":"Feature","geometry":{"type":"Polygon","coordinates":[[[79.546163,15.680844],[79.546542,15.680785],[79.546542,15.680781],[79.546467,15.680153],[79.54608,15.680215],[79.546159,15.680815],[79.546163,15.680844]]]},"properties":{"lp":"2015","ac":"0.722","chaltha":"2015"}},{"type":"Feature","geometry":{"type":"Polygon","coordinates":[[[79.546542,15.680781],[79.546929,15.68072],[79.546871,15.680088],[79.546467,15.680153],[79.546542,15.680781]]]},"properties":{"lp":"2014","ac":"0.744","chaltha":"2014"}},{"type":"Feature","geometry":{"type":"Polygon","coordinates":[[[79.544855,15.679118],[79.544116,15.67924],[79.543379,15.679362],[79.543455,15.679728],[79.544905,15.679482],[79.544866,15.6792],[79.544855,15.679118]]]},"properties":{"lp":"1966","ac":"1.612","chaltha":"1966"}},{"type":"Feature","geometry":{"type":"Polygon","coordinates":[[[79.543535,15.680117],[79.544967,15.679875],[79.544936,15.679682],[79.543494,15.679918],[79.543535,15.680117]]]},"properties":{"lp":"1968","ac":"0.849","chaltha":"1968"}},{"type":"Feature","geometry":{"type":"Polygon","coordinates":[[[79.543494,15.679918],[79.544936,15.679682],[79.544913,15.679539],[79.544905,15.679482],[79.543455,15.679728],[79.543494,15.679918]]]},"properties":{"lp":"1967","ac":"0.852","chaltha":"1967"}},{"type":"Feature","geometry":{"type":"Polygon","coordinates":[[[79.543379,15.679362],[79.544116,15.67924],[79.544012,15.678651],[79.54334,15.678777],[79.543269,15.678792],[79.543379,15.679362]]]},"properties":{"lp":"1965","ac":"1.299","chaltha":"1965"}},{"type":"Feature","geometry":{"type":"Polygon","coordinates":[[[79.544116,15.67924],[79.544855,15.679118],[79.544849,15.679077],[79.544779,15.67857],[79.54411,15.678633],[79.544012,15.678651],[79.544116,15.67924]]]},"properties":{"lp":"1964","ac":"1.289","chaltha":"1964"}},{"type":"Feature","geometry":{"type":"Polygon","coordinates":[[[79.545751,15.685166],[79.544511,15.685378],[79.544554,15.685649],[79.544797,15.687158],[79.545413,15.687091],[79.545411,15.686872],[79.545409,15.686636],[79.545524,15.686176],[79.545693,15.685763],[79.545779,15.685553],[79.545763,15.685326],[79.545751,15.685166]]]},"properties":{"lp":"2032","ac":"4.98","chaltha":"2032"}},{"type":"Feature","geometry":{"type":"Polygon","coordinates":[[[79.544511,15.685378],[79.545751,15.685166],[79.545702,15.684508],[79.545247,15.684582],[79.544503,15.684729],[79.54441,15.684748],[79.544511,15.685378]]]},"properties":{"lp":"2031","ac":"2.459","chaltha":"2031"}},{"type":"Feature","geometry":{"type":"Polygon","coordinates":[[[79.545247,15.684582],[79.545702,15.684508],[79.545943,15.684463],[79.545866,15.683853],[79.545818,15.683476],[79.5451,15.683593],[79.545247,15.684582]]]},"properties":{"lp":"2030","ac":"2.097","chaltha":"2030"}},{"type":"Feature","geometry":{"type":"Polygon","coordinates":[[[79.542916,15.685059],[79.543058,15.685863],[79.543222,15.685839],[79.543572,15.685789],[79.544554,15.685649],[79.544511,15.685378],[79.54441,15.684748],[79.542916,15.685059]]]},"properties":{"lp":"2073","ac":"3.845","chaltha":"2073"}},{"type":"Feature","geometry":{"type":"Polygon","coordinates":[[[79.543138,15.68712],[79.543806,15.687205],[79.543696,15.686539],[79.543677,15.686422],[79.543676,15.686419],[79.543313,15.68646],[79.542927,15.686504],[79.542944,15.686807],[79.543138,15.68712]]]},"properties":{"lp":"2068","ac":"1.536","chaltha":"2068"}},{"type":"Feature","geometry":{"type":"Polygon","coordinates":[[[79.542927,15.686504],[79.543313,15.68646],[79.543222,15.685839],[79.543058,15.685863],[79.542891,15.685883],[79.542927,15.686504]]]},"properties":{"lp":"2069","ac":"0.659","chaltha":"2069"}},{"type":"Feature","geometry":{"type":"Polygon","coordinates":[[[79.543313,15.68646],[79.543676,15.686419],[79.543677,15.686422],[79.543572,15.685789],[79.543222,15.685839],[79.543313,15.68646]]]},"properties":{"lp":"2070","ac":"0.667","chaltha":"2070"}},{"type":"Feature","geometry":{"type":"Polygon","coordinates":[[[79.544069,15.686471],[79.544185,15.687221],[79.544797,15.687158],[79.544554,15.685649],[79.543572,15.685789],[79.543677,15.686422],[79.543696,15.686539],[79.544069,15.686471]]]},"properties":{"lp":"2072","ac":"3.553","chaltha":"2072"}},{"type":"Feature","geometry":{"type":"Polygon","coordinates":[[[79.543806,15.687205],[79.544045,15.687235],[79.544185,15.687221],[79.544069,15.686471],[79.543696,15.686539],[79.543806,15.687205]]]},"properties":{"lp":"2071","ac":"0.8","chaltha":"2071"}},{"type":"Feature","geometry":{"type":"Polygon","coordinates":[[[79.542916,15.685059],[79.54441,15.684748],[79.544503,15.684729],[79.544331,15.683729],[79.543972,15.683793],[79.543353,15.683904],[79.542795,15.684004],[79.542916,15.685059]]]},"properties":{"lp":"2075","ac":"4.831","chaltha":"2075"}},{"type":"Feature","geometry":{"type":"Polygon","coordinates":[[[79.544503,15.684729],[79.545247,15.684582],[79.5451,15.683593],[79.544331,15.683729],[79.544503,15.684729]]]},"properties":{"lp":"2074","ac":"2.272","chaltha":"2074"}},{"type":"Feature","geometry":{"type":"Polygon","coordinates":[[[79.542944,15.686807],[79.542927,15.686504],[79.542891,15.685883],[79.543058,15.685863],[79.542916,15.685059],[79.542795,15.684004],[79.542745,15.683925],[79.542618,15.683953],[79.542645,15.684257],[79.542677,15.684613],[79.54271,15.684974],[79.542713,15.685018],[79.542809,15.685338],[79.542883,15.685588],[79.542659,15.685947],[79.542677,15.68612],[79.542769,15.686974],[79.542944,15.686807]]]},"properties":{"lp":"2076","ac":"1.684","chaltha":"2076"}},{"type":"Feature","geometry":{"type":"Polygon","coordinates":[[[79.542721,15.679517],[79.543379,15.679362],[79.543269,15.678792],[79.54334,15.678777],[79.543302,15.678536],[79.54259,15.678645],[79.542617,15.678891],[79.542623,15.678926],[79.542721,15.679517]]]},"properties":{"lp":"1931","ac":"1.714","chaltha":"1931"}},{"type":"Feature","geometry":{"type":"Polygon","coordinates":[[[79.54259,15.678645],[79.543302,15.678536],[79.543253,15.678224],[79.543236,15.67812],[79.542543,15.678223],[79.542558,15.678359],[79.54259,15.678645]]]},"properties":{"lp":"1932","ac":"0.88","chaltha":"1932"}},{"type":"Feature","geometry":{"type":"Polygon","coordinates":[[[79.542543,15.678223],[79.543236,15.67812],[79.543169,15.677694],[79.542495,15.67779],[79.542543,15.678223]]]},"properties":{"lp":"1933","ac":"0.878","chaltha":"1933"}},{"type":"Feature","geometry":{"type":"Polygon","coordinates":[[[79.541816,15.677886],[79.541878,15.678454],[79.542558,15.678359],[79.542543,15.678223],[79.542495,15.67779],[79.542468,15.677793],[79.541816,15.677886]]]},"properties":{"lp":"1927","ac":"1.151","chaltha":"1927"}},{"type":"Feature","geometry":{"type":"Polygon","coordinates":[[[79.541609,15.675928],[79.541674,15.676591],[79.543148,15.676394],[79.543117,15.676218],[79.543019,15.675673],[79.542728,15.67572],[79.541609,15.675928]]]},"properties":{"lp":"1937","ac":"3.0","chaltha":"1937"}},{"type":"Feature","geometry":{"type":"Polygon","coordinates":[[[79.541674,15.676591],[79.541711,15.676927],[79.543019,15.676782],[79.543216,15.676771],[79.543148,15.676394],[79.541674,15.676591]]]},"properties":{"lp":"1936","ac":"1.565","chaltha":"1936"}},{"type":"Feature","geometry":{"type":"Polygon","coordinates":[[[79.542395,15.677325],[79.542468,15.677793],[79.542495,15.67779],[79.543169,15.677694],[79.54314,15.677521],[79.543019,15.676782],[79.541711,15.676927],[79.541763,15.677406],[79.542395,15.677325]]]},"properties":{"lp":"1935","ac":"2.801","chaltha":"1935"}},{"type":"Feature","geometry":{"type":"Polygon","coordinates":[[[79.542468,15.677793],[79.542395,15.677325],[79.541763,15.677406],[79.541816,15.677886],[79.542468,15.677793]]]},"properties":{"lp":"1934","ac":"0.908","chaltha":"1934"}},{"type":"Feature","geometry":{"type":"Polygon","coordinates":[[[79.543852,15.676688],[79.543911,15.676681],[79.543833,15.676102],[79.543117,15.676218],[79.543148,15.676394],[79.543216,15.676771],[79.543852,15.676688]]]},"properties":{"lp":"1938","ac":"1.197","chaltha":"1938"}},{"type":"Feature","geometry":{"type":"Polygon","coordinates":[[[79.543117,15.676218],[79.543833,15.676102],[79.543806,15.675899],[79.543755,15.675524],[79.543019,15.675673],[79.543117,15.676218]]]},"properties":{"lp":"1939","ac":"1.229","chaltha":"1939"}},{"type":"Feature","geometry":{"type":"Polygon","coordinates":[[[79.542728,15.67572],[79.543019,15.675673],[79.543755,15.675524],[79.543708,15.675128],[79.543564,15.675149],[79.542667,15.675292],[79.542728,15.67572]]]},"properties":{"lp":"1940","ac":"1.292","chaltha":"1940"}},{"type":"Feature","geometry":{"type":"Polygon","coordinates":[[[79.543755,15.675524],[79.544526,15.67537],[79.544473,15.674926],[79.543554,15.675084],[79.543564,15.675149],[79.543708,15.675128],[79.543755,15.675524]]]},"properties":{"lp":"1941","ac":"1.081","chaltha":"1941"}},{"type":"Feature","geometry":{"type":"Polygon","coordinates":[[[79.544526,15.67537],[79.544608,15.675354],[79.545306,15.675217],[79.54517,15.6744],[79.544937,15.674444],[79.544468,15.674533],[79.544428,15.674541],[79.544473,15.674926],[79.544526,15.67537]]]},"properties":{"lp":"1942","ac":"1.885","chaltha":"1942"}},{"type":"Feature","geometry":{"type":"Polygon","coordinates":[[[79.545306,15.675217],[79.546031,15.675074],[79.54608,15.674227],[79.54517,15.6744],[79.545306,15.675217]]]},"properties":{"lp":"1943","ac":"2.015","chaltha":"1943"}},{"type":"Feature","geometry":{"type":"Polygon","coordinates":[[[79.543943,15.677344],[79.544916,15.677147],[79.544896,15.677006],[79.54481,15.676512],[79.543911,15.676681],[79.543852,15.676688],[79.543943,15.677344]]]},"properties":{"lp":"1947","ac":"1.878","chaltha":"1947"}},{"type":"Feature","geometry":{"type":"Polygon","coordinates":[[[79.543911,15.676681],[79.54481,15.676512],[79.544802,15.676467],[79.544706,15.675917],[79.544703,15.6759],[79.544677,15.675748],[79.543806,15.675899],[79.543833,15.676102],[79.543911,15.676681]]]},"properties":{"lp":"1949","ac":"2.06","chaltha":"1949"}},{"type":"Feature","geometry":{"type":"Polygon","coordinates":[[[79.544677,15.675748],[79.544608,15.675354],[79.544526,15.67537],[79.543755,15.675524],[79.543806,15.675899],[79.544677,15.675748]]]},"properties":{"lp":"1948","ac":"1.0","chaltha":"1948"}},{"type":"Feature","geometry":{"type":"Polygon","coordinates":[[[79.54411,15.678633],[79.544041,15.6781],[79.543253,15.678224],[79.543302,15.678536],[79.54334,15.678777],[79.544012,15.678651],[79.54411,15.678633]]]},"properties":{"lp":"1952","ac":"1.27","chaltha":"1952"}},{"type":"Feature","geometry":{"type":"Polygon","coordinates":[[[79.543253,15.678224],[79.544041,15.6781],[79.544028,15.678004],[79.543985,15.677671],[79.543949,15.67739],[79.54314,15.677521],[79.543169,15.677694],[79.543236,15.67812],[79.543253,15.678224]]]},"properties":{"lp":"1951","ac":"1.69","chaltha":"1951"}},{"type":"Feature","geometry":{"type":"Polygon","coordinates":[[[79.54314,15.677521],[79.543949,15.67739],[79.543943,15.677344],[79.543852,15.676688],[79.543216,15.676771],[79.543019,15.676782],[79.54314,15.677521]]]},"properties":{"lp":"1950","ac":"1.755","chaltha":"1950"}},{"type":"Feature","geometry":{"type":"Polygon","coordinates":[[[79.544028,15.678004],[79.544041,15.6781],[79.54411,15.678633],[79.544779,15.67857],[79.54572,15.678441],[79.546667,15.67831],[79.546484,15.677502],[79.545762,15.677646],[79.54504,15.677789],[79.545056,15.677869],[79.544028,15.678004]]]},"properties":{"lp":"1959","ac":"5.426","chaltha":"1959"}},{"type":"Feature","geometry":{"type":"Polygon","coordinates":[[[79.545762,15.677646],[79.546484,15.677502],[79.546296,15.676688],[79.545612,15.676843],[79.545691,15.677266],[79.545762,15.677646]]]},"properties":{"lp":"1958","ac":"1.738","chaltha":"1958"}},{"type":"Feature","geometry":{"type":"Polygon","coordinates":[[[79.543943,15.677344],[79.543949,15.67739],[79.543985,15.677671],[79.544988,15.67752],[79.544964,15.677393],[79.544916,15.677147],[79.543943,15.677344]]]},"properties":{"lp":"1954","ac":"1.043","chaltha":"1954"}},{"type":"Feature","geometry":{"type":"Polygon","coordinates":[[[79.544028,15.678004],[79.545056,15.677869],[79.54504,15.677789],[79.544988,15.67752],[79.543985,15.677671],[79.544028,15.678004]]]},"properties":{"lp":"1953","ac":"1.038","chaltha":"1953"}},{"type":"Feature","geometry":{"type":"Polygon","coordinates":[[[79.543418,15.674293],[79.543456,15.674503],[79.543496,15.674718],[79.544428,15.674541],[79.544468,15.674533],[79.544937,15.674444],[79.544833,15.674026],[79.544764,15.673751],[79.543372,15.674046],[79.543418,15.674293]]]},"properties":{"lp":"1900","ac":"2.957","chaltha":"1900"}},{"type":"Feature","geometry":{"type":"Polygon","coordinates":[[[79.544937,15.674444],[79.54517,15.6744],[79.54608,15.674227],[79.546055,15.673805],[79.544833,15.674026],[79.544937,15.674444]]]},"properties":{"lp":"1899","ac":"1.497","chaltha":"1899"}},{"type":"Feature","geometry":{"type":"Polygon","coordinates":[[[79.544833,15.674026],[79.546055,15.673805],[79.546031,15.673387],[79.544746,15.673651],[79.544764,15.673751],[79.544833,15.674026]]]},"properties":{"lp":"1898","ac":"1.499","chaltha":"1898"}},{"type":"Feature","geometry":{"type":"Polygon","coordinates":[[[79.544746,15.673651],[79.546031,15.673387],[79.545961,15.67294],[79.544663,15.673194],[79.544746,15.673651]]]},"properties":{"lp":"1897","ac":"1.771","chaltha":"1897"}},{"type":"Feature","geometry":{"type":"Polygon","coordinates":[[[79.545961,15.67294],[79.545882,15.672438],[79.545012,15.67262],[79.545034,15.672873],[79.544625,15.672985],[79.544663,15.673194],[79.545961,15.67294]]]},"properties":{"lp":"1896","ac":"1.604","chaltha":"1896"}},{"type":"Feature","geometry":{"type":"Polygon","coordinates":[[[79.543888,15.673187],[79.544625,15.672985],[79.545034,15.672873],[79.545012,15.67262],[79.54478,15.671463],[79.544731,15.671437],[79.543588,15.671727],[79.543614,15.671856],[79.543743,15.672482],[79.543888,15.673187]]]},"properties":{"lp":"1894","ac":"5.266","chaltha":"1894"}},{"type":"Feature","geometry":{"type":"Polygon","coordinates":[[[79.545012,15.67262],[79.545882,15.672438],[79.545429,15.671302],[79.54478,15.671463],[79.545012,15.67262]]]},"properties":{"lp":"1893","ac":"2.723","chaltha":"1893"}},{"type":"Feature","geometry":{"type":"Polygon","coordinates":[[[79.544731,15.671437],[79.54478,15.671463],[79.545429,15.671302],[79.545185,15.670913],[79.544632,15.671048],[79.544731,15.671437]]]},"properties":{"lp":"1892","ac":"0.817","chaltha":"1892"}},{"type":"Feature","geometry":{"type":"Polygon","coordinates":[[[79.54458,15.670619],[79.544943,15.670527],[79.544583,15.670008],[79.544436,15.67005],[79.54458,15.670619]]]},"properties":{"lp":"1890","ac":"0.456","chaltha":"1890"}},{"type":"Feature","geometry":{"type":"Polygon","coordinates":[[[79.544436,15.67005],[79.544583,15.670008],[79.544335,15.669649],[79.544436,15.67005]]]},"properties":{"lp":"1889","ac":"0.093","chaltha":"1889"}},{"type":"Feature","geometry":{"type":"Polygon","coordinates":[[[79.542336,15.674503],[79.542346,15.67461],[79.542555,15.674568],[79.542567,15.674646],[79.543456,15.674503],[79.543418,15.674293],[79.542336,15.674503]]]},"properties":{"lp":"1902","ac":"0.588","chaltha":"1902"}},{"type":"Feature","geometry":{"type":"Polygon","coordinates":[[[79.541609,15.675928],[79.542728,15.67572],[79.542667,15.675292],[79.54262,15.674991],[79.54152,15.675201],[79.541578,15.675672],[79.541609,15.675928]]]},"properties":{"lp":"1908","ac":"2.431","chaltha":"1908"}},{"type":"Feature","geometry":{"type":"Polygon","coordinates":[[[79.541475,15.678507],[79.541878,15.678454],[79.541816,15.677886],[79.541763,15.677406],[79.541711,15.676927],[79.541674,15.676591],[79.541281,15.676642],[79.541374,15.677577],[79.541475,15.678507]]]},"properties":{"lp":"1926","ac":"2.215","chaltha":"1926"}},{"type":"Feature","geometry":{"type":"Polygon","coordinates":[[[79.540616,15.67862],[79.541021,15.678567],[79.541055,15.678562],[79.540961,15.677629],[79.540861,15.676698],[79.540452,15.676751],[79.540535,15.677695],[79.540616,15.67862]]]},"properties":{"lp":"1923","ac":"2.354","chaltha":"1923"}},{"type":"Feature","geometry":{"type":"Polygon","coordinates":[[[79.541055,15.678562],[79.541458,15.678509],[79.541475,15.678507],[79.541374,15.677577],[79.540961,15.677629],[79.541055,15.678562]]]},"properties":{"lp":"1925","ac":"1.154","chaltha":"1925"}},{"type":"Feature","geometry":{"type":"Polygon","coordinates":[[[79.540961,15.677629],[79.541374,15.677577],[79.541281,15.676642],[79.540861,15.676698],[79.540961,15.677629]]]},"properties":{"lp":"1924","ac":"1.156","chaltha":"1924"}},{"type":"Feature","geometry":{"type":"Polygon","coordinates":[[[79.540195,15.678672],[79.540359,15.678654],[79.540616,15.67862],[79.540535,15.677695],[79.540113,15.677744],[79.540195,15.678672]]]},"properties":{"lp":"1921","ac":"1.158","chaltha":"1921"}},{"type":"Feature","geometry":{"type":"Polygon","coordinates":[[[79.540113,15.677744],[79.540535,15.677695],[79.540452,15.676751],[79.540031,15.676806],[79.54011,15.677708],[79.540113,15.677744]]]},"properties":{"lp":"1922","ac":"1.175","chaltha":"1922"}},{"type":"Feature","geometry":{"type":"Polygon","coordinates":[[[79.54047,15.679296],[79.541134,15.679226],[79.541055,15.678764],[79.541021,15.678567],[79.540616,15.67862],[79.540359,15.678654],[79.54047,15.679296]]]},"properties":{"lp":"1980","ac":"1.29","chaltha":"1980"}},{"type":"Feature","geometry":{"type":"Polygon","coordinates":[[[79.540582,15.679948],[79.541058,15.679896],[79.541245,15.679876],[79.541134,15.679226],[79.54047,15.679296],[79.540582,15.679948]]]},"properties":{"lp":"1981","ac":"1.291","chaltha":"1981"}},{"type":"Feature","geometry":{"type":"Polygon","coordinates":[[[79.541245,15.679876],[79.541977,15.679795],[79.541996,15.679688],[79.541928,15.678974],[79.541898,15.678668],[79.541482,15.678716],[79.541055,15.678764],[79.541134,15.679226],[79.541245,15.679876]]]},"properties":{"lp":"1977","ac":"2.663","chaltha":"1977"}},{"type":"Feature","geometry":{"type":"Polygon","coordinates":[[[79.541458,15.678509],[79.541055,15.678562],[79.541021,15.678567],[79.541055,15.678764],[79.541482,15.678716],[79.541458,15.678509]]]},"properties":{"lp":"1979","ac":"0.26","chaltha":"1979"}},{"type":"Feature","geometry":{"type":"Polygon","coordinates":[[[79.541482,15.678716],[79.541898,15.678668],[79.541878,15.678454],[79.541475,15.678507],[79.541458,15.678509],[79.541482,15.678716]]]},"properties":{"lp":"1978","ac":"0.261","chaltha":"1978"}},{"type":"Feature","geometry":{"type":"Polygon","coordinates":[[[79.540046,15.683258],[79.540769,15.683171],[79.542438,15.682971],[79.542416,15.682631],[79.542391,15.682497],[79.539961,15.682787],[79.540046,15.683258]]]},"properties":{"lp":"1994","ac":"3.403","chaltha":"1994"}},{"type":"Feature","geometry":{"type":"Polygon","coordinates":[[[79.539961,15.682787],[79.542391,15.682497],[79.542338,15.682209],[79.542303,15.682023],[79.541056,15.682179],[79.539878,15.682326],[79.539961,15.682787]]]},"properties":{"lp":"1993","ac":"3.398","chaltha":"1993"}},{"type":"Feature","geometry":{"type":"Polygon","coordinates":[[[79.539878,15.682326],[79.541056,15.682179],[79.541,15.681728],[79.540945,15.681277],[79.540762,15.681298],[79.539715,15.681419],[79.539863,15.682243],[79.539878,15.682326]]]},"properties":{"lp":"1992","ac":"3.25","chaltha":"1992"}},{"type":"Feature","geometry":{"type":"Polygon","coordinates":[[[79.541056,15.682179],[79.542303,15.682023],[79.542278,15.681893],[79.542222,15.681593],[79.541,15.681728],[79.541056,15.682179]]]},"properties":{"lp":"1991","ac":"1.622","chaltha":"1991"}},{"type":"Feature","geometry":{"type":"Polygon","coordinates":[[[79.541,15.681728],[79.542222,15.681593],[79.542138,15.681139],[79.541242,15.681243],[79.540945,15.681277],[79.541,15.681728]]]},"properties":{"lp":"1990","ac":"1.63","chaltha":"1990"}},{"type":"Feature","geometry":{"type":"Polygon","coordinates":[[[79.539251,15.681471],[79.539103,15.68229],[79.539863,15.682243],[79.539715,15.681419],[79.539251,15.681471]]]},"properties":{"lp":"1997","ac":"1.476","chaltha":"1997"}},{"type":"Feature","geometry":{"type":"Polygon","coordinates":[[[79.538901,15.683403],[79.540046,15.683258],[79.539961,15.682787],[79.53899,15.682915],[79.538901,15.683403]]]},"properties":{"lp":"1995","ac":"1.486","chaltha":"1995"}},{"type":"Feature","geometry":{"type":"Polygon","coordinates":[[[79.53899,15.682915],[79.539961,15.682787],[79.539878,15.682326],[79.539863,15.682243],[79.539103,15.68229],[79.53899,15.682915]]]},"properties":{"lp":"1996","ac":"1.482","chaltha":"1996"}},{"type":"Feature","geometry":{"type":"Polygon","coordinates":[[[79.538901,15.683403],[79.538616,15.684925],[79.539384,15.685627],[79.539226,15.684464],[79.539967,15.684355],[79.540218,15.684318],[79.540046,15.683258],[79.538901,15.683403]]]},"properties":{"lp":"2000","ac":"5.737","chaltha":"2000"}},{"type":"Feature","geometry":{"type":"Polygon","coordinates":[[[79.538176,15.684948],[79.538616,15.684925],[79.538901,15.683403],[79.5388,15.683435],[79.538658,15.684024],[79.538618,15.6841],[79.538176,15.684948]]]},"properties":{"lp":"1999","ac":"0.945","chaltha":"1999"}},{"type":"Feature","geometry":{"type":"Polygon","coordinates":[[[79.540046,15.683258],[79.540218,15.684318],[79.540429,15.684294],[79.540919,15.684222],[79.54087,15.68388],[79.540769,15.683171],[79.540046,15.683258]]]},"properties":{"lp":"2001","ac":"2.252","chaltha":"2001"}},{"type":"Feature","geometry":{"type":"Polygon","coordinates":[[[79.54087,15.68388],[79.542649,15.683628],[79.542438,15.682971],[79.540769,15.683171],[79.54087,15.68388]]]},"properties":{"lp":"2002","ac":"3.553","chaltha":"2002"}},{"type":"Feature","geometry":{"type":"Polygon","coordinates":[[[79.540919,15.684222],[79.541451,15.684144],[79.541751,15.684095],[79.542618,15.683953],[79.542745,15.683925],[79.542649,15.683628],[79.54087,15.68388],[79.540919,15.684222]]]},"properties":{"lp":"2003","ac":"1.782","chaltha":"2003"}},{"type":"Feature","geometry":{"type":"Polygon","coordinates":[[[79.542769,15.686974],[79.542677,15.68612],[79.541726,15.686248],[79.54173,15.686279],[79.541837,15.687096],[79.542769,15.686974]]]},"properties":{"lp":"2083","ac":"2.387","chaltha":"2083"}},{"type":"Feature","geometry":{"type":"Polygon","coordinates":[[[79.541726,15.686248],[79.542677,15.68612],[79.542659,15.685947],[79.542883,15.685588],[79.542809,15.685338],[79.542105,15.685452],[79.541632,15.685526],[79.541642,15.685607],[79.541726,15.686248]]]},"properties":{"lp":"2082","ac":"2.401","chaltha":"2082"}},{"type":"Feature","geometry":{"type":"Polygon","coordinates":[[[79.540919,15.684222],[79.540429,15.684294],[79.540586,15.685544],[79.54109,15.685477],[79.540974,15.684622],[79.540919,15.684222]]]},"properties":{"lp":"2087","ac":"1.859","chaltha":"2087"}},{"type":"Feature","geometry":{"type":"Polygon","coordinates":[[[79.540586,15.685544],[79.540595,15.685615],[79.540735,15.686726],[79.541287,15.686921],[79.541211,15.686362],[79.541116,15.685668],[79.54109,15.685477],[79.540586,15.685544]]]},"properties":{"lp":"2086","ac":"2.0","chaltha":"2086"}},{"type":"Feature","geometry":{"type":"Polygon","coordinates":[[[79.54271,15.684974],[79.542045,15.68509],[79.542105,15.685452],[79.542809,15.685338],[79.542713,15.685018],[79.54271,15.684974]]]},"properties":{"lp":"2081","ac":"0.75","chaltha":"2081"}},{"type":"Feature","geometry":{"type":"Polygon","coordinates":[[[79.54271,15.684974],[79.542677,15.684613],[79.541983,15.684712],[79.542045,15.68509],[79.54271,15.684974]]]},"properties":{"lp":"2080","ac":"0.75","chaltha":"2080"}},{"type":"Feature","geometry":{"type":"Polygon","coordinates":[[[79.541811,15.6845],[79.541793,15.684378],[79.541751,15.684095],[79.541451,15.684144],[79.540919,15.684222],[79.540974,15.684622],[79.541811,15.6845]]]},"properties":{"lp":"2078","ac":"1.002","chaltha":"2078"}},{"type":"Feature","geometry":{"type":"Polygon","coordinates":[[[79.537803,15.678299],[79.537654,15.67752],[79.537063,15.677633],[79.537213,15.678425],[79.537214,15.678425],[79.537706,15.67832],[79.537803,15.678299]]]},"properties":{"lp":"2152","ac":"1.412","chaltha":"2152"}},{"type":"Feature","geometry":{"type":"Polygon","coordinates":[[[79.537803,15.678299],[79.538927,15.678091],[79.538905,15.677309],[79.538282,15.677413],[79.537694,15.67751],[79.537654,15.67752],[79.537803,15.678299]]]},"properties":{"lp":"2145","ac":"2.774","chaltha":"2145"}},{"type":"Feature","geometry":{"type":"Polygon","coordinates":[[[79.537694,15.67751],[79.538282,15.677413],[79.538189,15.676582],[79.538103,15.675823],[79.537439,15.675995],[79.537518,15.676471],[79.537694,15.67751]]]},"properties":{"lp":"2148","ac":"2.938","chaltha":"2148"}},{"type":"Feature","geometry":{"type":"Polygon","coordinates":[[[79.538282,15.677413],[79.538905,15.677309],[79.538882,15.676461],[79.538189,15.676582],[79.538282,15.677413]]]},"properties":{"lp":"2146","ac":"1.639","chaltha":"2146"}},{"type":"Feature","geometry":{"type":"Polygon","coordinates":[[[79.538189,15.676582],[79.538882,15.676461],[79.53886,15.675665],[79.538395,15.675748],[79.538103,15.675823],[79.538189,15.676582]]]},"properties":{"lp":"2147","ac":"1.69","chaltha":"2147"}},{"type":"Feature","geometry":{"type":"Polygon","coordinates":[[[79.536782,15.676165],[79.536869,15.676618],[79.537518,15.676471],[79.537439,15.675995],[79.537366,15.676014],[79.537141,15.676072],[79.536782,15.676165]]]},"properties":{"lp":"2149","ac":"0.928","chaltha":"2149"}},{"type":"Feature","geometry":{"type":"Polygon","coordinates":[[[79.537654,15.67752],[79.537694,15.67751],[79.537518,15.676471],[79.536869,15.676618],[79.537001,15.677309],[79.537063,15.677633],[79.537654,15.67752]]]},"properties":{"lp":"2151","ac":"2.001","chaltha":"2151"}},{"type":"Feature","geometry":{"type":"Polygon","coordinates":[[[79.53581,15.678712],[79.536225,15.678627],[79.536061,15.677825],[79.5359,15.677037],[79.535759,15.676345],[79.535572,15.676377],[79.535507,15.676035],[79.535223,15.676078],[79.53581,15.678712]]]},"properties":{"lp":"2157","ac":"3.335","chaltha":"2157"}},{"type":"Feature","geometry":{"type":"Polygon","coordinates":[[[79.536225,15.678627],[79.53651,15.678568],[79.536636,15.678548],[79.536477,15.677751],[79.536061,15.677825],[79.536225,15.678627]]]},"properties":{"lp":"2154","ac":"1.002","chaltha":"2154"}},{"type":"Feature","geometry":{"type":"Polygon","coordinates":[[[79.5359,15.677037],[79.536061,15.677825],[79.536477,15.677751],[79.536409,15.677413],[79.536318,15.676957],[79.5359,15.677037]]]},"properties":{"lp":"2155","ac":"1.002","chaltha":"2155"}},{"type":"Feature","geometry":{"type":"Polygon","coordinates":[[[79.5359,15.677037],[79.536318,15.676957],[79.536179,15.676263],[79.535833,15.676335],[79.535742,15.676],[79.535507,15.676035],[79.535572,15.676377],[79.535759,15.676345],[79.5359,15.677037]]]},"properties":{"lp":"2156","ac":"1.136","chaltha":"2156"}},{"type":"Feature","geometry":{"type":"Polygon","coordinates":[[[79.535223,15.676078],[79.535006,15.676111],[79.535304,15.677433],[79.535602,15.678754],[79.53581,15.678712],[79.535223,15.676078]]]},"properties":{"lp":"2158","ac":"1.708","chaltha":"2158"}},{"type":"Feature","geometry":{"type":"Polygon","coordinates":[[[79.534785,15.676144],[79.534965,15.676925],[79.53509,15.677467],[79.535304,15.677433],[79.535006,15.676111],[79.534785,15.676144]]]},"properties":{"lp":"2160","ac":"0.873","chaltha":"2160"}},{"type":"Feature","geometry":{"type":"Polygon","coordinates":[[[79.53509,15.677467],[79.535302,15.678385],[79.535397,15.678796],[79.535436,15.678788],[79.535602,15.678754],[79.535304,15.677433],[79.53509,15.677467]]]},"properties":{"lp":"2159","ac":"0.847","chaltha":"2159"}},{"type":"Feature","geometry":{"type":"Polygon","coordinates":[[[79.534108,15.676247],[79.53427,15.677003],[79.534282,15.677061],[79.534965,15.676925],[79.534785,15.676144],[79.534108,15.676247]]]},"properties":{"lp":"2161","ac":"1.65","chaltha":"2161"}},{"type":"Feature","geometry":{"type":"Polygon","coordinates":[[[79.534593,15.678511],[79.535302,15.678385],[79.53509,15.677467],[79.534965,15.676925],[79.534282,15.677061],[79.534431,15.677756],[79.534593,15.678511]]]},"properties":{"lp":"2162","ac":"3.091","chaltha":"2162"}},{"type":"Feature","geometry":{"type":"Polygon","coordinates":[[[79.534886,15.678899],[79.535397,15.678796],[79.535302,15.678385],[79.534593,15.678511],[79.534542,15.678519],[79.534705,15.678723],[79.534886,15.678899]]]},"properties":{"lp":"2163","ac":"0.823","chaltha":"2163"}},{"type":"Feature","geometry":{"type":"Polygon","coordinates":[[[79.533742,15.677865],[79.53387,15.678437],[79.533912,15.678619],[79.534495,15.678527],[79.533956,15.677831],[79.533742,15.677865]]]},"properties":{"lp":"2168","ac":"0.913","chaltha":"2168"}},{"type":"Feature","geometry":{"type":"Polygon","coordinates":[[[79.534003,15.677823],[79.534542,15.678519],[79.534593,15.678511],[79.534431,15.677756],[79.534003,15.677823]]]},"properties":{"lp":"2164","ac":"0.55","chaltha":"2164"}},{"type":"Feature","geometry":{"type":"Polygon","coordinates":[[[79.533742,15.677865],[79.533956,15.677831],[79.533644,15.677428],[79.53365,15.677455],[79.533742,15.677865]]]},"properties":{"lp":"2167","ac":"0.142","chaltha":"2167"}},{"type":"Feature","geometry":{"type":"Polygon","coordinates":[[[79.534003,15.677823],[79.534431,15.677756],[79.534282,15.677061],[79.53427,15.677003],[79.533574,15.677112],[79.533623,15.677333],[79.534003,15.677823]]]},"properties":{"lp":"2165","ac":"1.371","chaltha":"2165"}},{"type":"Feature","geometry":{"type":"Polygon","coordinates":[[[79.533574,15.677112],[79.53427,15.677003],[79.534108,15.676247],[79.533405,15.676353],[79.533461,15.676606],[79.533515,15.676848],[79.533574,15.677112]]]},"properties":{"lp":"2166","ac":"1.605","chaltha":"2166"}},{"type":"Feature","geometry":{"type":"Polygon","coordinates":[[[79.537396,15.684469],[79.537458,15.68479],[79.537703,15.684957],[79.537864,15.684954],[79.5378,15.684174],[79.537745,15.683527],[79.53671,15.683617],[79.536808,15.684229],[79.537396,15.684469]]]},"properties":{"lp":"2121","ac":"2.989","chaltha":"2121"}},{"type":"Feature","geometry":{"type":"Polygon","coordinates":[[[79.5378,15.684174],[79.538618,15.6841],[79.538658,15.684024],[79.5388,15.683435],[79.538292,15.683479],[79.537786,15.683523],[79.537745,15.683527],[79.5378,15.684174]]]},"properties":{"lp":"2120","ac":"1.803","chaltha":"2120"}},{"type":"Feature","geometry":{"type":"Polygon","coordinates":[[[79.53671,15.683617],[79.537745,15.683527],[79.537786,15.683523],[79.537736,15.682856],[79.536741,15.682968],[79.53671,15.683617]]]},"properties":{"lp":"2122","ac":"2.001","chaltha":"2122"}},{"type":"Feature","geometry":{"type":"Polygon","coordinates":[[[79.53826,15.682796],[79.538813,15.68335],[79.538909,15.682723],[79.53826,15.682796]]]},"properties":{"lp":"2126","ac":"0.586","chaltha":"2126"}},{"type":"Feature","geometry":{"type":"Polygon","coordinates":[[[79.538198,15.682803],[79.537736,15.682856],[79.537786,15.683523],[79.538292,15.683479],[79.53824,15.682847],[79.538198,15.682803]]]},"properties":{"lp":"2123","ac":"1.0","chaltha":"2123"}},{"type":"Feature","geometry":{"type":"Polygon","coordinates":[[[79.53824,15.682847],[79.538292,15.683479],[79.5388,15.683435],[79.53824,15.682847]]]},"properties":{"lp":"2124","ac":"0.473","chaltha":"2124"}},{"type":"Feature","geometry":{"type":"Polygon","coordinates":[[[79.53826,15.682796],[79.538909,15.682723],[79.539025,15.682071],[79.537677,15.682225],[79.53826,15.682796]]]},"properties":{"lp":"2127","ac":"1.867","chaltha":"2127"}},{"type":"Feature","geometry":{"type":"Polygon","coordinates":[[[79.536741,15.682968],[79.537736,15.682856],[79.538198,15.682803],[79.53762,15.682228],[79.536693,15.682334],[79.536741,15.682968]]]},"properties":{"lp":"2130","ac":"2.234","chaltha":"2130"}},{"type":"Feature","geometry":{"type":"Polygon","coordinates":[[[79.537706,15.67832],[79.53777,15.678619],[79.537832,15.678912],[79.538962,15.678701],[79.538927,15.678091],[79.537803,15.678299],[79.537706,15.67832]]]},"properties":{"lp":"2144","ac":"2.128","chaltha":"2144"}},{"type":"Feature","geometry":{"type":"Polygon","coordinates":[[[79.536591,15.679149],[79.537275,15.679018],[79.537832,15.678912],[79.53777,15.678619],[79.536551,15.678863],[79.536591,15.679149]]]},"properties":{"lp":"2142","ac":"1.079","chaltha":"2142"}},{"type":"Feature","geometry":{"type":"Polygon","coordinates":[[[79.536551,15.678863],[79.53777,15.678619],[79.537706,15.67832],[79.537214,15.678425],[79.537213,15.678425],[79.536636,15.678548],[79.53651,15.678568],[79.536551,15.678863]]]},"properties":{"lp":"2143","ac":"1.078","chaltha":"2143"}},{"type":"Feature","geometry":{"type":"Polygon","coordinates":[[[79.536676,15.679764],[79.537366,15.679649],[79.537321,15.679337],[79.537275,15.679018],[79.536591,15.679149],[79.536623,15.679378],[79.536676,15.679764]]]},"properties":{"lp":"2141","ac":"1.287","chaltha":"2141"}},{"type":"Feature","geometry":{"type":"Polygon","coordinates":[[[79.537366,15.679649],[79.539013,15.679375],[79.538988,15.679054],[79.537321,15.679337],[79.537366,15.679649]]]},"properties":{"lp":"2139","ac":"1.566","chaltha":"2139"}},{"type":"Feature","geometry":{"type":"Polygon","coordinates":[[[79.537321,15.679337],[79.538988,15.679054],[79.538967,15.678784],[79.538962,15.678701],[79.537832,15.678912],[79.537275,15.679018],[79.537321,15.679337]]]},"properties":{"lp":"2140","ac":"1.684","chaltha":"2140"}},{"type":"Feature","geometry":{"type":"Polygon","coordinates":[[[79.535784,15.680414],[79.536006,15.680384],[79.53569,15.679975],[79.535784,15.680414]]]},"properties":{"lp":"2174","ac":"0.147","chaltha":"2174"}},{"type":"Feature","geometry":{"type":"Polygon","coordinates":[[[79.535593,15.679518],[79.536623,15.679378],[79.536591,15.679149],[79.536551,15.678863],[79.53651,15.678568],[79.536225,15.678627],[79.53581,15.678712],[79.535602,15.678754],[79.535436,15.678788],[79.535536,15.679253],[79.535593,15.679518]]]},"properties":{"lp":"2170","ac":"2.444","chaltha":"2170"}},{"type":"Feature","geometry":{"type":"Polygon","coordinates":[[[79.536185,15.681289],[79.536441,15.681231],[79.536439,15.681227],[79.536638,15.681186],[79.536036,15.680422],[79.536112,15.680865],[79.536185,15.681289]]]},"properties":{"lp":"2177","ac":"0.598","chaltha":"2177"}},{"type":"Feature","geometry":{"type":"Polygon","coordinates":[[[79.536699,15.681173],[79.536852,15.681136],[79.53683,15.680928],[79.536759,15.680367],[79.536748,15.680282],[79.536072,15.680375],[79.536699,15.681173]]]},"properties":{"lp":"2176","ac":"1.078","chaltha":"2176"}},{"type":"Feature","geometry":{"type":"Polygon","coordinates":[[[79.53552,15.681452],[79.536185,15.681289],[79.536112,15.680865],[79.535446,15.680937],[79.535496,15.681287],[79.53552,15.681452]]]},"properties":{"lp":"2179","ac":"0.941","chaltha":"2179"}},{"type":"Feature","geometry":{"type":"Polygon","coordinates":[[[79.535446,15.680937],[79.536112,15.680865],[79.536036,15.680422],[79.536006,15.680384],[79.535784,15.680414],[79.535378,15.680457],[79.535446,15.680937]]]},"properties":{"lp":"2178","ac":"0.941","chaltha":"2178"}},{"type":"Feature","geometry":{"type":"Polygon","coordinates":[[[79.535395,15.681478],[79.535518,15.682283],[79.53666,15.682093],[79.536606,15.681696],[79.536441,15.681231],[79.536185,15.681289],[79.53552,15.681452],[79.535395,15.681478]]]},"properties":{"lp":"2180","ac":"2.838","chaltha":"2180"}},{"type":"Feature","geometry":{"type":"Polygon","coordinates":[[[79.535665,15.683245],[79.535717,15.683515],[79.536055,15.683727],[79.53671,15.683617],[79.536741,15.682968],[79.536693,15.682334],[79.53666,15.682093],[79.535518,15.682283],[79.535665,15.683245]]]},"properties":{"lp":"2181","ac":"4.73","chaltha":"2181"}},{"type":"Feature","geometry":{"type":"Polygon","coordinates":[[[79.534457,15.682446],[79.535005,15.682362],[79.535218,15.682329],[79.535518,15.682283],[79.535395,15.681478],[79.53552,15.681452],[79.535496,15.681287],[79.534265,15.681468],[79.53428,15.681541],[79.534457,15.682446]]]},"properties":{"lp":"2185","ac":"3.247","chaltha":"2185"}},{"type":"Feature","geometry":{"type":"Polygon","coordinates":[[[79.534265,15.681468],[79.535496,15.681287],[79.535446,15.680937],[79.535378,15.680457],[79.535149,15.680481],[79.534642,15.680521],[79.534089,15.680566],[79.534265,15.681468]]]},"properties":{"lp":"2186","ac":"3.252","chaltha":"2186"}},{"type":"Feature","geometry":{"type":"Polygon","coordinates":[[[79.535665,15.683245],[79.535518,15.682283],[79.535218,15.682329],[79.535327,15.683154],[79.535665,15.683245]]]},"properties":{"lp":"2182","ac":"0.828","chaltha":"2182"}},{"type":"Feature","geometry":{"type":"Polygon","coordinates":[[[79.535327,15.683154],[79.535218,15.682329],[79.535005,15.682362],[79.535098,15.683092],[79.535327,15.683154]]]},"properties":{"lp":"2183","ac":"0.5","chaltha":"2183"}},{"type":"Feature","geometry":{"type":"Polygon","coordinates":[[[79.534509,15.682933],[79.535098,15.683092],[79.535005,15.682362],[79.534457,15.682446],[79.534509,15.682933]]]},"properties":{"lp":"2184","ac":"1.007","chaltha":"2184"}},{"type":"Feature","geometry":{"type":"Polygon","coordinates":[[[79.533165,15.679699],[79.533244,15.67997],[79.533297,15.680199],[79.534541,15.68002],[79.535601,15.679867],[79.535145,15.679319],[79.533165,15.679699]]]},"properties":{"lp":"2189","ac":"3.591","chaltha":"2189"}},{"type":"Feature","geometry":{"type":"Polygon","coordinates":[[[79.535211,15.67931],[79.535674,15.679897],[79.535593,15.679518],[79.535536,15.679253],[79.535211,15.67931]]]},"properties":{"lp":"2191","ac":"0.318","chaltha":"2191"}},{"type":"Feature","geometry":{"type":"Polygon","coordinates":[[[79.534089,15.680566],[79.534642,15.680521],[79.534541,15.68002],[79.533297,15.680199],[79.533403,15.680652],[79.534089,15.680566]]]},"properties":{"lp":"2187","ac":"1.758","chaltha":"2187"}},{"type":"Feature","geometry":{"type":"Polygon","coordinates":[[[79.534642,15.680521],[79.535149,15.680481],[79.535378,15.680457],[79.535784,15.680414],[79.53569,15.679975],[79.535601,15.679867],[79.534541,15.68002],[79.534642,15.680521]]]},"properties":{"lp":"2188","ac":"1.801","chaltha":"2188"}},{"type":"Feature","geometry":{"type":"Polygon","coordinates":[[[79.535211,15.67931],[79.535536,15.679253],[79.535436,15.678788],[79.535397,15.678796],[79.534886,15.678899],[79.535211,15.67931]]]},"properties":{"lp":"2192","ac":"0.614","chaltha":"2192"}},{"type":"Feature","geometry":{"type":"Polygon","coordinates":[[[79.531369,15.676992],[79.533034,15.67668],[79.532855,15.676447],[79.531949,15.676622],[79.531318,15.676743],[79.531345,15.676872],[79.531369,15.676992]]]},"properties":{"lp":"2199","ac":"1.233","chaltha":"2199"}},{"type":"Feature","geometry":{"type":"Polygon","coordinates":[[[79.533092,15.676668],[79.533461,15.676606],[79.533405,15.676353],[79.533022,15.676415],[79.532915,15.676436],[79.533092,15.676668]]]},"properties":{"lp":"2198","ac":"0.332","chaltha":"2198"}},{"type":"Feature","geometry":{"type":"Polygon","coordinates":[[[79.531422,15.677246],[79.532471,15.677044],[79.533215,15.676902],[79.533034,15.67668],[79.531369,15.676992],[79.531414,15.677209],[79.531422,15.677246]]]},"properties":{"lp":"2200","ac":"1.316","chaltha":"2200"}},{"type":"Feature","geometry":{"type":"Polygon","coordinates":[[[79.533092,15.676668],[79.53327,15.676891],[79.533515,15.676848],[79.533461,15.676606],[79.533092,15.676668]]]},"properties":{"lp":"2197","ac":"0.227","chaltha":"2197"}},{"type":"Feature","geometry":{"type":"Polygon","coordinates":[[[79.531534,15.677772],[79.532063,15.67767],[79.532322,15.67762],[79.532373,15.67761],[79.532584,15.677569],[79.532471,15.677044],[79.531422,15.677246],[79.53145,15.677382],[79.531521,15.677726],[79.531534,15.677772]]]},"properties":{"lp":"2201","ac":"1.686","chaltha":"2201"}},{"type":"Feature","geometry":{"type":"Polygon","coordinates":[[[79.533215,15.676902],[79.532471,15.677044],[79.532584,15.677569],[79.533599,15.677373],[79.533215,15.676902]]]},"properties":{"lp":"2195","ac":"1.406","chaltha":"2195"}},{"type":"Feature","geometry":{"type":"Polygon","coordinates":[[[79.533515,15.676848],[79.53327,15.676891],[79.533623,15.677333],[79.533574,15.677112],[79.533515,15.676848]]]},"properties":{"lp":"1544","ac":"0.181","chaltha":"1544"}},{"type":"Feature","geometry":{"type":"Polygon","coordinates":[[[79.533742,15.677865],[79.53365,15.677455],[79.533644,15.677428],[79.533599,15.677373],[79.532584,15.677569],[79.532815,15.678657],[79.532891,15.678643],[79.53387,15.678437],[79.533742,15.677865]]]},"properties":{"lp":"2194","ac":"3.467","chaltha":"2194"}},{"type":"Feature","geometry":{"type":"Polygon","coordinates":[[[79.53174,15.678858],[79.532294,15.678754],[79.532063,15.67767],[79.531534,15.677772],[79.53174,15.678858]]]},"properties":{"lp":"2204","ac":"1.787","chaltha":"2204"}},{"type":"Feature","geometry":{"type":"Polygon","coordinates":[[[79.531534,15.677772],[79.531521,15.677726],[79.530951,15.677834],[79.531141,15.678825],[79.531178,15.679019],[79.531704,15.678919],[79.531697,15.678869],[79.53174,15.678858],[79.531534,15.677772]]]},"properties":{"lp":"2205","ac":"2.056","chaltha":"2205"}},{"type":"Feature","geometry":{"type":"Polygon","coordinates":[[[79.531178,15.679019],[79.531294,15.679628],[79.531772,15.679549],[79.5318,15.679544],[79.531704,15.678919],[79.531178,15.679019]]]},"properties":{"lp":"2206","ac":"0.962","chaltha":"2206"}},{"type":"Feature","geometry":{"type":"Polygon","coordinates":[[[79.530231,15.679802],[79.531047,15.679668],[79.531294,15.679628],[79.531178,15.679019],[79.531141,15.678825],[79.530113,15.679007],[79.530165,15.679358],[79.530231,15.679802]]]},"properties":{"lp":"2207","ac":"2.52","chaltha":"2207"}},{"type":"Feature","geometry":{"type":"Polygon","coordinates":[[[79.528124,15.680177],[79.528656,15.680082],[79.52915,15.679994],[79.529182,15.679988],[79.529198,15.679986],[79.529131,15.67955],[79.528096,15.679743],[79.528124,15.680177]]]},"properties":{"lp":"2243","ac":"1.37","chaltha":"2243"}},{"type":"Feature","geometry":{"type":"Polygon","coordinates":[[[79.529198,15.679986],[79.530231,15.679802],[79.530165,15.679358],[79.529131,15.67955],[79.529198,15.679986]]]},"properties":{"lp":"2242","ac":"1.368","chaltha":"2242"}},{"type":"Feature","geometry":{"type":"Polygon","coordinates":[[[79.5318,15.679544],[79.532448,15.679426],[79.533065,15.679312],[79.532891,15.678643],[79.532815,15.678657],[79.532591,15.678699],[79.532557,15.678705],[79.532294,15.678754],[79.53174,15.678858],[79.531697,15.678869],[79.531704,15.678919],[79.5318,15.679544]]]},"properties":{"lp":"2212","ac":"2.521","chaltha":"2212"}},{"type":"Feature","geometry":{"type":"Polygon","coordinates":[[[79.530357,15.680463],[79.531175,15.680323],[79.531047,15.679668],[79.530231,15.679802],[79.530357,15.680463]]]},"properties":{"lp":"2209","ac":"1.627","chaltha":"2209"}},{"type":"Feature","geometry":{"type":"Polygon","coordinates":[[[79.531175,15.680323],[79.531299,15.680302],[79.531893,15.680201],[79.531772,15.679549],[79.531294,15.679628],[79.531047,15.679668],[79.531175,15.680323]]]},"properties":{"lp":"2210","ac":"1.425","chaltha":"2210"}},{"type":"Feature","geometry":{"type":"Polygon","coordinates":[[[79.531893,15.680201],[79.532265,15.680137],[79.532562,15.680087],[79.532448,15.679426],[79.5318,15.679544],[79.531772,15.679549],[79.531893,15.680201]]]},"properties":{"lp":"2211","ac":"1.334","chaltha":"2211"}},{"type":"Feature","geometry":{"type":"Polygon","coordinates":[[[79.532562,15.680087],[79.533244,15.67997],[79.533165,15.679699],[79.533065,15.679312],[79.532448,15.679426],[79.532562,15.680087]]]},"properties":{"lp":"2213","ac":"1.301","chaltha":"2213"}},{"type":"Feature","geometry":{"type":"Polygon","coordinates":[[[79.530537,15.68136],[79.531479,15.681178],[79.531299,15.680302],[79.531175,15.680323],[79.530357,15.680463],[79.530408,15.680702],[79.530509,15.681218],[79.530537,15.68136]]]},"properties":{"lp":"2216","ac":"2.534","chaltha":"2216"}},{"type":"Feature","geometry":{"type":"Polygon","coordinates":[[[79.531479,15.681178],[79.532442,15.680992],[79.532265,15.680137],[79.531893,15.680201],[79.531299,15.680302],[79.531479,15.681178]]]},"properties":{"lp":"2215","ac":"2.538","chaltha":"2215"}},{"type":"Feature","geometry":{"type":"Polygon","coordinates":[[[79.532442,15.680992],[79.533434,15.680801],[79.533403,15.680652],[79.533297,15.680199],[79.533244,15.67997],[79.532562,15.680087],[79.532265,15.680137],[79.532442,15.680992]]]},"properties":{"lp":"2214","ac":"2.534","chaltha":"2214"}},{"type":"Feature","geometry":{"type":"Polygon","coordinates":[[[79.533617,15.681662],[79.53428,15.681541],[79.534265,15.681468],[79.534089,15.680566],[79.533403,15.680652],[79.533434,15.680801],[79.533529,15.681248],[79.533617,15.681662]]]},"properties":{"lp":"2219","ac":"2.024","chaltha":"2219"}},{"type":"Feature","geometry":{"type":"Polygon","coordinates":[[[79.532842,15.681791],[79.533378,15.682745],[79.534509,15.682933],[79.534457,15.682446],[79.53428,15.681541],[79.533617,15.681662],[79.532842,15.681791]]]},"properties":{"lp":"2221","ac":"4.493","chaltha":"2221"}},{"type":"Feature","geometry":{"type":"Polygon","coordinates":[[[79.534009,15.682959],[79.534278,15.683001],[79.534746,15.683105],[79.534825,15.683123],[79.535187,15.683551],[79.535523,15.683634],[79.535693,15.683676],[79.535717,15.683515],[79.535665,15.683245],[79.535327,15.683154],[79.535098,15.683092],[79.534509,15.682933],[79.533378,15.682745],[79.532842,15.681791],[79.532767,15.68185],[79.533011,15.682411],[79.533239,15.682934],[79.533725,15.682949],[79.533999,15.682957],[79.534009,15.682959]]]},"properties":{"lp":"2223","ac":"2.014","chaltha":"2223"}},{"type":"Feature","geometry":{"type":"Polygon","coordinates":[[[79.538176,15.684948],[79.537864,15.684954],[79.537703,15.684957],[79.537458,15.68479],[79.537396,15.684469],[79.536808,15.684229],[79.53671,15.683617],[79.536055,15.683727],[79.535717,15.683515],[79.535693,15.683676],[79.536479,15.684237],[79.536642,15.684828],[79.536662,15.684885],[79.537041,15.684893],[79.537334,15.685119],[79.537468,15.68547],[79.537614,15.685853],[79.538176,15.684948]]]},"properties":{"lp":"2118","ac":"3.973","chaltha":"2118"}},{"type":"Feature","geometry":{"type":"Polygon","coordinates":[[[79.537614,15.685853],[79.537923,15.685867],[79.538625,15.686083],[79.538733,15.686432],[79.539191,15.686782],[79.539543,15.68705],[79.539755,15.687628],[79.539919,15.686178],[79.539834,15.685579],[79.539384,15.685627],[79.538616,15.684925],[79.538176,15.684948],[79.537614,15.685853]]]},"properties":{"lp":"2091","ac":"7.472","chaltha":"2091"}},{"type":"Feature","geometry":{"type":"Polygon","coordinates":[[[79.540071,15.688395],[79.540269,15.688367],[79.540391,15.688457],[79.540819,15.688775],[79.541415,15.689216],[79.541781,15.689474],[79.541955,15.689917],[79.542115,15.690212],[79.542262,15.690483],[79.542263,15.690485],[79.542571,15.691053],[79.54305,15.691891],[79.543257,15.69215],[79.543309,15.692449],[79.543662,15.69218],[79.543771,15.691931],[79.544084,15.691722],[79.544028,15.691643],[79.544129,15.691297],[79.544458,15.690636],[79.544595,15.690063],[79.544731,15.688567],[79.544374,15.688595],[79.544279,15.688571],[79.544043,15.688512],[79.543735,15.688434],[79.543396,15.688348],[79.543265,15.688315],[79.543117,15.688186],[79.543009,15.688092],[79.542858,15.687961],[79.543032,15.687558],[79.543089,15.687424],[79.543162,15.687255],[79.543138,15.68712],[79.542944,15.686807],[79.542769,15.686974],[79.541837,15.687096],[79.541287,15.686921],[79.540735,15.686726],[79.539919,15.686178],[79.539755,15.687628],[79.53944,15.687655],[79.540071,15.688395]]]},"properties":{"lp":"2050","ac":"41.021","chaltha":"2050"}},{"type":"Feature","geometry":{"type":"Polygon","coordinates":[[[79.541116,15.685668],[79.541211,15.686362],[79.54173,15.686279],[79.541726,15.686248],[79.541642,15.685607],[79.541116,15.685668]]]},"properties":{"lp":"2085","ac":"1.065","chaltha":"2085"}},{"type":"Feature","geometry":{"type":"Polygon","coordinates":[[[79.541287,15.686921],[79.541837,15.687096],[79.54173,15.686279],[79.541211,15.686362],[79.541287,15.686921]]]},"properties":{"lp":"2084","ac":"1.066","chaltha":"2084"}},{"type":"Feature","geometry":{"type":"Polygon","coordinates":[[[79.528723,15.684071],[79.530492,15.683701],[79.53052,15.683694],[79.53053,15.68313],[79.52865,15.683499],[79.528723,15.684071]]]},"properties":{"lp":"2226","ac":"3.096","chaltha":"2226"}},{"type":"Feature","geometry":{"type":"Polygon","coordinates":[[[79.529568,15.682404],[79.530426,15.682283],[79.530692,15.682249],[79.530621,15.681792],[79.529491,15.681961],[79.529557,15.68234],[79.529568,15.682404]]]},"properties":{"lp":"2231","ac":"1.518","chaltha":"2231"}},{"type":"Feature","geometry":{"type":"Polygon","coordinates":[[[79.528263,15.681564],[79.529376,15.681393],[79.529283,15.680876],[79.528759,15.680958],[79.5282,15.681044],[79.528263,15.681564]]]},"properties":{"lp":"2236","ac":"1.705","chaltha":"2236"}},{"type":"Feature","geometry":{"type":"Polygon","coordinates":[[[79.529376,15.681393],[79.530509,15.681218],[79.530408,15.680702],[79.529309,15.680872],[79.529283,15.680876],[79.529376,15.681393]]]},"properties":{"lp":"2235","ac":"1.757","chaltha":"2235"}},{"type":"Feature","geometry":{"type":"Polygon","coordinates":[[[79.528305,15.681849],[79.528347,15.682132],[79.529491,15.681961],[79.530621,15.681792],[79.530565,15.681505],[79.528305,15.681849]]]},"properties":{"lp":"2232","ac":"1.941","chaltha":"2232"}},{"type":"Feature","geometry":{"type":"Polygon","coordinates":[[[79.526591,15.685908],[79.526984,15.685823],[79.527362,15.68574],[79.527715,15.685663],[79.527725,15.685661],[79.527782,15.685649],[79.527635,15.685015],[79.527599,15.68486],[79.527192,15.684949],[79.526774,15.68504],[79.526357,15.685131],[79.52636,15.685139],[79.526444,15.68542],[79.526574,15.685851],[79.526591,15.685908]]]},"properties":{"lp":"2273","ac":"2.952","chaltha":"2273"}},{"type":"Feature","geometry":{"type":"Polygon","coordinates":[[[79.526357,15.685131],[79.526774,15.68504],[79.526666,15.684623],[79.526647,15.684627],[79.526232,15.684725],[79.526279,15.684872],[79.526357,15.685131]]]},"properties":{"lp":"2272","ac":"0.545","chaltha":"2272"}},{"type":"Feature","geometry":{"type":"Polygon","coordinates":[[[79.526774,15.68504],[79.527192,15.684949],[79.527083,15.684524],[79.52706,15.68453],[79.526666,15.684623],[79.526774,15.68504]]]},"properties":{"lp":"2271","ac":"0.546","chaltha":"2271"}},{"type":"Feature","geometry":{"type":"Polygon","coordinates":[[[79.527192,15.684949],[79.527599,15.68486],[79.527498,15.684427],[79.527083,15.684524],[79.527192,15.684949]]]},"properties":{"lp":"2270","ac":"0.545","chaltha":"2270"}},{"type":"Feature","geometry":{"type":"Polygon","coordinates":[[[79.527782,15.685649],[79.528798,15.685427],[79.528618,15.6848],[79.527635,15.685015],[79.527782,15.685649]]]},"properties":{"lp":"2274","ac":"1.954","chaltha":"2274"}},{"type":"Feature","geometry":{"type":"Polygon","coordinates":[[[79.527635,15.685015],[79.528618,15.6848],[79.528382,15.683977],[79.527439,15.684171],[79.527498,15.684427],[79.527599,15.68486],[79.527635,15.685015]]]},"properties":{"lp":"2269","ac":"2.481","chaltha":"2269"}},{"type":"Feature","geometry":{"type":"Polygon","coordinates":[[[79.527949,15.683549],[79.527325,15.683678],[79.527439,15.684171],[79.528382,15.683977],[79.528242,15.683488],[79.527949,15.683549]]]},"properties":{"lp":"2265","ac":"1.41","chaltha":"2265"}},{"type":"Feature","geometry":{"type":"Polygon","coordinates":[[[79.529493,15.688373],[79.529686,15.688346],[79.529604,15.688085],[79.529385,15.688137],[79.529493,15.688373]]]},"properties":{"lp":"2286","ac":"0.161","chaltha":"2286"}},{"type":"Feature","geometry":{"type":"Polygon","coordinates":[[[79.527781,15.687803],[79.527922,15.688268],[79.529536,15.687869],[79.529411,15.687417],[79.528601,15.687609],[79.528191,15.687706],[79.527781,15.687803]]]},"properties":{"lp":"2284","ac":"2.334","chaltha":"2284"}},{"type":"Feature","geometry":{"type":"Polygon","coordinates":[[[79.527922,15.688268],[79.528069,15.688753],[79.528362,15.688677],[79.529493,15.688373],[79.529385,15.688137],[79.529604,15.688085],[79.529539,15.687878],[79.529536,15.687869],[79.527922,15.688268]]]},"properties":{"lp":"2285","ac":"2.242","chaltha":"2285"}},{"type":"Feature","geometry":{"type":"Polygon","coordinates":[[[79.528362,15.688677],[79.528529,15.689172],[79.529779,15.688833],[79.529732,15.688691],[79.529686,15.688346],[79.529493,15.688373],[79.528362,15.688677]]]},"properties":{"lp":"2288","ac":"2.008","chaltha":"2288"}},{"type":"Feature","geometry":{"type":"Polygon","coordinates":[[[79.52782,15.689961],[79.527918,15.690212],[79.528068,15.690027],[79.528323,15.689897],[79.527951,15.688789],[79.527449,15.688941],[79.527767,15.689974],[79.52782,15.689961]]]},"properties":{"lp":"2344","ac":"1.925","chaltha":"2344"}},{"type":"Feature","geometry":{"type":"Polygon","coordinates":[[[79.527122,15.690113],[79.527556,15.690027],[79.527767,15.689974],[79.527449,15.688941],[79.527418,15.68895],[79.526861,15.68901],[79.527122,15.690113]]]},"properties":{"lp":"2343","ac":"2.019","chaltha":"2343"}},{"type":"Feature","geometry":{"type":"Polygon","coordinates":[[[79.529942,15.69305],[79.530976,15.692673],[79.530803,15.692122],[79.530628,15.692191],[79.53057,15.692263],[79.529942,15.69305]]]},"properties":{"lp":"2299","ac":"1.082","chaltha":"2299"}},{"type":"Feature","geometry":{"type":"Polygon","coordinates":[[[79.530086,15.693352],[79.530295,15.693307],[79.531102,15.693076],[79.530976,15.692673],[79.529942,15.69305],[79.530086,15.693352]]]},"properties":{"lp":"2300","ac":"1.206","chaltha":"2300"}},{"type":"Feature","geometry":{"type":"Polygon","coordinates":[[[79.531358,15.693003],[79.531856,15.69286],[79.531637,15.692459],[79.531226,15.692575],[79.531358,15.693003]]]},"properties":{"lp":"2297","ac":"0.619","chaltha":"2297"}},{"type":"Feature","geometry":{"type":"Polygon","coordinates":[[[79.531226,15.692575],[79.531637,15.692459],[79.531339,15.691914],[79.531056,15.692024],[79.531226,15.692575]]]},"properties":{"lp":"2296","ac":"0.635","chaltha":"2296"}},{"type":"Feature","geometry":{"type":"Polygon","coordinates":[[[79.530295,15.693307],[79.530427,15.693797],[79.531257,15.693591],[79.531102,15.693076],[79.530295,15.693307]]]},"properties":{"lp":"2301","ac":"1.297","chaltha":"2301"}},{"type":"Feature","geometry":{"type":"Polygon","coordinates":[[[79.53152,15.693521],[79.532106,15.693349],[79.53199,15.693126],[79.531856,15.69286],[79.531358,15.693003],[79.53152,15.693521]]]},"properties":{"lp":"2303","ac":"0.893","chaltha":"2303"}},{"type":"Feature","geometry":{"type":"Polygon","coordinates":[[[79.53152,15.693521],[79.531672,15.694009],[79.532293,15.693827],[79.532175,15.693481],[79.532106,15.693349],[79.53152,15.693521]]]},"properties":{"lp":"2304","ac":"0.955","chaltha":"2304"}},{"type":"Feature","geometry":{"type":"Polygon","coordinates":[[[79.529847,15.695125],[79.529912,15.695107],[79.530304,15.695001],[79.530029,15.694045],[79.529851,15.693421],[79.529407,15.693576],[79.529847,15.695125]]]},"properties":{"lp":"2323","ac":"2.246","chaltha":"2323"}},{"type":"Feature","geometry":{"type":"Polygon","coordinates":[[[79.531136,15.687024],[79.531262,15.6875],[79.531343,15.687807],[79.532143,15.687677],[79.533449,15.687464],[79.533314,15.686667],[79.533078,15.686705],[79.53241,15.686815],[79.531783,15.686918],[79.531136,15.687024]]]},"properties":{"lp":"2621","ac":"5.136","chaltha":"2621"}},{"type":"Feature","geometry":{"type":"Polygon","coordinates":[[[79.532294,15.688673],[79.53261,15.688592],[79.53357,15.688347],[79.53344,15.687503],[79.533449,15.687464],[79.532143,15.687677],[79.532294,15.688673]]]},"properties":{"lp":"2622","ac":"3.642","chaltha":"2622"}},{"type":"Feature","geometry":{"type":"Polygon","coordinates":[[[79.530891,15.688083],[79.531144,15.688983],[79.531764,15.68883],[79.531791,15.688817],[79.531851,15.688786],[79.532294,15.688673],[79.532143,15.687677],[79.531343,15.687807],[79.531385,15.687964],[79.530891,15.688083]]]},"properties":{"lp":"2623","ac":"3.676","chaltha":"2623"}},{"type":"Feature","geometry":{"type":"Polygon","coordinates":[[[79.528723,15.684071],[79.528762,15.68436],[79.528799,15.684472],[79.530586,15.684107],[79.530492,15.683701],[79.528723,15.684071]]]},"properties":{"lp":"2601","ac":"2.203","chaltha":"2601"}},{"type":"Feature","geometry":{"type":"Polygon","coordinates":[[[79.528799,15.684472],[79.52893,15.684868],[79.530677,15.684525],[79.530662,15.684439],[79.530586,15.684107],[79.528799,15.684472]]]},"properties":{"lp":"2600","ac":"2.224","chaltha":"2600"}},{"type":"Feature","geometry":{"type":"Polygon","coordinates":[[[79.52893,15.684868],[79.529053,15.685242],[79.530748,15.68492],[79.530677,15.684525],[79.52893,15.684868]]]},"properties":{"lp":"2599","ac":"2.033","chaltha":"2599"}},{"type":"Feature","geometry":{"type":"Polygon","coordinates":[[[79.529238,15.6858],[79.530857,15.685532],[79.530748,15.68492],[79.529053,15.685242],[79.529238,15.6858]]]},"properties":{"lp":"2598","ac":"2.968","chaltha":"2598"}},{"type":"Feature","geometry":{"type":"Polygon","coordinates":[[[79.531524,15.68427],[79.53157,15.684261],[79.531411,15.683512],[79.53052,15.683694],[79.530492,15.683701],[79.530586,15.684107],[79.530662,15.684439],[79.531524,15.68427]]]},"properties":{"lp":"2602","ac":"2.08","chaltha":"2602"}},{"type":"Feature","geometry":{"type":"Polygon","coordinates":[[[79.53252,15.684076],[79.532318,15.683258],[79.531847,15.683423],[79.531411,15.683512],[79.53157,15.684261],[79.53234,15.684111],[79.53252,15.684076]]]},"properties":{"lp":"2603","ac":"2.203","chaltha":"2603"}},{"type":"Feature","geometry":{"type":"Polygon","coordinates":[[[79.53252,15.684076],[79.532936,15.683994],[79.533304,15.683922],[79.533141,15.682968],[79.532318,15.683258],[79.53252,15.684076]]]},"properties":{"lp":"2604","ac":"2.206","chaltha":"2604"}},{"type":"Feature","geometry":{"type":"Polygon","coordinates":[[[79.533304,15.683922],[79.533523,15.683901],[79.533689,15.683899],[79.533854,15.683928],[79.533798,15.683505],[79.533725,15.682949],[79.533239,15.682934],[79.533141,15.682968],[79.533304,15.683922]]]},"properties":{"lp":"2605","ac":"1.61","chaltha":"2605"}},{"type":"Feature","geometry":{"type":"Polygon","coordinates":[[[79.530957,15.686141],[79.531614,15.686033],[79.532121,15.685949],[79.532027,15.685405],[79.531736,15.685437],[79.530857,15.685532],[79.530957,15.686141]]]},"properties":{"lp":"2612","ac":"2.018","chaltha":"2612"}},{"type":"Feature","geometry":{"type":"Polygon","coordinates":[[[79.532121,15.685949],[79.532212,15.685934],[79.532898,15.685821],[79.532881,15.685718],[79.533278,15.685651],[79.53346,15.68562],[79.533377,15.685259],[79.533169,15.685282],[79.532565,15.685347],[79.532027,15.685405],[79.532121,15.685949]]]},"properties":{"lp":"2613","ac":"1.877","chaltha":"2613"}},{"type":"Feature","geometry":{"type":"Polygon","coordinates":[[[79.530857,15.685532],[79.531736,15.685437],[79.531524,15.68427],[79.530662,15.684439],[79.530677,15.684525],[79.530748,15.68492],[79.530857,15.685532]]]},"properties":{"lp":"2611","ac":"2.961","chaltha":"2611"}},{"type":"Feature","geometry":{"type":"Polygon","coordinates":[[[79.531736,15.685437],[79.532027,15.685405],[79.532565,15.685347],[79.53234,15.684111],[79.53157,15.684261],[79.531524,15.68427],[79.531736,15.685437]]]},"properties":{"lp":"2610","ac":"2.977","chaltha":"2610"}},{"type":"Feature","geometry":{"type":"Polygon","coordinates":[[[79.531783,15.686918],[79.53241,15.686815],[79.532212,15.685934],[79.532121,15.685949],[79.531614,15.686033],[79.531696,15.686458],[79.531783,15.686918]]]},"properties":{"lp":"2616","ac":"1.638","chaltha":"2616"}},{"type":"Feature","geometry":{"type":"Polygon","coordinates":[[[79.53241,15.686815],[79.533078,15.686705],[79.532898,15.685821],[79.532212,15.685934],[79.53241,15.686815]]]},"properties":{"lp":"2617","ac":"1.812","chaltha":"2617"}},{"type":"Feature","geometry":{"type":"Polygon","coordinates":[[[79.533078,15.686705],[79.533314,15.686667],[79.533484,15.686637],[79.533278,15.685651],[79.532881,15.685718],[79.532898,15.685821],[79.533078,15.686705]]]},"properties":{"lp":"2618","ac":"1.207","chaltha":"2618"}},{"type":"Feature","geometry":{"type":"Polygon","coordinates":[[[79.533484,15.686637],[79.533883,15.686568],[79.533688,15.685578],[79.53346,15.68562],[79.533278,15.685651],[79.533484,15.686637]]]},"properties":{"lp":"2619","ac":"1.213","chaltha":"2619"}},{"type":"Feature","geometry":{"type":"Polygon","coordinates":[[[79.531992,15.689687],[79.532109,15.690126],[79.533299,15.68978],[79.53374,15.689652],[79.53362,15.688758],[79.532718,15.689006],[79.53284,15.689454],[79.532024,15.689678],[79.531992,15.689687]]]},"properties":{"lp":"2626","ac":"3.465","chaltha":"2626"}},{"type":"Feature","geometry":{"type":"Polygon","coordinates":[[[79.532718,15.689006],[79.53362,15.688758],[79.533592,15.688551],[79.53357,15.688347],[79.53261,15.688592],[79.532718,15.689006]]]},"properties":{"lp":"2627","ac":"1.181","chaltha":"2627"}},{"type":"Feature","geometry":{"type":"Polygon","coordinates":[[[79.531764,15.68883],[79.531144,15.688983],[79.530981,15.689023],[79.531234,15.689881],[79.531992,15.689687],[79.532024,15.689678],[79.531909,15.689253],[79.531791,15.688817],[79.531764,15.68883]]]},"properties":{"lp":"2589","ac":"2.153","chaltha":"2589"}},{"type":"Feature","geometry":{"type":"Polygon","coordinates":[[[79.532024,15.689678],[79.53284,15.689454],[79.532718,15.689006],[79.531909,15.689253],[79.532024,15.689678]]]},"properties":{"lp":"2625","ac":"1.12","chaltha":"2625"}},{"type":"Feature","geometry":{"type":"Polygon","coordinates":[[[79.531909,15.689253],[79.532718,15.689006],[79.53261,15.688592],[79.532294,15.688673],[79.531851,15.688786],[79.531791,15.688817],[79.531909,15.689253]]]},"properties":{"lp":"2624","ac":"1.11","chaltha":"2624"}},{"type":"Feature","geometry":{"type":"Polygon","coordinates":[[[79.53374,15.689652],[79.534515,15.689507],[79.534997,15.689422],[79.534798,15.688322],[79.534224,15.688431],[79.533592,15.688551],[79.53362,15.688758],[79.53374,15.689652]]]},"properties":{"lp":"2628","ac":"4.083","chaltha":"2628"}},{"type":"Feature","geometry":{"type":"Polygon","coordinates":[[[79.535762,15.689286],[79.536171,15.689213],[79.535983,15.688235],[79.535958,15.688103],[79.535383,15.688212],[79.534835,15.688315],[79.534798,15.688322],[79.534997,15.689422],[79.535762,15.689286]]]},"properties":{"lp":"2629","ac":"3.906","chaltha":"2629"}},{"type":"Feature","geometry":{"type":"Polygon","coordinates":[[[79.533592,15.688551],[79.534224,15.688431],[79.534061,15.687359],[79.533449,15.687464],[79.53344,15.687503],[79.53357,15.688347],[79.533592,15.688551]]]},"properties":{"lp":"2630","ac":"2.031","chaltha":"2630"}},{"type":"Feature","geometry":{"type":"Polygon","coordinates":[[[79.534224,15.688431],[79.534798,15.688322],[79.534835,15.688315],[79.534683,15.687233],[79.534295,15.687312],[79.534061,15.687359],[79.534224,15.688431]]]},"properties":{"lp":"2631","ac":"2.0","chaltha":"2631"}},{"type":"Feature","geometry":{"type":"Polygon","coordinates":[[[79.534835,15.688315],[79.535383,15.688212],[79.535225,15.687124],[79.534683,15.687233],[79.534835,15.688315]]]},"properties":{"lp":"2632","ac":"1.78","chaltha":"2632"}},{"type":"Feature","geometry":{"type":"Polygon","coordinates":[[[79.535383,15.688212],[79.535958,15.688103],[79.53581,15.687006],[79.535225,15.687124],[79.535383,15.688212]]]},"properties":{"lp":"2633","ac":"1.907","chaltha":"2633"}},{"type":"Feature","geometry":{"type":"Polygon","coordinates":[[[79.534653,15.686434],[79.535028,15.686373],[79.534819,15.685364],[79.534561,15.685417],[79.534475,15.685434],[79.534653,15.686434]]]},"properties":{"lp":"2640","ac":"1.097","chaltha":"2640"}},{"type":"Feature","geometry":{"type":"Polygon","coordinates":[[[79.535028,15.686373],[79.535397,15.686312],[79.535153,15.685295],[79.534819,15.685364],[79.535028,15.686373]]]},"properties":{"lp":"2641","ac":"1.086","chaltha":"2641"}},{"type":"Feature","geometry":{"type":"Polygon","coordinates":[[[79.53656,15.68611],[79.536485,15.685712],[79.536441,15.685459],[79.535906,15.685554],[79.536066,15.686196],[79.53656,15.68611]]]},"properties":{"lp":"2644","ac":"1.01","chaltha":"2644"}},{"type":"Feature","geometry":{"type":"Polygon","coordinates":[[[79.536339,15.684869],[79.535769,15.684946],[79.535811,15.685176],[79.535906,15.685554],[79.536441,15.685459],[79.536339,15.684869]]]},"properties":{"lp":"2643","ac":"1.009","chaltha":"2643"}},{"type":"Feature","geometry":{"type":"Polygon","coordinates":[[[79.536485,15.685712],[79.537468,15.68547],[79.537334,15.685119],[79.537041,15.684893],[79.536662,15.684885],[79.536642,15.684828],[79.536339,15.684869],[79.536441,15.685459],[79.536485,15.685712]]]},"properties":{"lp":"2646","ac":"1.972","chaltha":"2646"}},{"type":"Feature","geometry":{"type":"Polygon","coordinates":[[[79.532565,15.685347],[79.533169,15.685282],[79.532936,15.683994],[79.53252,15.684076],[79.53234,15.684111],[79.532565,15.685347]]]},"properties":{"lp":"2609","ac":"2.279","chaltha":"2609"}},{"type":"Feature","geometry":{"type":"Polygon","coordinates":[[[79.533169,15.685282],[79.533377,15.685259],[79.53375,15.685206],[79.53372,15.685033],[79.533523,15.683901],[79.533304,15.683922],[79.532936,15.683994],[79.533169,15.685282]]]},"properties":{"lp":"2608","ac":"2.29","chaltha":"2608"}},{"type":"Feature","geometry":{"type":"Polygon","coordinates":[[[79.53372,15.685033],[79.534474,15.684901],[79.53515,15.684782],[79.535101,15.684464],[79.535079,15.684342],[79.534919,15.684366],[79.534698,15.684398],[79.534417,15.68415],[79.534149,15.684045],[79.533854,15.683928],[79.533689,15.683899],[79.533523,15.683901],[79.53372,15.685033]]]},"properties":{"lp":"2651","ac":"3.345","chaltha":"2651"}},{"type":"Feature","geometry":{"type":"Polygon","coordinates":[[[79.533688,15.685578],[79.534475,15.685434],[79.534561,15.685417],[79.534474,15.684901],[79.53372,15.685033],[79.53375,15.685206],[79.533377,15.685259],[79.53346,15.68562],[79.533688,15.685578]]]},"properties":{"lp":"2650","ac":"1.571","chaltha":"2650"}},{"type":"Feature","geometry":{"type":"Polygon","coordinates":[[[79.535194,15.685073],[79.53515,15.684782],[79.534474,15.684901],[79.534561,15.685417],[79.534819,15.685364],[79.535153,15.685295],[79.535157,15.685272],[79.535194,15.685073]]]},"properties":{"lp":"2649","ac":"1.003","chaltha":"2649"}},{"type":"Feature","geometry":{"type":"Polygon","coordinates":[[[79.529187,15.691613],[79.528354,15.6918],[79.527536,15.691954],[79.527692,15.692492],[79.528659,15.692264],[79.52884,15.692814],[79.529516,15.692588],[79.529187,15.691613]]]},"properties":{"lp":"2339","ac":"3.765","chaltha":"2339"}},{"type":"Feature","geometry":{"type":"Polygon","coordinates":[[[79.527927,15.693301],[79.528906,15.693008],[79.52884,15.692814],[79.528659,15.692264],[79.527692,15.692492],[79.527927,15.693301]]]},"properties":{"lp":"2340","ac":"2.396","chaltha":"2340"}},{"type":"Feature","geometry":{"type":"Polygon","coordinates":[[[79.529765,15.693195],[79.529942,15.69305],[79.53057,15.692263],[79.529543,15.692579],[79.529765,15.693195]]]},"properties":{"lp":"2337","ac":"1.1","chaltha":"2337"}},{"type":"Feature","geometry":{"type":"Polygon","coordinates":[[[79.529187,15.691613],[79.529516,15.692588],[79.529543,15.692579],[79.53057,15.692263],[79.530628,15.692191],[79.530242,15.691274],[79.529187,15.691613]]]},"properties":{"lp":"2338","ac":"3.471","chaltha":"2338"}},{"type":"Feature","geometry":{"type":"Polygon","coordinates":[[[79.52797,15.694199],[79.527981,15.693663],[79.527984,15.693497],[79.527927,15.693301],[79.527692,15.692492],[79.527536,15.691954],[79.527474,15.691505],[79.527706,15.691264],[79.527691,15.690478],[79.528058,15.690348],[79.528032,15.690242],[79.528153,15.690194],[79.528068,15.690027],[79.527918,15.690212],[79.52782,15.689961],[79.527767,15.689974],[79.527556,15.690027],[79.527456,15.690927],[79.527595,15.69116],[79.527194,15.691468],[79.527324,15.692],[79.527479,15.69273],[79.527584,15.693222],[79.52765,15.693531],[79.527713,15.693829],[79.527778,15.694132],[79.52797,15.694199]]]},"properties":{"lp":"2342","ac":"3.393","chaltha":"2342"}},{"type":"Feature","geometry":{"type":"Polygon","coordinates":[[[79.52563,15.690417],[79.526365,15.690263],[79.527122,15.690113],[79.526861,15.68901],[79.526802,15.688849],[79.526626,15.688882],[79.525059,15.689243],[79.525262,15.689791],[79.52563,15.690417]]]},"properties":{"lp":"2421","ac":"6.387","chaltha":"2421"}},{"type":"Feature","geometry":{"type":"Polygon","coordinates":[[[79.526525,15.688479],[79.527227,15.688315],[79.526899,15.687258],[79.526263,15.687429],[79.526446,15.68816],[79.526525,15.688479]]]},"properties":{"lp":"2347","ac":"2.212","chaltha":"2347"}},{"type":"Feature","geometry":{"type":"Polygon","coordinates":[[[79.526525,15.688479],[79.526626,15.688882],[79.526802,15.688849],[79.526861,15.68901],[79.527418,15.68895],[79.527449,15.688941],[79.527951,15.688789],[79.528069,15.688753],[79.527922,15.688268],[79.527781,15.687803],[79.527576,15.687126],[79.52725,15.687259],[79.526899,15.687258],[79.527227,15.688315],[79.526525,15.688479]]]},"properties":{"lp":"2346","ac":"4.631","chaltha":"2346"}},{"type":"Feature","geometry":{"type":"Polygon","coordinates":[[[79.526899,15.687258],[79.52725,15.687259],[79.527576,15.687126],[79.527479,15.686835],[79.527463,15.686768],[79.527233,15.686812],[79.526827,15.686889],[79.526899,15.687258]]]},"properties":{"lp":"2348","ac":"0.8","chaltha":"2348"}},{"type":"Feature","geometry":{"type":"Polygon","coordinates":[[[79.524778,15.687839],[79.525834,15.687547],[79.525589,15.68673],[79.525211,15.68683],[79.524461,15.687028],[79.524592,15.687364],[79.524778,15.687839]]]},"properties":{"lp":"2350","ac":"2.848","chaltha":"2350"}},{"type":"Feature","geometry":{"type":"Polygon","coordinates":[[[79.525834,15.687547],[79.526263,15.687429],[79.526899,15.687258],[79.526827,15.686889],[79.526727,15.686429],[79.525969,15.686629],[79.525589,15.68673],[79.525834,15.687547]]]},"properties":{"lp":"2349","ac":"2.841","chaltha":"2349"}},{"type":"Feature","geometry":{"type":"Polygon","coordinates":[[[79.525211,15.68683],[79.524931,15.685816],[79.524126,15.686017],[79.524341,15.686666],[79.524461,15.687028],[79.525211,15.68683]]]},"properties":{"lp":"2351","ac":"2.486","chaltha":"2351"}},{"type":"Feature","geometry":{"type":"Polygon","coordinates":[[[79.525969,15.686629],[79.526727,15.686429],[79.526591,15.685908],[79.526574,15.685851],[79.525799,15.686049],[79.525969,15.686629]]]},"properties":{"lp":"2353","ac":"1.396","chaltha":"2353"}},{"type":"Feature","geometry":{"type":"Polygon","coordinates":[[[79.52377,15.684833],[79.523732,15.684722],[79.523264,15.684871],[79.523541,15.685658],[79.523695,15.686114],[79.524117,15.685989],[79.524037,15.685723],[79.523967,15.68549],[79.52399,15.685471],[79.52377,15.684833]]]},"properties":{"lp":"2222","ac":"1.827","chaltha":"2222"}},{"type":"Feature","geometry":{"type":"Polygon","coordinates":[[[79.521928,15.685329],[79.522076,15.685904],[79.522126,15.686097],[79.523541,15.685658],[79.523264,15.684871],[79.522805,15.685029],[79.52237,15.685177],[79.521928,15.685329]]]},"properties":{"lp":"2564","ac":"3.446","chaltha":"2564"}},{"type":"Feature","geometry":{"type":"Polygon","coordinates":[[[79.52227,15.686656],[79.52336,15.686241],[79.523695,15.686114],[79.523541,15.685658],[79.522126,15.686097],[79.52227,15.686656]]]},"properties":{"lp":"2648","ac":"2.325","chaltha":"2648"}},{"type":"Feature","geometry":{"type":"Polygon","coordinates":[[[79.521712,15.684583],[79.522137,15.684453],[79.522586,15.684315],[79.523031,15.684179],[79.52291,15.683827],[79.521598,15.684228],[79.521671,15.684443],[79.521712,15.684583]]]},"properties":{"lp":"2358","ac":"1.5","chaltha":"2358"}},{"type":"Feature","geometry":{"type":"Polygon","coordinates":[[[79.523031,15.684179],[79.522586,15.684315],[79.522805,15.685029],[79.523264,15.684871],[79.523208,15.684701],[79.523119,15.684434],[79.523031,15.684179]]]},"properties":{"lp":"2363","ac":"1.031","chaltha":"2363"}},{"type":"Feature","geometry":{"type":"Polygon","coordinates":[[[79.52237,15.685177],[79.522137,15.684453],[79.521712,15.684583],[79.52188,15.685162],[79.521928,15.685329],[79.52237,15.685177]]]},"properties":{"lp":"2423","ac":"1.027","chaltha":"2423"}},{"type":"Feature","geometry":{"type":"Polygon","coordinates":[[[79.522586,15.684315],[79.522137,15.684453],[79.52237,15.685177],[79.522805,15.685029],[79.522586,15.684315]]]},"properties":{"lp":"2357","ac":"1.026","chaltha":"2357"}},{"type":"Feature","geometry":{"type":"Polygon","coordinates":[[[79.526097,15.684304],[79.525986,15.683955],[79.525909,15.683733],[79.524994,15.683963],[79.524753,15.684024],[79.524823,15.684265],[79.524905,15.684546],[79.524925,15.684613],[79.525512,15.684458],[79.526097,15.684304]]]},"properties":{"lp":"2369","ac":"2.143","chaltha":"2369"}},{"type":"Feature","geometry":{"type":"Polygon","coordinates":[[[79.525684,15.685028],[79.525512,15.684458],[79.524925,15.684613],[79.525091,15.685183],[79.525684,15.685028]]]},"properties":{"lp":"2367","ac":"1.063","chaltha":"2367"}},{"type":"Feature","geometry":{"type":"Polygon","coordinates":[[[79.526279,15.684872],[79.526232,15.684725],[79.526097,15.684304],[79.525512,15.684458],[79.525684,15.685028],[79.526279,15.684872]]]},"properties":{"lp":"2368","ac":"1.064","chaltha":"2368"}},{"type":"Feature","geometry":{"type":"Polygon","coordinates":[[[79.52399,15.685471],[79.524541,15.685327],[79.524335,15.68469],[79.52377,15.684833],[79.52399,15.685471]]]},"properties":{"lp":"2365","ac":"1.131","chaltha":"2365"}},{"type":"Feature","geometry":{"type":"Polygon","coordinates":[[[79.524541,15.685327],[79.525091,15.685183],[79.524925,15.684613],[79.524905,15.684546],[79.524335,15.68469],[79.524541,15.685327]]]},"properties":{"lp":"2366","ac":"1.128","chaltha":"2366"}},{"type":"Feature","geometry":{"type":"Polygon","coordinates":[[[79.523796,15.683394],[79.522841,15.683626],[79.52291,15.683827],[79.523031,15.684179],[79.523119,15.684434],[79.524047,15.684201],[79.523796,15.683394]]]},"properties":{"lp":"2371","ac":"2.41","chaltha":"2371"}},{"type":"Feature","geometry":{"type":"Polygon","coordinates":[[[79.522841,15.683626],[79.523796,15.683394],[79.524179,15.683295],[79.524035,15.682745],[79.523084,15.682939],[79.522636,15.683031],[79.522784,15.683461],[79.522841,15.683626]]]},"properties":{"lp":"2376","ac":"2.461","chaltha":"2376"}},{"type":"Feature","geometry":{"type":"Polygon","coordinates":[[[79.524994,15.683963],[79.525909,15.683733],[79.52563,15.68292],[79.524876,15.683115],[79.524716,15.683156],[79.524994,15.683963]]]},"properties":{"lp":"2373","ac":"2.361","chaltha":"2373"}},{"type":"Feature","geometry":{"type":"Polygon","coordinates":[[[79.522636,15.683031],[79.523084,15.682939],[79.522984,15.682565],[79.522516,15.682662],[79.522548,15.682758],[79.522636,15.683031]]]},"properties":{"lp":"2377","ac":"0.528","chaltha":"2377"}},{"type":"Feature","geometry":{"type":"Polygon","coordinates":[[[79.523084,15.682939],[79.524035,15.682745],[79.523935,15.682367],[79.522984,15.682565],[79.523084,15.682939]]]},"properties":{"lp":"2378","ac":"1.106","chaltha":"2378"}},{"type":"Feature","geometry":{"type":"Polygon","coordinates":[[[79.516892,15.681521],[79.517185,15.68127],[79.517316,15.680935],[79.516294,15.680697],[79.516892,15.681521]]]},"properties":{"lp":"2388","ac":"1.121","chaltha":"2388"}},{"type":"Feature","geometry":{"type":"Polygon","coordinates":[[[79.516331,15.681098],[79.516095,15.681426],[79.51628,15.68205],[79.516084,15.682698],[79.51557,15.683415],[79.51487,15.683876],[79.514386,15.68432],[79.514346,15.684353],[79.514343,15.684354],[79.514174,15.684491],[79.51415,15.68451],[79.51388,15.684728],[79.514129,15.68474],[79.51481,15.684401],[79.514756,15.684276],[79.515533,15.683918],[79.516014,15.683388],[79.516116,15.683398],[79.516519,15.683152],[79.516197,15.683188],[79.516336,15.682593],[79.51702,15.6824],[79.516897,15.682218],[79.516881,15.681727],[79.516892,15.681521],[79.516294,15.680697],[79.516331,15.681098]]]},"properties":{"lp":"2518","ac":"5.826","chaltha":"2518"}},{"type":"Feature","geometry":{"type":"Polygon","coordinates":[[[79.514386,15.68432],[79.51487,15.683876],[79.51557,15.683415],[79.516084,15.682698],[79.51628,15.68205],[79.515863,15.682147],[79.515345,15.683047],[79.515027,15.68345],[79.514921,15.683585],[79.514478,15.684029],[79.514336,15.684171],[79.514386,15.68432]]]},"properties":{"lp":"2519","ac":"2.606","chaltha":"2519"}},{"type":"Feature","geometry":{"type":"Polygon","coordinates":[[[79.519905,15.686212],[79.520355,15.686078],[79.52001,15.684911],[79.519531,15.685046],[79.519905,15.686212]]]},"properties":{"lp":"2399","ac":"1.731","chaltha":"2399"}},{"type":"Feature","geometry":{"type":"Polygon","coordinates":[[[79.520355,15.686078],[79.520817,15.685941],[79.520483,15.684778],[79.520233,15.684848],[79.52001,15.684911],[79.520355,15.686078]]]},"properties":{"lp":"2400","ac":"1.731","chaltha":"2400"}},{"type":"Feature","geometry":{"type":"Polygon","coordinates":[[[79.520817,15.685941],[79.521309,15.685794],[79.521208,15.685381],[79.521006,15.68463],[79.520749,15.684703],[79.520483,15.684778],[79.520817,15.685941]]]},"properties":{"lp":"2401","ac":"1.88","chaltha":"2401"}},{"type":"Feature","geometry":{"type":"Polygon","coordinates":[[[79.521309,15.685794],[79.521399,15.686129],[79.522076,15.685904],[79.521928,15.685329],[79.52188,15.685162],[79.521208,15.685381],[79.521309,15.685794]]]},"properties":{"lp":"2403","ac":"1.608","chaltha":"2403"}},{"type":"Feature","geometry":{"type":"Polygon","coordinates":[[[79.520035,15.686612],[79.520132,15.686803],[79.521264,15.686429],[79.521467,15.686362],[79.521399,15.686129],[79.521309,15.685794],[79.520817,15.685941],[79.520355,15.686078],[79.519905,15.686212],[79.520035,15.686612]]]},"properties":{"lp":"2405","ac":"2.584","chaltha":"2405"}},{"type":"Feature","geometry":{"type":"Polygon","coordinates":[[[79.524778,15.687839],[79.524935,15.688485],[79.524883,15.688519],[79.524892,15.688558],[79.526446,15.68816],[79.526263,15.687429],[79.525834,15.687547],[79.524778,15.687839]]]},"properties":{"lp":"2419","ac":"3.351","chaltha":"2419"}},{"type":"Feature","geometry":{"type":"Polygon","coordinates":[[[79.525059,15.689243],[79.526626,15.688882],[79.526525,15.688479],[79.526446,15.68816],[79.524892,15.688558],[79.525029,15.689119],[79.525059,15.689243]]]},"properties":{"lp":"2420","ac":"3.408","chaltha":"2420"}},{"type":"Feature","geometry":{"type":"Polygon","coordinates":[[[79.527194,15.691468],[79.527595,15.69116],[79.527456,15.690927],[79.527556,15.690027],[79.527122,15.690113],[79.526365,15.690263],[79.52563,15.690417],[79.525506,15.690579],[79.524652,15.690836],[79.525009,15.691791],[79.525893,15.691556],[79.525984,15.691908],[79.526069,15.692236],[79.526094,15.69233],[79.526961,15.692074],[79.527324,15.692],[79.527194,15.691468]]]},"properties":{"lp":"2422","ac":"12.028","chaltha":"2422"}},{"type":"Feature","geometry":{"type":"Polygon","coordinates":[[[79.527778,15.694132],[79.527713,15.693829],[79.526366,15.694227],[79.5264,15.6945],[79.526403,15.694521],[79.526814,15.694405],[79.527058,15.694336],[79.527778,15.694132]]]},"properties":{"lp":"2434","ac":"1.25","chaltha":"2434"}},{"type":"Feature","geometry":{"type":"Polygon","coordinates":[[[79.526366,15.694227],[79.527713,15.693829],[79.52765,15.693531],[79.526327,15.693915],[79.52635,15.694099],[79.526366,15.694227]]]},"properties":{"lp":"2433","ac":"1.251","chaltha":"2433"}},{"type":"Feature","geometry":{"type":"Polygon","coordinates":[[[79.526327,15.693915],[79.52765,15.693531],[79.527584,15.693222],[79.526288,15.693603],[79.526327,15.693915]]]},"properties":{"lp":"2432","ac":"1.252","chaltha":"2432"}},{"type":"Feature","geometry":{"type":"Polygon","coordinates":[[[79.526221,15.69314],[79.526266,15.693425],[79.526288,15.693603],[79.527584,15.693222],[79.527479,15.69273],[79.526211,15.693075],[79.526221,15.69314]]]},"properties":{"lp":"2431","ac":"2.011","chaltha":"2431"}},{"type":"Feature","geometry":{"type":"Polygon","coordinates":[[[79.526211,15.693075],[79.527479,15.69273],[79.527324,15.692],[79.526961,15.692074],[79.526094,15.69233],[79.526174,15.692844],[79.526211,15.693075]]]},"properties":{"lp":"2430","ac":"2.875","chaltha":"2430"}},{"type":"Feature","geometry":{"type":"Polygon","coordinates":[[[79.527776,15.695358],[79.528044,15.695251],[79.528069,15.695164],[79.528158,15.694879],[79.52816,15.694873],[79.528261,15.694144],[79.52797,15.694199],[79.527778,15.694132],[79.527876,15.694521],[79.527611,15.694993],[79.527247,15.69517],[79.527016,15.695283],[79.526927,15.695326],[79.526966,15.695538],[79.52666,15.695646],[79.526738,15.696108],[79.526411,15.696214],[79.526414,15.696487],[79.527245,15.6973],[79.52723,15.696818],[79.527405,15.69635],[79.527765,15.695387],[79.527776,15.695358]]]},"properties":{"lp":"2334","ac":"5.844","chaltha":"2334"}},{"type":"Feature","geometry":{"type":"Polygon","coordinates":[[[79.526411,15.696214],[79.526738,15.696108],[79.52666,15.695646],[79.526608,15.695419],[79.525868,15.695658],[79.526188,15.696041],[79.526414,15.696487],[79.526411,15.696214]]]},"properties":{"lp":"2438","ac":"1.286","chaltha":"2438"}},{"type":"Feature","geometry":{"type":"Polygon","coordinates":[[[79.525185,15.69484],[79.5264,15.6945],[79.526366,15.694227],[79.52635,15.694099],[79.525601,15.694319],[79.524918,15.694519],[79.525185,15.69484]]]},"properties":{"lp":"2441","ac":"1.576","chaltha":"2441"}},{"type":"Feature","geometry":{"type":"Polygon","coordinates":[[[79.525185,15.69484],[79.525464,15.695175],[79.525528,15.69525],[79.5265,15.694948],[79.526403,15.694521],[79.5264,15.6945],[79.525185,15.69484]]]},"properties":{"lp":"2440","ac":"1.583","chaltha":"2440"}},{"type":"Feature","geometry":{"type":"Polygon","coordinates":[[[79.525528,15.69525],[79.525868,15.695658],[79.526608,15.695419],[79.5265,15.694948],[79.525528,15.69525]]]},"properties":{"lp":"2439","ac":"1.28","chaltha":"2439"}},{"type":"Feature","geometry":{"type":"Polygon","coordinates":[[[79.524168,15.69372],[79.526221,15.69314],[79.526211,15.693075],[79.526174,15.692844],[79.525123,15.693155],[79.523975,15.693495],[79.524168,15.69372]]]},"properties":{"lp":"2447","ac":"1.839","chaltha":"2447"}},{"type":"Feature","geometry":{"type":"Polygon","coordinates":[[[79.524405,15.693997],[79.525382,15.693696],[79.525413,15.693687],[79.526266,15.693425],[79.526221,15.69314],[79.524168,15.69372],[79.524405,15.693997]]]},"properties":{"lp":"2446","ac":"1.849","chaltha":"2446"}},{"type":"Feature","geometry":{"type":"Polygon","coordinates":[[[79.523975,15.693495],[79.525123,15.693155],[79.524946,15.692545],[79.524168,15.692757],[79.524177,15.692875],[79.523616,15.693062],[79.523782,15.69327],[79.523975,15.693495]]]},"properties":{"lp":"2448","ac":"2.309","chaltha":"2448"}},{"type":"Feature","geometry":{"type":"Polygon","coordinates":[[[79.526069,15.692236],[79.524946,15.692545],[79.525123,15.693155],[79.526174,15.692844],[79.526094,15.69233],[79.526069,15.692236]]]},"properties":{"lp":"2449","ac":"2.075","chaltha":"2449"}},{"type":"Feature","geometry":{"type":"Polygon","coordinates":[[[79.524168,15.692757],[79.524946,15.692545],[79.526069,15.692236],[79.525984,15.691908],[79.524121,15.692399],[79.524119,15.692439],[79.524168,15.692757]]]},"properties":{"lp":"2450","ac":"1.999","chaltha":"2450"}},{"type":"Feature","geometry":{"type":"Polygon","coordinates":[[[79.524121,15.692399],[79.525984,15.691908],[79.525893,15.691556],[79.525009,15.691791],[79.52414,15.692022],[79.524121,15.692399]]]},"properties":{"lp":"2451","ac":"1.982","chaltha":"2451"}},{"type":"Feature","geometry":{"type":"Polygon","coordinates":[[[79.523616,15.693062],[79.524177,15.692875],[79.524168,15.692757],[79.524119,15.692439],[79.523546,15.692633],[79.52333,15.692706],[79.523616,15.693062]]]},"properties":{"lp":"2452","ac":"0.903","chaltha":"2452"}},{"type":"Feature","geometry":{"type":"Polygon","coordinates":[[[79.52182,15.692768],[79.521978,15.693183],[79.523271,15.692757],[79.523251,15.692733],[79.522968,15.692379],[79.522099,15.692674],[79.52182,15.692768]]]},"properties":{"lp":"2457","ac":"1.693","chaltha":"2457"}},{"type":"Feature","geometry":{"type":"Polygon","coordinates":[[[79.522091,15.693482],[79.523494,15.693032],[79.523271,15.692757],[79.521978,15.693183],[79.522091,15.693482]]]},"properties":{"lp":"2456","ac":"1.349","chaltha":"2456"}},{"type":"Feature","geometry":{"type":"Polygon","coordinates":[[[79.52215,15.693637],[79.522202,15.693773],[79.523709,15.693296],[79.523494,15.693032],[79.522091,15.693482],[79.52215,15.693637]]]},"properties":{"lp":"2455","ac":"1.403","chaltha":"2455"}},{"type":"Feature","geometry":{"type":"Polygon","coordinates":[[[79.522301,15.694033],[79.522541,15.693974],[79.523903,15.693534],[79.523709,15.693296],[79.522202,15.693773],[79.522301,15.694033]]]},"properties":{"lp":"2454","ac":"1.384","chaltha":"2454"}},{"type":"Feature","geometry":{"type":"Polygon","coordinates":[[[79.521235,15.691862],[79.521449,15.69235],[79.521831,15.692216],[79.522561,15.691961],[79.522152,15.691496],[79.521235,15.691862]]]},"properties":{"lp":"2464","ac":"1.761","chaltha":"2464"}},{"type":"Feature","geometry":{"type":"Polygon","coordinates":[[[79.521653,15.692816],[79.52182,15.692768],[79.522099,15.692674],[79.522048,15.692586],[79.521997,15.692499],[79.521943,15.692407],[79.521891,15.692318],[79.521831,15.692216],[79.521449,15.69235],[79.521653,15.692816]]]},"properties":{"lp":"2463","ac":"0.66","chaltha":"2463"}},{"type":"Feature","geometry":{"type":"Polygon","coordinates":[[[79.520339,15.693188],[79.521653,15.692816],[79.521449,15.69235],[79.521235,15.691862],[79.521042,15.691922],[79.519967,15.692254],[79.52007,15.692516],[79.520189,15.692818],[79.520309,15.693123],[79.520339,15.693188]]]},"properties":{"lp":"2465","ac":"4.017","chaltha":"2465"}},{"type":"Feature","geometry":{"type":"Polygon","coordinates":[[[79.519868,15.692004],[79.519947,15.692204],[79.519967,15.692254],[79.521042,15.691922],[79.520947,15.691642],[79.520579,15.69177],[79.519868,15.692004]]]},"properties":{"lp":"2466","ac":"0.928","chaltha":"2466"}},{"type":"Feature","geometry":{"type":"Polygon","coordinates":[[[79.519868,15.692004],[79.520579,15.69177],[79.520421,15.691376],[79.519719,15.691627],[79.519806,15.691847],[79.519868,15.692004]]]},"properties":{"lp":"2470","ac":"0.906","chaltha":"2470"}},{"type":"Feature","geometry":{"type":"Polygon","coordinates":[[[79.521275,15.691522],[79.521981,15.691266],[79.521719,15.690913],[79.521105,15.691132],[79.521275,15.691522]]]},"properties":{"lp":"2468","ac":"0.869","chaltha":"2468"}},{"type":"Feature","geometry":{"type":"Polygon","coordinates":[[[79.520775,15.690433],[79.521451,15.690227],[79.521262,15.689784],[79.52083,15.689918],[79.520607,15.689988],[79.520775,15.690433]]]},"properties":{"lp":"2473","ac":"0.974","chaltha":"2473"}},{"type":"Feature","geometry":{"type":"Polygon","coordinates":[[[79.520763,15.690437],[79.520775,15.690433],[79.520607,15.689988],[79.520406,15.690051],[79.519988,15.690181],[79.519983,15.690183],[79.520131,15.69063],[79.520763,15.690437]]]},"properties":{"lp":"2474","ac":"0.92","chaltha":"2474"}},{"type":"Feature","geometry":{"type":"Polygon","coordinates":[[[79.51947,15.690832],[79.520131,15.69063],[79.519983,15.690183],[79.519977,15.690185],[79.519544,15.69032],[79.519331,15.690386],[79.519446,15.690756],[79.51947,15.690832]]]},"properties":{"lp":"2475","ac":"0.945","chaltha":"2475"}},{"type":"Feature","geometry":{"type":"Polygon","coordinates":[[[79.518006,15.692782],[79.519947,15.692204],[79.519868,15.692004],[79.519806,15.691847],[79.517869,15.692387],[79.517943,15.6926],[79.517956,15.692636],[79.518006,15.692782]]]},"properties":{"lp":"2479","ac":"2.367","chaltha":"2479"}},{"type":"Feature","geometry":{"type":"Polygon","coordinates":[[[79.517869,15.692387],[79.519806,15.691847],[79.519719,15.691627],[79.519671,15.691475],[79.51774,15.692013],[79.517824,15.692257],[79.517869,15.692387]]]},"properties":{"lp":"2480","ac":"2.316","chaltha":"2480"}},{"type":"Feature","geometry":{"type":"Polygon","coordinates":[[[79.517605,15.691621],[79.51766,15.691778],[79.51774,15.692013],[79.519671,15.691475],[79.51955,15.691088],[79.517605,15.691621]]]},"properties":{"lp":"2481","ac":"2.415","chaltha":"2481"}},{"type":"Feature","geometry":{"type":"Polygon","coordinates":[[[79.51749,15.691285],[79.517582,15.691552],[79.517605,15.691621],[79.51955,15.691088],[79.51947,15.690832],[79.519446,15.690756],[79.51749,15.691285]]]},"properties":{"lp":"2482","ac":"2.08","chaltha":"2482"}},{"type":"Feature","geometry":{"type":"Polygon","coordinates":[[[79.51749,15.691285],[79.519446,15.690756],[79.519331,15.690386],[79.517822,15.690827],[79.51738,15.690964],[79.51749,15.691285]]]},"properties":{"lp":"2483","ac":"2.176","chaltha":"2483"}},{"type":"Feature","geometry":{"type":"Polygon","coordinates":[[[79.520406,15.690051],[79.520607,15.689988],[79.52083,15.689918],[79.520361,15.688619],[79.519946,15.68873],[79.520406,15.690051]]]},"properties":{"lp":"2489","ac":"1.776","chaltha":"2489"}},{"type":"Feature","geometry":{"type":"Polygon","coordinates":[[[79.52083,15.689918],[79.521262,15.689784],[79.521033,15.689306],[79.520837,15.688492],[79.520361,15.688619],[79.52083,15.689918]]]},"properties":{"lp":"2490","ac":"1.759","chaltha":"2490"}},{"type":"Feature","geometry":{"type":"Polygon","coordinates":[[[79.517822,15.690827],[79.519331,15.690386],[79.519544,15.69032],[79.51929,15.689633],[79.518708,15.689803],[79.517528,15.690149],[79.517674,15.690485],[79.517766,15.690699],[79.517822,15.690827]]]},"properties":{"lp":"2484","ac":"3.905","chaltha":"2484"}},{"type":"Feature","geometry":{"type":"Polygon","coordinates":[[[79.518097,15.68927],[79.518467,15.68916],[79.518887,15.689036],[79.518687,15.688397],[79.518687,15.688395],[79.517876,15.68863],[79.518097,15.68927]]]},"properties":{"lp":"2491","ac":"1.647","chaltha":"2491"}},{"type":"Feature","geometry":{"type":"Polygon","coordinates":[[[79.51905,15.688988],[79.519495,15.688856],[79.519706,15.688794],[79.519489,15.688181],[79.519481,15.688158],[79.518687,15.688397],[79.518887,15.689036],[79.51905,15.688988]]]},"properties":{"lp":"2494","ac":"1.657","chaltha":"2494"}},{"type":"Feature","geometry":{"type":"Polygon","coordinates":[[[79.518687,15.688395],[79.518455,15.687776],[79.517664,15.688015],[79.517685,15.688077],[79.517876,15.68863],[79.518687,15.688395]]]},"properties":{"lp":"2492","ac":"1.602","chaltha":"2492"}},{"type":"Feature","geometry":{"type":"Polygon","coordinates":[[[79.519481,15.688158],[79.519277,15.687578],[79.518739,15.687691],[79.518455,15.687776],[79.518687,15.688395],[79.518687,15.688397],[79.519481,15.688158]]]},"properties":{"lp":"2493","ac":"1.581","chaltha":"2493"}},{"type":"Feature","geometry":{"type":"Polygon","coordinates":[[[79.520361,15.688619],[79.520837,15.688492],[79.520621,15.687874],[79.520054,15.688028],[79.519489,15.688181],[79.519706,15.688794],[79.519946,15.68873],[79.520361,15.688619]]]},"properties":{"lp":"2495","ac":"2.235","chaltha":"2495"}},{"type":"Feature","geometry":{"type":"Polygon","coordinates":[[[79.519489,15.688181],[79.520054,15.688028],[79.519827,15.687368],[79.519277,15.687578],[79.519481,15.688158],[79.519489,15.688181]]]},"properties":{"lp":"2497","ac":"1.149","chaltha":"2497"}},{"type":"Feature","geometry":{"type":"Polygon","coordinates":[[[79.520621,15.687874],[79.520509,15.687552],[79.520371,15.68737],[79.520248,15.687207],[79.519827,15.687368],[79.520054,15.688028],[79.520621,15.687874]]]},"properties":{"lp":"2496","ac":"1.164","chaltha":"2496"}},{"type":"Feature","geometry":{"type":"Polygon","coordinates":[[[79.517193,15.688226],[79.517685,15.688077],[79.517664,15.688015],[79.517326,15.687092],[79.516857,15.687201],[79.517024,15.68771],[79.517193,15.688226]]]},"properties":{"lp":"2502","ac":"1.549","chaltha":"2502"}},{"type":"Feature","geometry":{"type":"Polygon","coordinates":[[[79.517204,15.688261],[79.517709,15.689403],[79.518097,15.68927],[79.517876,15.68863],[79.517685,15.688077],[79.517193,15.688226],[79.517204,15.688261]]]},"properties":{"lp":"2501","ac":"1.728","chaltha":"2501"}},{"type":"Feature","geometry":{"type":"Polygon","coordinates":[[[79.51682,15.685501],[79.517997,15.685165],[79.517828,15.684694],[79.516666,15.685013],[79.516688,15.685078],[79.51682,15.685501]]]},"properties":{"lp":"2512","ac":"1.798","chaltha":"2512"}},{"type":"Feature","geometry":{"type":"Polygon","coordinates":[[[79.516666,15.685013],[79.517828,15.684694],[79.517659,15.684224],[79.51698,15.68439],[79.516544,15.684514],[79.516503,15.684526],[79.516598,15.684809],[79.51662,15.684877],[79.51664,15.684937],[79.516666,15.685013]]]},"properties":{"lp":"2513","ac":"1.795","chaltha":"2513"}},{"type":"Feature","geometry":{"type":"Polygon","coordinates":[[[79.514116,15.685571],[79.515085,15.685226],[79.515077,15.685202],[79.51481,15.684401],[79.514129,15.68474],[79.514033,15.685047],[79.51407,15.685425],[79.514116,15.685571]]]},"properties":{"lp":"2536","ac":"2.262","chaltha":"2536"}},{"type":"Feature","geometry":{"type":"Polygon","coordinates":[[[79.514193,15.685822],[79.514358,15.686355],[79.514929,15.68617],[79.514881,15.686015],[79.51528,15.685916],[79.515167,15.685472],[79.515123,15.685342],[79.515099,15.685267],[79.515085,15.685226],[79.514116,15.685571],[79.514193,15.685822]]]},"properties":{"lp":"2537","ac":"2.326","chaltha":"2537"}},{"type":"Feature","geometry":{"type":"Polygon","coordinates":[[[79.51528,15.685916],[79.515902,15.685763],[79.516375,15.685646],[79.51683,15.685534],[79.51682,15.685501],[79.516688,15.685078],[79.515167,15.685472],[79.51528,15.685916]]]},"properties":{"lp":"2538","ac":"2.171","chaltha":"2538"}},{"type":"Feature","geometry":{"type":"Polygon","coordinates":[[[79.511207,15.683111],[79.511186,15.684204],[79.511559,15.685272],[79.512144,15.685724],[79.512251,15.686274],[79.512748,15.686556],[79.512897,15.686491],[79.513052,15.686199],[79.512892,15.685827],[79.513785,15.685279],[79.51388,15.684728],[79.513837,15.684283],[79.513412,15.684465],[79.513018,15.684633],[79.51246,15.682816],[79.512047,15.682913],[79.511207,15.683111]]]},"properties":{"lp":"2534","ac":"16.201","chaltha":"2534"}},{"type":"Feature","geometry":{"type":"Polygon","coordinates":[[[79.515181,15.686839],[79.515127,15.686675],[79.514929,15.68617],[79.514358,15.686355],[79.514193,15.685822],[79.513892,15.685971],[79.513995,15.68635],[79.514257,15.68706],[79.515181,15.686839]]]},"properties":{"lp":"2542","ac":"2.406","chaltha":"2542"}},{"type":"Feature","geometry":{"type":"Polygon","coordinates":[[[79.514502,15.687721],[79.514739,15.687669],[79.515407,15.687522],[79.515181,15.686839],[79.514257,15.68706],[79.514358,15.687335],[79.514502,15.687721]]]},"properties":{"lp":"2545","ac":"1.947","chaltha":"2545"}},{"type":"Feature","geometry":{"type":"Polygon","coordinates":[[[79.516547,15.686334],[79.51609,15.686443],[79.516222,15.686879],[79.517173,15.686654],[79.517021,15.686219],[79.516547,15.686334]]]},"properties":{"lp":"2547","ac":"1.293","chaltha":"2547"}},{"type":"Feature","geometry":{"type":"Polygon","coordinates":[[[79.516857,15.687201],[79.517326,15.687092],[79.517199,15.68673],[79.517173,15.686654],[79.516222,15.686879],[79.51636,15.687311],[79.516857,15.687201]]]},"properties":{"lp":"2548","ac":"1.32","chaltha":"2548"}},{"type":"Feature","geometry":{"type":"Polygon","coordinates":[[[79.514864,15.689138],[79.515193,15.689034],[79.515044,15.688586],[79.514896,15.688145],[79.514739,15.687669],[79.514502,15.687721],[79.514431,15.687736],[79.514584,15.688231],[79.514864,15.689138]]]},"properties":{"lp":"2556","ac":"1.4","chaltha":"2556"}},{"type":"Feature","geometry":{"type":"Polygon","coordinates":[[[79.512748,15.686556],[79.512749,15.686972],[79.513041,15.686696],[79.513406,15.685792],[79.51407,15.685425],[79.514033,15.685047],[79.514129,15.68474],[79.51388,15.684728],[79.513785,15.685279],[79.512892,15.685827],[79.513052,15.686199],[79.512897,15.686491],[79.512748,15.686556]]]},"properties":{"lp":"2535","ac":"1.978","chaltha":"2535"}},{"type":"Feature","geometry":{"type":"Polygon","coordinates":[[[79.514358,15.687335],[79.514257,15.68706],[79.513995,15.68635],[79.513892,15.685971],[79.514193,15.685822],[79.514116,15.685571],[79.51407,15.685425],[79.513406,15.685792],[79.513041,15.686696],[79.512749,15.686972],[79.512547,15.687523],[79.512561,15.687708],[79.513275,15.687419],[79.513352,15.687656],[79.514358,15.687335]]]},"properties":{"lp":"2543","ac":"6.243","chaltha":"2543"}},{"type":"Feature","geometry":{"type":"Polygon","coordinates":[[[79.513352,15.687656],[79.513275,15.687419],[79.512561,15.687708],[79.512588,15.68808],[79.512784,15.688605],[79.513896,15.689227],[79.513655,15.688543],[79.513454,15.687971],[79.513352,15.687656]]]},"properties":{"lp":"2558","ac":"3.472","chaltha":"2558"}},{"type":"Feature","geometry":{"type":"Polygon","coordinates":[[[79.514584,15.688231],[79.514431,15.687736],[79.514502,15.687721],[79.514358,15.687335],[79.513352,15.687656],[79.513454,15.687971],[79.513655,15.688543],[79.514584,15.688231]]]},"properties":{"lp":"2544","ac":"2.785","chaltha":"2544"}},{"type":"Feature","geometry":{"type":"Polygon","coordinates":[[[79.513896,15.689227],[79.514112,15.689437],[79.514179,15.689417],[79.514864,15.689138],[79.514584,15.688231],[79.513655,15.688543],[79.513896,15.689227]]]},"properties":{"lp":"2557","ac":"2.697","chaltha":"2557"}},{"type":"Feature","geometry":{"type":"Polygon","coordinates":[[[79.514179,15.689417],[79.514112,15.689437],[79.513896,15.689227],[79.514804,15.690561],[79.514866,15.690534],[79.514179,15.689417]]]},"properties":{"lp":"2559","ac":"0.403","chaltha":"2559"}},{"type":"Feature","geometry":{"type":"Polygon","coordinates":[[[79.514864,15.689138],[79.515323,15.690253],[79.515963,15.690026],[79.515539,15.688926],[79.515193,15.689034],[79.514864,15.689138]]]},"properties":{"lp":"2561","ac":"2.419","chaltha":"2561"}},{"type":"Feature","geometry":{"type":"Polygon","coordinates":[[[79.514179,15.689417],[79.514866,15.690534],[79.515119,15.690946],[79.51533,15.691532],[79.515788,15.691352],[79.515736,15.691229],[79.515573,15.690844],[79.515323,15.690253],[79.514864,15.689138],[79.514179,15.689417]]]},"properties":{"lp":"2560","ac":"3.968","chaltha":"2560"}},{"type":"Feature","geometry":{"type":"Polygon","coordinates":[[[79.516566,15.688516],[79.517019,15.689643],[79.517269,15.689552],[79.517709,15.689403],[79.517204,15.688261],[79.516566,15.688516]]]},"properties":{"lp":"2563","ac":"2.551","chaltha":"2563"}},{"type":"Feature","geometry":{"type":"Polygon","coordinates":[[[79.515963,15.690026],[79.517019,15.689643],[79.516566,15.688516],[79.516529,15.688531],[79.515868,15.688794],[79.515539,15.688926],[79.515963,15.690026]]]},"properties":{"lp":"2562","ac":"3.909","chaltha":"2562"}},{"type":"Feature","geometry":{"type":"Polygon","coordinates":[[[79.515323,15.690253],[79.515573,15.690844],[79.516563,15.690474],[79.517515,15.690119],[79.517269,15.689552],[79.517019,15.689643],[79.515963,15.690026],[79.515323,15.690253]]]},"properties":{"lp":"2565","ac":"3.804","chaltha":"2565"}},{"type":"Feature","geometry":{"type":"Polygon","coordinates":[[[79.517582,15.691552],[79.51749,15.691285],[79.51738,15.690964],[79.517822,15.690827],[79.517766,15.690699],[79.516808,15.691061],[79.515828,15.691437],[79.516047,15.691904],[79.516097,15.692061],[79.517582,15.691552]]]},"properties":{"lp":"2570","ac":"3.456","chaltha":"2570"}},{"type":"Feature","geometry":{"type":"Polygon","coordinates":[[[79.51672,15.690852],[79.517674,15.690485],[79.517528,15.690149],[79.517515,15.690119],[79.516563,15.690474],[79.51672,15.690852]]]},"properties":{"lp":"2566","ac":"1.206","chaltha":"2566"}},{"type":"Feature","geometry":{"type":"Polygon","coordinates":[[[79.515788,15.691352],[79.515828,15.691437],[79.516808,15.691061],[79.51672,15.690852],[79.515736,15.691229],[79.515788,15.691352]]]},"properties":{"lp":"2568","ac":"0.7","chaltha":"2568"}},{"type":"Feature","geometry":{"type":"Polygon","coordinates":[[[79.517674,15.690485],[79.51672,15.690852],[79.516808,15.691061],[79.517766,15.690699],[79.517674,15.690485]]]},"properties":{"lp":"2569","ac":"0.688","chaltha":"2569"}},{"type":"Feature","geometry":{"type":"Polygon","coordinates":[[[79.516306,15.692721],[79.517824,15.692257],[79.51774,15.692013],[79.516447,15.692435],[79.516237,15.692504],[79.516306,15.692721]]]},"properties":{"lp":"2573","ac":"1.127","chaltha":"2573"}},{"type":"Feature","geometry":{"type":"Polygon","coordinates":[[[79.51766,15.691778],[79.517605,15.691621],[79.517582,15.691552],[79.516097,15.692061],[79.516237,15.692504],[79.516447,15.692435],[79.516372,15.692222],[79.51766,15.691778]]]},"properties":{"lp":"2571","ac":"1.251","chaltha":"2571"}},{"type":"Feature","geometry":{"type":"Polygon","coordinates":[[[79.51587,15.693622],[79.515949,15.693793],[79.518139,15.693165],[79.518118,15.693104],[79.518117,15.693101],[79.518077,15.692987],[79.516948,15.693312],[79.51587,15.693622]]]},"properties":{"lp":"2576","ac":"1.254","chaltha":"2576"}},{"type":"Feature","geometry":{"type":"Polygon","coordinates":[[[79.515949,15.693793],[79.516032,15.693971],[79.518203,15.69335],[79.518139,15.693165],[79.515949,15.693793]]]},"properties":{"lp":"2577","ac":"1.294","chaltha":"2577"}},{"type":"Feature","geometry":{"type":"Polygon","coordinates":[[[79.516032,15.693971],[79.51611,15.694141],[79.518264,15.693526],[79.518227,15.693419],[79.518203,15.69335],[79.516032,15.693971]]]},"properties":{"lp":"2578","ac":"1.225","chaltha":"2578"}},{"type":"Feature","geometry":{"type":"Polygon","coordinates":[[[79.51611,15.694141],[79.516119,15.694159],[79.516298,15.694265],[79.517278,15.694002],[79.517872,15.693843],[79.518332,15.69372],[79.518264,15.693526],[79.51611,15.694141]]]},"properties":{"lp":"2579","ac":"1.194","chaltha":"2579"}},{"type":"Feature","geometry":{"type":"Polygon","coordinates":[[[79.537589,15.687025],[79.538372,15.687295],[79.538733,15.686432],[79.538625,15.686083],[79.537923,15.685867],[79.537589,15.687025]]]},"properties":{"lp":"2094","ac":"3.108","chaltha":"2094"}},{"type":"Feature","geometry":{"type":"Polygon","coordinates":[[[79.538372,15.687295],[79.538863,15.68759],[79.539191,15.686782],[79.538733,15.686432],[79.538372,15.687295]]]},"properties":{"lp":"2093","ac":"1.487","chaltha":"2093"}},{"type":"Feature","geometry":{"type":"Polygon","coordinates":[[[79.538863,15.68759],[79.539054,15.687705],[79.53944,15.687655],[79.539755,15.687628],[79.539543,15.68705],[79.539191,15.686782],[79.538863,15.68759]]]},"properties":{"lp":"2092","ac":"1.42","chaltha":"2092"}},{"type":"Feature","geometry":{"type":"Polygon","coordinates":[[[79.537223,15.688034],[79.537466,15.688017],[79.537521,15.686999],[79.537339,15.687034],[79.537307,15.687302],[79.537223,15.688034]]]},"properties":{"lp":"2096","ac":"0.624","chaltha":"2096"}},{"type":"Feature","geometry":{"type":"Polygon","coordinates":[[[79.537543,15.688008],[79.539295,15.687868],[79.53944,15.687655],[79.539054,15.687705],[79.538863,15.68759],[79.538372,15.687295],[79.537589,15.687025],[79.537543,15.688008]]]},"properties":{"lp":"2099","ac":"2.935","chaltha":"2099"}},{"type":"Feature","geometry":{"type":"Polygon","coordinates":[[[79.537223,15.688034],[79.537219,15.688065],[79.537292,15.688957],[79.53738,15.688888],[79.537466,15.688017],[79.537223,15.688034]]]},"properties":{"lp":"2097","ac":"0.443","chaltha":"2097"}},{"type":"Feature","geometry":{"type":"Polygon","coordinates":[[[79.537442,15.688856],[79.538143,15.688554],[79.538248,15.688509],[79.538545,15.688453],[79.538946,15.688377],[79.539295,15.687868],[79.537543,15.688008],[79.537442,15.688856]]]},"properties":{"lp":"2098","ac":"2.832","chaltha":"2098"}},{"type":"Feature","geometry":{"type":"Polygon","coordinates":[[[79.537589,15.687025],[79.537521,15.686999],[79.537466,15.688017],[79.53738,15.688888],[79.537442,15.688856],[79.537543,15.688008],[79.537589,15.687025]]]},"properties":{"lp":"2095","ac":"0.382","chaltha":"2095"}},{"type":"Feature","geometry":{"type":"Polygon","coordinates":[[[79.539295,15.687868],[79.538946,15.688377],[79.539099,15.688852],[79.540391,15.688457],[79.540269,15.688367],[79.540071,15.688395],[79.53944,15.687655],[79.539295,15.687868]]]},"properties":{"lp":"2100","ac":"2.314","chaltha":"2100"}},{"type":"Feature","geometry":{"type":"Polygon","coordinates":[[[79.540819,15.688775],[79.540391,15.688457],[79.539099,15.688852],[79.539123,15.688926],[79.539227,15.689254],[79.540178,15.688968],[79.540819,15.688775]]]},"properties":{"lp":"2101","ac":"1.879","chaltha":"2101"}},{"type":"Feature","geometry":{"type":"Polygon","coordinates":[[[79.539227,15.689254],[79.539421,15.689865],[79.540243,15.689695],[79.540296,15.689899],[79.540421,15.689823],[79.540178,15.688968],[79.539227,15.689254]]]},"properties":{"lp":"2102","ac":"2.044","chaltha":"2102"}},{"type":"Feature","geometry":{"type":"Polygon","coordinates":[[[79.540386,15.690744],[79.540314,15.690394],[79.539316,15.690582],[79.539405,15.690939],[79.540275,15.690774],[79.540386,15.690744]]]},"properties":{"lp":"2105","ac":"1.083","chaltha":"2105"}},{"type":"Feature","geometry":{"type":"Polygon","coordinates":[[[79.539316,15.690582],[79.540314,15.690394],[79.540293,15.690295],[79.540262,15.690007],[79.540296,15.689899],[79.540243,15.689695],[79.539421,15.689865],[79.539176,15.689927],[79.539183,15.689956],[79.539316,15.690582]]]},"properties":{"lp":"2104","ac":"2.128","chaltha":"2104"}},{"type":"Feature","geometry":{"type":"Polygon","coordinates":[[[79.540293,15.690295],[79.540971,15.690141],[79.541955,15.689917],[79.541781,15.689474],[79.541415,15.689216],[79.540421,15.689823],[79.540296,15.689899],[79.540262,15.690007],[79.540293,15.690295]]]},"properties":{"lp":"2103","ac":"2.846","chaltha":"2103"}},{"type":"Feature","geometry":{"type":"Polygon","coordinates":[[[79.544731,15.688567],[79.544595,15.690063],[79.544458,15.690636],[79.544643,15.690794],[79.54471,15.691042],[79.54476,15.691229],[79.545163,15.691142],[79.545242,15.691315],[79.545497,15.691213],[79.545838,15.690987],[79.545801,15.690751],[79.545601,15.690484],[79.545245,15.689459],[79.545334,15.688819],[79.544731,15.688567]]]},"properties":{"lp":"2047","ac":"6.253","chaltha":"2047"}},{"type":"Feature","geometry":{"type":"Polygon","coordinates":[[[79.544797,15.687158],[79.545006,15.687319],[79.545162,15.687584],[79.54514,15.688592],[79.545334,15.688819],[79.545351,15.688453],[79.545368,15.688073],[79.545386,15.687677],[79.545404,15.687273],[79.545413,15.687091],[79.544797,15.687158]]]},"properties":{"lp":"2067","ac":"1.249","chaltha":"2067"}},{"type":"Feature","geometry":{"type":"Polygon","coordinates":[[[79.538946,15.688377],[79.538545,15.688453],[79.538713,15.68904],[79.539123,15.688926],[79.539099,15.688852],[79.538946,15.688377]]]},"properties":{"lp":"2111","ac":"0.723","chaltha":"2111"}},{"type":"Feature","geometry":{"type":"Polygon","coordinates":[[[79.538248,15.688509],[79.538143,15.688554],[79.538333,15.689145],[79.538713,15.68904],[79.538545,15.688453],[79.538248,15.688509]]]},"properties":{"lp":"2112","ac":"0.741","chaltha":"2112"}},{"type":"Feature","geometry":{"type":"Polygon","coordinates":[[[79.53739,15.689408],[79.538261,15.689166],[79.538333,15.689145],[79.538143,15.688554],[79.537442,15.688856],[79.53739,15.689408]]]},"properties":{"lp":"2113","ac":"1.436","chaltha":"2113"}},{"type":"Feature","geometry":{"type":"Polygon","coordinates":[[[79.53732,15.689428],[79.537366,15.690459],[79.537448,15.691215],[79.537462,15.691349],[79.537519,15.691337],[79.537455,15.690375],[79.537423,15.689908],[79.53739,15.689408],[79.53732,15.689428]]]},"properties":{"lp":"2108","ac":"0.448","chaltha":"2108"}},{"type":"Feature","geometry":{"type":"Polygon","coordinates":[[[79.538364,15.689665],[79.538459,15.690131],[79.53886,15.690034],[79.539183,15.689956],[79.539176,15.689927],[79.539421,15.689865],[79.539227,15.689254],[79.539123,15.688926],[79.538713,15.68904],[79.538333,15.689145],[79.538261,15.689166],[79.538364,15.689665]]]},"properties":{"lp":"2110","ac":"2.753","chaltha":"2110"}},{"type":"Feature","geometry":{"type":"Polygon","coordinates":[[[79.537519,15.691337],[79.538945,15.691036],[79.539057,15.691013],[79.53886,15.690034],[79.538459,15.690131],[79.537455,15.690375],[79.537519,15.691337]]]},"properties":{"lp":"2107","ac":"4.312","chaltha":"2107"}},{"type":"Feature","geometry":{"type":"Polygon","coordinates":[[[79.537519,15.691337],[79.537567,15.691782],[79.538236,15.691661],[79.539022,15.691519],[79.538945,15.691036],[79.537519,15.691337]]]},"properties":{"lp":"1327","ac":"2.009","chaltha":"1327"}},{"type":"Feature","geometry":{"type":"Polygon","coordinates":[[[79.537593,15.692022],[79.537586,15.692163],[79.538295,15.692045],[79.538236,15.691661],[79.537567,15.691782],[79.537593,15.692022]]]},"properties":{"lp":"1325","ac":"0.778","chaltha":"1325"}},{"type":"Feature","geometry":{"type":"Polygon","coordinates":[[[79.538295,15.692045],[79.540458,15.691688],[79.540375,15.691274],[79.539022,15.691519],[79.538236,15.691661],[79.538295,15.692045]]]},"properties":{"lp":"1326","ac":"2.593","chaltha":"1326"}},{"type":"Feature","geometry":{"type":"Polygon","coordinates":[[[79.54062,15.692556],[79.540599,15.692387],[79.540543,15.692111],[79.537562,15.692636],[79.537539,15.693101],[79.539063,15.692833],[79.54062,15.692556]]]},"properties":{"lp":"1323","ac":"4.096","chaltha":"1323"}},{"type":"Feature","geometry":{"type":"Polygon","coordinates":[[[79.537528,15.693326],[79.537528,15.693526],[79.539138,15.693247],[79.539063,15.692833],[79.537539,15.693101],[79.537528,15.693326]]]},"properties":{"lp":"1322","ac":"1.954","chaltha":"1322"}},{"type":"Feature","geometry":{"type":"Polygon","coordinates":[[[79.54062,15.692556],[79.539063,15.692833],[79.539138,15.693247],[79.539151,15.693244],[79.540671,15.692974],[79.540666,15.692929],[79.54062,15.692556]]]},"properties":{"lp":"1321","ac":"1.935","chaltha":"1321"}},{"type":"Feature","geometry":{"type":"Polygon","coordinates":[[[79.539138,15.693247],[79.537528,15.693526],[79.53753,15.693941],[79.539223,15.693659],[79.539151,15.693244],[79.539138,15.693247]]]},"properties":{"lp":"1319","ac":"2.046","chaltha":"1319"}},{"type":"Feature","geometry":{"type":"Polygon","coordinates":[[[79.539284,15.694069],[79.539223,15.693659],[79.53753,15.693941],[79.537531,15.694372],[79.539284,15.694069]]]},"properties":{"lp":"1318","ac":"2.15","chaltha":"1318"}},{"type":"Feature","geometry":{"type":"Polygon","coordinates":[[[79.539284,15.694069],[79.54076,15.693814],[79.540761,15.693701],[79.540671,15.692974],[79.539151,15.693244],[79.539223,15.693659],[79.539284,15.694069]]]},"properties":{"lp":"1320","ac":"3.75","chaltha":"1320"}},{"type":"Feature","geometry":{"type":"Polygon","coordinates":[[[79.537532,15.694795],[79.539381,15.694444],[79.540758,15.694182],[79.54076,15.693814],[79.539284,15.694069],[79.537531,15.694372],[79.537531,15.694409],[79.537532,15.694795]]]},"properties":{"lp":"1317","ac":"3.741","chaltha":"1317"}},{"type":"Feature","geometry":{"type":"Polygon","coordinates":[[[79.537533,15.695209],[79.538201,15.695116],[79.539287,15.694956],[79.539318,15.694952],[79.539301,15.694843],[79.539451,15.694803],[79.539381,15.694444],[79.537532,15.694795],[79.537533,15.695209]]]},"properties":{"lp":"1315","ac":"2.495","chaltha":"1315"}},{"type":"Feature","geometry":{"type":"Polygon","coordinates":[[[79.53986,15.694692],[79.540378,15.694537],[79.540757,15.694422],[79.540758,15.694182],[79.539381,15.694444],[79.539451,15.694803],[79.53986,15.694692]]]},"properties":{"lp":"1314","ac":"1.228","chaltha":"1314"}},{"type":"Feature","geometry":{"type":"Polygon","coordinates":[[[79.541755,15.691306],[79.54206,15.691212],[79.542571,15.691053],[79.542263,15.690485],[79.541119,15.690728],[79.541258,15.69127],[79.541755,15.691306]]]},"properties":{"lp":"1333","ac":"2.377","chaltha":"1333"}},{"type":"Feature","geometry":{"type":"Polygon","coordinates":[[[79.540971,15.690141],[79.541048,15.690447],[79.542115,15.690212],[79.541955,15.689917],[79.540971,15.690141]]]},"properties":{"lp":"1331","ac":"0.982","chaltha":"1331"}},{"type":"Feature","geometry":{"type":"Polygon","coordinates":[[[79.542263,15.690485],[79.542262,15.690483],[79.542115,15.690212],[79.541048,15.690447],[79.541119,15.690728],[79.542263,15.690485]]]},"properties":{"lp":"1332","ac":"0.975","chaltha":"1332"}},{"type":"Feature","geometry":{"type":"Polygon","coordinates":[[[79.527747,15.711132],[79.527315,15.711143],[79.52732,15.711413],[79.527445,15.711553],[79.527496,15.711553],[79.527757,15.71155],[79.527747,15.711132]]]},"properties":{"lp":"404","ac":"0.501","chaltha":"404"}},{"type":"Feature","geometry":{"type":"Polygon","coordinates":[[[79.527494,15.711912],[79.527542,15.711904],[79.527496,15.711553],[79.527445,15.711553],[79.52732,15.711413],[79.527315,15.711143],[79.527089,15.711149],[79.527003,15.711151],[79.527174,15.711432],[79.526879,15.711559],[79.526767,15.711562],[79.526987,15.711794],[79.527151,15.711968],[79.527494,15.711912]]]},"properties":{"lp":"413","ac":"0.97","chaltha":"413"}},{"type":"Feature","geometry":{"type":"Polygon","coordinates":[[[79.54206,15.691212],[79.542283,15.69201],[79.542547,15.691937],[79.542758,15.692622],[79.543309,15.692449],[79.543257,15.69215],[79.54305,15.691891],[79.542571,15.691053],[79.54206,15.691212]]]},"properties":{"lp":"1338","ac":"2.744","chaltha":"1338"}},{"type":"Feature","geometry":{"type":"Polygon","coordinates":[[[79.541486,15.692229],[79.542283,15.69201],[79.54206,15.691212],[79.541755,15.691306],[79.541448,15.691856],[79.54147,15.692129],[79.541486,15.692229]]]},"properties":{"lp":"1334","ac":"1.58","chaltha":"1334"}},{"type":"Feature","geometry":{"type":"Polygon","coordinates":[[[79.541486,15.692229],[79.541639,15.692674],[79.541732,15.692944],[79.542058,15.692842],[79.542671,15.69265],[79.542758,15.692622],[79.542547,15.691937],[79.542283,15.69201],[79.541486,15.692229]]]},"properties":{"lp":"1337","ac":"2.348","chaltha":"1337"}},{"type":"Feature","geometry":{"type":"Polygon","coordinates":[[[79.540757,15.694422],[79.541526,15.694189],[79.541791,15.694106],[79.541608,15.69343],[79.540761,15.693701],[79.54076,15.693814],[79.540758,15.694182],[79.540757,15.694422]]]},"properties":{"lp":"1313","ac":"2.006","chaltha":"1313"}},{"type":"Feature","geometry":{"type":"Polygon","coordinates":[[[79.543318,15.693623],[79.543309,15.692449],[79.542758,15.692622],[79.542671,15.69265],[79.542926,15.693747],[79.543318,15.693623]]]},"properties":{"lp":"1310","ac":"1.776","chaltha":"1310"}},{"type":"Feature","geometry":{"type":"Polygon","coordinates":[[[79.541791,15.694106],[79.542385,15.693918],[79.542058,15.692842],[79.541732,15.692944],[79.541498,15.693018],[79.541608,15.69343],[79.541791,15.694106]]]},"properties":{"lp":"1312","ac":"1.998","chaltha":"1312"}},{"type":"Feature","geometry":{"type":"Polygon","coordinates":[[[79.542385,15.693918],[79.542926,15.693747],[79.542671,15.69265],[79.542058,15.692842],[79.542385,15.693918]]]},"properties":{"lp":"1311","ac":"1.991","chaltha":"1311"}},{"type":"Feature","geometry":{"type":"Polygon","coordinates":[[[79.541526,15.694189],[79.541657,15.694723],[79.541693,15.69487],[79.54345,15.694383],[79.54343,15.694266],[79.543318,15.693623],[79.542926,15.693747],[79.542385,15.693918],[79.541791,15.694106],[79.541526,15.694189]]]},"properties":{"lp":"1309","ac":"3.975","chaltha":"1309"}},{"type":"Feature","geometry":{"type":"Polygon","coordinates":[[[79.543217,15.695402],[79.543163,15.695219],[79.543592,15.695099],[79.543544,15.694919],[79.54345,15.694383],[79.541693,15.69487],[79.541892,15.695682],[79.542571,15.695538],[79.543217,15.695402]]]},"properties":{"lp":"1308","ac":"4.436","chaltha":"1308"}},{"type":"Feature","geometry":{"type":"Polygon","coordinates":[[[79.541892,15.695682],[79.541995,15.696082],[79.542087,15.696439],[79.542759,15.696304],[79.542571,15.695538],[79.541892,15.695682]]]},"properties":{"lp":"1307","ac":"1.586","chaltha":"1307"}},{"type":"Feature","geometry":{"type":"Polygon","coordinates":[[[79.542759,15.696304],[79.543281,15.6962],[79.543443,15.696168],[79.543348,15.695846],[79.543217,15.695402],[79.542571,15.695538],[79.542759,15.696304]]]},"properties":{"lp":"1306","ac":"1.576","chaltha":"1306"}},{"type":"Feature","geometry":{"type":"Polygon","coordinates":[[[79.543544,15.694919],[79.543592,15.695099],[79.543163,15.695219],[79.543217,15.695402],[79.543348,15.695846],[79.544224,15.695692],[79.544471,15.695101],[79.54465,15.694671],[79.543544,15.694919]]]},"properties":{"lp":"1304","ac":"2.956","chaltha":"1304"}},{"type":"Feature","geometry":{"type":"Polygon","coordinates":[[[79.543348,15.695846],[79.543443,15.696168],[79.543281,15.6962],[79.543381,15.696609],[79.543471,15.696967],[79.543687,15.69692],[79.543914,15.696436],[79.544224,15.695692],[79.543348,15.695846]]]},"properties":{"lp":"1305","ac":"1.941","chaltha":"1305"}},{"type":"Feature","geometry":{"type":"Polygon","coordinates":[[[79.544057,15.696405],[79.544703,15.696257],[79.545692,15.69603],[79.545395,15.694935],[79.545269,15.69494],[79.545088,15.694992],[79.544602,15.69513],[79.544057,15.696405]]]},"properties":{"lp":"1302","ac":"4.144","chaltha":"1302"}},{"type":"Feature","geometry":{"type":"Polygon","coordinates":[[[79.545686,15.696152],[79.546131,15.696044],[79.545805,15.694888],[79.545395,15.694935],[79.545692,15.69603],[79.545686,15.696152]]]},"properties":{"lp":"1301","ac":"1.493","chaltha":"1301"}},{"type":"Feature","geometry":{"type":"Polygon","coordinates":[[[79.546131,15.696044],[79.546237,15.696019],[79.54655,15.695943],[79.54639,15.695377],[79.546239,15.694845],[79.545882,15.69488],[79.545805,15.694888],[79.546131,15.696044]]]},"properties":{"lp":"1300","ac":"1.477","chaltha":"1300"}},{"type":"Feature","geometry":{"type":"Polygon","coordinates":[[[79.546239,15.694845],[79.54639,15.695377],[79.547294,15.695264],[79.547256,15.694832],[79.547088,15.694761],[79.546761,15.694793],[79.546381,15.69483],[79.546239,15.694845]]]},"properties":{"lp":"1299","ac":"1.484","chaltha":"1299"}},{"type":"Feature","geometry":{"type":"Polygon","coordinates":[[[79.54639,15.695377],[79.54655,15.695943],[79.546793,15.695884],[79.547537,15.695704],[79.547298,15.695305],[79.547294,15.695264],[79.54639,15.695377]]]},"properties":{"lp":"1298","ac":"1.486","chaltha":"1298"}},{"type":"Feature","geometry":{"type":"Polygon","coordinates":[[[79.545792,15.697407],[79.546405,15.697283],[79.546467,15.69727],[79.546237,15.696019],[79.546131,15.696044],[79.545686,15.696152],[79.545792,15.697407]]]},"properties":{"lp":"1202","ac":"2.316","chaltha":"1202"}},{"type":"Feature","geometry":{"type":"Polygon","coordinates":[[[79.546467,15.69727],[79.546996,15.697163],[79.547091,15.697142],[79.546952,15.696543],[79.546793,15.695884],[79.54655,15.695943],[79.546237,15.696019],[79.546467,15.69727]]]},"properties":{"lp":"1203","ac":"2.278","chaltha":"1203"}},{"type":"Feature","geometry":{"type":"Polygon","coordinates":[[[79.546793,15.695884],[79.546952,15.696543],[79.547711,15.696305],[79.547537,15.695704],[79.546793,15.695884]]]},"properties":{"lp":"1204","ac":"1.49","chaltha":"1204"}},{"type":"Feature","geometry":{"type":"Polygon","coordinates":[[[79.547091,15.697142],[79.547718,15.697001],[79.547861,15.696822],[79.547711,15.696305],[79.546952,15.696543],[79.547091,15.697142]]]},"properties":{"lp":"1205","ac":"1.504","chaltha":"1205"}},{"type":"Feature","geometry":{"type":"Polygon","coordinates":[[[79.544703,15.696257],[79.544057,15.696405],[79.543789,15.696894],[79.543917,15.697623],[79.543954,15.697789],[79.544948,15.697573],[79.544703,15.696257]]]},"properties":{"lp":"1200","ac":"3.758","chaltha":"1200"}},{"type":"Feature","geometry":{"type":"Polygon","coordinates":[[[79.545764,15.698991],[79.546163,15.698888],[79.546038,15.698395],[79.546035,15.698383],[79.545634,15.69849],[79.545764,15.698991]]]},"properties":{"lp":"1209","ac":"0.63","chaltha":"1209"}},{"type":"Feature","geometry":{"type":"Polygon","coordinates":[[[79.545634,15.69849],[79.546035,15.698383],[79.545792,15.697407],[79.545377,15.697488],[79.545634,15.69849]]]},"properties":{"lp":"1207","ac":"1.252","chaltha":"1207"}},{"type":"Feature","geometry":{"type":"Polygon","coordinates":[[[79.545134,15.698198],[79.545389,15.699088],[79.545764,15.698991],[79.545634,15.69849],[79.545377,15.697488],[79.544974,15.697567],[79.545134,15.698198]]]},"properties":{"lp":"1208","ac":"1.851","chaltha":"1208"}},{"type":"Feature","geometry":{"type":"Polygon","coordinates":[[[79.546337,15.699526],[79.546255,15.699227],[79.546163,15.698888],[79.545764,15.698991],[79.545389,15.699088],[79.54546,15.699333],[79.545569,15.69971],[79.546337,15.699526]]]},"properties":{"lp":"1192","ac":"1.523","chaltha":"1192"}},{"type":"Feature","geometry":{"type":"Polygon","coordinates":[[[79.545754,15.700347],[79.546508,15.700184],[79.546486,15.700074],[79.546337,15.699526],[79.545569,15.69971],[79.545754,15.700347]]]},"properties":{"lp":"1191","ac":"1.54","chaltha":"1191"}},{"type":"Feature","geometry":{"type":"Polygon","coordinates":[[[79.541439,15.702024],[79.542199,15.70187],[79.542083,15.701371],[79.542018,15.701091],[79.541883,15.700526],[79.541225,15.701146],[79.541404,15.701879],[79.541439,15.702024]]]},"properties":{"lp":"1178","ac":"2.614","chaltha":"1178"}},{"type":"Feature","geometry":{"type":"Polygon","coordinates":[[[79.541883,15.700526],[79.542018,15.701091],[79.543188,15.700338],[79.543119,15.699943],[79.542944,15.698949],[79.541883,15.700526]]]},"properties":{"lp":"1179","ac":"3.84","chaltha":"1179"}},{"type":"Feature","geometry":{"type":"Polygon","coordinates":[[[79.543401,15.701476],[79.543325,15.701084],[79.542083,15.701371],[79.542199,15.70187],[79.543429,15.70162],[79.543401,15.701476]]]},"properties":{"lp":"1181","ac":"1.962","chaltha":"1181"}},{"type":"Feature","geometry":{"type":"Polygon","coordinates":[[[79.542083,15.701371],[79.543325,15.701084],[79.543267,15.700787],[79.543188,15.700338],[79.542018,15.701091],[79.542083,15.701371]]]},"properties":{"lp":"1180","ac":"1.963","chaltha":"1180"}},{"type":"Feature","geometry":{"type":"Polygon","coordinates":[[[79.541654,15.702949],[79.542794,15.702701],[79.543635,15.702523],[79.543573,15.702213],[79.543477,15.701817],[79.543429,15.70162],[79.542199,15.70187],[79.541439,15.702024],[79.541483,15.702213],[79.541507,15.702318],[79.541544,15.702476],[79.541592,15.702682],[79.541654,15.702949]]]},"properties":{"lp":"1173","ac":"5.576","chaltha":"1173"}},{"type":"Feature","geometry":{"type":"Polygon","coordinates":[[[79.541483,15.702213],[79.540227,15.702496],[79.5403,15.702754],[79.541544,15.702476],[79.541507,15.702318],[79.541483,15.702213]]]},"properties":{"lp":"1175","ac":"1.01","chaltha":"1175"}},{"type":"Feature","geometry":{"type":"Polygon","coordinates":[[[79.5403,15.702754],[79.540364,15.702981],[79.540431,15.703216],[79.541591,15.702963],[79.541654,15.702949],[79.541592,15.702682],[79.541544,15.702476],[79.5403,15.702754]]]},"properties":{"lp":"1174","ac":"1.788","chaltha":"1174"}},{"type":"Feature","geometry":{"type":"Polygon","coordinates":[[[79.540227,15.702496],[79.541483,15.702213],[79.541439,15.702024],[79.541404,15.701879],[79.540352,15.702124],[79.540208,15.702428],[79.540227,15.702496]]]},"properties":{"lp":"1176","ac":"1.199","chaltha":"1176"}},{"type":"Feature","geometry":{"type":"Polygon","coordinates":[[[79.540352,15.702124],[79.541404,15.701879],[79.541225,15.701146],[79.540938,15.70146],[79.540375,15.702076],[79.540352,15.702124]]]},"properties":{"lp":"1177","ac":"1.223","chaltha":"1177"}},{"type":"Feature","geometry":{"type":"Polygon","coordinates":[[[79.543839,15.703528],[79.5444,15.703406],[79.545242,15.703223],[79.545228,15.703068],[79.545211,15.70288],[79.545141,15.702509],[79.543697,15.702827],[79.543839,15.703528]]]},"properties":{"lp":"1186","ac":"3.081","chaltha":"1186"}},{"type":"Feature","geometry":{"type":"Polygon","coordinates":[[[79.543697,15.702827],[79.545141,15.702509],[79.545093,15.702257],[79.545003,15.701783],[79.544395,15.701913],[79.544406,15.702031],[79.543573,15.702213],[79.543635,15.702523],[79.543697,15.702827]]]},"properties":{"lp":"1185","ac":"2.929","chaltha":"1185"}},{"type":"Feature","geometry":{"type":"Polygon","coordinates":[[[79.545211,15.70288],[79.547319,15.7025],[79.547416,15.701811],[79.545093,15.702257],[79.545141,15.702509],[79.545211,15.70288]]]},"properties":{"lp":"1187","ac":"4.269","chaltha":"1187"}},{"type":"Feature","geometry":{"type":"Polygon","coordinates":[[[79.545093,15.702257],[79.547416,15.701811],[79.547483,15.701337],[79.547492,15.701167],[79.546786,15.701333],[79.545767,15.701508],[79.545256,15.701596],[79.545267,15.701725],[79.545003,15.701783],[79.545093,15.702257]]]},"properties":{"lp":"1188","ac":"4.268","chaltha":"1188"}},{"type":"Feature","geometry":{"type":"Polygon","coordinates":[[[79.543267,15.700787],[79.543325,15.701084],[79.543401,15.701476],[79.545173,15.701101],[79.545069,15.700482],[79.544055,15.700653],[79.543267,15.700787]]]},"properties":{"lp":"1182","ac":"3.542","chaltha":"1182"}},{"type":"Feature","geometry":{"type":"Polygon","coordinates":[[[79.543401,15.701476],[79.543429,15.70162],[79.543477,15.701817],[79.545228,15.701432],[79.545173,15.701101],[79.543401,15.701476]]]},"properties":{"lp":"1183","ac":"1.811","chaltha":"1183"}},{"type":"Feature","geometry":{"type":"Polygon","coordinates":[[[79.543477,15.701817],[79.543573,15.702213],[79.544406,15.702031],[79.544395,15.701913],[79.545003,15.701783],[79.545267,15.701725],[79.545256,15.701596],[79.545228,15.701432],[79.543477,15.701817]]]},"properties":{"lp":"1184","ac":"1.819","chaltha":"1184"}},{"type":"Feature","geometry":{"type":"Polygon","coordinates":[[[79.545256,15.701596],[79.545767,15.701508],[79.545579,15.700382],[79.545069,15.700482],[79.545173,15.701101],[79.545228,15.701432],[79.545256,15.701596]]]},"properties":{"lp":"1189","ac":"1.729","chaltha":"1189"}},{"type":"Feature","geometry":{"type":"Polygon","coordinates":[[[79.545767,15.701508],[79.546786,15.701333],[79.546508,15.700184],[79.545754,15.700347],[79.545579,15.700382],[79.545767,15.701508]]]},"properties":{"lp":"1190","ac":"3.37","chaltha":"1190"}},{"type":"Feature","geometry":{"type":"Polygon","coordinates":[[[79.547705,15.699792],[79.547584,15.699333],[79.54748,15.698935],[79.546255,15.699227],[79.546337,15.699526],[79.546486,15.700074],[79.547705,15.699792]]]},"properties":{"lp":"1211","ac":"3.24","chaltha":"1211"}},{"type":"Feature","geometry":{"type":"Polygon","coordinates":[[[79.54748,15.698935],[79.547312,15.698294],[79.547251,15.698065],[79.546038,15.698395],[79.546163,15.698888],[79.546255,15.699227],[79.54748,15.698935]]]},"properties":{"lp":"1210","ac":"3.247","chaltha":"1210"}},{"type":"Feature","geometry":{"type":"Polygon","coordinates":[[[79.547312,15.698294],[79.54748,15.698935],[79.547584,15.699333],[79.548471,15.699034],[79.548193,15.697999],[79.547312,15.698294]]]},"properties":{"lp":"1217","ac":"2.926","chaltha":"1217"}},{"type":"Feature","geometry":{"type":"Polygon","coordinates":[[[79.547312,15.698294],[79.548193,15.697999],[79.548161,15.697881],[79.547873,15.696811],[79.547861,15.696822],[79.547718,15.697001],[79.547091,15.697142],[79.546996,15.697163],[79.547251,15.698065],[79.547312,15.698294]]]},"properties":{"lp":"1218","ac":"3.118","chaltha":"1218"}},{"type":"Feature","geometry":{"type":"Polygon","coordinates":[[[79.548243,15.696495],[79.547873,15.696811],[79.548161,15.697881],[79.549437,15.697387],[79.548843,15.696677],[79.548521,15.696291],[79.548243,15.696495]]]},"properties":{"lp":"1219","ac":"3.965","chaltha":"1219"}},{"type":"Feature","geometry":{"type":"Polygon","coordinates":[[[79.545255,15.703395],[79.545302,15.704032],[79.547263,15.703692],[79.547294,15.703023],[79.545255,15.703395]]]},"properties":{"lp":"1148","ac":"3.833","chaltha":"1148"}},{"type":"Feature","geometry":{"type":"Polygon","coordinates":[[[79.54534,15.704549],[79.547278,15.704211],[79.547249,15.70397],[79.547263,15.703692],[79.545302,15.704032],[79.54534,15.704549]]]},"properties":{"lp":"1147","ac":"2.97","chaltha":"1147"}},{"type":"Feature","geometry":{"type":"Polygon","coordinates":[[[79.543627,15.704899],[79.543959,15.704831],[79.544005,15.704822],[79.544541,15.704712],[79.5444,15.703406],[79.543839,15.703528],[79.543877,15.703762],[79.543424,15.703849],[79.543488,15.704179],[79.543559,15.704547],[79.543627,15.704899]]]},"properties":{"lp":"1152","ac":"3.448","chaltha":"1152"}},{"type":"Feature","geometry":{"type":"Polygon","coordinates":[[[79.544541,15.704712],[79.544633,15.704693],[79.54534,15.704549],[79.545302,15.704032],[79.545255,15.703395],[79.545242,15.703223],[79.5444,15.703406],[79.544541,15.704712]]]},"properties":{"lp":"1151","ac":"3.226","chaltha":"1151"}},{"type":"Feature","geometry":{"type":"Polygon","coordinates":[[[79.545392,15.70538],[79.546315,15.705273],[79.547292,15.70516],[79.547285,15.704691],[79.545365,15.704955],[79.545392,15.70538]]]},"properties":{"lp":"1145","ac":"2.515","chaltha":"1145"}},{"type":"Feature","geometry":{"type":"Polygon","coordinates":[[[79.545365,15.704955],[79.547285,15.704691],[79.547278,15.704211],[79.54534,15.704549],[79.545365,15.704955]]]},"properties":{"lp":"1146","ac":"2.519","chaltha":"1146"}},{"type":"Feature","geometry":{"type":"Polygon","coordinates":[[[79.54545,15.706317],[79.546396,15.706171],[79.546315,15.705273],[79.545392,15.70538],[79.54545,15.706317]]]},"properties":{"lp":"1143","ac":"2.539","chaltha":"1143"}},{"type":"Feature","geometry":{"type":"Polygon","coordinates":[[[79.547304,15.706031],[79.547292,15.70516],[79.546315,15.705273],[79.546396,15.706171],[79.547304,15.706031]]]},"properties":{"lp":"1144","ac":"2.461","chaltha":"1144"}},{"type":"Feature","geometry":{"type":"Polygon","coordinates":[[[79.529416,15.710991],[79.529198,15.711007],[79.529217,15.711279],[79.529438,15.711262],[79.529428,15.711136],[79.529416,15.710991]]]},"properties":{"lp":"396","ac":"0.176","chaltha":"396"}},{"type":"Feature","geometry":{"type":"Polygon","coordinates":[[[79.544329,15.707956],[79.543615,15.708029],[79.543679,15.708935],[79.544426,15.708889],[79.544329,15.707956]]]},"properties":{"lp":"1124","ac":"1.982","chaltha":"1124"}},{"type":"Feature","geometry":{"type":"Polygon","coordinates":[[[79.543615,15.708029],[79.543561,15.70759],[79.542856,15.707729],[79.542908,15.708109],[79.543025,15.708975],[79.543048,15.708974],[79.543653,15.708937],[79.543679,15.708935],[79.543615,15.708029]]]},"properties":{"lp":"1123","ac":"2.648","chaltha":"1123"}},{"type":"Feature","geometry":{"type":"Polygon","coordinates":[[[79.542107,15.707451],[79.542801,15.707327],[79.542963,15.707301],[79.542823,15.706601],[79.542451,15.706664],[79.541967,15.706746],[79.542107,15.707451]]]},"properties":{"lp":"1121","ac":"1.82","chaltha":"1121"}},{"type":"Feature","geometry":{"type":"Polygon","coordinates":[[[79.542801,15.707327],[79.542856,15.707729],[79.543561,15.70759],[79.543559,15.707572],[79.543508,15.707158],[79.543502,15.707116],[79.543449,15.706678],[79.543015,15.706727],[79.542983,15.706574],[79.542823,15.706601],[79.542963,15.707301],[79.542801,15.707327]]]},"properties":{"lp":"1122","ac":"1.837","chaltha":"1122"}},{"type":"Feature","geometry":{"type":"Polygon","coordinates":[[[79.544782,15.707448],[79.545331,15.707377],[79.545472,15.707365],[79.545435,15.707015],[79.545419,15.706861],[79.544784,15.706957],[79.544782,15.707413],[79.544782,15.707448]]]},"properties":{"lp":"1125","ac":"0.967","chaltha":"1125"}},{"type":"Feature","geometry":{"type":"Polygon","coordinates":[[[79.543615,15.708029],[79.544329,15.707956],[79.544818,15.707914],[79.544782,15.707448],[79.544782,15.707413],[79.543559,15.707572],[79.543561,15.70759],[79.543615,15.708029]]]},"properties":{"lp":"1135","ac":"1.71","chaltha":"1135"}},{"type":"Feature","geometry":{"type":"Polygon","coordinates":[[[79.543508,15.707158],[79.543559,15.707572],[79.544782,15.707413],[79.544784,15.706957],[79.544482,15.706993],[79.543502,15.707116],[79.543508,15.707158]]]},"properties":{"lp":"1136","ac":"1.69","chaltha":"1136"}},{"type":"Feature","geometry":{"type":"Polygon","coordinates":[[[79.543449,15.706678],[79.543502,15.707116],[79.544482,15.706993],[79.544428,15.706545],[79.544237,15.706571],[79.544211,15.706575],[79.543588,15.706659],[79.543449,15.706678]]]},"properties":{"lp":"1137","ac":"1.29","chaltha":"1137"}},{"type":"Feature","geometry":{"type":"Polygon","coordinates":[[[79.544482,15.706993],[79.544784,15.706957],[79.545419,15.706861],[79.545399,15.706665],[79.545364,15.706334],[79.545207,15.706366],[79.545206,15.70644],[79.544838,15.70649],[79.544428,15.706545],[79.544482,15.706993]]]},"properties":{"lp":"1134","ac":"1.295","chaltha":"1134"}},{"type":"Feature","geometry":{"type":"Polygon","coordinates":[[[79.542908,15.708109],[79.542503,15.708186],[79.542613,15.70902],[79.543025,15.708975],[79.542908,15.708109]]]},"properties":{"lp":"1120","ac":"1.039","chaltha":"1120"}},{"type":"Feature","geometry":{"type":"Polygon","coordinates":[[[79.541765,15.70833],[79.541843,15.708709],[79.541944,15.709197],[79.542325,15.709052],[79.542518,15.709031],[79.542613,15.70902],[79.542503,15.708186],[79.541765,15.70833]]]},"properties":{"lp":"1119","ac":"1.776","chaltha":"1119"}},{"type":"Feature","geometry":{"type":"Polygon","coordinates":[[[79.541739,15.708205],[79.541765,15.70833],[79.542503,15.708186],[79.542908,15.708109],[79.542856,15.707729],[79.542801,15.707327],[79.542107,15.707451],[79.541828,15.707501],[79.541722,15.70752],[79.541814,15.708191],[79.541739,15.708205]]]},"properties":{"lp":"1118","ac":"2.582","chaltha":"1118"}},{"type":"Feature","geometry":{"type":"Polygon","coordinates":[[[79.541967,15.706746],[79.541748,15.706787],[79.541716,15.706794],[79.541828,15.707501],[79.542107,15.707451],[79.541967,15.706746]]]},"properties":{"lp":"1117","ac":"0.567","chaltha":"1117"}},{"type":"Feature","geometry":{"type":"Polygon","coordinates":[[[79.541716,15.706794],[79.541451,15.706843],[79.541553,15.707538],[79.541654,15.708223],[79.541739,15.708205],[79.541814,15.708191],[79.541722,15.70752],[79.541828,15.707501],[79.541716,15.706794]]]},"properties":{"lp":"1116","ac":"0.903","chaltha":"1116"}},{"type":"Feature","geometry":{"type":"Polygon","coordinates":[[[79.541553,15.707538],[79.541381,15.707574],[79.541489,15.708259],[79.541654,15.708223],[79.541553,15.707538]]]},"properties":{"lp":"1115","ac":"0.35","chaltha":"1115"}},{"type":"Feature","geometry":{"type":"Polygon","coordinates":[[[79.540941,15.706939],[79.541004,15.707378],[79.541141,15.708335],[79.541319,15.708297],[79.541217,15.707598],[79.541295,15.707589],[79.541194,15.706891],[79.540941,15.706939]]]},"properties":{"lp":"1113","ac":"0.903","chaltha":"1113"}},{"type":"Feature","geometry":{"type":"Polygon","coordinates":[[[79.541319,15.708297],[79.541489,15.708259],[79.541381,15.707574],[79.541553,15.707538],[79.541451,15.706843],[79.541329,15.706866],[79.541194,15.706891],[79.541295,15.707589],[79.541217,15.707598],[79.541319,15.708297]]]},"properties":{"lp":"1114","ac":"0.89","chaltha":"1114"}},{"type":"Feature","geometry":{"type":"Polygon","coordinates":[[[79.542313,15.710303],[79.54257,15.710275],[79.542451,15.709465],[79.542572,15.709429],[79.542518,15.709031],[79.542325,15.709052],[79.541944,15.709197],[79.541801,15.709298],[79.541954,15.710348],[79.542313,15.710303]]]},"properties":{"lp":"1110","ac":"2.289","chaltha":"1110"}},{"type":"Feature","geometry":{"type":"Polygon","coordinates":[[[79.54257,15.710275],[79.543021,15.710227],[79.54322,15.710205],[79.543048,15.708974],[79.543025,15.708975],[79.542613,15.70902],[79.542518,15.709031],[79.542572,15.709429],[79.542451,15.709465],[79.54257,15.710275]]]},"properties":{"lp":"1109","ac":"2.245","chaltha":"1109"}},{"type":"Feature","geometry":{"type":"Polygon","coordinates":[[[79.544912,15.709663],[79.544923,15.709578],[79.543745,15.709714],[79.543794,15.710134],[79.544425,15.710057],[79.54487,15.710014],[79.544912,15.709663]]]},"properties":{"lp":"1107","ac":"1.402","chaltha":"1107"}},{"type":"Feature","geometry":{"type":"Polygon","coordinates":[[[79.547495,15.709312],[79.547002,15.70938],[79.546961,15.709386],[79.547033,15.709875],[79.547548,15.709797],[79.547495,15.709312]]]},"properties":{"lp":"1098","ac":"0.763","chaltha":"1098"}},{"type":"Feature","geometry":{"type":"Polygon","coordinates":[[[79.547548,15.709797],[79.547033,15.709875],[79.547113,15.710409],[79.547605,15.710328],[79.547548,15.709797]]]},"properties":{"lp":"1097","ac":"0.8","chaltha":"1097"}},{"type":"Feature","geometry":{"type":"Polygon","coordinates":[[[79.547113,15.710409],[79.547033,15.709875],[79.54653,15.709949],[79.546569,15.710132],[79.546646,15.710486],[79.547113,15.710409]]]},"properties":{"lp":"1096","ac":"0.783","chaltha":"1096"}},{"type":"Feature","geometry":{"type":"Polygon","coordinates":[[[79.546424,15.709461],[79.546481,15.709724],[79.54653,15.709949],[79.547033,15.709875],[79.546961,15.709386],[79.546424,15.709461]]]},"properties":{"lp":"1099","ac":"0.765","chaltha":"1099"}},{"type":"Feature","geometry":{"type":"Polygon","coordinates":[[[79.545521,15.710993],[79.54569,15.710894],[79.546646,15.710486],[79.546569,15.710132],[79.545488,15.710292],[79.54557,15.710512],[79.545591,15.710583],[79.545521,15.710993]]]},"properties":{"lp":"1095","ac":"1.627","chaltha":"1095"}},{"type":"Feature","geometry":{"type":"Polygon","coordinates":[[[79.545488,15.710292],[79.546569,15.710132],[79.54653,15.709949],[79.546481,15.709724],[79.545393,15.709876],[79.545385,15.709955],[79.545488,15.710292]]]},"properties":{"lp":"1094","ac":"1.366","chaltha":"1094"}},{"type":"Feature","geometry":{"type":"Polygon","coordinates":[[[79.544425,15.710057],[79.543794,15.710134],[79.543638,15.710154],[79.543694,15.710696],[79.544476,15.710614],[79.544473,15.71058],[79.544468,15.710534],[79.544466,15.710508],[79.544425,15.710057]]]},"properties":{"lp":"1088","ac":"1.277","chaltha":"1088"}},{"type":"Feature","geometry":{"type":"Polygon","coordinates":[[[79.543638,15.710154],[79.54322,15.710205],[79.543272,15.71074],[79.543694,15.710696],[79.543638,15.710154]]]},"properties":{"lp":"1087","ac":"0.669","chaltha":"1087"}},{"type":"Feature","geometry":{"type":"Polygon","coordinates":[[[79.54528,15.711269],[79.545562,15.712316],[79.545554,15.712317],[79.546266,15.712219],[79.546145,15.711767],[79.546134,15.711727],[79.545864,15.711288],[79.545819,15.711215],[79.545461,15.711269],[79.545446,15.711156],[79.54528,15.711269]]]},"properties":{"lp":"242","ac":"2.092","chaltha":"242"}},{"type":"Feature","geometry":{"type":"Polygon","coordinates":[[[79.546266,15.712219],[79.545554,15.712317],[79.545562,15.712316],[79.545443,15.712332],[79.545499,15.712618],[79.546295,15.71252],[79.546306,15.712303],[79.546266,15.712219]]]},"properties":{"lp":"228","ac":"0.723","chaltha":"228"}},{"type":"Feature","geometry":{"type":"Polygon","coordinates":[[[79.544821,15.712417],[79.544763,15.712425],[79.544646,15.712628],[79.544842,15.712755],[79.545493,15.712643],[79.545499,15.712618],[79.545443,15.712332],[79.544821,15.712417]]]},"properties":{"lp":"225","ac":"0.728","chaltha":"225"}},{"type":"Feature","geometry":{"type":"Polygon","coordinates":[[[79.544956,15.712829],[79.545242,15.713118],[79.545935,15.713444],[79.546098,15.713414],[79.546158,15.712956],[79.546289,15.712651],[79.546295,15.71252],[79.545499,15.712618],[79.545493,15.712643],[79.544842,15.712755],[79.544956,15.712829]]]},"properties":{"lp":"226","ac":"2.219","chaltha":"226"}},{"type":"Feature","geometry":{"type":"Polygon","coordinates":[[[79.543649,15.714552],[79.543605,15.714282],[79.543604,15.714278],[79.543583,15.714149],[79.543582,15.71414],[79.543581,15.714122],[79.543572,15.713991],[79.543561,15.713818],[79.543549,15.713628],[79.54349,15.71363],[79.543371,15.713636],[79.543072,15.713999],[79.543626,15.715154],[79.543985,15.715253],[79.543649,15.714552]]]},"properties":{"lp":"47","ac":"1.608","chaltha":"47"}},{"type":"Feature","geometry":{"type":"Polygon","coordinates":[[[79.537317,15.709132],[79.538082,15.709001],[79.538053,15.708771],[79.53729,15.708895],[79.537317,15.709132]]]},"properties":{"lp":"1043","ac":"0.532","chaltha":"1043"}},{"type":"Feature","geometry":{"type":"Polygon","coordinates":[[[79.538053,15.708771],[79.538082,15.709001],[79.538829,15.708888],[79.538815,15.708644],[79.538053,15.708771]]]},"properties":{"lp":"1044","ac":"0.53","chaltha":"1044"}},{"type":"Feature","geometry":{"type":"Polygon","coordinates":[[[79.53729,15.708895],[79.538053,15.708771],[79.538039,15.708539],[79.5377,15.708598],[79.537385,15.708652],[79.537262,15.708673],[79.53729,15.708895]]]},"properties":{"lp":"1042","ac":"0.521","chaltha":"1042"}},{"type":"Feature","geometry":{"type":"Polygon","coordinates":[[[79.538039,15.708539],[79.538053,15.708771],[79.538815,15.708644],[79.538809,15.708542],[79.53879,15.70841],[79.538039,15.708539]]]},"properties":{"lp":"1045","ac":"0.526","chaltha":"1045"}},{"type":"Feature","geometry":{"type":"Polygon","coordinates":[[[79.53879,15.70841],[79.538809,15.708542],[79.539049,15.708505],[79.539256,15.708473],[79.539597,15.708421],[79.539641,15.70815],[79.539657,15.708048],[79.539686,15.707869],[79.539698,15.70779],[79.539446,15.707827],[79.539207,15.707863],[79.538966,15.707899],[79.538726,15.707935],[79.538755,15.708167],[79.53879,15.70841]]]},"properties":{"lp":"1052","ac":"1.595","chaltha":"1052"}},{"type":"Feature","geometry":{"type":"Polygon","coordinates":[[[79.539801,15.707144],[79.539469,15.707198],[79.539446,15.707827],[79.539698,15.70779],[79.539801,15.707144]]]},"properties":{"lp":"1053","ac":"0.538","chaltha":"1053"}},{"type":"Feature","geometry":{"type":"Polygon","coordinates":[[[79.539446,15.707827],[79.539469,15.707198],[79.539203,15.707242],[79.539207,15.707863],[79.539446,15.707827]]]},"properties":{"lp":"1054","ac":"0.46","chaltha":"1054"}},{"type":"Feature","geometry":{"type":"Polygon","coordinates":[[[79.539207,15.707863],[79.539203,15.707242],[79.538934,15.707286],[79.538966,15.707899],[79.539207,15.707863]]]},"properties":{"lp":"1055","ac":"0.464","chaltha":"1055"}},{"type":"Feature","geometry":{"type":"Polygon","coordinates":[[[79.538934,15.707286],[79.538677,15.707328],[79.538667,15.707267],[79.538467,15.707308],[79.538506,15.707756],[79.538635,15.707726],[79.538714,15.707715],[79.538726,15.707935],[79.538966,15.707899],[79.538934,15.707286]]]},"properties":{"lp":"1056","ac":"0.717","chaltha":"1056"}},{"type":"Feature","geometry":{"type":"Polygon","coordinates":[[[79.538755,15.708167],[79.538726,15.707935],[79.538714,15.707715],[79.538635,15.707726],[79.538506,15.707756],[79.538301,15.707804],[79.538332,15.70825],[79.538755,15.708167]]]},"properties":{"lp":"1051","ac":"0.557","chaltha":"1051"}},{"type":"Feature","geometry":{"type":"Polygon","coordinates":[[[79.537631,15.707479],[79.5377,15.708598],[79.538039,15.708539],[79.538021,15.708312],[79.537951,15.707414],[79.537631,15.707479]]]},"properties":{"lp":"1049","ac":"1.097","chaltha":"1049"}},{"type":"Feature","geometry":{"type":"Polygon","coordinates":[[[79.538021,15.708312],[79.538039,15.708539],[79.53879,15.70841],[79.538755,15.708167],[79.538332,15.70825],[79.538021,15.708312]]]},"properties":{"lp":"1046","ac":"0.523","chaltha":"1046"}},{"type":"Feature","geometry":{"type":"Polygon","coordinates":[[[79.538467,15.707308],[79.537951,15.707414],[79.538021,15.708312],[79.538332,15.70825],[79.538301,15.707804],[79.538506,15.707756],[79.538467,15.707308]]]},"properties":{"lp":"1050","ac":"1.114","chaltha":"1050"}},{"type":"Feature","geometry":{"type":"Polygon","coordinates":[[[79.538161,15.709856],[79.538167,15.709916],[79.538204,15.710307],[79.539138,15.710185],[79.539105,15.709946],[79.539077,15.709743],[79.538161,15.709856]]]},"properties":{"lp":"1038","ac":"1.227","chaltha":"1038"}},{"type":"Feature","geometry":{"type":"Polygon","coordinates":[[[79.540044,15.709737],[79.540034,15.70947],[79.540009,15.709177],[79.539931,15.709191],[79.539561,15.709253],[79.539375,15.709285],[79.539123,15.709287],[79.538939,15.709288],[79.539077,15.709743],[79.53929,15.709682],[79.53963,15.70972],[79.540044,15.709737]]]},"properties":{"lp":"1072","ac":"1.398","chaltha":"1072"}},{"type":"Feature","geometry":{"type":"Polygon","coordinates":[[[79.540746,15.709707],[79.540676,15.709409],[79.540034,15.70947],[79.540044,15.709737],[79.540269,15.709746],[79.540746,15.709707]]]},"properties":{"lp":"1074","ac":"0.581","chaltha":"1074"}},{"type":"Feature","geometry":{"type":"Polygon","coordinates":[[[79.540597,15.709078],[79.540009,15.709177],[79.540034,15.70947],[79.540676,15.709409],[79.540597,15.709078]]]},"properties":{"lp":"1073","ac":"0.575","chaltha":"1073"}},{"type":"Feature","geometry":{"type":"Polygon","coordinates":[[[79.524355,15.699923],[79.524781,15.698701],[79.525193,15.698508],[79.524805,15.698131],[79.52359,15.698741],[79.524274,15.699798],[79.524355,15.699923]]]},"properties":{"lp":"682","ac":"3.436","chaltha":"682"}},{"type":"Feature","geometry":{"type":"Polygon","coordinates":[[[79.52703,15.699922],[79.527177,15.700341],[79.528673,15.699962],[79.528551,15.699743],[79.528424,15.699512],[79.527827,15.699686],[79.527221,15.699863],[79.52703,15.699922]]]},"properties":{"lp":"691","ac":"2.076","chaltha":"691"}},{"type":"Feature","geometry":{"type":"Polygon","coordinates":[[[79.528673,15.699962],[79.527177,15.700341],[79.527327,15.700765],[79.527518,15.700716],[79.528896,15.700364],[79.528673,15.699962]]]},"properties":{"lp":"692","ac":"2.066","chaltha":"692"}},{"type":"Feature","geometry":{"type":"Polygon","coordinates":[[[79.528896,15.700364],[79.527518,15.700716],[79.527581,15.700916],[79.528972,15.70054],[79.528896,15.700364]]]},"properties":{"lp":"699","ac":"0.836","chaltha":"699"}},{"type":"Feature","geometry":{"type":"Polygon","coordinates":[[[79.529052,15.700727],[79.529014,15.70064],[79.527618,15.701016],[79.527658,15.701126],[79.529052,15.700727]]]},"properties":{"lp":"700","ac":"0.446","chaltha":"700"}},{"type":"Feature","geometry":{"type":"Polygon","coordinates":[[[79.529052,15.700727],[79.527658,15.701126],[79.527729,15.701317],[79.527819,15.701563],[79.528526,15.701362],[79.529237,15.701161],[79.529061,15.700748],[79.529052,15.700727]]]},"properties":{"lp":"701","ac":"1.996","chaltha":"701"}},{"type":"Feature","geometry":{"type":"Polygon","coordinates":[[[79.527177,15.700341],[79.52703,15.699922],[79.526139,15.700191],[79.52644,15.701005],[79.526454,15.701001],[79.527327,15.700765],[79.527177,15.700341]]]},"properties":{"lp":"693","ac":"2.381","chaltha":"693"}},{"type":"Feature","geometry":{"type":"Polygon","coordinates":[[[79.526872,15.705606],[79.527171,15.705528],[79.526865,15.704528],[79.526934,15.704509],[79.526677,15.703689],[79.526318,15.703793],[79.526872,15.705606]]]},"properties":{"lp":"597","ac":"1.89","chaltha":"597"}},{"type":"Feature","geometry":{"type":"Polygon","coordinates":[[[79.527171,15.705528],[79.527448,15.705456],[79.527143,15.70445],[79.527295,15.704396],[79.527028,15.703587],[79.526677,15.703689],[79.526934,15.704509],[79.526865,15.704528],[79.527171,15.705528]]]},"properties":{"lp":"596","ac":"1.82","chaltha":"596"}},{"type":"Feature","geometry":{"type":"Polygon","coordinates":[[[79.527295,15.704396],[79.527143,15.70445],[79.527448,15.705456],[79.528073,15.705293],[79.52809,15.705256],[79.527662,15.704287],[79.527295,15.704396]]]},"properties":{"lp":"594","ac":"1.908","chaltha":"594"}},{"type":"Feature","geometry":{"type":"Polygon","coordinates":[[[79.524943,15.703072],[79.52666,15.702581],[79.526599,15.702502],[79.526321,15.702277],[79.524763,15.702711],[79.524943,15.703072]]]},"properties":{"lp":"600","ac":"1.959","chaltha":"600"}},{"type":"Feature","geometry":{"type":"Polygon","coordinates":[[[79.525027,15.70324],[79.525321,15.703162],[79.525639,15.703305],[79.526937,15.702941],[79.52666,15.702581],[79.524943,15.703072],[79.525027,15.70324]]]},"properties":{"lp":"599","ac":"1.965","chaltha":"599"}},{"type":"Feature","geometry":{"type":"Polygon","coordinates":[[[79.525747,15.703353],[79.526163,15.703244],[79.526318,15.703793],[79.526677,15.703689],[79.527028,15.703587],[79.527403,15.703479],[79.527035,15.703068],[79.526937,15.702941],[79.525639,15.703305],[79.525747,15.703353]]]},"properties":{"lp":"598","ac":"1.961","chaltha":"598"}},{"type":"Feature","geometry":{"type":"Polygon","coordinates":[[[79.524914,15.702302],[79.524763,15.702711],[79.526321,15.702277],[79.525949,15.702012],[79.524914,15.702302]]]},"properties":{"lp":"601","ac":"1.398","chaltha":"601"}},{"type":"Feature","geometry":{"type":"Polygon","coordinates":[[[79.524914,15.702302],[79.525949,15.702012],[79.525896,15.701974],[79.525436,15.701761],[79.525146,15.701675],[79.524914,15.702302]]]},"properties":{"lp":"602","ac":"0.903","chaltha":"602"}},{"type":"Feature","geometry":{"type":"Polygon","coordinates":[[[79.529404,15.701595],[79.529237,15.701161],[79.528526,15.701362],[79.528671,15.70179],[79.529404,15.701595]]]},"properties":{"lp":"543","ac":"1.002","chaltha":"543"}},{"type":"Feature","geometry":{"type":"Polygon","coordinates":[[[79.529659,15.702256],[79.528715,15.702529],[79.528764,15.702663],[79.528856,15.702909],[79.528951,15.703168],[79.529326,15.703063],[79.529941,15.702891],[79.529747,15.702485],[79.529659,15.702256]]]},"properties":{"lp":"545","ac":"2.001","chaltha":"545"}},{"type":"Feature","geometry":{"type":"Polygon","coordinates":[[[79.527938,15.7074],[79.527888,15.707044],[79.527354,15.707109],[79.527412,15.707476],[79.527938,15.7074]]]},"properties":{"lp":"562","ac":"0.572","chaltha":"562"}},{"type":"Feature","geometry":{"type":"Polygon","coordinates":[[[79.527354,15.707109],[79.527888,15.707044],[79.527838,15.706679],[79.527306,15.706749],[79.527354,15.707109]]]},"properties":{"lp":"561","ac":"0.576","chaltha":"561"}},{"type":"Feature","geometry":{"type":"Polygon","coordinates":[[[79.527838,15.706679],[79.527759,15.706108],[79.527187,15.705865],[79.527282,15.706564],[79.527306,15.706749],[79.527838,15.706679]]]},"properties":{"lp":"560","ac":"1.151","chaltha":"560"}},{"type":"Feature","geometry":{"type":"Polygon","coordinates":[[[79.527187,15.705865],[79.527084,15.705821],[79.526737,15.705888],[79.526852,15.706638],[79.527282,15.706564],[79.527187,15.705865]]]},"properties":{"lp":"559","ac":"0.981","chaltha":"559"}},{"type":"Feature","geometry":{"type":"Polygon","coordinates":[[[79.527244,15.7075],[79.527412,15.707476],[79.527354,15.707109],[79.527306,15.706749],[79.527282,15.706564],[79.526852,15.706638],[79.526897,15.706936],[79.526968,15.707396],[79.52699,15.707526],[79.527244,15.7075]]]},"properties":{"lp":"563","ac":"1.145","chaltha":"563"}},{"type":"Feature","geometry":{"type":"Polygon","coordinates":[[[79.527244,15.7075],[79.52699,15.707526],[79.526968,15.707396],[79.526595,15.707458],[79.526675,15.708052],[79.527312,15.70799],[79.527244,15.7075]]]},"properties":{"lp":"564","ac":"1.057","chaltha":"564"}},{"type":"Feature","geometry":{"type":"Polygon","coordinates":[[[79.527312,15.70799],[79.526675,15.708052],[79.526731,15.708473],[79.527407,15.708674],[79.527329,15.708108],[79.527312,15.70799]]]},"properties":{"lp":"565","ac":"1.047","chaltha":"565"}},{"type":"Feature","geometry":{"type":"Polygon","coordinates":[[[79.537366,15.68901],[79.537301,15.689019],[79.53732,15.689428],[79.537366,15.68901]]]},"properties":{"lp":"2116","ac":"0.039","chaltha":"2116"}},{"type":"Feature","geometry":{"type":"Polygon","coordinates":[[[79.53732,15.689428],[79.53739,15.689408],[79.537442,15.688856],[79.53738,15.688888],[79.537366,15.68901],[79.53732,15.689428]]]},"properties":{"lp":"2114","ac":"0.101","chaltha":"2114"}},{"type":"Feature","geometry":{"type":"Polygon","coordinates":[[[79.54932,15.68975],[79.549268,15.689375],[79.549217,15.689011],[79.54917,15.688675],[79.548332,15.68882],[79.548005,15.689088],[79.54814,15.689991],[79.54932,15.68975]]]},"properties":{"lp":"1577","ac":"3.795","chaltha":"1577"}},{"type":"Feature","geometry":{"type":"Polygon","coordinates":[[[79.549072,15.693996],[79.549413,15.694059],[79.549483,15.693647],[79.549248,15.693546],[79.549194,15.693523],[79.549072,15.693996]]]},"properties":{"lp":"1461","ac":"0.435","chaltha":"1461"}},{"type":"Feature","geometry":{"type":"Polygon","coordinates":[[[79.541996,15.679688],[79.542354,15.679604],[79.542256,15.678934],[79.541928,15.678974],[79.541996,15.679688]]]},"properties":{"lp":"1929","ac":"0.711","chaltha":"1929"}},{"type":"Feature","geometry":{"type":"Polygon","coordinates":[[[79.542354,15.679604],[79.542694,15.679524],[79.542721,15.679517],[79.542623,15.678926],[79.542617,15.678891],[79.542256,15.678934],[79.542354,15.679604]]]},"properties":{"lp":"1930","ac":"0.71","chaltha":"1930"}},{"type":"Feature","geometry":{"type":"Polygon","coordinates":[[[79.541928,15.678974],[79.542256,15.678934],[79.542617,15.678891],[79.54259,15.678645],[79.542558,15.678359],[79.541878,15.678454],[79.541898,15.678668],[79.541928,15.678974]]]},"properties":{"lp":"1928","ac":"1.07","chaltha":"1928"}},{"type":"Feature","geometry":{"type":"Polygon","coordinates":[[[79.540979,15.696789],[79.540981,15.696769],[79.542096,15.696472],[79.542087,15.696439],[79.541995,15.696082],[79.540824,15.696384],[79.540896,15.696811],[79.540979,15.696789]]]},"properties":{"lp":"1003","ac":"1.471","chaltha":"1003"}},{"type":"Feature","geometry":{"type":"Polygon","coordinates":[[[79.540824,15.696384],[79.541995,15.696082],[79.541892,15.695682],[79.540755,15.695969],[79.540824,15.696384]]]},"properties":{"lp":"1002","ac":"1.452","chaltha":"1002"}},{"type":"Feature","geometry":{"type":"Polygon","coordinates":[[[79.553234,15.679887],[79.553413,15.679847],[79.553214,15.678786],[79.553045,15.678819],[79.553234,15.679887]]]},"properties":{"lp":"1718","ac":"0.564","chaltha":"1718"}},{"type":"Feature","geometry":{"type":"Polygon","coordinates":[[[79.553413,15.679847],[79.553596,15.679807],[79.553376,15.678755],[79.553214,15.678786],[79.553413,15.679847]]]},"properties":{"lp":"1717","ac":"0.557","chaltha":"1717"}},{"type":"Feature","geometry":{"type":"Polygon","coordinates":[[[79.550711,15.698537],[79.550609,15.698534],[79.550453,15.698243],[79.550387,15.698134],[79.550283,15.697919],[79.550185,15.697718],[79.550239,15.697695],[79.550134,15.69748],[79.550035,15.697274],[79.549911,15.697326],[79.550536,15.698675],[79.550711,15.698537]]]},"properties":{"lp":"1230","ac":"0.496","chaltha":"1230"}},{"type":"Feature","geometry":{"type":"Polygon","coordinates":[[[79.55044,15.69715],[79.550585,15.69701],[79.55057,15.69689],[79.550771,15.69679],[79.550585,15.696543],[79.550417,15.696709],[79.550408,15.696755],[79.550376,15.696921],[79.550333,15.697148],[79.55044,15.69715]]]},"properties":{"lp":"1248","ac":"0.372","chaltha":"1248"}},{"type":"Feature","geometry":{"type":"Polygon","coordinates":[[[79.55136,15.697587],[79.55149,15.697857],[79.551739,15.697741],[79.551722,15.697651],[79.551594,15.6975],[79.55136,15.697587]]]},"properties":{"lp":"1237","ac":"0.234","chaltha":"1237"}},{"type":"Feature","geometry":{"type":"Polygon","coordinates":[[[79.540293,15.690295],[79.540314,15.690394],[79.540386,15.690744],[79.540275,15.690774],[79.54031,15.690948],[79.541119,15.690728],[79.541048,15.690447],[79.540971,15.690141],[79.540293,15.690295]]]},"properties":{"lp":"1330","ac":"1.347","chaltha":"1330"}},{"type":"Feature","geometry":{"type":"Polygon","coordinates":[[[79.54031,15.690948],[79.540375,15.691274],[79.540458,15.691688],[79.540543,15.692111],[79.540599,15.692387],[79.54147,15.692129],[79.541448,15.691856],[79.541755,15.691306],[79.541258,15.69127],[79.541119,15.690728],[79.54031,15.690948]]]},"properties":{"lp":"1329","ac":"4.201","chaltha":"1329"}},{"type":"Feature","geometry":{"type":"Polygon","coordinates":[[[79.547861,15.696822],[79.547873,15.696811],[79.548243,15.696495],[79.548162,15.69606],[79.548129,15.695884],[79.548086,15.695653],[79.547537,15.695704],[79.547711,15.696305],[79.547861,15.696822]]]},"properties":{"lp":"1220","ac":"1.47","chaltha":"1220"}},{"type":"Feature","geometry":{"type":"Polygon","coordinates":[[[79.548086,15.695653],[79.548129,15.695884],[79.548353,15.695824],[79.548559,15.695768],[79.54846,15.695477],[79.548256,15.695573],[79.548086,15.695653]]]},"properties":{"lp":"1224","ac":"0.339","chaltha":"1224"}},{"type":"Feature","geometry":{"type":"Polygon","coordinates":[[[79.548162,15.69606],[79.548243,15.696495],[79.548521,15.696291],[79.548666,15.69608],[79.548618,15.69594],[79.548399,15.695998],[79.548162,15.69606]]]},"properties":{"lp":"1221","ac":"0.463","chaltha":"1221"}},{"type":"Feature","geometry":{"type":"Polygon","coordinates":[[[79.54594,15.691825],[79.546042,15.691793],[79.546174,15.691752],[79.54616,15.691564],[79.545924,15.691634],[79.54594,15.691825]]]},"properties":{"lp":"1451","ac":"0.133","chaltha":"1451"}},{"type":"Feature","geometry":{"type":"Polygon","coordinates":[[[79.547213,15.693687],[79.547773,15.693498],[79.547706,15.693357],[79.54712,15.693441],[79.547213,15.693687]]]},"properties":{"lp":"1392","ac":"0.357","chaltha":"1392"}},{"type":"Feature","geometry":{"type":"Polygon","coordinates":[[[79.551363,15.6923],[79.551791,15.692222],[79.552239,15.692141],[79.552173,15.69171],[79.551354,15.691817],[79.55135,15.692104],[79.551352,15.692136],[79.55136,15.692264],[79.551363,15.6923]]]},"properties":{"lp":"1480","ac":"1.157","chaltha":"1480"}},{"type":"Feature","geometry":{"type":"Polygon","coordinates":[[[79.551354,15.691817],[79.552173,15.69171],[79.552099,15.691226],[79.551361,15.69131],[79.551354,15.691817]]]},"properties":{"lp":"1478","ac":"1.14","chaltha":"1478"}},{"type":"Feature","geometry":{"type":"Polygon","coordinates":[[[79.546938,15.67975],[79.547845,15.679627],[79.547817,15.679317],[79.546909,15.679431],[79.546938,15.67975]]]},"properties":{"lp":"1625","ac":"0.846","chaltha":"1625"}},{"type":"Feature","geometry":{"type":"Polygon","coordinates":[[[79.546938,15.67975],[79.546967,15.680069],[79.547874,15.679947],[79.547845,15.679627],[79.546938,15.67975]]]},"properties":{"lp":"1624","ac":"0.861","chaltha":"1624"}},{"type":"Feature","geometry":{"type":"Polygon","coordinates":[[[79.548579,15.69379],[79.548735,15.693933],[79.549072,15.693996],[79.549194,15.693523],[79.549037,15.693455],[79.548736,15.693665],[79.548579,15.69379]]]},"properties":{"lp":"1455","ac":"0.564","chaltha":"1455"}},{"type":"Feature","geometry":{"type":"Polygon","coordinates":[[[79.548736,15.693665],[79.549037,15.693455],[79.549107,15.69308],[79.548879,15.69311],[79.548759,15.69317],[79.548736,15.693665]]]},"properties":{"lp":"1456","ac":"0.408","chaltha":"1456"}},{"type":"Feature","geometry":{"type":"Polygon","coordinates":[[[79.544606,15.691841],[79.544946,15.69177],[79.544884,15.691523],[79.54478,15.691548],[79.544548,15.691604],[79.544606,15.691841]]]},"properties":{"lp":"1425","ac":"0.253","chaltha":"1425"}},{"type":"Feature","geometry":{"type":"Polygon","coordinates":[[[79.537366,15.690459],[79.53732,15.689428],[79.537301,15.689019],[79.536737,15.689116],[79.536536,15.68915],[79.536684,15.690561],[79.537366,15.690459]]]},"properties":{"lp":"866","ac":"3.061","chaltha":"866"}},{"type":"Feature","geometry":{"type":"Polygon","coordinates":[[[79.535297,15.695123],[79.535781,15.695048],[79.536031,15.69501],[79.536287,15.69497],[79.536243,15.6946],[79.535254,15.694748],[79.535297,15.695123]]]},"properties":{"lp":"884","ac":"1.098","chaltha":"884"}},{"type":"Feature","geometry":{"type":"Polygon","coordinates":[[[79.535254,15.694748],[79.536243,15.6946],[79.536192,15.694213],[79.535252,15.694363],[79.535211,15.694377],[79.535251,15.694723],[79.535254,15.694748]]]},"properties":{"lp":"882","ac":"1.126","chaltha":"882"}},{"type":"Feature","geometry":{"type":"Polygon","coordinates":[[[79.535883,15.701881],[79.537348,15.701671],[79.537363,15.701288],[79.535827,15.701515],[79.53586,15.701734],[79.535883,15.701881]]]},"properties":{"lp":"931","ac":"1.66","chaltha":"931"}},{"type":"Feature","geometry":{"type":"Polygon","coordinates":[[[79.535827,15.701515],[79.537363,15.701288],[79.537366,15.701221],[79.537406,15.700904],[79.535776,15.70118],[79.535782,15.701216],[79.535827,15.701515]]]},"properties":{"lp":"930","ac":"1.669","chaltha":"930"}},{"type":"Feature","geometry":{"type":"Polygon","coordinates":[[[79.540183,15.702071],[79.540913,15.701365],[79.540719,15.700534],[79.539752,15.700735],[79.540021,15.701568],[79.540183,15.702071]]]},"properties":{"lp":"960","ac":"3.108","chaltha":"960"}},{"type":"Feature","geometry":{"type":"Polygon","coordinates":[[[79.537533,15.695209],[79.537549,15.695834],[79.538336,15.695709],[79.538201,15.695116],[79.537533,15.695209]]]},"properties":{"lp":"992","ac":"1.322","chaltha":"992"}},{"type":"Feature","geometry":{"type":"Polygon","coordinates":[[[79.538336,15.695709],[79.537549,15.695834],[79.537563,15.696378],[79.538454,15.696225],[79.538336,15.695709]]]},"properties":{"lp":"991","ac":"1.33","chaltha":"991"}},{"type":"Feature","geometry":{"type":"Polygon","coordinates":[[[79.538558,15.696699],[79.538488,15.696376],[79.538466,15.696277],[79.537565,15.696431],[79.537576,15.696874],[79.538367,15.696733],[79.538558,15.696699]]]},"properties":{"lp":"989","ac":"1.22","chaltha":"989"}},{"type":"Feature","geometry":{"type":"Polygon","coordinates":[[[79.537563,15.696378],[79.537565,15.696431],[79.538466,15.696277],[79.538454,15.696225],[79.537563,15.696378]]]},"properties":{"lp":"990","ac":"0.14","chaltha":"990"}},{"type":"Feature","geometry":{"type":"Polygon","coordinates":[[[79.54082,15.703938],[79.541742,15.703745],[79.541591,15.702963],[79.540431,15.703216],[79.54061,15.703754],[79.54082,15.703938]]]},"properties":{"lp":"1170","ac":"2.587","chaltha":"1170"}},{"type":"Feature","geometry":{"type":"Polygon","coordinates":[[[79.541742,15.703745],[79.542969,15.703488],[79.542794,15.702701],[79.541654,15.702949],[79.541591,15.702963],[79.541742,15.703745]]]},"properties":{"lp":"1171","ac":"2.917","chaltha":"1171"}},{"type":"Feature","geometry":{"type":"Polygon","coordinates":[[[79.534991,15.692688],[79.535011,15.692833],[79.535047,15.69307],[79.536146,15.692918],[79.536136,15.692847],[79.5361,15.692578],[79.534991,15.692688]]]},"properties":{"lp":"874","ac":"1.189","chaltha":"874"}},{"type":"Feature","geometry":{"type":"Polygon","coordinates":[[[79.535047,15.69307],[79.53507,15.693224],[79.535079,15.693284],[79.536173,15.693131],[79.536146,15.692918],[79.535047,15.69307]]]},"properties":{"lp":"875","ac":"0.698","chaltha":"875"}},{"type":"Feature","geometry":{"type":"Polygon","coordinates":[[[79.535644,15.703904],[79.536085,15.703815],[79.536515,15.703714],[79.53644,15.703244],[79.536366,15.702781],[79.536042,15.702837],[79.535496,15.702932],[79.535644,15.703904]]]},"properties":{"lp":"935","ac":"2.512","chaltha":"935"}},{"type":"Feature","geometry":{"type":"Polygon","coordinates":[[[79.519658,15.694652],[79.520787,15.694293],[79.520695,15.694068],[79.520218,15.69421],[79.520014,15.694271],[79.519805,15.694334],[79.519575,15.694402],[79.519658,15.694652]]]},"properties":{"lp":"625","ac":"0.872","chaltha":"625"}},{"type":"Feature","geometry":{"type":"Polygon","coordinates":[[[79.519658,15.694652],[79.51911,15.69482],[79.51857,15.694987],[79.518658,15.695237],[79.518662,15.69525],[79.519177,15.695081],[79.520024,15.694802],[79.520879,15.69452],[79.520875,15.694508],[79.520872,15.694502],[79.520866,15.694486],[79.520787,15.694293],[79.519658,15.694652]]]},"properties":{"lp":"624","ac":"1.767","chaltha":"624"}},{"type":"Feature","geometry":{"type":"Polygon","coordinates":[[[79.51857,15.694987],[79.51911,15.69482],[79.519027,15.694566],[79.51848,15.694729],[79.51857,15.694987]]]},"properties":{"lp":"627","ac":"0.45","chaltha":"627"}},{"type":"Feature","geometry":{"type":"Polygon","coordinates":[[[79.51911,15.69482],[79.519658,15.694652],[79.519575,15.694402],[79.519353,15.694469],[79.519027,15.694566],[79.51911,15.69482]]]},"properties":{"lp":"626","ac":"0.445","chaltha":"626"}},{"type":"Feature","geometry":{"type":"Polygon","coordinates":[[[79.533688,15.685578],[79.533883,15.686568],[79.534135,15.686524],[79.534653,15.686434],[79.534475,15.685434],[79.533688,15.685578]]]},"properties":{"lp":"2620","ac":"2.346","chaltha":"2620"}},{"type":"Feature","geometry":{"type":"Polygon","coordinates":[[[79.533314,15.686667],[79.533449,15.687464],[79.534061,15.687359],[79.534295,15.687312],[79.534135,15.686524],[79.533883,15.686568],[79.533484,15.686637],[79.533314,15.686667]]]},"properties":{"lp":"2424","ac":"2.006","chaltha":"2424"}},{"type":"Feature","geometry":{"type":"Polygon","coordinates":[[[79.535698,15.700667],[79.535954,15.700617],[79.53589,15.700221],[79.535889,15.700219],[79.535889,15.700217],[79.534862,15.700481],[79.534992,15.700885],[79.535698,15.700667]]]},"properties":{"lp":"919","ac":"1.218","chaltha":"919"}},{"type":"Feature","geometry":{"type":"Polygon","coordinates":[[[79.534794,15.700498],[79.534811,15.700571],[79.533845,15.700798],[79.533901,15.701195],[79.534228,15.701102],[79.534992,15.700885],[79.534862,15.700481],[79.534794,15.700498]]]},"properties":{"lp":"918","ac":"1.218","chaltha":"918"}},{"type":"Feature","geometry":{"type":"Polygon","coordinates":[[[79.535441,15.696375],[79.535436,15.696403],[79.535553,15.696385],[79.536492,15.696237],[79.536422,15.695803],[79.536388,15.695594],[79.536139,15.69564],[79.535886,15.695683],[79.53537,15.69576],[79.535402,15.696039],[79.535441,15.696375]]]},"properties":{"lp":"890","ac":"1.977","chaltha":"890"}},{"type":"Feature","geometry":{"type":"Polygon","coordinates":[[[79.53537,15.69576],[79.535886,15.695683],[79.535781,15.695048],[79.535297,15.695123],[79.535329,15.6954],[79.53537,15.69576]]]},"properties":{"lp":"888","ac":"0.951","chaltha":"888"}},{"type":"Feature","geometry":{"type":"Polygon","coordinates":[[[79.535886,15.695683],[79.536139,15.69564],[79.536031,15.69501],[79.535781,15.695048],[79.535886,15.695683]]]},"properties":{"lp":"887","ac":"0.479","chaltha":"887"}},{"type":"Feature","geometry":{"type":"Polygon","coordinates":[[[79.536139,15.69564],[79.536388,15.695594],[79.536287,15.69497],[79.536031,15.69501],[79.536139,15.69564]]]},"properties":{"lp":"886","ac":"0.477","chaltha":"886"}},{"type":"Feature","geometry":{"type":"Polygon","coordinates":[[[79.536192,15.694213],[79.536263,15.694207],[79.536236,15.69395],[79.535212,15.694116],[79.535252,15.694363],[79.536192,15.694213]]]},"properties":{"lp":"881","ac":"0.76","chaltha":"881"}},{"type":"Feature","geometry":{"type":"Polygon","coordinates":[[[79.537478,15.694818],[79.537467,15.694048],[79.536263,15.694207],[79.536192,15.694213],[79.536243,15.6946],[79.536287,15.69497],[79.537478,15.694818]]]},"properties":{"lp":"883","ac":"2.775","chaltha":"883"}},{"type":"Feature","geometry":{"type":"Polygon","coordinates":[[[79.536287,15.69497],[79.536388,15.695594],[79.536422,15.695803],[79.537497,15.695628],[79.537484,15.695216],[79.537478,15.694818],[79.536287,15.69497]]]},"properties":{"lp":"885","ac":"2.759","chaltha":"885"}},{"type":"Feature","geometry":{"type":"Polygon","coordinates":[[[79.537462,15.6937],[79.537457,15.693334],[79.536204,15.6935],[79.53621,15.693699],[79.536227,15.693867],[79.537462,15.6937]]]},"properties":{"lp":"878","ac":"1.346","chaltha":"878"}},{"type":"Feature","geometry":{"type":"Polygon","coordinates":[[[79.51933,15.696259],[79.519477,15.696194],[79.519355,15.695567],[79.519264,15.695318],[79.519177,15.695081],[79.518662,15.69525],[79.518658,15.695237],[79.51857,15.694987],[79.51848,15.694729],[79.517378,15.695101],[79.517646,15.695172],[79.517767,15.695469],[79.518082,15.695801],[79.518052,15.696132],[79.518571,15.696603],[79.518747,15.696471],[79.519028,15.696671],[79.5194,15.696516],[79.51933,15.696259]]]},"properties":{"lp":"620","ac":"6.416","chaltha":"620"}},{"type":"Feature","geometry":{"type":"Polygon","coordinates":[[[79.538962,15.711543],[79.538957,15.712049],[79.539029,15.712053],[79.539057,15.712055],[79.539056,15.711546],[79.538962,15.711543]]]},"properties":{"lp":"248","ac":"0.145","chaltha":"248"}},{"type":"Feature","geometry":{"type":"Polygon","coordinates":[[[79.538957,15.712049],[79.538962,15.711543],[79.538872,15.711541],[79.538866,15.711853],[79.538862,15.712044],[79.538901,15.712046],[79.538957,15.712049]]]},"properties":{"lp":"249","ac":"0.136","chaltha":"249"}},{"type":"Feature","geometry":{"type":"Polygon","coordinates":[[[79.538987,15.710745],[79.539248,15.710681],[79.539258,15.71056],[79.538133,15.710539],[79.538127,15.710561],[79.53809,15.710681],[79.538037,15.710854],[79.538766,15.710872],[79.538989,15.710878],[79.538987,15.710745]]]},"properties":{"lp":"1024","ac":"0.966","chaltha":"1024"}},{"type":"Feature","geometry":{"type":"Polygon","coordinates":[[[79.531136,15.687024],[79.531783,15.686918],[79.531696,15.686458],[79.53105,15.686599],[79.531136,15.687024]]]},"properties":{"lp":"2615","ac":"0.87","chaltha":"2615"}},{"type":"Feature","geometry":{"type":"Polygon","coordinates":[[[79.53105,15.686599],[79.531696,15.686458],[79.531614,15.686033],[79.530957,15.686141],[79.53105,15.686599]]]},"properties":{"lp":"2614","ac":"0.875","chaltha":"2614"}},{"type":"Feature","geometry":{"type":"Polygon","coordinates":[[[79.534713,15.690472],[79.535932,15.690241],[79.535846,15.689759],[79.534612,15.689979],[79.534614,15.689992],[79.534616,15.69],[79.534713,15.690472]]]},"properties":{"lp":"862","ac":"1.815","chaltha":"862"}},{"type":"Feature","geometry":{"type":"Polygon","coordinates":[[[79.534612,15.689979],[79.535846,15.689759],[79.535762,15.689286],[79.534997,15.689422],[79.534515,15.689507],[79.534612,15.689979]]]},"properties":{"lp":"863","ac":"1.777","chaltha":"863"}},{"type":"Feature","geometry":{"type":"Polygon","coordinates":[[[79.537615,15.713154],[79.537331,15.713127],[79.537269,15.713543],[79.537556,15.713621],[79.537605,15.713231],[79.537615,15.713154]]]},"properties":{"lp":"150","ac":"0.378","chaltha":"150"}},{"type":"Feature","geometry":{"type":"Polygon","coordinates":[[[79.519575,15.694402],[79.519805,15.694334],[79.519426,15.693396],[79.518994,15.693529],[79.519353,15.694469],[79.519575,15.694402]]]},"properties":{"lp":"633","ac":"1.361","chaltha":"633"}},{"type":"Feature","geometry":{"type":"Polygon","coordinates":[[[79.540915,15.673874],[79.541257,15.673957],[79.541216,15.673727],[79.541581,15.673668],[79.54145,15.672697],[79.540796,15.67283],[79.540915,15.673874]]]},"properties":{"lp":"1875","ac":"2.069","chaltha":"1875"}},{"type":"Feature","geometry":{"type":"Polygon","coordinates":[[[79.541581,15.673668],[79.542245,15.673559],[79.542115,15.672823],[79.54207,15.672567],[79.54145,15.672697],[79.541581,15.673668]]]},"properties":{"lp":"1876","ac":"1.9","chaltha":"1876"}},{"type":"Feature","geometry":{"type":"Polygon","coordinates":[[[79.552428,15.696355],[79.552669,15.696472],[79.552688,15.695886],[79.552474,15.695769],[79.552428,15.696355]]]},"properties":{"lp":"1264","ac":"0.403","chaltha":"1264"}},{"type":"Feature","geometry":{"type":"Polygon","coordinates":[[[79.545691,15.677266],[79.545335,15.677328],[79.544964,15.677393],[79.544988,15.67752],[79.54504,15.677789],[79.545762,15.677646],[79.545691,15.677266]]]},"properties":{"lp":"1957","ac":"0.854","chaltha":"1957"}},{"type":"Feature","geometry":{"type":"Polygon","coordinates":[[[79.544964,15.677393],[79.545335,15.677328],[79.54525,15.676925],[79.544896,15.677006],[79.544916,15.677147],[79.544964,15.677393]]]},"properties":{"lp":"1955","ac":"0.439","chaltha":"1955"}},{"type":"Feature","geometry":{"type":"Polygon","coordinates":[[[79.545335,15.677328],[79.545691,15.677266],[79.545612,15.676843],[79.54525,15.676925],[79.545335,15.677328]]]},"properties":{"lp":"1956","ac":"0.452","chaltha":"1956"}},{"type":"Feature","geometry":{"type":"Polygon","coordinates":[[[79.553224,15.687813],[79.554271,15.687575],[79.554219,15.687391],[79.554101,15.686972],[79.554014,15.686644],[79.553856,15.686112],[79.552811,15.686349],[79.552907,15.686705],[79.553051,15.687202],[79.553072,15.687277],[79.553224,15.687813]]]},"properties":{"lp":"1537","ac":"4.791","chaltha":"1537"}},{"type":"Feature","geometry":{"type":"Polygon","coordinates":[[[79.550283,15.697919],[79.550859,15.697666],[79.550851,15.697648],[79.55077,15.697482],[79.550239,15.697695],[79.550185,15.697718],[79.550283,15.697919]]]},"properties":{"lp":"1233","ac":"0.395","chaltha":"1233"}},{"type":"Feature","geometry":{"type":"Polygon","coordinates":[[[79.550417,15.696709],[79.550585,15.696543],[79.550663,15.696466],[79.550591,15.696421],[79.550417,15.696709]]]},"properties":{"lp":"1256","ac":"0.042","chaltha":"1256"}},{"type":"Feature","geometry":{"type":"Polygon","coordinates":[[[79.540507,15.695027],[79.540755,15.695969],[79.541892,15.695682],[79.541693,15.69487],[79.541657,15.694723],[79.540507,15.695027]]]},"properties":{"lp":"1001","ac":"3.393","chaltha":"1001"}},{"type":"Feature","geometry":{"type":"Polygon","coordinates":[[[79.540507,15.695027],[79.541657,15.694723],[79.541526,15.694189],[79.540757,15.694422],[79.540378,15.694537],[79.540507,15.695027]]]},"properties":{"lp":"1000","ac":"1.85","chaltha":"1000"}},{"type":"Feature","geometry":{"type":"Polygon","coordinates":[[[79.550385,15.695199],[79.550413,15.695218],[79.550588,15.69533],[79.550671,15.694928],[79.550468,15.694839],[79.550385,15.695199]]]},"properties":{"lp":"1283","ac":"0.254","chaltha":"1283"}},{"type":"Feature","geometry":{"type":"Polygon","coordinates":[[[79.54951,15.695027],[79.549646,15.694951],[79.549881,15.69482],[79.549868,15.694716],[79.549699,15.694724],[79.549382,15.69476],[79.54951,15.695027]]]},"properties":{"lp":"1273","ac":"0.264","chaltha":"1273"}},{"type":"Feature","geometry":{"type":"Polygon","coordinates":[[[79.550594,15.695903],[79.550781,15.695986],[79.550872,15.695465],[79.550693,15.695392],[79.550643,15.695651],[79.550594,15.695903]]]},"properties":{"lp":"1287","ac":"0.299","chaltha":"1287"}},{"type":"Feature","geometry":{"type":"Polygon","coordinates":[[[79.550805,15.695996],[79.550986,15.695969],[79.551091,15.695111],[79.550945,15.695047],[79.550872,15.695465],[79.550781,15.695986],[79.550805,15.695996]]]},"properties":{"lp":"1288","ac":"0.474","chaltha":"1288"}},{"type":"Feature","geometry":{"type":"Polygon","coordinates":[[[79.549373,15.6932],[79.549538,15.693325],[79.549622,15.693381],[79.549694,15.693427],[79.549792,15.692938],[79.549492,15.692848],[79.54947,15.692842],[79.549373,15.6932]]]},"properties":{"lp":"1459","ac":"0.45","chaltha":"1459"}},{"type":"Feature","geometry":{"type":"Polygon","coordinates":[[[79.549037,15.693455],[79.549194,15.693523],[79.549248,15.693546],[79.549322,15.693162],[79.549107,15.69308],[79.549037,15.693455]]]},"properties":{"lp":"1457","ac":"0.255","chaltha":"1457"}},{"type":"Feature","geometry":{"type":"Polygon","coordinates":[[[79.548759,15.69317],[79.548879,15.69311],[79.549107,15.69308],[79.549322,15.693162],[79.549373,15.6932],[79.54947,15.692842],[79.549152,15.692747],[79.548709,15.692873],[79.54871,15.692971],[79.548759,15.69317]]]},"properties":{"lp":"1458","ac":"0.67","chaltha":"1458"}},{"type":"Feature","geometry":{"type":"Polygon","coordinates":[[[79.550134,15.69748],[79.550694,15.697278],[79.550659,15.697209],[79.550585,15.69701],[79.55044,15.69715],[79.550333,15.697148],[79.550035,15.697274],[79.550134,15.69748]]]},"properties":{"lp":"1231","ac":"0.418","chaltha":"1231"}},{"type":"Feature","geometry":{"type":"Polygon","coordinates":[[[79.550944,15.697088],[79.551077,15.697353],[79.551239,15.697285],[79.551416,15.697211],[79.551194,15.696981],[79.550944,15.697088]]]},"properties":{"lp":"1246","ac":"0.279","chaltha":"1246"}},{"type":"Feature","geometry":{"type":"Polygon","coordinates":[[[79.55149,15.697857],[79.55136,15.697587],[79.551209,15.697642],[79.551124,15.697674],[79.551259,15.697965],[79.55149,15.697857]]]},"properties":{"lp":"1238","ac":"0.231","chaltha":"1238"}},{"type":"Feature","geometry":{"type":"Polygon","coordinates":[[[79.551048,15.698064],[79.551259,15.697965],[79.551124,15.697674],[79.550899,15.697757],[79.550949,15.697867],[79.550958,15.697886],[79.551006,15.697982],[79.551048,15.698064]]]},"properties":{"lp":"1239","ac":"0.231","chaltha":"1239"}},{"type":"Feature","geometry":{"type":"Polygon","coordinates":[[[79.549466,15.695056],[79.54955,15.695178],[79.549716,15.695053],[79.549646,15.694951],[79.54951,15.695027],[79.549466,15.695056]]]},"properties":{"lp":"1274","ac":"0.084","chaltha":"1274"}},{"type":"Feature","geometry":{"type":"Polygon","coordinates":[[[79.548371,15.688146],[79.549086,15.688008],[79.549058,15.687783],[79.548349,15.687913],[79.548371,15.688146]]]},"properties":{"lp":"1592","ac":"0.488","chaltha":"1592"}},{"type":"Feature","geometry":{"type":"Polygon","coordinates":[[[79.523082,15.703803],[79.522275,15.703783],[79.522268,15.703877],[79.522244,15.704222],[79.522301,15.704275],[79.522528,15.704487],[79.522694,15.704642],[79.522845,15.704827],[79.522984,15.704824],[79.523027,15.705373],[79.523045,15.705598],[79.522891,15.705661],[79.522938,15.705818],[79.523424,15.705657],[79.523248,15.704162],[79.523082,15.703803]]]},"properties":{"lp":"526","ac":"3.455","chaltha":"526"}},{"type":"Feature","geometry":{"type":"Polygon","coordinates":[[[79.521948,15.703774],[79.522275,15.703783],[79.523082,15.703803],[79.522323,15.70345],[79.522068,15.703616],[79.521948,15.703774]]]},"properties":{"lp":"525","ac":"0.585","chaltha":"525"}},{"type":"Feature","geometry":{"type":"Polygon","coordinates":[[[79.521948,15.703774],[79.521924,15.703862],[79.522268,15.703877],[79.522275,15.703783],[79.521948,15.703774]]]},"properties":{"lp":"524","ac":"0.09","chaltha":"524"}},{"type":"Feature","geometry":{"type":"Polygon","coordinates":[[[79.521924,15.703862],[79.521869,15.704061],[79.522244,15.704222],[79.522268,15.703877],[79.521924,15.703862]]]},"properties":{"lp":"523","ac":"0.296","chaltha":"523"}},{"type":"Feature","geometry":{"type":"Polygon","coordinates":[[[79.521852,15.704124],[79.521871,15.704259],[79.522085,15.704267],[79.522301,15.704275],[79.522244,15.704222],[79.521869,15.704061],[79.521852,15.704124]]]},"properties":{"lp":"522","ac":"0.146","chaltha":"522"}},{"type":"Feature","geometry":{"type":"Polygon","coordinates":[[[79.522733,15.705692],[79.522891,15.705661],[79.523045,15.705598],[79.523027,15.705373],[79.522765,15.705449],[79.522733,15.705692]]]},"properties":{"lp":"508","ac":"0.203","chaltha":"508"}},{"type":"Feature","geometry":{"type":"Polygon","coordinates":[[[79.522765,15.705449],[79.523027,15.705373],[79.522984,15.704824],[79.522845,15.704827],[79.522831,15.704936],[79.522779,15.70534],[79.522765,15.705449]]]},"properties":{"lp":"515","ac":"0.342","chaltha":"515"}},{"type":"Feature","geometry":{"type":"Polygon","coordinates":[[[79.522733,15.705692],[79.522765,15.705449],[79.522779,15.70534],[79.522545,15.705279],[79.522522,15.705361],[79.522456,15.705588],[79.522582,15.705721],[79.522733,15.705692]]]},"properties":{"lp":"509","ac":"0.298","chaltha":"509"}},{"type":"Feature","geometry":{"type":"Polygon","coordinates":[[[79.522456,15.705588],[79.522522,15.705361],[79.522251,15.705422],[79.522314,15.705595],[79.522456,15.705588]]]},"properties":{"lp":"510","ac":"0.121","chaltha":"510"}},{"type":"Feature","geometry":{"type":"Polygon","coordinates":[[[79.522251,15.705422],[79.522522,15.705361],[79.522545,15.705279],[79.522528,15.705199],[79.522198,15.705275],[79.522251,15.705422]]]},"properties":{"lp":"511","ac":"0.146","chaltha":"511"}},{"type":"Feature","geometry":{"type":"Polygon","coordinates":[[[79.522123,15.705067],[79.522198,15.705275],[79.522528,15.705199],[79.522491,15.705021],[79.522152,15.705063],[79.522123,15.705067]]]},"properties":{"lp":"512","ac":"0.207","chaltha":"512"}},{"type":"Feature","geometry":{"type":"Polygon","coordinates":[[[79.522152,15.705063],[79.522491,15.705021],[79.522459,15.704872],[79.522422,15.704693],[79.522125,15.704747],[79.522152,15.705063]]]},"properties":{"lp":"513","ac":"0.307","chaltha":"513"}},{"type":"Feature","geometry":{"type":"Polygon","coordinates":[[[79.522422,15.704693],[79.522459,15.704872],[79.522641,15.704837],[79.522698,15.704942],[79.522831,15.704936],[79.522845,15.704827],[79.522694,15.704642],[79.522422,15.704693]]]},"properties":{"lp":"516","ac":"0.234","chaltha":"516"}},{"type":"Feature","geometry":{"type":"Polygon","coordinates":[[[79.522779,15.70534],[79.522831,15.704936],[79.522698,15.704942],[79.522641,15.704837],[79.522459,15.704872],[79.522491,15.705021],[79.522528,15.705199],[79.522545,15.705279],[79.522779,15.70534]]]},"properties":{"lp":"514","ac":"0.372","chaltha":"514"}},{"type":"Feature","geometry":{"type":"Polygon","coordinates":[[[79.522125,15.704747],[79.522422,15.704693],[79.522694,15.704642],[79.522528,15.704487],[79.522109,15.704557],[79.522118,15.704665],[79.522125,15.704747]]]},"properties":{"lp":"517","ac":"0.274","chaltha":"517"}},{"type":"Feature","geometry":{"type":"Polygon","coordinates":[[[79.522109,15.704557],[79.522528,15.704487],[79.522301,15.704275],[79.522085,15.704267],[79.522092,15.704353],[79.522099,15.70443],[79.522109,15.704557]]]},"properties":{"lp":"519","ac":"0.245","chaltha":"519"}},{"type":"Feature","geometry":{"type":"Polygon","coordinates":[[[79.521871,15.704259],[79.521887,15.70437],[79.522092,15.704353],[79.522085,15.704267],[79.521871,15.704259]]]},"properties":{"lp":"521","ac":"0.061","chaltha":"521"}},{"type":"Feature","geometry":{"type":"Polygon","coordinates":[[[79.521942,15.704765],[79.522021,15.705079],[79.522123,15.705067],[79.522152,15.705063],[79.522125,15.704747],[79.522118,15.704665],[79.52193,15.704681],[79.521942,15.704765]]]},"properties":{"lp":"570","ac":"0.193","chaltha":"570"}},{"type":"Feature","geometry":{"type":"Polygon","coordinates":[[[79.52193,15.704681],[79.522118,15.704665],[79.522109,15.704557],[79.522099,15.70443],[79.521898,15.704452],[79.52193,15.704681]]]},"properties":{"lp":"518","ac":"0.133","chaltha":"518"}},{"type":"Feature","geometry":{"type":"Polygon","coordinates":[[[79.521898,15.704452],[79.522099,15.70443],[79.522092,15.704353],[79.521887,15.70437],[79.521898,15.704452]]]},"properties":{"lp":"520","ac":"0.048","chaltha":"520"}},{"type":"Feature","geometry":{"type":"Polygon","coordinates":[[[79.52294,15.70713],[79.523036,15.70755],[79.523719,15.707825],[79.52362,15.707036],[79.52294,15.70713]]]},"properties":{"lp":"497","ac":"1.182","chaltha":"497"}},{"type":"Feature","geometry":{"type":"Polygon","coordinates":[[[79.523719,15.707825],[79.524443,15.707983],[79.52459,15.70747],[79.524602,15.707428],[79.52427,15.706886],[79.52362,15.707036],[79.523719,15.707825]]]},"properties":{"lp":"498","ac":"2.294","chaltha":"498"}},{"type":"Feature","geometry":{"type":"Polygon","coordinates":[[[79.522938,15.705818],[79.523,15.706025],[79.522982,15.70636],[79.523872,15.706188],[79.523544,15.705614],[79.523424,15.705657],[79.522938,15.705818]]]},"properties":{"lp":"507","ac":"1.288","chaltha":"507"}},{"type":"Feature","geometry":{"type":"Polygon","coordinates":[[[79.522959,15.706784],[79.524103,15.706593],[79.523872,15.706188],[79.522982,15.70636],[79.522959,15.706784]]]},"properties":{"lp":"506","ac":"1.292","chaltha":"506"}},{"type":"Feature","geometry":{"type":"Polygon","coordinates":[[[79.522959,15.706784],[79.522949,15.706969],[79.524198,15.706759],[79.524103,15.706593],[79.522959,15.706784]]]},"properties":{"lp":"505","ac":"0.638","chaltha":"505"}},{"type":"Feature","geometry":{"type":"Polygon","coordinates":[[[79.548864,15.681292],[79.548874,15.681507],[79.549906,15.681363],[79.549957,15.681181],[79.550006,15.681007],[79.549677,15.681049],[79.549269,15.681101],[79.548857,15.681154],[79.548864,15.681292]]]},"properties":{"lp":"1672","ac":"1.116","chaltha":"1672"}},{"type":"Feature","geometry":{"type":"Polygon","coordinates":[[[79.550636,15.693189],[79.551324,15.693089],[79.551349,15.692572],[79.550616,15.692677],[79.550636,15.693189]]]},"properties":{"lp":"1487","ac":"1.072","chaltha":"1487"}},{"type":"Feature","geometry":{"type":"Polygon","coordinates":[[[79.550636,15.693189],[79.550616,15.692677],[79.550329,15.692716],[79.550381,15.693226],[79.550636,15.693189]]]},"properties":{"lp":"1486","ac":"0.41","chaltha":"1486"}},{"type":"Feature","geometry":{"type":"Polygon","coordinates":[[[79.550283,15.692273],[79.550297,15.692405],[79.55136,15.692264],[79.551352,15.692136],[79.550283,15.692273]]]},"properties":{"lp":"1483","ac":"0.411","chaltha":"1483"}},{"type":"Feature","geometry":{"type":"Polygon","coordinates":[[[79.550297,15.692405],[79.550313,15.692561],[79.551357,15.692417],[79.551363,15.6923],[79.55136,15.692264],[79.550297,15.692405]]]},"properties":{"lp":"1484","ac":"0.48","chaltha":"1484"}},{"type":"Feature","geometry":{"type":"Polygon","coordinates":[[[79.550313,15.692561],[79.550329,15.692716],[79.550616,15.692677],[79.551349,15.692572],[79.551357,15.692417],[79.550313,15.692561]]]},"properties":{"lp":"1485","ac":"0.473","chaltha":"1485"}},{"type":"Feature","geometry":{"type":"Polygon","coordinates":[[[79.5282,15.681044],[79.528759,15.680958],[79.528656,15.680082],[79.528124,15.680177],[79.5282,15.681044]]]},"properties":{"lp":"2239","ac":"1.417","chaltha":"2239"}},{"type":"Feature","geometry":{"type":"Polygon","coordinates":[[[79.548113,15.67928],[79.548072,15.678835],[79.547778,15.678881],[79.54685,15.679029],[79.546909,15.679431],[79.547817,15.679317],[79.548113,15.67928]]]},"properties":{"lp":"1627","ac":"1.53","chaltha":"1627"}},{"type":"Feature","geometry":{"type":"Polygon","coordinates":[[[79.547817,15.679317],[79.547845,15.679627],[79.547874,15.679947],[79.546967,15.680069],[79.547026,15.680725],[79.548231,15.680571],[79.548113,15.67928],[79.547817,15.679317]]]},"properties":{"lp":"1623","ac":"2.908","chaltha":"1623"}},{"type":"Feature","geometry":{"type":"Polygon","coordinates":[[[79.539405,15.690939],[79.539316,15.690582],[79.539183,15.689956],[79.53886,15.690034],[79.539057,15.691013],[79.539405,15.690939]]]},"properties":{"lp":"2106","ac":"1.0","chaltha":"2106"}},{"type":"Feature","geometry":{"type":"Polygon","coordinates":[[[79.538945,15.691036],[79.539022,15.691519],[79.540375,15.691274],[79.54031,15.690948],[79.540275,15.690774],[79.539405,15.690939],[79.539057,15.691013],[79.538945,15.691036]]]},"properties":{"lp":"1328","ac":"2.01","chaltha":"1328"}},{"type":"Feature","geometry":{"type":"Polygon","coordinates":[[[79.545255,15.703395],[79.547294,15.703023],[79.54731,15.702691],[79.545228,15.703068],[79.545242,15.703223],[79.545255,15.703395]]]},"properties":{"lp":"1149","ac":"1.996","chaltha":"1149"}},{"type":"Feature","geometry":{"type":"Polygon","coordinates":[[[79.545228,15.703068],[79.54731,15.702691],[79.547319,15.7025],[79.545211,15.70288],[79.545228,15.703068]]]},"properties":{"lp":"1150","ac":"1.17","chaltha":"1150"}},{"type":"Feature","geometry":{"type":"Polygon","coordinates":[[[79.535999,15.713361],[79.535934,15.7131],[79.535809,15.713231],[79.535999,15.713361]]]},"properties":{"lp":"87","ac":"0.061","chaltha":"87"}},{"type":"Feature","geometry":{"type":"Polygon","coordinates":[[[79.528927,15.693752],[79.529148,15.694576],[79.529229,15.694877],[79.529333,15.695264],[79.529543,15.695207],[79.529847,15.695125],[79.529407,15.693576],[79.529381,15.693486],[79.528927,15.693752]]]},"properties":{"lp":"2324","ac":"2.495","chaltha":"2324"}},{"type":"Feature","geometry":{"type":"Polygon","coordinates":[[[79.528927,15.693752],[79.528542,15.693978],[79.528261,15.694144],[79.52816,15.694873],[79.528158,15.694879],[79.529148,15.694576],[79.528927,15.693752]]]},"properties":{"lp":"2325","ac":"1.95","chaltha":"2325"}},{"type":"Feature","geometry":{"type":"Polygon","coordinates":[[[79.531923,15.69482],[79.532017,15.695129],[79.532625,15.694952],[79.532545,15.694645],[79.531923,15.69482]]]},"properties":{"lp":"2310","ac":"0.601","chaltha":"2310"}},{"type":"Feature","geometry":{"type":"Polygon","coordinates":[[[79.532017,15.695129],[79.532111,15.695441],[79.532702,15.69527],[79.532625,15.694952],[79.532017,15.695129]]]},"properties":{"lp":"2311","ac":"0.597","chaltha":"2311"}},{"type":"Feature","geometry":{"type":"Polygon","coordinates":[[[79.544838,15.70649],[79.544633,15.704693],[79.544541,15.704712],[79.544005,15.704822],[79.544237,15.706571],[79.544428,15.706545],[79.544838,15.70649]]]},"properties":{"lp":"1141","ac":"3.261","chaltha":"1141"}},{"type":"Feature","geometry":{"type":"Polygon","coordinates":[[[79.544211,15.706575],[79.544237,15.706571],[79.544005,15.704822],[79.543959,15.704831],[79.544211,15.706575]]]},"properties":{"lp":"1140","ac":"0.187","chaltha":"1140"}},{"type":"Feature","geometry":{"type":"Polygon","coordinates":[[[79.530829,15.69544],[79.530863,15.695583],[79.530922,15.695757],[79.531832,15.695514],[79.531742,15.695209],[79.530829,15.69544]]]},"properties":{"lp":"2319","ac":"0.896","chaltha":"2319"}},{"type":"Feature","geometry":{"type":"Polygon","coordinates":[[[79.5369,15.70978],[79.536924,15.709848],[79.537747,15.70973],[79.538144,15.709673],[79.53811,15.709301],[79.538082,15.709001],[79.537317,15.709132],[79.536913,15.709202],[79.536759,15.709234],[79.536734,15.709632],[79.5369,15.70978]]]},"properties":{"lp":"1040","ac":"2.58","chaltha":"1040"}},{"type":"Feature","geometry":{"type":"Polygon","coordinates":[[[79.543771,15.691931],[79.543868,15.692088],[79.54427,15.691887],[79.544203,15.691692],[79.544084,15.691722],[79.543771,15.691931]]]},"properties":{"lp":"1420","ac":"0.29","chaltha":"1420"}},{"type":"Feature","geometry":{"type":"Polygon","coordinates":[[[79.544552,15.692317],[79.544724,15.692329],[79.544683,15.69216],[79.544617,15.691888],[79.544302,15.691983],[79.54433,15.692062],[79.544381,15.692212],[79.544552,15.692317]]]},"properties":{"lp":"1422","ac":"0.344","chaltha":"1422"}},{"type":"Feature","geometry":{"type":"Polygon","coordinates":[[[79.547784,15.694137],[79.54793,15.694305],[79.548225,15.694213],[79.548087,15.694041],[79.547784,15.694137]]]},"properties":{"lp":"1381","ac":"0.188","chaltha":"1381"}},{"type":"Feature","geometry":{"type":"Polygon","coordinates":[[[79.548306,15.69447],[79.548581,15.694414],[79.548491,15.694309],[79.548216,15.69437],[79.548306,15.69447]]]},"properties":{"lp":"1379","ac":"0.098","chaltha":"1379"}},{"type":"Feature","geometry":{"type":"Polygon","coordinates":[[[79.547378,15.694078],[79.547948,15.693868],[79.547855,15.693671],[79.547275,15.693884],[79.547378,15.694078]]]},"properties":{"lp":"1387","ac":"0.391","chaltha":"1387"}},{"type":"Feature","geometry":{"type":"Polygon","coordinates":[[[79.547076,15.693327],[79.54706,15.693195],[79.546879,15.693184],[79.546891,15.693389],[79.547076,15.693327]]]},"properties":{"lp":"1394","ac":"0.091","chaltha":"1394"}},{"type":"Feature","geometry":{"type":"Polygon","coordinates":[[[79.550104,15.696688],[79.550379,15.696586],[79.550287,15.696361],[79.549946,15.696242],[79.550104,15.696688]]]},"properties":{"lp":"1252","ac":"0.299","chaltha":"1252"}},{"type":"Feature","geometry":{"type":"Polygon","coordinates":[[[79.549662,15.695308],[79.549948,15.695558],[79.550071,15.695007],[79.54992,15.69499],[79.549662,15.695308]]]},"properties":{"lp":"1278","ac":"0.353","chaltha":"1278"}},{"type":"Feature","geometry":{"type":"Polygon","coordinates":[[[79.549931,15.694893],[79.549881,15.69482],[79.549646,15.694951],[79.549716,15.695053],[79.549931,15.694893]]]},"properties":{"lp":"1275","ac":"0.083","chaltha":"1275"}},{"type":"Feature","geometry":{"type":"Polygon","coordinates":[[[79.541186,15.697576],[79.542319,15.697276],[79.542209,15.69688],[79.542096,15.696472],[79.540981,15.696769],[79.540979,15.696789],[79.541186,15.697576]]]},"properties":{"lp":"1004","ac":"2.847","chaltha":"1004"}},{"type":"Feature","geometry":{"type":"Polygon","coordinates":[[[79.542209,15.69688],[79.543381,15.696609],[79.543281,15.6962],[79.542759,15.696304],[79.542087,15.696439],[79.542096,15.696472],[79.542209,15.69688]]]},"properties":{"lp":"1005","ac":"1.556","chaltha":"1005"}},{"type":"Feature","geometry":{"type":"Polygon","coordinates":[[[79.553245,15.683069],[79.553437,15.683831],[79.554006,15.683651],[79.553979,15.683554],[79.553907,15.683298],[79.553783,15.682857],[79.55332,15.68304],[79.553245,15.683069]]]},"properties":{"lp":"1696","ac":"1.382","chaltha":"1696"}},{"type":"Feature","geometry":{"type":"Polygon","coordinates":[[[79.55366,15.684715],[79.554186,15.68429],[79.554006,15.683651],[79.553437,15.683831],[79.553469,15.683956],[79.55366,15.684715]]]},"properties":{"lp":"1695","ac":"1.4","chaltha":"1695"}},{"type":"Feature","geometry":{"type":"Polygon","coordinates":[[[79.552973,15.675361],[79.553059,15.676093],[79.554499,15.675814],[79.55431,15.675117],[79.553711,15.675235],[79.552973,15.675361]]]},"properties":{"lp":"1033","ac":"2.997","chaltha":"1033"}},{"type":"Feature","geometry":{"type":"Polygon","coordinates":[[[79.553059,15.676093],[79.553072,15.676211],[79.553132,15.676718],[79.553138,15.676769],[79.554674,15.676462],[79.554499,15.675814],[79.553059,15.676093]]]},"properties":{"lp":"1737","ac":"2.995","chaltha":"1737"}},{"type":"Feature","geometry":{"type":"Polygon","coordinates":[[[79.553138,15.676769],[79.553148,15.676856],[79.553148,15.676857],[79.553217,15.677448],[79.554828,15.677028],[79.554788,15.67688],[79.554674,15.676462],[79.553138,15.676769]]]},"properties":{"lp":"1736","ac":"2.995","chaltha":"1736"}},{"type":"Feature","geometry":{"type":"Polygon","coordinates":[[[79.544017,15.692332],[79.544381,15.692212],[79.54433,15.692062],[79.543937,15.692202],[79.544017,15.692332]]]},"properties":{"lp":"1418","ac":"0.18","chaltha":"1418"}},{"type":"Feature","geometry":{"type":"Polygon","coordinates":[[[79.5377,15.708598],[79.537631,15.707479],[79.537325,15.707542],[79.537364,15.708442],[79.537257,15.708464],[79.537262,15.708673],[79.537385,15.708652],[79.5377,15.708598]]]},"properties":{"lp":"1048","ac":"1.111","chaltha":"1048"}},{"type":"Feature","geometry":{"type":"Polygon","coordinates":[[[79.537325,15.707542],[79.537113,15.707586],[79.53703,15.707742],[79.536961,15.707979],[79.536951,15.708524],[79.537257,15.708464],[79.537364,15.708442],[79.537325,15.707542]]]},"properties":{"lp":"1047","ac":"0.959","chaltha":"1047"}},{"type":"Feature","geometry":{"type":"Polygon","coordinates":[[[79.525799,15.686049],[79.526574,15.685851],[79.526444,15.68542],[79.525674,15.685622],[79.525799,15.686049]]]},"properties":{"lp":"2354","ac":"1.047","chaltha":"2354"}},{"type":"Feature","geometry":{"type":"Polygon","coordinates":[[[79.525674,15.685622],[79.526444,15.68542],[79.52636,15.685139],[79.525588,15.68533],[79.525674,15.685622]]]},"properties":{"lp":"2355","ac":"0.695","chaltha":"2355"}},{"type":"Feature","geometry":{"type":"Polygon","coordinates":[[[79.514739,15.687669],[79.514896,15.688145],[79.51556,15.687945],[79.515407,15.687522],[79.514739,15.687669]]]},"properties":{"lp":"2553","ac":"0.956","chaltha":"2553"}},{"type":"Feature","geometry":{"type":"Polygon","coordinates":[[[79.527937,15.7122],[79.528352,15.712172],[79.528336,15.711985],[79.528325,15.711841],[79.527903,15.711873],[79.527937,15.7122]]]},"properties":{"lp":"407","ac":"0.406","chaltha":"407"}},{"type":"Feature","geometry":{"type":"Polygon","coordinates":[[[79.535694,15.711067],[79.535694,15.711192],[79.535913,15.711184],[79.535885,15.711055],[79.535878,15.711027],[79.535694,15.711067]]]},"properties":{"lp":"260","ac":"0.085","chaltha":"260"}},{"type":"Feature","geometry":{"type":"Polygon","coordinates":[[[79.537317,15.709132],[79.53729,15.708895],[79.537262,15.708673],[79.537257,15.708464],[79.536951,15.708524],[79.53688,15.708535],[79.536913,15.709202],[79.537317,15.709132]]]},"properties":{"lp":"1041","ac":"0.759","chaltha":"1041"}},{"type":"Feature","geometry":{"type":"Polygon","coordinates":[[[79.550711,15.698537],[79.551175,15.69831],[79.55112,15.698203],[79.551048,15.698064],[79.551006,15.697982],[79.550958,15.697886],[79.550387,15.698134],[79.550453,15.698243],[79.550609,15.698534],[79.550711,15.698537]]]},"properties":{"lp":"1235","ac":"0.871","chaltha":"1235"}},{"type":"Feature","geometry":{"type":"Polygon","coordinates":[[[79.534417,15.68415],[79.534698,15.684398],[79.534919,15.684366],[79.534746,15.683105],[79.534278,15.683001],[79.534417,15.68415]]]},"properties":{"lp":"2652","ac":"1.734","chaltha":"2652"}},{"type":"Feature","geometry":{"type":"Polygon","coordinates":[[[79.534919,15.684366],[79.535079,15.684342],[79.535101,15.684464],[79.535557,15.684407],[79.535523,15.683634],[79.535187,15.683551],[79.534825,15.683123],[79.534746,15.683105],[79.534919,15.684366]]]},"properties":{"lp":"2653","ac":"1.947","chaltha":"2653"}},{"type":"Feature","geometry":{"type":"Polygon","coordinates":[[[79.535101,15.684464],[79.53515,15.684782],[79.535194,15.685073],[79.535157,15.685272],[79.535811,15.685176],[79.535769,15.684946],[79.536339,15.684869],[79.536642,15.684828],[79.536479,15.684237],[79.535693,15.683676],[79.535523,15.683634],[79.535557,15.684407],[79.535101,15.684464]]]},"properties":{"lp":"2647","ac":"4.006","chaltha":"2647"}},{"type":"Feature","geometry":{"type":"Polygon","coordinates":[[[79.535397,15.686312],[79.536066,15.686196],[79.535906,15.685554],[79.535811,15.685176],[79.535157,15.685272],[79.535153,15.685295],[79.535397,15.686312]]]},"properties":{"lp":"2642","ac":"2.088","chaltha":"2642"}},{"type":"Feature","geometry":{"type":"Polygon","coordinates":[[[79.520695,15.694068],[79.520339,15.693188],[79.520309,15.693123],[79.519855,15.693261],[79.520218,15.69421],[79.520695,15.694068]]]},"properties":{"lp":"636","ac":"1.45","chaltha":"636"}},{"type":"Feature","geometry":{"type":"Polygon","coordinates":[[[79.524933,15.704736],[79.525657,15.705159],[79.527116,15.705752],[79.527768,15.706025],[79.528307,15.706186],[79.528231,15.705897],[79.528231,15.705896],[79.528073,15.705293],[79.527448,15.705456],[79.527171,15.705528],[79.526872,15.705606],[79.526318,15.703793],[79.526163,15.703244],[79.525747,15.703353],[79.525639,15.703305],[79.525321,15.703162],[79.525027,15.70324],[79.524933,15.704736]]]},"properties":{"lp":"603","ac":"10.429","chaltha":"603"}},{"type":"Feature","geometry":{"type":"Polygon","coordinates":[[[79.524483,15.703368],[79.524667,15.703324],[79.524792,15.703295],[79.524927,15.703263],[79.525027,15.70324],[79.524943,15.703072],[79.524763,15.702711],[79.524483,15.703368]]]},"properties":{"lp":"611","ac":"0.47","chaltha":"611"}},{"type":"Feature","geometry":{"type":"Polygon","coordinates":[[[79.53106,15.708672],[79.531004,15.708066],[79.530548,15.707853],[79.530511,15.707828],[79.530536,15.708845],[79.530815,15.70881],[79.53106,15.708672]]]},"properties":{"lp":"579","ac":"1.244","chaltha":"579"}},{"type":"Feature","geometry":{"type":"Polygon","coordinates":[[[79.536228,15.71211],[79.536191,15.712231],[79.536182,15.712259],[79.53618,15.712266],[79.536488,15.71251],[79.536522,15.712322],[79.536496,15.712069],[79.536357,15.71209],[79.536228,15.71211]]]},"properties":{"lp":"107","ac":"0.28","chaltha":"107"}},{"type":"Feature","geometry":{"type":"Polygon","coordinates":[[[79.549622,15.693381],[79.549554,15.693762],[79.549639,15.693779],[79.549694,15.693427],[79.549622,15.693381]]]},"properties":{"lp":"1463","ac":"0.09","chaltha":"1463"}},{"type":"Feature","geometry":{"type":"Polygon","coordinates":[[[79.549497,15.694075],[79.549589,15.694092],[79.549639,15.693779],[79.549554,15.693762],[79.549497,15.694075]]]},"properties":{"lp":"1464","ac":"0.084","chaltha":"1464"}},{"type":"Feature","geometry":{"type":"Polygon","coordinates":[[[79.536232,15.692184],[79.537536,15.692026],[79.537462,15.691349],[79.537448,15.691215],[79.536113,15.691415],[79.536232,15.692184]]]},"properties":{"lp":"868","ac":"3.108","chaltha":"868"}},{"type":"Feature","geometry":{"type":"Polygon","coordinates":[[[79.535992,15.690665],[79.536004,15.69074],[79.536085,15.691231],[79.536113,15.691415],[79.537448,15.691215],[79.537366,15.690459],[79.536684,15.690561],[79.536324,15.690615],[79.535992,15.690665]]]},"properties":{"lp":"867","ac":"3.047","chaltha":"867"}},{"type":"Feature","geometry":{"type":"Polygon","coordinates":[[[79.547147,15.685817],[79.547162,15.686156],[79.548126,15.685958],[79.548211,15.685603],[79.547147,15.685817]]]},"properties":{"lp":"1580","ac":"1.008","chaltha":"1580"}},{"type":"Feature","geometry":{"type":"Polygon","coordinates":[[[79.547162,15.686156],[79.547186,15.686679],[79.547668,15.686607],[79.547981,15.686561],[79.548126,15.685958],[79.547162,15.686156]]]},"properties":{"lp":"1581","ac":"1.422","chaltha":"1581"}},{"type":"Feature","geometry":{"type":"Polygon","coordinates":[[[79.546253,15.694616],[79.546603,15.694504],[79.546844,15.694427],[79.546756,15.694307],[79.546716,15.694229],[79.546142,15.69442],[79.546161,15.694462],[79.546253,15.694616]]]},"properties":{"lp":"1368","ac":"0.401","chaltha":"1368"}},{"type":"Feature","geometry":{"type":"Polygon","coordinates":[[[79.545587,15.693679],[79.545799,15.693658],[79.545761,15.693379],[79.545699,15.693377],[79.545533,15.693481],[79.545587,15.693679]]]},"properties":{"lp":"1352","ac":"0.172","chaltha":"1352"}},{"type":"Feature","geometry":{"type":"Polygon","coordinates":[[[79.551526,15.69573],[79.551623,15.695731],[79.551675,15.695336],[79.55148,15.695267],[79.551526,15.69573]]]},"properties":{"lp":"1259","ac":"0.184","chaltha":"1259"}},{"type":"Feature","geometry":{"type":"Polygon","coordinates":[[[79.551737,15.69602],[79.551804,15.695859],[79.5517,15.695809],[79.551763,15.695384],[79.551675,15.695336],[79.551623,15.695731],[79.551526,15.69573],[79.551576,15.69602],[79.551655,15.696215],[79.551737,15.69602]]]},"properties":{"lp":"1260","ac":"0.315","chaltha":"1260"}},{"type":"Feature","geometry":{"type":"Polygon","coordinates":[[[79.545579,15.700382],[79.545754,15.700347],[79.545569,15.69971],[79.54546,15.699333],[79.543886,15.699601],[79.543919,15.699824],[79.544055,15.700653],[79.545069,15.700482],[79.545579,15.700382]]]},"properties":{"lp":"1193","ac":"5.181","chaltha":"1193"}},{"type":"Feature","geometry":{"type":"Polygon","coordinates":[[[79.545389,15.699088],[79.545134,15.698198],[79.54406,15.698355],[79.543695,15.698409],[79.543886,15.699601],[79.54546,15.699333],[79.545389,15.699088]]]},"properties":{"lp":"1196","ac":"5.317","chaltha":"1196"}},{"type":"Feature","geometry":{"type":"Polygon","coordinates":[[[79.554496,15.68165],[79.555106,15.681365],[79.55579,15.681047],[79.555841,15.681023],[79.555671,15.680626],[79.55502,15.680899],[79.554347,15.681181],[79.554441,15.681506],[79.554496,15.68165]]]},"properties":{"lp":"1707","ac":"1.975","chaltha":"1707"}},{"type":"Feature","geometry":{"type":"Polygon","coordinates":[[[79.555841,15.681023],[79.55651,15.680712],[79.557361,15.680317],[79.557237,15.67997],[79.556496,15.680281],[79.555796,15.680574],[79.555671,15.680626],[79.555841,15.681023]]]},"properties":{"lp":"1704","ac":"1.976","chaltha":"1704"}},{"type":"Feature","geometry":{"type":"Polygon","coordinates":[[[79.551515,15.679857],[79.551547,15.680172],[79.551793,15.680139],[79.552534,15.680042],[79.552488,15.679744],[79.551515,15.679857]]]},"properties":{"lp":"1652","ac":"0.894","chaltha":"1652"}},{"type":"Feature","geometry":{"type":"Polygon","coordinates":[[[79.551515,15.679857],[79.552488,15.679744],[79.552446,15.679428],[79.551482,15.679537],[79.551515,15.679857]]]},"properties":{"lp":"1645","ac":"0.915","chaltha":"1645"}},{"type":"Feature","geometry":{"type":"Polygon","coordinates":[[[79.547668,15.694434],[79.547861,15.69436],[79.54793,15.694305],[79.547784,15.694137],[79.547497,15.694225],[79.547621,15.694377],[79.547668,15.694434]]]},"properties":{"lp":"1382","ac":"0.21","chaltha":"1382"}},{"type":"Feature","geometry":{"type":"Polygon","coordinates":[[[79.550111,15.694585],[79.549986,15.694708],[79.550116,15.694835],[79.550338,15.694783],[79.550111,15.694585]]]},"properties":{"lp":"1270","ac":"0.128","chaltha":"1270"}},{"type":"Feature","geometry":{"type":"Polygon","coordinates":[[[79.549697,15.694444],[79.549971,15.69455],[79.549986,15.694708],[79.550111,15.694585],[79.549833,15.694343],[79.549697,15.694444]]]},"properties":{"lp":"1269","ac":"0.129","chaltha":"1269"}},{"type":"Feature","geometry":{"type":"Polygon","coordinates":[[[79.535593,15.679518],[79.535674,15.679897],[79.535697,15.679925],[79.535711,15.679942],[79.536683,15.679811],[79.53668,15.679789],[79.536676,15.679764],[79.536623,15.679378],[79.535593,15.679518]]]},"properties":{"lp":"2171","ac":"1.308","chaltha":"2171"}},{"type":"Feature","geometry":{"type":"Polygon","coordinates":[[[79.535711,15.679942],[79.536072,15.680375],[79.536748,15.680282],[79.536683,15.679811],[79.535711,15.679942]]]},"properties":{"lp":"2172","ac":"1.161","chaltha":"2172"}},{"type":"Feature","geometry":{"type":"Polygon","coordinates":[[[79.550296,15.695715],[79.550479,15.695797],[79.550522,15.695612],[79.550588,15.69533],[79.550413,15.695218],[79.550296,15.695715]]]},"properties":{"lp":"1282","ac":"0.285","chaltha":"1282"}},{"type":"Feature","geometry":{"type":"Polygon","coordinates":[[[79.552237,15.693171],[79.552966,15.693128],[79.552875,15.693394],[79.554028,15.693317],[79.55405,15.692763],[79.553057,15.69286],[79.553066,15.692752],[79.552237,15.692809],[79.552237,15.692954],[79.552237,15.693171]]]},"properties":{"lp":"1495","ac":"2.53","chaltha":"1495"}},{"type":"Feature","geometry":{"type":"Polygon","coordinates":[[[79.532294,15.678754],[79.532557,15.678705],[79.532591,15.678699],[79.532373,15.67761],[79.532322,15.67762],[79.532063,15.67767],[79.532294,15.678754]]]},"properties":{"lp":"2203","ac":"1.005","chaltha":"2203"}},{"type":"Feature","geometry":{"type":"Polygon","coordinates":[[[79.532815,15.678657],[79.532584,15.677569],[79.532373,15.67761],[79.532591,15.678699],[79.532815,15.678657]]]},"properties":{"lp":"2202","ac":"0.722","chaltha":"2202"}},{"type":"Feature","geometry":{"type":"Polygon","coordinates":[[[79.546176,15.693394],[79.546241,15.693396],[79.546325,15.693399],[79.546304,15.693149],[79.546155,15.693168],[79.546176,15.693394]]]},"properties":{"lp":"1345","ac":"0.104","chaltha":"1345"}},{"type":"Feature","geometry":{"type":"Polygon","coordinates":[[[79.547497,15.694225],[79.547378,15.694078],[79.547038,15.694203],[79.546832,15.694279],[79.546977,15.694455],[79.547497,15.694225]]]},"properties":{"lp":"1385","ac":"0.336","chaltha":"1385"}},{"type":"Feature","geometry":{"type":"Polygon","coordinates":[[[79.544744,15.693116],[79.545326,15.692912],[79.545279,15.692804],[79.545213,15.692635],[79.545155,15.692617],[79.545116,15.69254],[79.544983,15.692571],[79.544903,15.692601],[79.544887,15.692607],[79.544707,15.692669],[79.544744,15.693116]]]},"properties":{"lp":"1409","ac":"0.678","chaltha":"1409"}},{"type":"Feature","geometry":{"type":"Polygon","coordinates":[[[79.544707,15.692669],[79.544887,15.692607],[79.544888,15.692411],[79.54466,15.692441],[79.544707,15.692669]]]},"properties":{"lp":"1408","ac":"0.13","chaltha":"1408"}},{"type":"Feature","geometry":{"type":"Polygon","coordinates":[[[79.545471,15.692352],[79.545213,15.692635],[79.545279,15.692804],[79.545631,15.692688],[79.545889,15.692601],[79.545699,15.692416],[79.545471,15.692352]]]},"properties":{"lp":"1404","ac":"0.483","chaltha":"1404"}},{"type":"Feature","geometry":{"type":"Polygon","coordinates":[[[79.54599,15.692831],[79.545935,15.692645],[79.545889,15.692601],[79.545631,15.692688],[79.545722,15.692886],[79.54599,15.692831]]]},"properties":{"lp":"1402","ac":"0.194","chaltha":"1402"}},{"type":"Feature","geometry":{"type":"Polygon","coordinates":[[[79.545722,15.692886],[79.545364,15.692998],[79.545433,15.693152],[79.54545,15.693186],[79.545546,15.693383],[79.545693,15.693285],[79.546003,15.692877],[79.54599,15.692831],[79.545722,15.692886]]]},"properties":{"lp":"1401","ac":"0.499","chaltha":"1401"}},{"type":"Feature","geometry":{"type":"Polygon","coordinates":[[[79.544983,15.692571],[79.545116,15.69254],[79.54515,15.692378],[79.544922,15.692407],[79.544983,15.692571]]]},"properties":{"lp":"1406","ac":"0.087","chaltha":"1406"}},{"type":"Feature","geometry":{"type":"Polygon","coordinates":[[[79.545792,15.697407],[79.545686,15.696152],[79.545692,15.69603],[79.544703,15.696257],[79.544948,15.697573],[79.544974,15.697567],[79.545377,15.697488],[79.545792,15.697407]]]},"properties":{"lp":"1201","ac":"3.683","chaltha":"1201"}},{"type":"Feature","geometry":{"type":"Polygon","coordinates":[[[79.523765,15.694479],[79.524009,15.69506],[79.524222,15.694978],[79.524329,15.69526],[79.525215,15.694945],[79.524812,15.694551],[79.524444,15.694206],[79.523765,15.694479]]]},"properties":{"lp":"647","ac":"2.425","chaltha":"647"}},{"type":"Feature","geometry":{"type":"Polygon","coordinates":[[[79.519426,15.693396],[79.519805,15.694334],[79.520014,15.694271],[79.519637,15.69333],[79.519426,15.693396]]]},"properties":{"lp":"634","ac":"0.65","chaltha":"634"}},{"type":"Feature","geometry":{"type":"Polygon","coordinates":[[[79.519637,15.69333],[79.520014,15.694271],[79.520218,15.69421],[79.519855,15.693261],[79.519637,15.69333]]]},"properties":{"lp":"635","ac":"0.656","chaltha":"635"}},{"type":"Feature","geometry":{"type":"Polygon","coordinates":[[[79.51848,15.694729],[79.519027,15.694566],[79.519353,15.694469],[79.518994,15.693529],[79.518613,15.693646],[79.518563,15.693659],[79.518719,15.69412],[79.518804,15.69437],[79.517003,15.694911],[79.517242,15.69513],[79.517378,15.695101],[79.51848,15.694729]]]},"properties":{"lp":"632","ac":"2.79","chaltha":"632"}},{"type":"Feature","geometry":{"type":"Polygon","coordinates":[[[79.518719,15.69412],[79.51804,15.694331],[79.517456,15.694512],[79.516792,15.694718],[79.517003,15.694911],[79.518804,15.69437],[79.518719,15.69412]]]},"properties":{"lp":"631","ac":"1.457","chaltha":"631"}},{"type":"Feature","geometry":{"type":"Polygon","coordinates":[[[79.516298,15.694265],[79.516792,15.694718],[79.517456,15.694512],[79.517278,15.694002],[79.516298,15.694265]]]},"properties":{"lp":"628","ac":"1.392","chaltha":"628"}},{"type":"Feature","geometry":{"type":"Polygon","coordinates":[[[79.517872,15.693843],[79.517278,15.694002],[79.517456,15.694512],[79.51804,15.694331],[79.517872,15.693843]]]},"properties":{"lp":"629","ac":"0.947","chaltha":"629"}},{"type":"Feature","geometry":{"type":"Polygon","coordinates":[[[79.518719,15.69412],[79.518563,15.693659],[79.518332,15.69372],[79.517872,15.693843],[79.51804,15.694331],[79.518719,15.69412]]]},"properties":{"lp":"630","ac":"1.046","chaltha":"630"}},{"type":"Feature","geometry":{"type":"Polygon","coordinates":[[[79.521082,15.694972],[79.521049,15.694899],[79.520879,15.69452],[79.520024,15.694802],[79.52012,15.695044],[79.520211,15.695272],[79.521082,15.694972]]]},"properties":{"lp":"623","ac":"1.332","chaltha":"623"}},{"type":"Feature","geometry":{"type":"Polygon","coordinates":[[[79.520695,15.694068],[79.52215,15.693637],[79.522091,15.693482],[79.521978,15.693183],[79.52182,15.692768],[79.521653,15.692816],[79.520339,15.693188],[79.520695,15.694068]]]},"properties":{"lp":"637","ac":"4.189","chaltha":"637"}},{"type":"Feature","geometry":{"type":"Polygon","coordinates":[[[79.521049,15.694899],[79.521082,15.694972],[79.521175,15.695275],[79.522802,15.694775],[79.52268,15.694402],[79.522676,15.694388],[79.521049,15.694899]]]},"properties":{"lp":"640","ac":"2.0","chaltha":"640"}},{"type":"Feature","geometry":{"type":"Polygon","coordinates":[[[79.521175,15.695275],[79.521285,15.695638],[79.5221,15.695397],[79.522925,15.695153],[79.522824,15.694843],[79.522823,15.694841],[79.522802,15.694775],[79.521175,15.695275]]]},"properties":{"lp":"641","ac":"1.941","chaltha":"641"}},{"type":"Feature","geometry":{"type":"Polygon","coordinates":[[[79.524444,15.694206],[79.524309,15.694026],[79.524181,15.693871],[79.52268,15.694402],[79.522802,15.694775],[79.522823,15.694841],[79.522824,15.694843],[79.523347,15.694641],[79.523765,15.694479],[79.524444,15.694206]]]},"properties":{"lp":"645","ac":"2.14","chaltha":"645"}},{"type":"Feature","geometry":{"type":"Polygon","coordinates":[[[79.522676,15.694388],[79.52268,15.694402],[79.524181,15.693871],[79.523903,15.693534],[79.522541,15.693974],[79.522547,15.693994],[79.522676,15.694388]]]},"properties":{"lp":"646","ac":"1.899","chaltha":"646"}},{"type":"Feature","geometry":{"type":"Polygon","coordinates":[[[79.524329,15.69526],[79.524427,15.695516],[79.524967,15.69533],[79.525404,15.695172],[79.525215,15.694945],[79.524329,15.69526]]]},"properties":{"lp":"648","ac":"0.804","chaltha":"648"}},{"type":"Feature","geometry":{"type":"Polygon","coordinates":[[[79.523159,15.697247],[79.524115,15.696965],[79.524337,15.696908],[79.524147,15.696308],[79.523945,15.69567],[79.52374,15.695736],[79.523207,15.695906],[79.522779,15.696073],[79.523159,15.697247]]]},"properties":{"lp":"653","ac":"4.58","chaltha":"653"}},{"type":"Feature","geometry":{"type":"Polygon","coordinates":[[[79.524337,15.696908],[79.524115,15.696965],[79.52431,15.697294],[79.524461,15.697549],[79.524643,15.697858],[79.524805,15.698131],[79.525193,15.698508],[79.525488,15.697456],[79.525555,15.696972],[79.525374,15.696618],[79.524337,15.696908]]]},"properties":{"lp":"654","ac":"4.37","chaltha":"654"}},{"type":"Feature","geometry":{"type":"Polygon","coordinates":[[[79.524427,15.695516],[79.523945,15.69567],[79.524147,15.696308],[79.525075,15.696031],[79.525035,15.695952],[79.52486,15.695608],[79.524967,15.69533],[79.524427,15.695516]]]},"properties":{"lp":"652","ac":"1.89","chaltha":"652"}},{"type":"Feature","geometry":{"type":"Polygon","coordinates":[[[79.524147,15.696308],[79.524337,15.696908],[79.525374,15.696618],[79.525075,15.696031],[79.524147,15.696308]]]},"properties":{"lp":"651","ac":"1.911","chaltha":"651"}},{"type":"Feature","geometry":{"type":"Polygon","coordinates":[[[79.524967,15.69533],[79.52486,15.695608],[79.525035,15.695952],[79.525798,15.695647],[79.525404,15.695172],[79.524967,15.69533]]]},"properties":{"lp":"649","ac":"1.246","chaltha":"649"}},{"type":"Feature","geometry":{"type":"Polygon","coordinates":[[[79.531071,15.691344],[79.531286,15.691738],[79.532463,15.691353],[79.532385,15.691082],[79.532331,15.690896],[79.531071,15.691344]]]},"properties":{"lp":"838","ac":"1.732","chaltha":"838"}},{"type":"Feature","geometry":{"type":"Polygon","coordinates":[[[79.531286,15.691738],[79.531375,15.6919],[79.531517,15.692159],[79.532599,15.691825],[79.532491,15.691451],[79.532463,15.691353],[79.531286,15.691738]]]},"properties":{"lp":"837","ac":"1.671","chaltha":"837"}},{"type":"Feature","geometry":{"type":"Polygon","coordinates":[[[79.531517,15.692159],[79.531639,15.692383],[79.532669,15.692068],[79.532599,15.691825],[79.531517,15.692159]]]},"properties":{"lp":"836","ac":"0.814","chaltha":"836"}},{"type":"Feature","geometry":{"type":"Polygon","coordinates":[[[79.531639,15.692383],[79.532039,15.693113],[79.532906,15.692887],[79.532749,15.692346],[79.532669,15.692068],[79.531639,15.692383]]]},"properties":{"lp":"835","ac":"2.404","chaltha":"835"}},{"type":"Feature","geometry":{"type":"Polygon","coordinates":[[[79.534201,15.693202],[79.534068,15.692665],[79.533728,15.692761],[79.533464,15.692835],[79.533464,15.693154],[79.533464,15.693358],[79.533463,15.693427],[79.533721,15.693357],[79.534139,15.693242],[79.534201,15.693202]]]},"properties":{"lp":"857","ac":"1.17","chaltha":"857"}},{"type":"Feature","geometry":{"type":"Polygon","coordinates":[[[79.535011,15.692833],[79.534991,15.692688],[79.534958,15.692445],[79.534573,15.692522],[79.534068,15.692665],[79.534201,15.693202],[79.534708,15.692876],[79.535011,15.692833]]]},"properties":{"lp":"856","ac":"1.144","chaltha":"856"}},{"type":"Feature","geometry":{"type":"Polygon","coordinates":[[[79.533728,15.692761],[79.534068,15.692665],[79.534573,15.692522],[79.534488,15.692085],[79.533862,15.692179],[79.533606,15.692217],[79.533728,15.692761]]]},"properties":{"lp":"855","ac":"1.298","chaltha":"855"}},{"type":"Feature","geometry":{"type":"Polygon","coordinates":[[[79.532227,15.690534],[79.532227,15.690535],[79.532227,15.690537],[79.53224,15.690581],[79.532244,15.690593],[79.532248,15.690609],[79.53341,15.690264],[79.533299,15.68978],[79.532109,15.690126],[79.532214,15.690492],[79.532223,15.690521],[79.532227,15.690534]]]},"properties":{"lp":"842","ac":"1.792","chaltha":"842"}},{"type":"Feature","geometry":{"type":"Polygon","coordinates":[[[79.532248,15.690609],[79.532331,15.690896],[79.532385,15.691082],[79.533066,15.6909],[79.533528,15.690777],[79.533418,15.6903],[79.533416,15.690289],[79.53341,15.690264],[79.532248,15.690609]]]},"properties":{"lp":"846","ac":"1.785","chaltha":"846"}},{"type":"Feature","geometry":{"type":"Polygon","coordinates":[[[79.534713,15.690472],[79.53479,15.690954],[79.536004,15.69074],[79.535992,15.690665],[79.535932,15.690241],[79.534713,15.690472]]]},"properties":{"lp":"861","ac":"1.796","chaltha":"861"}},{"type":"Feature","geometry":{"type":"Polygon","coordinates":[[[79.53487,15.691451],[79.536085,15.691231],[79.536004,15.69074],[79.53479,15.690954],[79.534832,15.691213],[79.53487,15.691451]]]},"properties":{"lp":"860","ac":"1.808","chaltha":"860"}},{"type":"Feature","geometry":{"type":"Polygon","coordinates":[[[79.532385,15.691082],[79.532463,15.691353],[79.532491,15.691451],[79.533128,15.691284],[79.533066,15.6909],[79.532385,15.691082]]]},"properties":{"lp":"849","ac":"0.77","chaltha":"849"}},{"type":"Feature","geometry":{"type":"Polygon","coordinates":[[[79.532491,15.691451],[79.532599,15.691825],[79.532669,15.692068],[79.532749,15.692346],[79.533606,15.692217],[79.533862,15.692179],[79.533763,15.691758],[79.533225,15.691893],[79.533185,15.691638],[79.533144,15.691386],[79.533128,15.691284],[79.532491,15.691451]]]},"properties":{"lp":"854","ac":"2.359","chaltha":"854"}},{"type":"Feature","geometry":{"type":"Polygon","coordinates":[[[79.533862,15.692179],[79.534488,15.692085],[79.534942,15.691973],[79.534875,15.69148],[79.53407,15.691681],[79.533763,15.691758],[79.533862,15.692179]]]},"properties":{"lp":"859","ac":"1.565","chaltha":"859"}},{"type":"Feature","geometry":{"type":"Polygon","coordinates":[[[79.533185,15.691638],[79.534007,15.691426],[79.534832,15.691213],[79.53479,15.690954],[79.533988,15.691165],[79.533144,15.691386],[79.533185,15.691638]]]},"properties":{"lp":"850","ac":"1.285","chaltha":"850"}},{"type":"Feature","geometry":{"type":"Polygon","coordinates":[[[79.533225,15.691893],[79.533763,15.691758],[79.53407,15.691681],[79.534007,15.691426],[79.533185,15.691638],[79.533225,15.691893]]]},"properties":{"lp":"853","ac":"0.655","chaltha":"853"}},{"type":"Feature","geometry":{"type":"Polygon","coordinates":[[[79.53407,15.691681],[79.534875,15.69148],[79.53487,15.691451],[79.534832,15.691213],[79.534007,15.691426],[79.53407,15.691681]]]},"properties":{"lp":"852","ac":"0.656","chaltha":"852"}},{"type":"Feature","geometry":{"type":"Polygon","coordinates":[[[79.533144,15.691386],[79.533988,15.691165],[79.533866,15.69069],[79.533528,15.690777],[79.533066,15.6909],[79.533128,15.691284],[79.533144,15.691386]]]},"properties":{"lp":"848","ac":"1.223","chaltha":"848"}},{"type":"Feature","geometry":{"type":"Polygon","coordinates":[[[79.533988,15.691165],[79.53479,15.690954],[79.534713,15.690472],[79.534109,15.690627],[79.533866,15.69069],[79.533988,15.691165]]]},"properties":{"lp":"847","ac":"1.218","chaltha":"847"}},{"type":"Feature","geometry":{"type":"Polygon","coordinates":[[[79.533366,15.697537],[79.534724,15.697292],[79.534687,15.697034],[79.534668,15.696907],[79.533256,15.697175],[79.533366,15.697537]]]},"properties":{"lp":"895","ac":"1.579","chaltha":"895"}},{"type":"Feature","geometry":{"type":"Polygon","coordinates":[[[79.533152,15.696832],[79.533256,15.697175],[79.534668,15.696907],[79.534614,15.69654],[79.534263,15.69661],[79.533152,15.696832]]]},"properties":{"lp":"893","ac":"1.56","chaltha":"893"}},{"type":"Feature","geometry":{"type":"Polygon","coordinates":[[[79.534668,15.696907],[79.534687,15.697034],[79.534917,15.696997],[79.535148,15.696959],[79.535063,15.696451],[79.534614,15.69654],[79.534668,15.696907]]]},"properties":{"lp":"892","ac":"0.687","chaltha":"892"}},{"type":"Feature","geometry":{"type":"Polygon","coordinates":[[[79.535148,15.696959],[79.535609,15.696871],[79.535553,15.696385],[79.535436,15.696403],[79.535063,15.696451],[79.535148,15.696959]]]},"properties":{"lp":"891","ac":"0.708","chaltha":"891"}},{"type":"Feature","geometry":{"type":"Polygon","coordinates":[[[79.534543,15.698766],[79.534626,15.699275],[79.535693,15.699018],[79.535687,15.698979],[79.535508,15.698148],[79.535463,15.697939],[79.534852,15.698049],[79.534939,15.698563],[79.534961,15.698693],[79.534543,15.698766]]]},"properties":{"lp":"909","ac":"2.75","chaltha":"909"}},{"type":"Feature","geometry":{"type":"Polygon","coordinates":[[[79.533687,15.699691],[79.53374,15.700059],[79.534707,15.699848],[79.53468,15.699702],[79.535763,15.699447],[79.535757,15.699409],[79.535693,15.699018],[79.534626,15.699275],[79.534634,15.699505],[79.533687,15.699691]]]},"properties":{"lp":"923","ac":"2.444","chaltha":"923"}},{"type":"Feature","geometry":{"type":"Polygon","coordinates":[[[79.53374,15.700059],[79.533791,15.700416],[79.53472,15.700207],[79.534694,15.700089],[79.535824,15.699817],[79.535763,15.699447],[79.53468,15.699702],[79.534707,15.699848],[79.53374,15.700059]]]},"properties":{"lp":"922","ac":"2.246","chaltha":"922"}},{"type":"Feature","geometry":{"type":"Polygon","coordinates":[[[79.521903,15.698458],[79.522196,15.698411],[79.521937,15.697377],[79.521665,15.69745],[79.52169,15.697558],[79.521778,15.69794],[79.521873,15.698355],[79.521886,15.69841],[79.521903,15.698458]]]},"properties":{"lp":"660","ac":"0.898","chaltha":"660"}},{"type":"Feature","geometry":{"type":"Polygon","coordinates":[[[79.522196,15.698411],[79.522451,15.698371],[79.522191,15.697309],[79.521937,15.697377],[79.522196,15.698411]]]},"properties":{"lp":"659","ac":"0.824","chaltha":"659"}},{"type":"Feature","geometry":{"type":"Polygon","coordinates":[[[79.522451,15.698371],[79.522598,15.698348],[79.522741,15.698315],[79.523094,15.698234],[79.523057,15.698103],[79.522951,15.697728],[79.52431,15.697294],[79.524115,15.696965],[79.523159,15.697247],[79.522949,15.697295],[79.522889,15.697123],[79.522391,15.697256],[79.522191,15.697309],[79.522451,15.698371]]]},"properties":{"lp":"658","ac":"3.71","chaltha":"658"}},{"type":"Feature","geometry":{"type":"Polygon","coordinates":[[[79.52359,15.698741],[79.524805,15.698131],[79.524643,15.697858],[79.523223,15.698472],[79.523384,15.698769],[79.52359,15.698741]]]},"properties":{"lp":"655","ac":"1.616","chaltha":"655"}},{"type":"Feature","geometry":{"type":"Polygon","coordinates":[[[79.523223,15.698472],[79.524643,15.697858],[79.524461,15.697549],[79.523057,15.698103],[79.523094,15.698234],[79.523223,15.698472]]]},"properties":{"lp":"656","ac":"1.713","chaltha":"656"}},{"type":"Feature","geometry":{"type":"Polygon","coordinates":[[[79.523057,15.698103],[79.524461,15.697549],[79.52431,15.697294],[79.522951,15.697728],[79.523057,15.698103]]]},"properties":{"lp":"657","ac":"1.46","chaltha":"657"}},{"type":"Feature","geometry":{"type":"Polygon","coordinates":[[[79.52554,15.700372],[79.526139,15.700191],[79.52703,15.699922],[79.527221,15.699863],[79.527094,15.699591],[79.525593,15.700051],[79.525445,15.700096],[79.52554,15.700372]]]},"properties":{"lp":"687","ac":"1.502","chaltha":"687"}},{"type":"Feature","geometry":{"type":"Polygon","coordinates":[[[79.525475,15.699536],[79.526866,15.699103],[79.526525,15.698371],[79.525701,15.698633],[79.525416,15.698717],[79.525475,15.699536]]]},"properties":{"lp":"684","ac":"3.06","chaltha":"684"}},{"type":"Feature","geometry":{"type":"Polygon","coordinates":[[[79.526866,15.699103],[79.525475,15.699536],[79.525493,15.699772],[79.525593,15.700051],[79.527094,15.699591],[79.526866,15.699103]]]},"properties":{"lp":"685","ac":"2.381","chaltha":"685"}},{"type":"Feature","geometry":{"type":"Polygon","coordinates":[[[79.525445,15.700096],[79.525593,15.700051],[79.525493,15.699772],[79.525397,15.699956],[79.525445,15.700096]]]},"properties":{"lp":"686","ac":"0.1","chaltha":"686"}},{"type":"Feature","geometry":{"type":"Polygon","coordinates":[[[79.526525,15.698371],[79.526866,15.699103],[79.527094,15.699591],[79.527221,15.699863],[79.527827,15.699686],[79.527441,15.698955],[79.527037,15.69819],[79.526525,15.698371]]]},"properties":{"lp":"688","ac":"2.836","chaltha":"688"}},{"type":"Feature","geometry":{"type":"Polygon","coordinates":[[[79.527037,15.69819],[79.527441,15.698955],[79.527963,15.698737],[79.527532,15.698015],[79.527037,15.69819]]]},"properties":{"lp":"689","ac":"1.348","chaltha":"689"}},{"type":"Feature","geometry":{"type":"Polygon","coordinates":[[[79.527441,15.698955],[79.527827,15.699686],[79.528424,15.699512],[79.527963,15.698737],[79.527441,15.698955]]]},"properties":{"lp":"690","ac":"1.478","chaltha":"690"}},{"type":"Feature","geometry":{"type":"Polygon","coordinates":[[[79.526913,15.702279],[79.527968,15.701994],[79.527852,15.701656],[79.526793,15.701946],[79.526913,15.702279]]]},"properties":{"lp":"703","ac":"1.138","chaltha":"703"}},{"type":"Feature","geometry":{"type":"Polygon","coordinates":[[[79.526793,15.701946],[79.527852,15.701656],[79.527819,15.701563],[79.527729,15.701317],[79.526675,15.701617],[79.526793,15.701946]]]},"properties":{"lp":"702","ac":"1.138","chaltha":"702"}},{"type":"Feature","geometry":{"type":"Polygon","coordinates":[[[79.526675,15.701617],[79.527729,15.701317],[79.527658,15.701126],[79.527618,15.701016],[79.527581,15.700916],[79.527518,15.700716],[79.527327,15.700765],[79.526454,15.701001],[79.526618,15.701456],[79.526675,15.701617]]]},"properties":{"lp":"698","ac":"2.07","chaltha":"698"}},{"type":"Feature","geometry":{"type":"Polygon","coordinates":[[[79.526913,15.702279],[79.526793,15.701946],[79.526675,15.701617],[79.526618,15.701456],[79.525586,15.701755],[79.525923,15.70195],[79.526538,15.702381],[79.526913,15.702279]]]},"properties":{"lp":"697","ac":"1.822","chaltha":"697"}},{"type":"Feature","geometry":{"type":"Polygon","coordinates":[[[79.525176,15.701593],[79.525251,15.70134],[79.52554,15.700372],[79.525196,15.700485],[79.524828,15.701461],[79.525176,15.701593]]]},"properties":{"lp":"695","ac":"1.124","chaltha":"695"}},{"type":"Feature","geometry":{"type":"Polygon","coordinates":[[[79.526618,15.701456],[79.526454,15.701001],[79.52644,15.701005],[79.525251,15.70134],[79.525176,15.701593],[79.525551,15.701735],[79.525586,15.701755],[79.526618,15.701456]]]},"properties":{"lp":"696","ac":"1.824","chaltha":"696"}},{"type":"Feature","geometry":{"type":"Polygon","coordinates":[[[79.525251,15.70134],[79.52644,15.701005],[79.526139,15.700191],[79.52554,15.700372],[79.525251,15.70134]]]},"properties":{"lp":"694","ac":"2.34","chaltha":"694"}},{"type":"Feature","geometry":{"type":"Polygon","coordinates":[[[79.529477,15.705005],[79.529536,15.704986],[79.529702,15.704935],[79.530059,15.704825],[79.530133,15.704803],[79.530633,15.704649],[79.530303,15.70353],[79.529585,15.703753],[79.528312,15.704149],[79.529477,15.705005]]]},"properties":{"lp":"548","ac":"5.619","chaltha":"548"}},{"type":"Feature","geometry":{"type":"Polygon","coordinates":[[[79.531832,15.700965],[79.532317,15.700851],[79.532153,15.700273],[79.531986,15.699683],[79.531727,15.699744],[79.53146,15.699838],[79.531832,15.700965]]]},"properties":{"lp":"786","ac":"1.851","chaltha":"786"}},{"type":"Feature","geometry":{"type":"Polygon","coordinates":[[[79.532153,15.700273],[79.532558,15.700167],[79.53238,15.69959],[79.532373,15.699591],[79.531986,15.699683],[79.532153,15.700273]]]},"properties":{"lp":"785","ac":"0.733","chaltha":"785"}},{"type":"Feature","geometry":{"type":"Polygon","coordinates":[[[79.532153,15.700273],[79.532317,15.700851],[79.532738,15.700751],[79.532558,15.700167],[79.532153,15.700273]]]},"properties":{"lp":"784","ac":"0.754","chaltha":"784"}},{"type":"Feature","geometry":{"type":"Polygon","coordinates":[[[79.53336,15.700604],[79.533105,15.699673],[79.53269,15.699748],[79.532617,15.699534],[79.53238,15.69959],[79.532558,15.700167],[79.532738,15.700751],[79.53336,15.700604]]]},"properties":{"lp":"783","ac":"2.045","chaltha":"783"}},{"type":"Feature","geometry":{"type":"Polygon","coordinates":[[[79.531727,15.699744],[79.531643,15.699451],[79.531563,15.699173],[79.531484,15.698895],[79.531468,15.698841],[79.530652,15.699093],[79.530932,15.700038],[79.53146,15.699838],[79.531727,15.699744]]]},"properties":{"lp":"795","ac":"2.391","chaltha":"795"}},{"type":"Feature","geometry":{"type":"Polygon","coordinates":[[[79.539601,15.712292],[79.539434,15.712299],[79.539434,15.712343],[79.539429,15.712645],[79.539428,15.712765],[79.539841,15.712745],[79.539796,15.712523],[79.539795,15.712514],[79.539601,15.712292]]]},"properties":{"lp":"188","ac":"0.446","chaltha":"188"}},{"type":"Feature","geometry":{"type":"Polygon","coordinates":[[[79.539147,15.712956],[79.539144,15.71324],[79.539143,15.713334],[79.539389,15.713321],[79.539419,15.71332],[79.539749,15.713309],[79.539774,15.713282],[79.539903,15.713141],[79.539898,15.713098],[79.539371,15.713129],[79.539368,15.712952],[79.539147,15.712956]]]},"properties":{"lp":"190","ac":"0.521","chaltha":"190"}},{"type":"Feature","geometry":{"type":"Polygon","coordinates":[[[79.539393,15.712768],[79.53939,15.712795],[79.539368,15.712952],[79.539371,15.713129],[79.539898,15.713098],[79.539878,15.712902],[79.539844,15.712758],[79.539841,15.712745],[79.539428,15.712765],[79.539393,15.712768]]]},"properties":{"lp":"189","ac":"0.526","chaltha":"189"}},{"type":"Feature","geometry":{"type":"Polygon","coordinates":[[[79.538891,15.71228],[79.539081,15.712294],[79.539079,15.712334],[79.539434,15.712343],[79.539434,15.712299],[79.539437,15.712075],[79.539057,15.712055],[79.539029,15.712053],[79.538957,15.712049],[79.538901,15.712046],[79.538891,15.71228]]]},"properties":{"lp":"185","ac":"0.412","chaltha":"185"}},{"type":"Feature","geometry":{"type":"Polygon","coordinates":[[[79.538399,15.712752],[79.538398,15.712766],[79.538382,15.712898],[79.538547,15.712913],[79.539007,15.712957],[79.53905,15.712957],[79.539058,15.712812],[79.538837,15.712792],[79.53862,15.712772],[79.538399,15.712752]]]},"properties":{"lp":"167","ac":"0.289","chaltha":"167"}},{"type":"Feature","geometry":{"type":"Polygon","coordinates":[[[79.540735,15.686726],[79.540595,15.685615],[79.540098,15.685642],[79.540083,15.685536],[79.539834,15.685579],[79.539919,15.686178],[79.540735,15.686726]]]},"properties":{"lp":"2090","ac":"1.862","chaltha":"2090"}},{"type":"Feature","geometry":{"type":"Polygon","coordinates":[[[79.540098,15.685642],[79.540595,15.685615],[79.540586,15.685544],[79.540429,15.684294],[79.540218,15.684318],[79.539967,15.684355],[79.540083,15.685536],[79.540098,15.685642]]]},"properties":{"lp":"2088","ac":"1.863","chaltha":"2088"}},{"type":"Feature","geometry":{"type":"Polygon","coordinates":[[[79.540411,15.696942],[79.540191,15.696043],[79.539623,15.696194],[79.539902,15.697068],[79.540411,15.696942]]]},"properties":{"lp":"998","ac":"1.501","chaltha":"998"}},{"type":"Feature","geometry":{"type":"Polygon","coordinates":[[[79.539395,15.695417],[79.539999,15.695256],[79.53986,15.694692],[79.539451,15.694803],[79.539301,15.694843],[79.539318,15.694952],[79.539287,15.694956],[79.539395,15.695417]]]},"properties":{"lp":"996","ac":"1.045","chaltha":"996"}},{"type":"Feature","geometry":{"type":"Polygon","coordinates":[[[79.540191,15.696043],[79.539999,15.695256],[79.539395,15.695417],[79.539575,15.696202],[79.539623,15.696194],[79.540191,15.696043]]]},"properties":{"lp":"997","ac":"1.496","chaltha":"997"}},{"type":"Feature","geometry":{"type":"Polygon","coordinates":[[[79.539287,15.694956],[79.538201,15.695116],[79.538336,15.695709],[79.538454,15.696225],[79.538466,15.696277],[79.538488,15.696376],[79.539575,15.696202],[79.539395,15.695417],[79.539287,15.694956]]]},"properties":{"lp":"995","ac":"4.131","chaltha":"995"}},{"type":"Feature","geometry":{"type":"Polygon","coordinates":[[[79.542319,15.697276],[79.542494,15.697949],[79.54342,15.697726],[79.543687,15.69692],[79.543471,15.696967],[79.543381,15.696609],[79.542209,15.69688],[79.542319,15.697276]]]},"properties":{"lp":"1006","ac":"3.835","chaltha":"1006"}},{"type":"Feature","geometry":{"type":"Polygon","coordinates":[[[79.543508,15.697707],[79.543917,15.697623],[79.543789,15.696894],[79.543508,15.697707]]]},"properties":{"lp":"1198","ac":"0.453","chaltha":"1198"}},{"type":"Feature","geometry":{"type":"Polygon","coordinates":[[[79.544703,15.6759],[79.544706,15.675917],[79.544802,15.676467],[79.546205,15.676206],[79.546107,15.675682],[79.546102,15.675648],[79.544703,15.6759]]]},"properties":{"lp":"1945","ac":"2.383","chaltha":"1945"}},{"type":"Feature","geometry":{"type":"Polygon","coordinates":[[[79.546031,15.675074],[79.545306,15.675217],[79.544608,15.675354],[79.544677,15.675748],[79.544703,15.6759],[79.546102,15.675648],[79.546031,15.675074]]]},"properties":{"lp":"1944","ac":"2.381","chaltha":"1944"}},{"type":"Feature","geometry":{"type":"Polygon","coordinates":[[[79.542138,15.681139],[79.542135,15.681112],[79.542048,15.680383],[79.541977,15.679795],[79.541245,15.679876],[79.541058,15.679896],[79.541242,15.681243],[79.542138,15.681139]]]},"properties":{"lp":"2230","ac":"3.631","chaltha":"2230"}},{"type":"Feature","geometry":{"type":"Polygon","coordinates":[[[79.541242,15.681243],[79.541058,15.679896],[79.540582,15.679948],[79.540666,15.680574],[79.540762,15.681298],[79.540945,15.681277],[79.541242,15.681243]]]},"properties":{"lp":"1989","ac":"1.916","chaltha":"1989"}},{"type":"Feature","geometry":{"type":"Polygon","coordinates":[[[79.554669,15.682109],[79.555211,15.681822],[79.555771,15.681527],[79.555951,15.681431],[79.55579,15.681047],[79.555106,15.681365],[79.554496,15.68165],[79.554669,15.682109]]]},"properties":{"lp":"1706","ac":"1.906","chaltha":"1706"}},{"type":"Feature","geometry":{"type":"Polygon","coordinates":[[[79.555951,15.681431],[79.556469,15.681158],[79.55668,15.681046],[79.55651,15.680712],[79.555841,15.681023],[79.55579,15.681047],[79.555951,15.681431]]]},"properties":{"lp":"1705","ac":"0.937","chaltha":"1705"}},{"type":"Feature","geometry":{"type":"Polygon","coordinates":[[[79.55668,15.681046],[79.557471,15.680628],[79.557361,15.680317],[79.55651,15.680712],[79.55668,15.681046]]]},"properties":{"lp":"1703","ac":"0.943","chaltha":"1703"}},{"type":"Feature","geometry":{"type":"Polygon","coordinates":[[[79.530537,15.68136],[79.530509,15.681218],[79.529376,15.681393],[79.528263,15.681564],[79.528283,15.681701],[79.530537,15.68136]]]},"properties":{"lp":"2244","ac":"0.942","chaltha":"2244"}},{"type":"Feature","geometry":{"type":"Polygon","coordinates":[[[79.528305,15.681849],[79.530565,15.681505],[79.530537,15.68136],[79.528283,15.681701],[79.528305,15.681849]]]},"properties":{"lp":"2233","ac":"0.997","chaltha":"2233"}},{"type":"Feature","geometry":{"type":"Polygon","coordinates":[[[79.546569,15.693932],[79.54662,15.694043],[79.546634,15.694071],[79.546933,15.69396],[79.547038,15.694203],[79.547378,15.694078],[79.547275,15.693884],[79.547186,15.693714],[79.546569,15.693932]]]},"properties":{"lp":"1389","ac":"0.556","chaltha":"1389"}},{"type":"Feature","geometry":{"type":"Polygon","coordinates":[[[79.546832,15.694279],[79.547038,15.694203],[79.546933,15.69396],[79.546634,15.694071],[79.546716,15.694229],[79.546756,15.694307],[79.546832,15.694279]]]},"properties":{"lp":"1390","ac":"0.24","chaltha":"1390"}},{"type":"Feature","geometry":{"type":"Polygon","coordinates":[[[79.536621,15.686387],[79.537064,15.686308],[79.537545,15.686193],[79.537614,15.685853],[79.537468,15.68547],[79.536485,15.685712],[79.53656,15.68611],[79.536621,15.686387]]]},"properties":{"lp":"2645","ac":"2.157","chaltha":"2645"}},{"type":"Feature","geometry":{"type":"Polygon","coordinates":[[[79.554172,15.690963],[79.55484,15.690807],[79.554725,15.689831],[79.554077,15.690084],[79.554172,15.690963]]]},"properties":{"lp":"1507","ac":"1.85","chaltha":"1507"}},{"type":"Feature","geometry":{"type":"Polygon","coordinates":[[[79.555295,15.689608],[79.554725,15.689831],[79.55484,15.690807],[79.555438,15.690666],[79.555295,15.689608]]]},"properties":{"lp":"1506","ac":"1.809","chaltha":"1506"}},{"type":"Feature","geometry":{"type":"Polygon","coordinates":[[[79.551314,15.695918],[79.551576,15.69602],[79.551526,15.69573],[79.55148,15.695267],[79.55131,15.695207],[79.551314,15.695918]]]},"properties":{"lp":"1258","ac":"0.436","chaltha":"1258"}},{"type":"Feature","geometry":{"type":"Polygon","coordinates":[[[79.540518,15.699696],[79.540436,15.699349],[79.54033,15.698904],[79.539177,15.699167],[79.53926,15.699498],[79.539261,15.699505],[79.539357,15.699888],[79.539374,15.699957],[79.540518,15.699696]]]},"properties":{"lp":"972","ac":"2.808","chaltha":"972"}},{"type":"Feature","geometry":{"type":"Polygon","coordinates":[[[79.539573,15.700772],[79.539752,15.700735],[79.540719,15.700534],[79.540518,15.699696],[79.539374,15.699957],[79.539473,15.700363],[79.539475,15.70037],[79.539573,15.700772]]]},"properties":{"lp":"971","ac":"2.92","chaltha":"971"}},{"type":"Feature","geometry":{"type":"Polygon","coordinates":[[[79.543544,15.694919],[79.54465,15.694671],[79.544759,15.694219],[79.544691,15.693884],[79.54343,15.694266],[79.54345,15.694383],[79.543544,15.694919]]]},"properties":{"lp":"1342","ac":"2.629","chaltha":"1342"}},{"type":"Feature","geometry":{"type":"Polygon","coordinates":[[[79.54343,15.694266],[79.544691,15.693884],[79.54446,15.693375],[79.543462,15.693589],[79.543318,15.693623],[79.54343,15.694266]]]},"properties":{"lp":"1341","ac":"2.19","chaltha":"1341"}},{"type":"Feature","geometry":{"type":"Polygon","coordinates":[[[79.543318,15.693623],[79.543462,15.693589],[79.543717,15.692299],[79.543662,15.69218],[79.543309,15.692449],[79.543318,15.693623]]]},"properties":{"lp":"1339","ac":"1.047","chaltha":"1339"}},{"type":"Feature","geometry":{"type":"Polygon","coordinates":[[[79.543462,15.693589],[79.54446,15.693375],[79.544179,15.692757],[79.544154,15.692702],[79.543779,15.692429],[79.543717,15.692299],[79.543462,15.693589]]]},"properties":{"lp":"1340","ac":"2.01","chaltha":"1340"}},{"type":"Feature","geometry":{"type":"Polygon","coordinates":[[[79.54442,15.711626],[79.544967,15.711397],[79.545468,15.711025],[79.544461,15.711117],[79.54446,15.711136],[79.54442,15.711626]]]},"properties":{"lp":"1090","ac":"0.876","chaltha":"1090"}},{"type":"Feature","geometry":{"type":"Polygon","coordinates":[[[79.544461,15.711117],[79.545468,15.711025],[79.545521,15.710993],[79.545591,15.710583],[79.54557,15.710512],[79.544473,15.71058],[79.544476,15.710614],[79.54449,15.710769],[79.544461,15.711117]]]},"properties":{"lp":"1091","ac":"1.643","chaltha":"1091"}},{"type":"Feature","geometry":{"type":"Polygon","coordinates":[[[79.544425,15.710057],[79.544466,15.710508],[79.544468,15.710534],[79.544473,15.71058],[79.54557,15.710512],[79.545488,15.710292],[79.545385,15.709955],[79.54487,15.710014],[79.544425,15.710057]]]},"properties":{"lp":"1092","ac":"1.643","chaltha":"1092"}},{"type":"Feature","geometry":{"type":"Polygon","coordinates":[[[79.536053,15.692206],[79.536094,15.692527],[79.537516,15.692367],[79.537536,15.692026],[79.536232,15.692184],[79.536053,15.692206]]]},"properties":{"lp":"872","ac":"1.416","chaltha":"872"}},{"type":"Feature","geometry":{"type":"Polygon","coordinates":[[[79.538126,15.713761],[79.538263,15.713786],[79.538302,15.71356],[79.538149,15.713551],[79.538126,15.713761]]]},"properties":{"lp":"176","ac":"0.094","chaltha":"176"}},{"type":"Feature","geometry":{"type":"Polygon","coordinates":[[[79.538149,15.713551],[79.538302,15.71356],[79.538327,15.713346],[79.538174,15.713328],[79.538149,15.713551]]]},"properties":{"lp":"177","ac":"0.099","chaltha":"177"}},{"type":"Feature","geometry":{"type":"Polygon","coordinates":[[[79.538174,15.713328],[79.538327,15.713346],[79.538347,15.713185],[79.538353,15.71314],[79.538196,15.71313],[79.538195,15.713139],[79.538174,15.713328]]]},"properties":{"lp":"178","ac":"0.093","chaltha":"178"}},{"type":"Feature","geometry":{"type":"Polygon","coordinates":[[[79.538196,15.71313],[79.538353,15.71314],[79.538378,15.712936],[79.538219,15.712922],[79.538196,15.71313]]]},"properties":{"lp":"170","ac":"0.096","chaltha":"170"}},{"type":"Feature","geometry":{"type":"Polygon","coordinates":[[[79.53824,15.712729],[79.53822,15.71291],[79.538219,15.712922],[79.538378,15.712936],[79.538382,15.712898],[79.538398,15.712766],[79.538399,15.712752],[79.53824,15.712729]]]},"properties":{"lp":"171","ac":"0.089","chaltha":"171"}},{"type":"Feature","geometry":{"type":"Polygon","coordinates":[[[79.53824,15.712729],[79.538399,15.712752],[79.53841,15.712629],[79.538418,15.712509],[79.538265,15.7125],[79.53824,15.712729]]]},"properties":{"lp":"172","ac":"0.109","chaltha":"172"}},{"type":"Feature","geometry":{"type":"Polygon","coordinates":[[[79.523602,15.710982],[79.524971,15.711045],[79.525031,15.710992],[79.525079,15.710838],[79.524856,15.710801],[79.524494,15.710742],[79.524308,15.710761],[79.52406,15.710815],[79.523628,15.710909],[79.523602,15.710982]]]},"properties":{"lp":"439","ac":"0.874","chaltha":"439"}},{"type":"Feature","geometry":{"type":"Polygon","coordinates":[[[79.527277,15.710639],[79.527286,15.710458],[79.527299,15.710202],[79.527104,15.7102],[79.5271,15.710653],[79.527277,15.710639]]]},"properties":{"lp":"432","ac":"0.243","chaltha":"432"}},{"type":"Feature","geometry":{"type":"Polygon","coordinates":[[[79.527104,15.7102],[79.527299,15.710202],[79.527305,15.71006],[79.527146,15.710032],[79.527105,15.710082],[79.527104,15.7102]]]},"properties":{"lp":"433","ac":"0.089","chaltha":"433"}},{"type":"Feature","geometry":{"type":"Polygon","coordinates":[[[79.52752,15.710366],[79.527568,15.710106],[79.527305,15.71006],[79.527299,15.710202],[79.527286,15.710458],[79.527506,15.710468],[79.52752,15.710366]]]},"properties":{"lp":"430","ac":"0.27","chaltha":"430"}},{"type":"Feature","geometry":{"type":"Polygon","coordinates":[[[79.527568,15.710106],[79.52752,15.710366],[79.527741,15.710385],[79.527825,15.710152],[79.527568,15.710106]]]},"properties":{"lp":"431","ac":"0.179","chaltha":"431"}},{"type":"Feature","geometry":{"type":"Polygon","coordinates":[[[79.526788,15.710726],[79.526905,15.710704],[79.526921,15.711151],[79.527003,15.711151],[79.527089,15.711149],[79.527074,15.710886],[79.527061,15.710656],[79.5271,15.710653],[79.527104,15.7102],[79.527105,15.710082],[79.526824,15.710425],[79.526763,15.710455],[79.526777,15.710604],[79.526788,15.710726]]]},"properties":{"lp":"427","ac":"0.617","chaltha":"427"}},{"type":"Feature","geometry":{"type":"Polygon","coordinates":[[[79.526296,15.710855],[79.526301,15.710816],[79.526362,15.710804],[79.526338,15.710681],[79.526315,15.710568],[79.525954,15.710637],[79.525966,15.710917],[79.526296,15.710855]]]},"properties":{"lp":"425","ac":"0.31","chaltha":"425"}},{"type":"Feature","geometry":{"type":"Polygon","coordinates":[[[79.526362,15.710804],[79.526788,15.710726],[79.526777,15.710604],[79.526338,15.710681],[79.526362,15.710804]]]},"properties":{"lp":"426","ac":"0.16","chaltha":"426"}},{"type":"Feature","geometry":{"type":"Polygon","coordinates":[[[79.526338,15.710681],[79.526777,15.710604],[79.526763,15.710455],[79.526673,15.7105],[79.526315,15.710568],[79.526338,15.710681]]]},"properties":{"lp":"379","ac":"0.161","chaltha":"379"}},{"type":"Feature","geometry":{"type":"Polygon","coordinates":[[[79.525966,15.710917],[79.525972,15.711059],[79.526277,15.711039],[79.526278,15.711034],[79.526296,15.710855],[79.525966,15.710917]]]},"properties":{"lp":"423","ac":"0.151","chaltha":"423"}},{"type":"Feature","geometry":{"type":"Polygon","coordinates":[[[79.525972,15.711059],[79.525976,15.711147],[79.52588,15.711136],[79.525837,15.711162],[79.525856,15.71137],[79.52624,15.711387],[79.526277,15.711039],[79.525972,15.711059]]]},"properties":{"lp":"422","ac":"0.362","chaltha":"422"}},{"type":"Feature","geometry":{"type":"Polygon","coordinates":[[[79.526435,15.711395],[79.526521,15.711066],[79.526278,15.711034],[79.526277,15.711039],[79.52624,15.711387],[79.526435,15.711395]]]},"properties":{"lp":"421","ac":"0.223","chaltha":"421"}},{"type":"Feature","geometry":{"type":"Polygon","coordinates":[[[79.526435,15.711395],[79.526662,15.711405],[79.52676,15.711151],[79.526691,15.711088],[79.526521,15.711066],[79.526435,15.711395]]]},"properties":{"lp":"420","ac":"0.226","chaltha":"420"}},{"type":"Feature","geometry":{"type":"Polygon","coordinates":[[[79.52623,15.711575],[79.526398,15.711571],[79.526642,15.711565],[79.526767,15.711562],[79.526879,15.711559],[79.526662,15.711405],[79.526435,15.711395],[79.52624,15.711387],[79.52623,15.711575]]]},"properties":{"lp":"418","ac":"0.269","chaltha":"418"}},{"type":"Feature","geometry":{"type":"Polygon","coordinates":[[[79.532951,15.712681],[79.53292,15.712517],[79.532699,15.712579],[79.53275,15.712719],[79.532951,15.712681]]]},"properties":{"lp":"317","ac":"0.1","chaltha":"317"}},{"type":"Feature","geometry":{"type":"Polygon","coordinates":[[[79.533354,15.711879],[79.533086,15.711945],[79.533052,15.711953],[79.532986,15.7121],[79.532981,15.712248],[79.533239,15.712206],[79.533354,15.711879]]]},"properties":{"lp":"319","ac":"0.253","chaltha":"319"}},{"type":"Feature","geometry":{"type":"Polygon","coordinates":[[[79.537921,15.711415],[79.538794,15.711466],[79.538783,15.711096],[79.538766,15.710872],[79.538037,15.710854],[79.537975,15.711059],[79.537921,15.711415]]]},"properties":{"lp":"1022","ac":"1.38","chaltha":"1022"}},{"type":"Feature","geometry":{"type":"Polygon","coordinates":[[[79.538783,15.711096],[79.539,15.711034],[79.538989,15.710878],[79.538766,15.710872],[79.538783,15.711096]]]},"properties":{"lp":"1023","ac":"0.124","chaltha":"1023"}},{"type":"Feature","geometry":{"type":"Polygon","coordinates":[[[79.534193,15.702898],[79.533592,15.703022],[79.533455,15.70371],[79.533641,15.703677],[79.534379,15.703545],[79.534193,15.702898]]]},"properties":{"lp":"755","ac":"1.502","chaltha":"755"}},{"type":"Feature","geometry":{"type":"Polygon","coordinates":[[[79.534674,15.704137],[79.535644,15.703904],[79.535496,15.702932],[79.53522,15.702982],[79.534371,15.703137],[79.534561,15.703765],[79.534674,15.704137]]]},"properties":{"lp":"941","ac":"3.172","chaltha":"941"}},{"type":"Feature","geometry":{"type":"Polygon","coordinates":[[[79.535949,15.702278],[79.53539,15.702389],[79.535332,15.7024],[79.534217,15.702621],[79.534371,15.703137],[79.53522,15.702982],[79.535176,15.70271],[79.535997,15.702567],[79.535961,15.702351],[79.535949,15.702278]]]},"properties":{"lp":"939","ac":"2.118","chaltha":"939"}},{"type":"Feature","geometry":{"type":"Polygon","coordinates":[[[79.53522,15.702982],[79.535496,15.702932],[79.536042,15.702837],[79.535997,15.702567],[79.535176,15.70271],[79.53522,15.702982]]]},"properties":{"lp":"936","ac":"0.67","chaltha":"936"}},{"type":"Feature","geometry":{"type":"Polygon","coordinates":[[[79.535883,15.701881],[79.535949,15.702278],[79.535961,15.702351],[79.537272,15.702181],[79.537311,15.701959],[79.537348,15.701671],[79.535883,15.701881]]]},"properties":{"lp":"932","ac":"1.996","chaltha":"932"}},{"type":"Feature","geometry":{"type":"Polygon","coordinates":[[[79.535997,15.702567],[79.536042,15.702837],[79.536366,15.702781],[79.53644,15.703244],[79.537101,15.703152],[79.537179,15.702707],[79.537272,15.702181],[79.535961,15.702351],[79.535997,15.702567]]]},"properties":{"lp":"933","ac":"2.761","chaltha":"933"}},{"type":"Feature","geometry":{"type":"Polygon","coordinates":[[[79.537273,15.706182],[79.537697,15.705884],[79.538005,15.705501],[79.537897,15.705017],[79.537638,15.705059],[79.536934,15.705171],[79.536694,15.706236],[79.536649,15.706414],[79.537273,15.706182]]]},"properties":{"lp":"951","ac":"3.265","chaltha":"951"}},{"type":"Feature","geometry":{"type":"Polygon","coordinates":[[[79.537572,15.70448],[79.538796,15.704261],[79.539315,15.703697],[79.537521,15.704032],[79.537572,15.70448]]]},"properties":{"lp":"953","ac":"2.049","chaltha":"953"}},{"type":"Feature","geometry":{"type":"Polygon","coordinates":[[[79.536993,15.70413],[79.537521,15.704032],[79.539315,15.703697],[79.539896,15.702716],[79.539407,15.702802],[79.537133,15.70324],[79.53703,15.703747],[79.536993,15.70413]]]},"properties":{"lp":"955","ac":"6.523","chaltha":"955"}},{"type":"Feature","geometry":{"type":"Polygon","coordinates":[[[79.537133,15.70324],[79.539407,15.702802],[79.539314,15.702344],[79.537229,15.7027],[79.537133,15.70324]]]},"properties":{"lp":"956","ac":"3.187","chaltha":"956"}},{"type":"Feature","geometry":{"type":"Polygon","coordinates":[[[79.535059,15.712099],[79.535215,15.712024],[79.535162,15.711856],[79.535013,15.711891],[79.535026,15.711934],[79.535059,15.712099]]]},"properties":{"lp":"269","ac":"0.091","chaltha":"269"}},{"type":"Feature","geometry":{"type":"Polygon","coordinates":[[[79.521399,15.686129],[79.521467,15.686362],[79.521625,15.686921],[79.52227,15.686656],[79.522126,15.686097],[79.522076,15.685904],[79.521399,15.686129]]]},"properties":{"lp":"2404","ac":"1.644","chaltha":"2404"}},{"type":"Feature","geometry":{"type":"Polygon","coordinates":[[[79.546114,15.673927],[79.547055,15.673734],[79.547006,15.673227],[79.546086,15.673426],[79.546114,15.673927]]]},"properties":{"lp":"1796","ac":"1.398","chaltha":"1796"}},{"type":"Feature","geometry":{"type":"Polygon","coordinates":[[[79.546136,15.674449],[79.546703,15.674334],[79.547104,15.674252],[79.547055,15.673734],[79.546114,15.673927],[79.546129,15.67421],[79.546136,15.674449]]]},"properties":{"lp":"1797","ac":"1.472","chaltha":"1797"}},{"type":"Feature","geometry":{"type":"Polygon","coordinates":[[[79.547055,15.673734],[79.547971,15.673546],[79.547896,15.673034],[79.547006,15.673227],[79.547055,15.673734]]]},"properties":{"lp":"1799","ac":"1.383","chaltha":"1799"}},{"type":"Feature","geometry":{"type":"Polygon","coordinates":[[[79.548046,15.674061],[79.547971,15.673546],[79.547055,15.673734],[79.547104,15.674252],[79.547347,15.674203],[79.548046,15.674061]]]},"properties":{"lp":"1798","ac":"1.442","chaltha":"1798"}},{"type":"Feature","geometry":{"type":"Polygon","coordinates":[[[79.552875,15.693394],[79.552848,15.693523],[79.552798,15.693766],[79.554658,15.693676],[79.554918,15.693258],[79.554028,15.693317],[79.552875,15.693394]]]},"properties":{"lp":"1493","ac":"2.202","chaltha":"1493"}},{"type":"Feature","geometry":{"type":"Polygon","coordinates":[[[79.552699,15.694252],[79.55434,15.694187],[79.554658,15.693676],[79.552798,15.693766],[79.552699,15.694252]]]},"properties":{"lp":"1491","ac":"2.51","chaltha":"1491"}},{"type":"Feature","geometry":{"type":"Polygon","coordinates":[[[79.544856,15.693683],[79.544904,15.693814],[79.545224,15.693599],[79.545189,15.69352],[79.544856,15.693683]]]},"properties":{"lp":"1414","ac":"0.124","chaltha":"1414"}},{"type":"Feature","geometry":{"type":"Polygon","coordinates":[[[79.544856,15.693683],[79.545189,15.69352],[79.545147,15.693427],[79.544811,15.69356],[79.544856,15.693683]]]},"properties":{"lp":"1413","ac":"0.125","chaltha":"1413"}},{"type":"Feature","geometry":{"type":"Polygon","coordinates":[[[79.544811,15.69356],[79.545147,15.693427],[79.545098,15.693317],[79.544771,15.693449],[79.544811,15.69356]]]},"properties":{"lp":"1412","ac":"0.125","chaltha":"1412"}},{"type":"Feature","geometry":{"type":"Polygon","coordinates":[[[79.517997,15.685165],[79.518096,15.685137],[79.518753,15.68495],[79.51876,15.684948],[79.518779,15.684943],[79.518403,15.683884],[79.517619,15.684101],[79.517659,15.684224],[79.517828,15.684694],[79.517997,15.685165]]]},"properties":{"lp":"2514","ac":"2.685","chaltha":"2514"}},{"type":"Feature","geometry":{"type":"Polygon","coordinates":[[[79.547699,15.687281],[79.547684,15.686952],[79.547201,15.687001],[79.547215,15.687332],[79.547699,15.687281]]]},"properties":{"lp":"1583","ac":"0.47","chaltha":"1583"}},{"type":"Feature","geometry":{"type":"Polygon","coordinates":[[[79.547201,15.687001],[79.547684,15.686952],[79.547668,15.686607],[79.547186,15.686679],[79.547201,15.687001]]]},"properties":{"lp":"1582","ac":"0.474","chaltha":"1582"}},{"type":"Feature","geometry":{"type":"Polygon","coordinates":[[[79.557153,15.685652],[79.5574,15.685334],[79.557075,15.684585],[79.556341,15.684768],[79.556773,15.685748],[79.557153,15.685652]]]},"properties":{"lp":"1524","ac":"2.2","chaltha":"1524"}},{"type":"Feature","geometry":{"type":"Polygon","coordinates":[[[79.5574,15.685334],[79.557704,15.684944],[79.557868,15.684902],[79.557697,15.684438],[79.557354,15.684516],[79.557075,15.684585],[79.5574,15.685334]]]},"properties":{"lp":"1525","ac":"1.107","chaltha":"1525"}},{"type":"Feature","geometry":{"type":"Polygon","coordinates":[[[79.557868,15.684902],[79.558621,15.684709],[79.558478,15.684261],[79.557697,15.684438],[79.557868,15.684902]]]},"properties":{"lp":"1526","ac":"1.11","chaltha":"1526"}},{"type":"Feature","geometry":{"type":"Polygon","coordinates":[[[79.550893,15.678823],[79.5515,15.678727],[79.551417,15.678261],[79.551068,15.678336],[79.550893,15.678823]]]},"properties":{"lp":"1643","ac":"0.656","chaltha":"1643"}},{"type":"Feature","geometry":{"type":"Polygon","coordinates":[[[79.5515,15.678727],[79.551949,15.678656],[79.551865,15.678164],[79.551417,15.678261],[79.5515,15.678727]]]},"properties":{"lp":"1642","ac":"0.65","chaltha":"1642"}},{"type":"Feature","geometry":{"type":"Polygon","coordinates":[[[79.551949,15.678656],[79.552362,15.67859],[79.552309,15.678069],[79.551865,15.678164],[79.551949,15.678656]]]},"properties":{"lp":"1641","ac":"0.652","chaltha":"1641"}},{"type":"Feature","geometry":{"type":"Polygon","coordinates":[[[79.532296,15.710389],[79.532202,15.710399],[79.532263,15.710853],[79.532352,15.710842],[79.532296,15.710389]]]},"properties":{"lp":"461","ac":"0.123","chaltha":"461"}},{"type":"Feature","geometry":{"type":"Polygon","coordinates":[[[79.532352,15.710842],[79.532447,15.710831],[79.532394,15.710379],[79.532296,15.710389],[79.532352,15.710842]]]},"properties":{"lp":"462","ac":"0.13","chaltha":"462"}},{"type":"Feature","geometry":{"type":"Polygon","coordinates":[[[79.532447,15.710831],[79.532539,15.71082],[79.532542,15.710819],[79.532512,15.710598],[79.532481,15.71037],[79.532394,15.710379],[79.532447,15.710831]]]},"properties":{"lp":"463","ac":"0.122","chaltha":"463"}},{"type":"Feature","geometry":{"type":"Polygon","coordinates":[[[79.551339,15.697486],[79.551528,15.697423],[79.551584,15.697384],[79.551416,15.697211],[79.551239,15.697285],[79.551339,15.697486]]]},"properties":{"lp":"1242","ac":"0.156","chaltha":"1242"}},{"type":"Feature","geometry":{"type":"Polygon","coordinates":[[[79.551077,15.697353],[79.551016,15.697379],[79.551102,15.697565],[79.551156,15.697547],[79.551339,15.697486],[79.551239,15.697285],[79.551077,15.697353]]]},"properties":{"lp":"1243","ac":"0.154","chaltha":"1243"}},{"type":"Feature","geometry":{"type":"Polygon","coordinates":[[[79.550851,15.697648],[79.551102,15.697565],[79.551016,15.697379],[79.55077,15.697482],[79.550851,15.697648]]]},"properties":{"lp":"1244","ac":"0.15","chaltha":"1244"}},{"type":"Feature","geometry":{"type":"Polygon","coordinates":[[[79.550899,15.697757],[79.551124,15.697674],[79.551209,15.697642],[79.551156,15.697547],[79.551102,15.697565],[79.550851,15.697648],[79.550859,15.697666],[79.550899,15.697757]]]},"properties":{"lp":"1240","ac":"0.108","chaltha":"1240"}},{"type":"Feature","geometry":{"type":"Polygon","coordinates":[[[79.551528,15.697423],[79.551339,15.697486],[79.551156,15.697547],[79.551209,15.697642],[79.55136,15.697587],[79.551594,15.6975],[79.551528,15.697423]]]},"properties":{"lp":"1241","ac":"0.119","chaltha":"1241"}},{"type":"Feature","geometry":{"type":"Polygon","coordinates":[[[79.532686,15.694936],[79.533385,15.694758],[79.533261,15.694356],[79.533259,15.694348],[79.533135,15.693947],[79.53246,15.694161],[79.532686,15.694936]]]},"properties":{"lp":"830","ac":"1.734","chaltha":"830"}},{"type":"Feature","geometry":{"type":"Polygon","coordinates":[[[79.53246,15.694161],[79.533135,15.693947],[79.533117,15.693888],[79.533077,15.693539],[79.533464,15.693358],[79.533464,15.693154],[79.53225,15.693537],[79.532318,15.693674],[79.53246,15.694161]]]},"properties":{"lp":"832","ac":"1.734","chaltha":"832"}},{"type":"Feature","geometry":{"type":"Polygon","coordinates":[[[79.54646,15.688669],[79.546437,15.688446],[79.546315,15.68846],[79.546328,15.688687],[79.54646,15.688669]]]},"properties":{"lp":"2040","ac":"0.085","chaltha":"2040"}},{"type":"Feature","geometry":{"type":"Polygon","coordinates":[[[79.54646,15.688669],[79.546591,15.688652],[79.546565,15.68843],[79.546437,15.688446],[79.54646,15.688669]]]},"properties":{"lp":"2041","ac":"0.086","chaltha":"2041"}},{"type":"Feature","geometry":{"type":"Polygon","coordinates":[[[79.546591,15.688652],[79.546718,15.688635],[79.546707,15.688523],[79.546697,15.688414],[79.546565,15.68843],[79.546591,15.688652]]]},"properties":{"lp":"2042","ac":"0.085","chaltha":"2042"}},{"type":"Feature","geometry":{"type":"Polygon","coordinates":[[[79.546718,15.688635],[79.546751,15.688631],[79.547088,15.688586],[79.547085,15.688476],[79.546707,15.688523],[79.546718,15.688635]]]},"properties":{"lp":"2044","ac":"0.123","chaltha":"2044"}},{"type":"Feature","geometry":{"type":"Polygon","coordinates":[[[79.546707,15.688523],[79.547085,15.688476],[79.547082,15.688367],[79.546697,15.688414],[79.546707,15.688523]]]},"properties":{"lp":"2043","ac":"0.123","chaltha":"2043"}},{"type":"Feature","geometry":{"type":"Polygon","coordinates":[[[79.530408,15.680702],[79.530357,15.680463],[79.530231,15.679802],[79.529198,15.679986],[79.529182,15.679988],[79.529309,15.680872],[79.530408,15.680702]]]},"properties":{"lp":"2241","ac":"2.882","chaltha":"2241"}},{"type":"Feature","geometry":{"type":"Polygon","coordinates":[[[79.528759,15.680958],[79.529283,15.680876],[79.529309,15.680872],[79.529182,15.679988],[79.52915,15.679994],[79.528656,15.680082],[79.528759,15.680958]]]},"properties":{"lp":"2240","ac":"1.417","chaltha":"2240"}},{"type":"Feature","geometry":{"type":"Polygon","coordinates":[[[79.517444,15.683568],[79.517619,15.684101],[79.518403,15.683884],[79.518359,15.683759],[79.518028,15.683405],[79.517444,15.683568]]]},"properties":{"lp":"2516","ac":"1.205","chaltha":"2516"}},{"type":"Feature","geometry":{"type":"Polygon","coordinates":[[[79.522055,15.700074],[79.522396,15.699926],[79.522063,15.699559],[79.52121,15.69913],[79.52139,15.699955],[79.522055,15.700074]]]},"properties":{"lp":"617","ac":"1.678","chaltha":"617"}},{"type":"Feature","geometry":{"type":"Polygon","coordinates":[[[79.522465,15.702315],[79.522377,15.702076],[79.522423,15.701304],[79.522212,15.70119],[79.522037,15.700866],[79.522007,15.700313],[79.522055,15.700074],[79.52139,15.699955],[79.521954,15.702607],[79.522465,15.702315]]]},"properties":{"lp":"614","ac":"4.116","chaltha":"614"}},{"type":"Feature","geometry":{"type":"Polygon","coordinates":[[[79.529333,15.709913],[79.529522,15.710071],[79.529711,15.710229],[79.529702,15.709278],[79.529392,15.709395],[79.529365,15.709631],[79.529333,15.709913]]]},"properties":{"lp":"485","ac":"0.748","chaltha":"485"}},{"type":"Feature","geometry":{"type":"Polygon","coordinates":[[[79.529702,15.709278],[79.529711,15.710229],[79.529943,15.710423],[79.529941,15.70994],[79.529939,15.709523],[79.529937,15.70919],[79.529702,15.709278]]]},"properties":{"lp":"484","ac":"0.747","chaltha":"484"}},{"type":"Feature","geometry":{"type":"Polygon","coordinates":[[[79.529939,15.709523],[79.530526,15.709582],[79.530519,15.709066],[79.530063,15.709143],[79.529937,15.70919],[79.529939,15.709523]]]},"properties":{"lp":"483","ac":"0.744","chaltha":"483"}},{"type":"Feature","geometry":{"type":"Polygon","coordinates":[[[79.529939,15.709523],[79.529941,15.70994],[79.530515,15.710027],[79.530531,15.709958],[79.530526,15.709582],[79.529939,15.709523]]]},"properties":{"lp":"482","ac":"0.744","chaltha":"482"}},{"type":"Feature","geometry":{"type":"Polygon","coordinates":[[[79.529941,15.70994],[79.529943,15.710423],[79.530402,15.710509],[79.530515,15.710027],[79.529941,15.70994]]]},"properties":{"lp":"481","ac":"0.743","chaltha":"481"}},{"type":"Feature","geometry":{"type":"Polygon","coordinates":[[[79.521451,15.690227],[79.520775,15.690433],[79.520763,15.690437],[79.521013,15.691165],[79.521105,15.691132],[79.521719,15.690913],[79.521536,15.690567],[79.521451,15.690227]]]},"properties":{"lp":"2472","ac":"1.573","chaltha":"2472"}},{"type":"Feature","geometry":{"type":"Polygon","coordinates":[[[79.519719,15.691627],[79.520421,15.691376],[79.521013,15.691165],[79.520763,15.690437],[79.520131,15.69063],[79.51947,15.690832],[79.51955,15.691088],[79.519671,15.691475],[79.519719,15.691627]]]},"properties":{"lp":"2471","ac":"3.199","chaltha":"2471"}},{"type":"Feature","geometry":{"type":"Polygon","coordinates":[[[79.541608,15.69343],[79.541498,15.693018],[79.541732,15.692944],[79.541639,15.692674],[79.540666,15.692929],[79.540671,15.692974],[79.540761,15.693701],[79.541608,15.69343]]]},"properties":{"lp":"1336","ac":"2.025","chaltha":"1336"}},{"type":"Feature","geometry":{"type":"Polygon","coordinates":[[[79.540666,15.692929],[79.541639,15.692674],[79.541486,15.692229],[79.54147,15.692129],[79.540599,15.692387],[79.54062,15.692556],[79.540666,15.692929]]]},"properties":{"lp":"1335","ac":"1.544","chaltha":"1335"}},{"type":"Feature","geometry":{"type":"Polygon","coordinates":[[[79.53283,15.701524],[79.533505,15.701333],[79.533456,15.701088],[79.532006,15.701487],[79.532104,15.701782],[79.53283,15.701524]]]},"properties":{"lp":"777","ac":"1.166","chaltha":"777"}},{"type":"Feature","geometry":{"type":"Polygon","coordinates":[[[79.531918,15.701222],[79.532006,15.701487],[79.533456,15.701088],[79.533408,15.700846],[79.531918,15.701222]]]},"properties":{"lp":"778","ac":"1.17","chaltha":"778"}},{"type":"Feature","geometry":{"type":"Polygon","coordinates":[[[79.533408,15.700846],[79.53336,15.700604],[79.532738,15.700751],[79.532317,15.700851],[79.531832,15.700965],[79.531918,15.701222],[79.533408,15.700846]]]},"properties":{"lp":"779","ac":"1.174","chaltha":"779"}},{"type":"Feature","geometry":{"type":"Polygon","coordinates":[[[79.525875,15.711584],[79.52623,15.711575],[79.52624,15.711387],[79.525856,15.71137],[79.525875,15.711584]]]},"properties":{"lp":"417","ac":"0.218","chaltha":"417"}},{"type":"Feature","geometry":{"type":"Polygon","coordinates":[[[79.532035,15.706737],[79.532547,15.706686],[79.532569,15.706551],[79.532017,15.706613],[79.532035,15.706737]]]},"properties":{"lp":"726","ac":"0.2","chaltha":"726"}},{"type":"Feature","geometry":{"type":"Polygon","coordinates":[[[79.532017,15.706613],[79.532569,15.706551],[79.53259,15.706426],[79.532042,15.706486],[79.532015,15.7066],[79.532017,15.706613]]]},"properties":{"lp":"725","ac":"0.2","chaltha":"725"}},{"type":"Feature","geometry":{"type":"Polygon","coordinates":[[[79.532042,15.706486],[79.53259,15.706426],[79.532611,15.706306],[79.532066,15.706382],[79.532042,15.706486]]]},"properties":{"lp":"724","ac":"0.175","chaltha":"724"}},{"type":"Feature","geometry":{"type":"Polygon","coordinates":[[[79.532748,15.707007],[79.532954,15.706972],[79.533432,15.70689],[79.533284,15.706169],[79.533309,15.706106],[79.533269,15.706115],[79.532925,15.706191],[79.532748,15.707007]]]},"properties":{"lp":"736","ac":"1.204","chaltha":"736"}},{"type":"Feature","geometry":{"type":"Polygon","coordinates":[[[79.533184,15.705068],[79.533146,15.705235],[79.533387,15.705217],[79.533375,15.705031],[79.533184,15.705068]]]},"properties":{"lp":"739","ac":"0.111","chaltha":"739"}},{"type":"Feature","geometry":{"type":"Polygon","coordinates":[[[79.530303,15.70353],[79.530145,15.703207],[79.529941,15.702891],[79.529326,15.703063],[79.529585,15.703753],[79.530303,15.70353]]]},"properties":{"lp":"546","ac":"1.501","chaltha":"546"}},{"type":"Feature","geometry":{"type":"Polygon","coordinates":[[[79.527555,15.703557],[79.528312,15.704149],[79.529585,15.703753],[79.529326,15.703063],[79.528951,15.703168],[79.527555,15.703557]]]},"properties":{"lp":"547","ac":"3.52","chaltha":"547"}},{"type":"Feature","geometry":{"type":"Polygon","coordinates":[[[79.533902,15.694217],[79.533817,15.693815],[79.533721,15.693357],[79.533463,15.693427],[79.533464,15.693358],[79.533077,15.693539],[79.533117,15.693888],[79.533135,15.693947],[79.533259,15.694348],[79.533261,15.694356],[79.533499,15.694304],[79.533506,15.694303],[79.533902,15.694217]]]},"properties":{"lp":"829","ac":"1.751","chaltha":"829"}},{"type":"Feature","geometry":{"type":"Polygon","coordinates":[[[79.534434,15.693706],[79.534503,15.694105],[79.534851,15.69404],[79.534753,15.693328],[79.534569,15.693388],[79.534167,15.693428],[79.534139,15.693242],[79.533721,15.693357],[79.533817,15.693815],[79.534434,15.693706]]]},"properties":{"lp":"827","ac":"1.553","chaltha":"827"}},{"type":"Feature","geometry":{"type":"Polygon","coordinates":[[[79.533817,15.693815],[79.533902,15.694217],[79.534503,15.694105],[79.534434,15.693706],[79.533817,15.693815]]]},"properties":{"lp":"828","ac":"0.74","chaltha":"828"}},{"type":"Feature","geometry":{"type":"Polygon","coordinates":[[[79.535859,15.700031],[79.537575,15.699712],[79.537597,15.699507],[79.53583,15.699857],[79.535859,15.700031]]]},"properties":{"lp":"926","ac":"0.971","chaltha":"926"}},{"type":"Feature","geometry":{"type":"Polygon","coordinates":[[[79.535889,15.700217],[79.535889,15.700219],[79.53589,15.700221],[79.537553,15.699908],[79.537557,15.699878],[79.537575,15.699712],[79.535859,15.700031],[79.535884,15.700187],[79.535889,15.700217]]]},"properties":{"lp":"927","ac":"0.96","chaltha":"927"}},{"type":"Feature","geometry":{"type":"Polygon","coordinates":[[[79.544802,15.676467],[79.54481,15.676512],[79.544896,15.677006],[79.54525,15.676925],[79.545612,15.676843],[79.546296,15.676688],[79.546205,15.676206],[79.544802,15.676467]]]},"properties":{"lp":"1946","ac":"2.176","chaltha":"1946"}},{"type":"Feature","geometry":{"type":"Polygon","coordinates":[[[79.534991,15.692688],[79.5361,15.692578],[79.536094,15.692527],[79.536053,15.692206],[79.534946,15.69234],[79.534958,15.692445],[79.534991,15.692688]]]},"properties":{"lp":"871","ac":"1.187","chaltha":"871"}},{"type":"Feature","geometry":{"type":"Polygon","coordinates":[[[79.534946,15.69234],[79.536053,15.692206],[79.536232,15.692184],[79.536113,15.691415],[79.536085,15.691231],[79.53487,15.691451],[79.534875,15.69148],[79.534942,15.691973],[79.534488,15.692085],[79.534573,15.692522],[79.534958,15.692445],[79.534946,15.69234]]]},"properties":{"lp":"869","ac":"3.97","chaltha":"869"}},{"type":"Feature","geometry":{"type":"Polygon","coordinates":[[[79.535425,15.711617],[79.535529,15.711544],[79.535543,15.711534],[79.535487,15.711255],[79.535448,15.711058],[79.535338,15.71108],[79.535301,15.711088],[79.535319,15.711164],[79.535425,15.711617]]]},"properties":{"lp":"263","ac":"0.213","chaltha":"263"}},{"type":"Feature","geometry":{"type":"Polygon","coordinates":[[[79.535215,15.712024],[79.535254,15.712005],[79.535367,15.711913],[79.535264,15.711756],[79.535183,15.711835],[79.535162,15.711856],[79.535215,15.712024]]]},"properties":{"lp":"270","ac":"0.086","chaltha":"270"}},{"type":"Feature","geometry":{"type":"Polygon","coordinates":[[[79.535688,15.697364],[79.536082,15.697292],[79.536625,15.697192],[79.536556,15.696707],[79.535609,15.696871],[79.535688,15.697364]]]},"properties":{"lp":"899","ac":"1.385","chaltha":"899"}},{"type":"Feature","geometry":{"type":"Polygon","coordinates":[[[79.535609,15.696871],[79.536556,15.696707],[79.536492,15.696237],[79.535553,15.696385],[79.535609,15.696871]]]},"properties":{"lp":"901","ac":"1.349","chaltha":"901"}},{"type":"Feature","geometry":{"type":"Polygon","coordinates":[[[79.536556,15.696707],[79.537518,15.696541],[79.537511,15.696077],[79.536492,15.696237],[79.536556,15.696707]]]},"properties":{"lp":"900","ac":"1.371","chaltha":"900"}},{"type":"Feature","geometry":{"type":"Polygon","coordinates":[[[79.536556,15.696707],[79.536625,15.697192],[79.536798,15.69716],[79.537522,15.697027],[79.537523,15.696884],[79.537518,15.696541],[79.536556,15.696707]]]},"properties":{"lp":"902","ac":"1.341","chaltha":"902"}},{"type":"Feature","geometry":{"type":"Polygon","coordinates":[[[79.533022,15.711642],[79.532807,15.711681],[79.532799,15.711938],[79.532798,15.71206],[79.532802,15.712061],[79.532986,15.7121],[79.533052,15.711953],[79.533086,15.711945],[79.533022,15.711642]]]},"properties":{"lp":"323","ac":"0.301","chaltha":"323"}},{"type":"Feature","geometry":{"type":"Polygon","coordinates":[[[79.518076,15.683392],[79.518338,15.683332],[79.517907,15.681971],[79.517184,15.682112],[79.518076,15.683392]]]},"properties":{"lp":"2392","ac":"2.1","chaltha":"2392"}},{"type":"Feature","geometry":{"type":"Polygon","coordinates":[[[79.555633,15.688693],[79.556102,15.688527],[79.556027,15.688338],[79.555577,15.688484],[79.555579,15.688498],[79.555633,15.688693]]]},"properties":{"lp":"1511","ac":"0.299","chaltha":"1511"}},{"type":"Feature","geometry":{"type":"Polygon","coordinates":[[[79.555577,15.688484],[79.556027,15.688338],[79.555943,15.688126],[79.555911,15.688136],[79.555548,15.688254],[79.555577,15.688484]]]},"properties":{"lp":"1512","ac":"0.296","chaltha":"1512"}},{"type":"Feature","geometry":{"type":"Polygon","coordinates":[[[79.540021,15.701568],[79.539752,15.700735],[79.539573,15.700772],[79.539016,15.700886],[79.539166,15.701624],[79.539186,15.70172],[79.540021,15.701568]]]},"properties":{"lp":"961","ac":"2.017","chaltha":"961"}},{"type":"Feature","geometry":{"type":"Polygon","coordinates":[[[79.539407,15.702802],[79.539896,15.702716],[79.540183,15.702071],[79.540021,15.701568],[79.539186,15.70172],[79.539314,15.702344],[79.539407,15.702802]]]},"properties":{"lp":"959","ac":"2.545","chaltha":"959"}},{"type":"Feature","geometry":{"type":"Polygon","coordinates":[[[79.545863,15.693815],[79.545896,15.693897],[79.54592,15.693956],[79.546499,15.693779],[79.54644,15.69365],[79.545863,15.693815]]]},"properties":{"lp":"1364","ac":"0.258","chaltha":"1364"}},{"type":"Feature","geometry":{"type":"Polygon","coordinates":[[[79.542746,15.67345],[79.543246,15.673342],[79.543888,15.673187],[79.543743,15.672482],[79.542115,15.672823],[79.542245,15.673559],[79.542746,15.67345]]]},"properties":{"lp":"1877","ac":"3.62","chaltha":"1877"}},{"type":"Feature","geometry":{"type":"Polygon","coordinates":[[[79.541873,15.671445],[79.54189,15.671545],[79.541997,15.672148],[79.543614,15.671856],[79.543588,15.671727],[79.543144,15.671826],[79.543045,15.671395],[79.542993,15.671164],[79.542972,15.671169],[79.542482,15.671284],[79.541873,15.671445]]]},"properties":{"lp":"1879","ac":"2.76","chaltha":"1879"}},{"type":"Feature","geometry":{"type":"Polygon","coordinates":[[[79.543614,15.671856],[79.541997,15.672148],[79.54207,15.672567],[79.542115,15.672823],[79.543743,15.672482],[79.543614,15.671856]]]},"properties":{"lp":"1878","ac":"3.209","chaltha":"1878"}},{"type":"Feature","geometry":{"type":"Polygon","coordinates":[[[79.527968,15.701994],[79.528464,15.701851],[79.528491,15.701926],[79.528698,15.701872],[79.528671,15.70179],[79.528526,15.701362],[79.527819,15.701563],[79.527852,15.701656],[79.527968,15.701994]]]},"properties":{"lp":"542","ac":"1.027","chaltha":"542"}},{"type":"Feature","geometry":{"type":"Polygon","coordinates":[[[79.528491,15.701926],[79.528607,15.702236],[79.528715,15.702529],[79.529659,15.702256],[79.529404,15.701595],[79.528671,15.70179],[79.528698,15.701872],[79.528491,15.701926]]]},"properties":{"lp":"544","ac":"2.001","chaltha":"544"}},{"type":"Feature","geometry":{"type":"Polygon","coordinates":[[[79.555438,15.690666],[79.555809,15.690579],[79.555644,15.689471],[79.555295,15.689608],[79.555438,15.690666]]]},"properties":{"lp":"1505","ac":"1.193","chaltha":"1505"}},{"type":"Feature","geometry":{"type":"Polygon","coordinates":[[[79.555809,15.690579],[79.556144,15.6905],[79.555991,15.689313],[79.555865,15.689385],[79.555644,15.689471],[79.555809,15.690579]]]},"properties":{"lp":"1504","ac":"1.196","chaltha":"1504"}},{"type":"Feature","geometry":{"type":"Polygon","coordinates":[[[79.556144,15.6905],[79.556346,15.690453],[79.556441,15.690228],[79.556313,15.689128],[79.555991,15.689313],[79.556144,15.6905]]]},"properties":{"lp":"1503","ac":"1.191","chaltha":"1503"}},{"type":"Feature","geometry":{"type":"Polygon","coordinates":[[[79.547212,15.672142],[79.547445,15.672091],[79.547299,15.671366],[79.547094,15.671409],[79.547061,15.671416],[79.547212,15.672142]]]},"properties":{"lp":"1793","ac":"0.524","chaltha":"1793"}},{"type":"Feature","geometry":{"type":"Polygon","coordinates":[[[79.547445,15.672091],[79.54774,15.672028],[79.547967,15.671978],[79.547873,15.671428],[79.547845,15.671251],[79.547299,15.671366],[79.547445,15.672091]]]},"properties":{"lp":"1792","ac":"1.178","chaltha":"1792"}},{"type":"Feature","geometry":{"type":"Polygon","coordinates":[[[79.535694,15.711192],[79.535694,15.711214],[79.535694,15.711291],[79.535946,15.711339],[79.535913,15.711184],[79.535694,15.711192]]]},"properties":{"lp":"277","ac":"0.087","chaltha":"277"}},{"type":"Feature","geometry":{"type":"Polygon","coordinates":[[[79.539065,15.712685],[79.538846,15.712666],[79.538837,15.712792],[79.539058,15.712812],[79.539058,15.712811],[79.539059,15.712789],[79.539065,15.712685]]]},"properties":{"lp":"164","ac":"0.082","chaltha":"164"}},{"type":"Feature","geometry":{"type":"Polygon","coordinates":[[[79.538837,15.712792],[79.538846,15.712666],[79.538628,15.712648],[79.53862,15.712772],[79.538837,15.712792]]]},"properties":{"lp":"165","ac":"0.08","chaltha":"165"}},{"type":"Feature","geometry":{"type":"Polygon","coordinates":[[[79.538628,15.712648],[79.53841,15.712629],[79.538399,15.712752],[79.53862,15.712772],[79.538628,15.712648]]]},"properties":{"lp":"166","ac":"0.08","chaltha":"166"}},{"type":"Feature","geometry":{"type":"Polygon","coordinates":[[[79.516881,15.681727],[79.517128,15.682134],[79.517184,15.682112],[79.516892,15.681521],[79.516881,15.681727]]]},"properties":{"lp":"2389","ac":"0.14","chaltha":"2389"}},{"type":"Feature","geometry":{"type":"Polygon","coordinates":[[[79.543272,15.71074],[79.543381,15.711872],[79.54442,15.711626],[79.54446,15.711136],[79.544461,15.711117],[79.54449,15.710769],[79.544476,15.710614],[79.543694,15.710696],[79.543272,15.71074]]]},"properties":{"lp":"1089","ac":"3.572","chaltha":"1089"}},{"type":"Feature","geometry":{"type":"Polygon","coordinates":[[[79.534237,15.707247],[79.534311,15.707357],[79.534151,15.707593],[79.53418,15.707609],[79.534233,15.707876],[79.535207,15.707593],[79.535094,15.706976],[79.534281,15.707233],[79.534274,15.707235],[79.534237,15.707247]]]},"properties":{"lp":"1020","ac":"1.732","chaltha":"1020"}},{"type":"Feature","geometry":{"type":"Polygon","coordinates":[[[79.534279,15.708109],[79.534633,15.708096],[79.535292,15.708053],[79.535207,15.707593],[79.534233,15.707876],[79.534279,15.708109]]]},"properties":{"lp":"1019","ac":"1.051","chaltha":"1019"}},{"type":"Feature","geometry":{"type":"Polygon","coordinates":[[[79.530647,15.69057],[79.53053,15.690363],[79.530595,15.690591],[79.530647,15.69057]]]},"properties":{"lp":"2586","ac":"0.019","chaltha":"2586"}},{"type":"Feature","geometry":{"type":"Polygon","coordinates":[[[79.530647,15.69057],[79.531371,15.69035],[79.531234,15.689881],[79.530981,15.689023],[79.530207,15.689223],[79.53053,15.690363],[79.530647,15.69057]]]},"properties":{"lp":"2587","ac":"3.286","chaltha":"2587"}},{"type":"Feature","geometry":{"type":"Polygon","coordinates":[[[79.54152,15.675201],[79.54262,15.674991],[79.542567,15.674646],[79.542555,15.674568],[79.542346,15.67461],[79.542336,15.674503],[79.542323,15.674372],[79.541189,15.674558],[79.541229,15.674793],[79.541308,15.675119],[79.541509,15.675092],[79.54152,15.675201]]]},"properties":{"lp":"1907","ac":"2.433","chaltha":"1907"}},{"type":"Feature","geometry":{"type":"Polygon","coordinates":[[[79.541189,15.674558],[79.542323,15.674372],[79.542293,15.674059],[79.542292,15.67405],[79.542245,15.673559],[79.541581,15.673668],[79.541216,15.673727],[79.541257,15.673957],[79.541319,15.674427],[79.54118,15.674511],[79.541189,15.674558]]]},"properties":{"lp":"1906","ac":"2.469","chaltha":"1906"}},{"type":"Feature","geometry":{"type":"Polygon","coordinates":[[[79.543914,15.681817],[79.54545,15.681533],[79.545395,15.681144],[79.543849,15.68143],[79.543878,15.681601],[79.543914,15.681817]]]},"properties":{"lp":"2010","ac":"1.803","chaltha":"2010"}},{"type":"Feature","geometry":{"type":"Polygon","coordinates":[[[79.547215,15.687332],[79.547222,15.687466],[79.547709,15.687443],[79.547699,15.687281],[79.547215,15.687332]]]},"properties":{"lp":"1584","ac":"0.212","chaltha":"1584"}},{"type":"Feature","geometry":{"type":"Polygon","coordinates":[[[79.547222,15.687466],[79.547228,15.687613],[79.547716,15.687589],[79.547709,15.687443],[79.547222,15.687466]]]},"properties":{"lp":"1585","ac":"0.21","chaltha":"1585"}},{"type":"Feature","geometry":{"type":"Polygon","coordinates":[[[79.530525,15.703821],[79.530695,15.704464],[79.530958,15.704398],[79.531446,15.704257],[79.531236,15.703614],[79.531071,15.703662],[79.530525,15.703821]]]},"properties":{"lp":"770","ac":"1.5","chaltha":"770"}},{"type":"Feature","geometry":{"type":"Polygon","coordinates":[[[79.531446,15.704257],[79.531515,15.704237],[79.531546,15.704277],[79.532297,15.704027],[79.532088,15.703364],[79.531747,15.703464],[79.531267,15.703604],[79.531236,15.703614],[79.531446,15.704257]]]},"properties":{"lp":"764","ac":"1.831","chaltha":"764"}},{"type":"Feature","geometry":{"type":"Polygon","coordinates":[[[79.530878,15.704721],[79.531012,15.704686],[79.530958,15.704398],[79.530695,15.704464],[79.530878,15.704721]]]},"properties":{"lp":"771","ac":"0.176","chaltha":"771"}},{"type":"Feature","geometry":{"type":"Polygon","coordinates":[[[79.535367,15.711913],[79.535445,15.711848],[79.535341,15.711703],[79.535324,15.711699],[79.535264,15.711756],[79.535367,15.711913]]]},"properties":{"lp":"271","ac":"0.054","chaltha":"271"}},{"type":"Feature","geometry":{"type":"Polygon","coordinates":[[[79.535445,15.711848],[79.535516,15.71179],[79.535414,15.711624],[79.535341,15.711703],[79.535445,15.711848]]]},"properties":{"lp":"272","ac":"0.054","chaltha":"272"}},{"type":"Feature","geometry":{"type":"Polygon","coordinates":[[[79.535516,15.71179],[79.535639,15.711695],[79.535529,15.711544],[79.535425,15.711617],[79.535414,15.711624],[79.535516,15.71179]]]},"properties":{"lp":"273","ac":"0.082","chaltha":"273"}},{"type":"Feature","geometry":{"type":"Polygon","coordinates":[[[79.535529,15.711544],[79.535639,15.711695],[79.535751,15.711607],[79.53564,15.711451],[79.535623,15.711478],[79.535543,15.711534],[79.535529,15.711544]]]},"properties":{"lp":"274","ac":"0.078","chaltha":"274"}},{"type":"Feature","geometry":{"type":"Polygon","coordinates":[[[79.542969,15.703488],[79.541742,15.703745],[79.54082,15.703938],[79.540868,15.704271],[79.540937,15.704758],[79.540994,15.705157],[79.541221,15.705107],[79.542405,15.704847],[79.542389,15.704781],[79.54231,15.70444],[79.54223,15.704096],[79.543058,15.703929],[79.542969,15.703488]]]},"properties":{"lp":"1169","ac":"6.092","chaltha":"1169"}},{"type":"Feature","geometry":{"type":"Polygon","coordinates":[[[79.528765,15.712151],[79.529098,15.712106],[79.529076,15.711545],[79.529013,15.711548],[79.528738,15.711564],[79.52875,15.71183],[79.528757,15.711973],[79.528765,15.712151]]]},"properties":{"lp":"387","ac":"0.567","chaltha":"387"}},{"type":"Feature","geometry":{"type":"Polygon","coordinates":[[[79.529098,15.712106],[79.529126,15.712103],[79.529149,15.712065],[79.529204,15.712047],[79.529454,15.712033],[79.529443,15.711788],[79.52943,15.711525],[79.529076,15.711545],[79.529098,15.712106]]]},"properties":{"lp":"388","ac":"0.54","chaltha":"388"}},{"type":"Feature","geometry":{"type":"Polygon","coordinates":[[[79.529454,15.712033],[79.529632,15.712042],[79.529784,15.712106],[79.529775,15.711773],[79.529443,15.711788],[79.529454,15.712033]]]},"properties":{"lp":"389","ac":"0.264","chaltha":"389"}},{"type":"Feature","geometry":{"type":"Polygon","coordinates":[[[79.529443,15.711788],[79.529775,15.711773],[79.529768,15.711502],[79.529459,15.711523],[79.52943,15.711525],[79.529443,15.711788]]]},"properties":{"lp":"390","ac":"0.262","chaltha":"390"}},{"type":"Feature","geometry":{"type":"Polygon","coordinates":[[[79.539913,15.697096],[79.53922,15.697217],[79.539256,15.697393],[79.539292,15.697574],[79.539358,15.697916],[79.540074,15.697788],[79.539913,15.697096]]]},"properties":{"lp":"982","ac":"1.488","chaltha":"982"}},{"type":"Feature","geometry":{"type":"Polygon","coordinates":[[[79.537632,15.698225],[79.538041,15.698151],[79.538302,15.698105],[79.538311,15.698103],[79.538464,15.698076],[79.538922,15.697994],[79.539358,15.697916],[79.539292,15.697574],[79.537624,15.697873],[79.537632,15.698225]]]},"properties":{"lp":"981","ac":"1.759","chaltha":"981"}},{"type":"Feature","geometry":{"type":"Polygon","coordinates":[[[79.537624,15.697873],[79.539292,15.697574],[79.539256,15.697393],[79.537619,15.697691],[79.537624,15.697873]]]},"properties":{"lp":"983","ac":"0.894","chaltha":"983"}},{"type":"Feature","geometry":{"type":"Polygon","coordinates":[[[79.537619,15.697691],[79.539256,15.697393],[79.53922,15.697217],[79.538518,15.69734],[79.537615,15.697497],[79.537619,15.697691]]]},"properties":{"lp":"984","ac":"0.895","chaltha":"984"}},{"type":"Feature","geometry":{"type":"Polygon","coordinates":[[[79.535487,15.711255],[79.535543,15.711534],[79.535623,15.711478],[79.53564,15.711451],[79.535682,15.711388],[79.535694,15.71137],[79.535694,15.711291],[79.535694,15.711214],[79.535487,15.711255]]]},"properties":{"lp":"262","ac":"0.129","chaltha":"262"}},{"type":"Feature","geometry":{"type":"Polygon","coordinates":[[[79.535487,15.711255],[79.535694,15.711214],[79.535694,15.711192],[79.535694,15.711067],[79.535588,15.711029],[79.535448,15.711058],[79.535487,15.711255]]]},"properties":{"lp":"261","ac":"0.128","chaltha":"261"}},{"type":"Feature","geometry":{"type":"Polygon","coordinates":[[[79.537017,15.713355],[79.537003,15.713471],[79.537269,15.713543],[79.537331,15.713127],[79.537058,15.713097],[79.537017,15.713355]]]},"properties":{"lp":"149","ac":"0.322","chaltha":"149"}},{"type":"Feature","geometry":{"type":"Polygon","coordinates":[[[79.532159,15.704951],[79.532874,15.704755],[79.532931,15.704501],[79.532027,15.704806],[79.532159,15.704951]]]},"properties":{"lp":"745","ac":"0.5","chaltha":"745"}},{"type":"Feature","geometry":{"type":"Polygon","coordinates":[[[79.532159,15.704951],[79.532218,15.705016],[79.532249,15.705179],[79.532804,15.705071],[79.532874,15.704755],[79.532159,15.704951]]]},"properties":{"lp":"744","ac":"0.5","chaltha":"744"}},{"type":"Feature","geometry":{"type":"Polygon","coordinates":[[[79.534724,15.697292],[79.534764,15.697533],[79.535007,15.697489],[79.534917,15.696997],[79.534687,15.697034],[79.534724,15.697292]]]},"properties":{"lp":"896","ac":"0.355","chaltha":"896"}},{"type":"Feature","geometry":{"type":"Polygon","coordinates":[[[79.534917,15.696997],[79.535007,15.697489],[79.535255,15.697443],[79.535148,15.696959],[79.534917,15.696997]]]},"properties":{"lp":"897","ac":"0.355","chaltha":"897"}},{"type":"Feature","geometry":{"type":"Polygon","coordinates":[[[79.535255,15.697443],[79.535353,15.697425],[79.535688,15.697364],[79.535609,15.696871],[79.535148,15.696959],[79.535255,15.697443]]]},"properties":{"lp":"898","ac":"0.662","chaltha":"898"}},{"type":"Feature","geometry":{"type":"Polygon","coordinates":[[[79.547495,15.709312],[79.547383,15.708581],[79.547378,15.708535],[79.546925,15.70859],[79.546977,15.70912],[79.547002,15.70938],[79.547495,15.709312]]]},"properties":{"lp":"1101","ac":"1.101","chaltha":"1101"}},{"type":"Feature","geometry":{"type":"Polygon","coordinates":[[[79.545423,15.709586],[79.546424,15.709461],[79.546961,15.709386],[79.547002,15.70938],[79.546977,15.70912],[79.546084,15.709228],[79.545386,15.709313],[79.545423,15.709586]]]},"properties":{"lp":"1100","ac":"1.27","chaltha":"1100"}},{"type":"Feature","geometry":{"type":"Polygon","coordinates":[[[79.546977,15.70912],[79.546925,15.70859],[79.546864,15.708597],[79.546445,15.708647],[79.546014,15.708699],[79.546056,15.709013],[79.546084,15.709228],[79.546977,15.70912]]]},"properties":{"lp":"1102","ac":"1.42","chaltha":"1102"}},{"type":"Feature","geometry":{"type":"Polygon","coordinates":[[[79.544967,15.709212],[79.54536,15.709169],[79.545349,15.709096],[79.546056,15.709013],[79.546014,15.708699],[79.545104,15.708808],[79.545016,15.708813],[79.544969,15.709197],[79.544967,15.709212]]]},"properties":{"lp":"1103","ac":"1.05","chaltha":"1103"}},{"type":"Feature","geometry":{"type":"Polygon","coordinates":[[[79.544967,15.709212],[79.544923,15.709578],[79.544912,15.709663],[79.54542,15.709612],[79.545423,15.709586],[79.545386,15.709313],[79.546084,15.709228],[79.546056,15.709013],[79.545349,15.709096],[79.54536,15.709169],[79.544967,15.709212]]]},"properties":{"lp":"1104","ac":"1.05","chaltha":"1104"}},{"type":"Feature","geometry":{"type":"Polygon","coordinates":[[[79.54487,15.710014],[79.545385,15.709955],[79.545393,15.709876],[79.546481,15.709724],[79.546424,15.709461],[79.545423,15.709586],[79.54542,15.709612],[79.544912,15.709663],[79.54487,15.710014]]]},"properties":{"lp":"1093","ac":"1.367","chaltha":"1093"}},{"type":"Feature","geometry":{"type":"Polygon","coordinates":[[[79.55352,15.681247],[79.552739,15.681372],[79.552807,15.681797],[79.552929,15.681774],[79.553427,15.681682],[79.5536,15.681652],[79.55352,15.681247]]]},"properties":{"lp":"1709","ac":"0.985","chaltha":"1709"}},{"type":"Feature","geometry":{"type":"Polygon","coordinates":[[[79.552739,15.681372],[79.55352,15.681247],[79.553437,15.68082],[79.55305,15.680888],[79.552671,15.680956],[79.552716,15.681234],[79.552739,15.681372]]]},"properties":{"lp":"1710","ac":"0.985","chaltha":"1710"}},{"type":"Feature","geometry":{"type":"Polygon","coordinates":[[[79.552671,15.680956],[79.55305,15.680888],[79.552893,15.679963],[79.552534,15.680042],[79.552621,15.680645],[79.552671,15.680956]]]},"properties":{"lp":"1711","ac":"1.032","chaltha":"1711"}},{"type":"Feature","geometry":{"type":"Polygon","coordinates":[[[79.55305,15.680888],[79.553437,15.68082],[79.553432,15.680796],[79.553334,15.680348],[79.553234,15.679887],[79.552893,15.679963],[79.55305,15.680888]]]},"properties":{"lp":"1712","ac":"1.028","chaltha":"1712"}},{"type":"Feature","geometry":{"type":"Polygon","coordinates":[[[79.550239,15.697695],[79.55077,15.697482],[79.550694,15.697278],[79.550134,15.69748],[79.550239,15.697695]]]},"properties":{"lp":"1232","ac":"0.39","chaltha":"1232"}},{"type":"Feature","geometry":{"type":"Polygon","coordinates":[[[79.550659,15.697209],[79.550944,15.697088],[79.551194,15.696981],[79.55102,15.696801],[79.550663,15.696466],[79.550585,15.696543],[79.550771,15.69679],[79.55057,15.69689],[79.550585,15.69701],[79.550659,15.697209]]]},"properties":{"lp":"1247","ac":"0.635","chaltha":"1247"}},{"type":"Feature","geometry":{"type":"Polygon","coordinates":[[[79.535384,15.71287],[79.535473,15.712867],[79.536141,15.712845],[79.536235,15.712756],[79.536226,15.71267],[79.535598,15.712679],[79.535598,15.712673],[79.535364,15.712731],[79.535364,15.712771],[79.535384,15.71287]]]},"properties":{"lp":"93","ac":"0.43","chaltha":"93"}},{"type":"Feature","geometry":{"type":"Polygon","coordinates":[[[79.535598,15.712679],[79.536226,15.71267],[79.536212,15.712467],[79.535604,15.712483],[79.535603,15.712512],[79.535598,15.712673],[79.535598,15.712679]]]},"properties":{"lp":"95","ac":"0.361","chaltha":"95"}},{"type":"Feature","geometry":{"type":"Polygon","coordinates":[[[79.535721,15.712191],[79.535723,15.712276],[79.536182,15.712259],[79.536191,15.712231],[79.53615,15.712232],[79.535986,15.712238],[79.53584,15.712244],[79.535838,15.712183],[79.535829,15.712184],[79.535721,15.712191]]]},"properties":{"lp":"100","ac":"0.058","chaltha":"100"}},{"type":"Feature","geometry":{"type":"Polygon","coordinates":[[[79.535723,15.712276],[79.535721,15.712191],[79.535829,15.712184],[79.535817,15.712046],[79.535795,15.711801],[79.535631,15.711871],[79.535664,15.712279],[79.535723,15.712276]]]},"properties":{"lp":"101","ac":"0.192","chaltha":"101"}},{"type":"Feature","geometry":{"type":"Polygon","coordinates":[[[79.536357,15.71209],[79.536496,15.712069],[79.536513,15.711935],[79.536369,15.711927],[79.536357,15.71209]]]},"properties":{"lp":"108","ac":"0.061","chaltha":"108"}},{"type":"Feature","geometry":{"type":"Polygon","coordinates":[[[79.536369,15.711927],[79.536513,15.711935],[79.53653,15.711802],[79.536379,15.711789],[79.536369,15.711927]]]},"properties":{"lp":"109","ac":"0.059","chaltha":"109"}},{"type":"Feature","geometry":{"type":"Polygon","coordinates":[[[79.536379,15.711789],[79.53653,15.711802],[79.536545,15.711681],[79.536388,15.711664],[79.536379,15.711789]]]},"properties":{"lp":"110","ac":"0.056","chaltha":"110"}},{"type":"Feature","geometry":{"type":"Polygon","coordinates":[[[79.539473,15.700363],[79.538501,15.700535],[79.53747,15.700718],[79.537426,15.701195],[79.539016,15.700886],[79.539573,15.700772],[79.539475,15.70037],[79.539473,15.700363]]]},"properties":{"lp":"964","ac":"2.74","chaltha":"964"}},{"type":"Feature","geometry":{"type":"Polygon","coordinates":[[[79.539357,15.699888],[79.538422,15.700051],[79.538501,15.700535],[79.539473,15.700363],[79.539374,15.699957],[79.539357,15.699888]]]},"properties":{"lp":"966","ac":"1.39","chaltha":"966"}},{"type":"Feature","geometry":{"type":"Polygon","coordinates":[[[79.538422,15.700051],[79.537565,15.7002],[79.537477,15.700642],[79.53747,15.700718],[79.538501,15.700535],[79.538422,15.700051]]]},"properties":{"lp":"965","ac":"1.389","chaltha":"965"}},{"type":"Feature","geometry":{"type":"Polygon","coordinates":[[[79.533464,15.693154],[79.533464,15.692835],[79.533447,15.692754],[79.532906,15.692887],[79.532039,15.693113],[79.53225,15.693537],[79.533464,15.693154]]]},"properties":{"lp":"833","ac":"1.727","chaltha":"833"}},{"type":"Feature","geometry":{"type":"Polygon","coordinates":[[[79.533464,15.692835],[79.533728,15.692761],[79.533606,15.692217],[79.532749,15.692346],[79.532906,15.692887],[79.533447,15.692754],[79.533464,15.692835]]]},"properties":{"lp":"858","ac":"1.36","chaltha":"858"}},{"type":"Feature","geometry":{"type":"Polygon","coordinates":[[[79.537549,15.711862],[79.537556,15.712045],[79.537636,15.712036],[79.537624,15.71186],[79.537549,15.711862]]]},"properties":{"lp":"134","ac":"0.041","chaltha":"134"}},{"type":"Feature","geometry":{"type":"Polygon","coordinates":[[[79.537636,15.712036],[79.537677,15.712031],[79.537713,15.712026],[79.537713,15.711858],[79.537624,15.71186],[79.537636,15.712036]]]},"properties":{"lp":"135","ac":"0.042","chaltha":"135"}},{"type":"Feature","geometry":{"type":"Polygon","coordinates":[[[79.537713,15.712026],[79.537794,15.712017],[79.537804,15.712015],[79.5378,15.711856],[79.537713,15.711858],[79.537713,15.712026]]]},"properties":{"lp":"136","ac":"0.042","chaltha":"136"}},{"type":"Feature","geometry":{"type":"Polygon","coordinates":[[[79.537058,15.713097],[79.537331,15.713127],[79.537371,15.712784],[79.537393,15.712786],[79.537411,15.712453],[79.537303,15.712446],[79.537221,15.712441],[79.537134,15.712435],[79.537145,15.712761],[79.537106,15.712766],[79.537058,15.713097]]]},"properties":{"lp":"145","ac":"0.525","chaltha":"145"}},{"type":"Feature","geometry":{"type":"Polygon","coordinates":[[[79.537788,15.712479],[79.537766,15.712701],[79.538075,15.712735],[79.538103,15.712499],[79.537954,15.71249],[79.537788,15.712479]]]},"properties":{"lp":"159","ac":"0.211","chaltha":"159"}},{"type":"Feature","geometry":{"type":"Polygon","coordinates":[[[79.538126,15.713761],[79.538149,15.713551],[79.538174,15.713328],[79.538195,15.713139],[79.538029,15.713122],[79.538018,15.713215],[79.537988,15.713467],[79.537957,15.713729],[79.538126,15.713761]]]},"properties":{"lp":"175","ac":"0.307","chaltha":"175"}},{"type":"Feature","geometry":{"type":"Polygon","coordinates":[[[79.538029,15.713122],[79.538195,15.713139],[79.538196,15.71313],[79.538219,15.712922],[79.53822,15.71291],[79.538056,15.712897],[79.538047,15.712965],[79.538029,15.713122]]]},"properties":{"lp":"174","ac":"0.111","chaltha":"174"}},{"type":"Feature","geometry":{"type":"Polygon","coordinates":[[[79.538056,15.712897],[79.53822,15.71291],[79.53824,15.712729],[79.538265,15.7125],[79.538178,15.7125],[79.538103,15.712499],[79.538075,15.712735],[79.538056,15.712897]]]},"properties":{"lp":"173","ac":"0.195","chaltha":"173"}},{"type":"Feature","geometry":{"type":"Polygon","coordinates":[[[79.538382,15.712898],[79.538378,15.712936],[79.538353,15.71314],[79.538347,15.713185],[79.538515,15.713199],[79.538547,15.712913],[79.538382,15.712898]]]},"properties":{"lp":"169","ac":"0.141","chaltha":"169"}},{"type":"Feature","geometry":{"type":"Polygon","coordinates":[[[79.538969,15.713343],[79.539143,15.713334],[79.539144,15.71324],[79.538979,15.713237],[79.538969,15.713343]]]},"properties":{"lp":"180","ac":"0.049","chaltha":"180"}},{"type":"Feature","geometry":{"type":"Polygon","coordinates":[[[79.539795,15.712514],[79.53973,15.712195],[79.539585,15.712232],[79.539601,15.712292],[79.539795,15.712514]]]},"properties":{"lp":"187","ac":"0.083","chaltha":"187"}},{"type":"Feature","geometry":{"type":"Polygon","coordinates":[[[79.539601,15.712292],[79.539585,15.712232],[79.53973,15.712195],[79.5397,15.712045],[79.539437,15.712075],[79.539434,15.712299],[79.539601,15.712292]]]},"properties":{"lp":"186","ac":"0.165","chaltha":"186"}},{"type":"Feature","geometry":{"type":"Polygon","coordinates":[[[79.53888,15.712542],[79.539071,15.71256],[79.539079,15.712334],[79.539081,15.712294],[79.538891,15.71228],[79.53888,15.712542]]]},"properties":{"lp":"184","ac":"0.148","chaltha":"184"}},{"type":"Feature","geometry":{"type":"Polygon","coordinates":[[[79.539079,15.712334],[79.539071,15.71256],[79.539066,15.712653],[79.539429,15.712645],[79.539434,15.712343],[79.539079,15.712334]]]},"properties":{"lp":"183","ac":"0.325","chaltha":"183"}},{"type":"Feature","geometry":{"type":"Polygon","coordinates":[[[79.539066,15.712653],[79.539065,15.712685],[79.539059,15.712789],[79.53939,15.712795],[79.539393,15.712768],[79.539428,15.712765],[79.539429,15.712645],[79.539066,15.712653]]]},"properties":{"lp":"182","ac":"0.151","chaltha":"182"}},{"type":"Feature","geometry":{"type":"Polygon","coordinates":[[[79.539059,15.712789],[79.539058,15.712811],[79.539058,15.712812],[79.53905,15.712957],[79.539147,15.712956],[79.539368,15.712952],[79.53939,15.712795],[79.539059,15.712789]]]},"properties":{"lp":"181","ac":"0.154","chaltha":"181"}},{"type":"Feature","geometry":{"type":"Polygon","coordinates":[[[79.53796,15.711992],[79.537958,15.71217],[79.538175,15.712168],[79.538173,15.711999],[79.538125,15.711996],[79.53796,15.711992]]]},"properties":{"lp":"162","ac":"0.11","chaltha":"162"}},{"type":"Feature","geometry":{"type":"Polygon","coordinates":[[[79.537958,15.71217],[79.537956,15.712315],[79.537956,15.712335],[79.538176,15.712333],[79.538175,15.712168],[79.537958,15.71217]]]},"properties":{"lp":"161","ac":"0.106","chaltha":"161"}},{"type":"Feature","geometry":{"type":"Polygon","coordinates":[[[79.538103,15.712499],[79.538178,15.7125],[79.538176,15.712333],[79.537956,15.712335],[79.537954,15.71249],[79.538103,15.712499]]]},"properties":{"lp":"160","ac":"0.106","chaltha":"160"}},{"type":"Feature","geometry":{"type":"Polygon","coordinates":[[[79.538305,15.712008],[79.538297,15.711821],[79.538291,15.711691],[79.538283,15.71152],[79.538071,15.711513],[79.538107,15.711833],[79.538125,15.711996],[79.538173,15.711999],[79.538305,15.712008]]]},"properties":{"lp":"256","ac":"0.278","chaltha":"256"}},{"type":"Feature","geometry":{"type":"Polygon","coordinates":[[[79.528738,15.711564],[79.529013,15.711548],[79.528981,15.711023],[79.528735,15.711021],[79.528738,15.711564]]]},"properties":{"lp":"399","ac":"0.409","chaltha":"399"}},{"type":"Feature","geometry":{"type":"Polygon","coordinates":[[[79.529459,15.711523],[79.529768,15.711502],[79.529773,15.711141],[79.529428,15.711136],[79.529438,15.711262],[79.529459,15.711523]]]},"properties":{"lp":"394","ac":"0.358","chaltha":"394"}},{"type":"Feature","geometry":{"type":"Polygon","coordinates":[[[79.529768,15.711502],[79.53008,15.711525],[79.53009,15.711145],[79.529773,15.711141],[79.529768,15.711502]]]},"properties":{"lp":"393","ac":"0.342","chaltha":"393"}},{"type":"Feature","geometry":{"type":"Polygon","coordinates":[[[79.53008,15.711525],[79.530307,15.711541],[79.530446,15.711411],[79.53043,15.711149],[79.53009,15.711145],[79.53008,15.711525]]]},"properties":{"lp":"392","ac":"0.379","chaltha":"392"}},{"type":"Feature","geometry":{"type":"Polygon","coordinates":[[[79.529126,15.711012],[79.529198,15.711007],[79.529416,15.710991],[79.529159,15.710721],[79.529114,15.710718],[79.529126,15.711012]]]},"properties":{"lp":"397","ac":"0.142","chaltha":"397"}},{"type":"Feature","geometry":{"type":"Polygon","coordinates":[[[79.527004,15.709381],[79.527384,15.7097],[79.528002,15.708786],[79.527407,15.708674],[79.527004,15.709381]]]},"properties":{"lp":"490","ac":"1.481","chaltha":"490"}},{"type":"Feature","geometry":{"type":"Polygon","coordinates":[[[79.527384,15.7097],[79.528012,15.709769],[79.528209,15.709405],[79.528391,15.709037],[79.528002,15.708786],[79.527384,15.7097]]]},"properties":{"lp":"489","ac":"1.467","chaltha":"489"}},{"type":"Feature","geometry":{"type":"Polygon","coordinates":[[[79.542292,15.67405],[79.542828,15.673948],[79.542746,15.67345],[79.542245,15.673559],[79.542292,15.67405]]]},"properties":{"lp":"1905","ac":"0.771","chaltha":"1905"}},{"type":"Feature","geometry":{"type":"Polygon","coordinates":[[[79.542828,15.673948],[79.543337,15.673852],[79.543246,15.673342],[79.542746,15.67345],[79.542828,15.673948]]]},"properties":{"lp":"1904","ac":"0.771","chaltha":"1904"}},{"type":"Feature","geometry":{"type":"Polygon","coordinates":[[[79.54231,15.70444],[79.542906,15.704305],[79.543488,15.704179],[79.543424,15.703849],[79.543058,15.703929],[79.54223,15.704096],[79.54231,15.70444]]]},"properties":{"lp":"1153","ac":"1.213","chaltha":"1153"}},{"type":"Feature","geometry":{"type":"Polygon","coordinates":[[[79.535255,15.711444],[79.5351,15.711481],[79.535071,15.711488],[79.535183,15.711835],[79.535264,15.711756],[79.535324,15.711699],[79.535255,15.711444]]]},"properties":{"lp":"267","ac":"0.167","chaltha":"267"}},{"type":"Feature","geometry":{"type":"Polygon","coordinates":[[[79.514896,15.688145],[79.515044,15.688586],[79.51572,15.688385],[79.515646,15.688181],[79.51556,15.687945],[79.514896,15.688145]]]},"properties":{"lp":"2554","ac":"0.956","chaltha":"2554"}},{"type":"Feature","geometry":{"type":"Polygon","coordinates":[[[79.515044,15.688586],[79.515193,15.689034],[79.515539,15.688926],[79.515868,15.688794],[79.51572,15.688385],[79.515044,15.688586]]]},"properties":{"lp":"2555","ac":"0.96","chaltha":"2555"}},{"type":"Feature","geometry":{"type":"Polygon","coordinates":[[[79.535682,15.711388],[79.53564,15.711451],[79.535751,15.711607],[79.535933,15.711466],[79.535682,15.711388]]]},"properties":{"lp":"275","ac":"0.092","chaltha":"275"}},{"type":"Feature","geometry":{"type":"Polygon","coordinates":[[[79.535682,15.711388],[79.535933,15.711466],[79.535968,15.71144],[79.535946,15.711339],[79.535694,15.711291],[79.535694,15.71137],[79.535682,15.711388]]]},"properties":{"lp":"276","ac":"0.09","chaltha":"276"}},{"type":"Feature","geometry":{"type":"Polygon","coordinates":[[[79.527325,15.683678],[79.526866,15.683773],[79.526863,15.683773],[79.52706,15.68453],[79.527083,15.684524],[79.527498,15.684427],[79.527439,15.684171],[79.527325,15.683678]]]},"properties":{"lp":"2264","ac":"1.047","chaltha":"2264"}},{"type":"Feature","geometry":{"type":"Polygon","coordinates":[[[79.530511,15.707828],[79.530101,15.707548],[79.530043,15.707549],[79.530063,15.708904],[79.530536,15.708845],[79.530511,15.707828]]]},"properties":{"lp":"578","ac":"1.652","chaltha":"578"}},{"type":"Feature","geometry":{"type":"Polygon","coordinates":[[[79.545015,15.711449],[79.54457,15.711646],[79.544717,15.712098],[79.544821,15.712417],[79.545443,15.712332],[79.545562,15.712316],[79.54528,15.711269],[79.545015,15.711449]]]},"properties":{"lp":"224","ac":"2.077","chaltha":"224"}},{"type":"Feature","geometry":{"type":"Polygon","coordinates":[[[79.543588,15.711936],[79.543703,15.712284],[79.544717,15.712098],[79.54457,15.711646],[79.544415,15.711715],[79.543588,15.711936]]]},"properties":{"lp":"223","ac":"1.228","chaltha":"223"}},{"type":"Feature","geometry":{"type":"Polygon","coordinates":[[[79.543703,15.712284],[79.543868,15.712781],[79.544261,15.712514],[79.544326,15.712543],[79.544597,15.712662],[79.544646,15.712628],[79.544763,15.712425],[79.544821,15.712417],[79.544717,15.712098],[79.543703,15.712284]]]},"properties":{"lp":"222","ac":"1.28","chaltha":"222"}},{"type":"Feature","geometry":{"type":"Polygon","coordinates":[[[79.537766,15.712701],[79.537748,15.712881],[79.537743,15.712934],[79.538047,15.712965],[79.538056,15.712897],[79.538075,15.712735],[79.537766,15.712701]]]},"properties":{"lp":"158","ac":"0.21","chaltha":"158"}},{"type":"Feature","geometry":{"type":"Polygon","coordinates":[[[79.537743,15.712934],[79.537743,15.71294],[79.537717,15.713181],[79.538018,15.713215],[79.538029,15.713122],[79.538047,15.712965],[79.537743,15.712934]]]},"properties":{"lp":"157","ac":"0.223","chaltha":"157"}},{"type":"Feature","geometry":{"type":"Polygon","coordinates":[[[79.537717,15.713181],[79.537715,15.713195],[79.537709,15.71324],[79.537684,15.713419],[79.537988,15.713467],[79.538018,15.713215],[79.537717,15.713181]]]},"properties":{"lp":"156","ac":"0.221","chaltha":"156"}},{"type":"Feature","geometry":{"type":"Polygon","coordinates":[[[79.537684,15.713419],[79.537652,15.713647],[79.537957,15.713729],[79.537988,15.713467],[79.537684,15.713419]]]},"properties":{"lp":"155","ac":"0.224","chaltha":"155"}},{"type":"Feature","geometry":{"type":"Polygon","coordinates":[[[79.535508,15.698148],[79.536191,15.698028],[79.536209,15.698025],[79.536082,15.697292],[79.535688,15.697364],[79.535353,15.697425],[79.535463,15.697939],[79.535508,15.698148]]]},"properties":{"lp":"908","ac":"1.578","chaltha":"908"}},{"type":"Feature","geometry":{"type":"Polygon","coordinates":[[[79.536209,15.698025],[79.536882,15.697907],[79.536891,15.697906],[79.536798,15.69716],[79.536625,15.697192],[79.536082,15.697292],[79.536209,15.698025]]]},"properties":{"lp":"906","ac":"1.556","chaltha":"906"}},{"type":"Feature","geometry":{"type":"Polygon","coordinates":[[[79.536891,15.697906],[79.537602,15.697781],[79.537565,15.697506],[79.537522,15.697027],[79.536798,15.69716],[79.536891,15.697906]]]},"properties":{"lp":"903","ac":"1.601","chaltha":"903"}},{"type":"Feature","geometry":{"type":"Polygon","coordinates":[[[79.537393,15.712786],[79.537653,15.712812],[79.537687,15.712472],[79.537665,15.712471],[79.537533,15.712462],[79.537447,15.712456],[79.537411,15.712453],[79.537393,15.712786]]]},"properties":{"lp":"144","ac":"0.266","chaltha":"144"}},{"type":"Feature","geometry":{"type":"Polygon","coordinates":[[[79.55077,15.697482],[79.551016,15.697379],[79.551077,15.697353],[79.550944,15.697088],[79.550659,15.697209],[79.550694,15.697278],[79.55077,15.697482]]]},"properties":{"lp":"1245","ac":"0.276","chaltha":"1245"}},{"type":"Feature","geometry":{"type":"Polygon","coordinates":[[[79.546381,15.69483],[79.546761,15.694793],[79.546603,15.694504],[79.546253,15.694616],[79.546381,15.69483]]]},"properties":{"lp":"1369","ac":"0.301","chaltha":"1369"}},{"type":"Feature","geometry":{"type":"Polygon","coordinates":[[[79.547088,15.694761],[79.546844,15.694427],[79.546603,15.694504],[79.546761,15.694793],[79.547088,15.694761]]]},"properties":{"lp":"1370","ac":"0.291","chaltha":"1370"}},{"type":"Feature","geometry":{"type":"Polygon","coordinates":[[[79.543089,15.687424],[79.543475,15.687564],[79.54355,15.687433],[79.543162,15.687255],[79.543089,15.687424]]]},"properties":{"lp":"2053","ac":"0.205","chaltha":"2053"}},{"type":"Feature","geometry":{"type":"Polygon","coordinates":[[[79.544415,15.688125],[79.54419,15.688066],[79.544158,15.688162],[79.544043,15.688512],[79.544279,15.688571],[79.544415,15.688125]]]},"properties":{"lp":"2060","ac":"0.326","chaltha":"2060"}},{"type":"Feature","geometry":{"type":"Polygon","coordinates":[[[79.545147,15.693427],[79.545189,15.69352],[79.545224,15.693599],[79.545546,15.693383],[79.54545,15.693186],[79.545098,15.693317],[79.545147,15.693427]]]},"properties":{"lp":"1411","ac":"0.293","chaltha":"1411"}},{"type":"Feature","geometry":{"type":"Polygon","coordinates":[[[79.553486,15.67384],[79.554408,15.673687],[79.554285,15.67302],[79.553268,15.67321],[79.553409,15.673854],[79.553486,15.67384]]]},"properties":{"lp":"1743","ac":"2.004","chaltha":"1743"}},{"type":"Feature","geometry":{"type":"Polygon","coordinates":[[[79.553268,15.67321],[79.554285,15.67302],[79.554158,15.672326],[79.553112,15.672501],[79.553268,15.67321]]]},"properties":{"lp":"1742","ac":"2.196","chaltha":"1742"}},{"type":"Feature","geometry":{"type":"Polygon","coordinates":[[[79.528,15.686712],[79.528306,15.68664],[79.529141,15.686444],[79.528973,15.685945],[79.527864,15.686194],[79.528,15.686712]]]},"properties":{"lp":"2277","ac":"1.792","chaltha":"2277"}},{"type":"Feature","geometry":{"type":"Polygon","coordinates":[[[79.527864,15.686194],[79.528973,15.685945],[79.528798,15.685427],[79.527782,15.685649],[79.527725,15.685661],[79.527864,15.686194]]]},"properties":{"lp":"2276","ac":"1.79","chaltha":"2276"}},{"type":"Feature","geometry":{"type":"Polygon","coordinates":[[[79.526827,15.686889],[79.527233,15.686812],[79.526984,15.685823],[79.526591,15.685908],[79.526727,15.686429],[79.526827,15.686889]]]},"properties":{"lp":"2280","ac":"1.196","chaltha":"2280"}},{"type":"Feature","geometry":{"type":"Polygon","coordinates":[[[79.527233,15.686812],[79.527463,15.686768],[79.527479,15.686835],[79.527633,15.686799],[79.527362,15.68574],[79.526984,15.685823],[79.527233,15.686812]]]},"properties":{"lp":"2279","ac":"1.197","chaltha":"2279"}},{"type":"Feature","geometry":{"type":"Polygon","coordinates":[[[79.527633,15.686799],[79.527895,15.686737],[79.528,15.686712],[79.527864,15.686194],[79.527725,15.685661],[79.527715,15.685663],[79.527362,15.68574],[79.527633,15.686799]]]},"properties":{"lp":"2278","ac":"1.195","chaltha":"2278"}},{"type":"Feature","geometry":{"type":"Polygon","coordinates":[[[79.54592,15.693956],[79.545975,15.694095],[79.546559,15.693909],[79.546499,15.693779],[79.54592,15.693956]]]},"properties":{"lp":"1365","ac":"0.259","chaltha":"1365"}},{"type":"Feature","geometry":{"type":"Polygon","coordinates":[[[79.546054,15.694233],[79.546106,15.694345],[79.546142,15.69442],[79.546716,15.694229],[79.546634,15.694071],[79.54662,15.694043],[79.546047,15.694218],[79.546054,15.694233]]]},"properties":{"lp":"1367","ac":"0.377","chaltha":"1367"}},{"type":"Feature","geometry":{"type":"Polygon","coordinates":[[[79.546047,15.694218],[79.54662,15.694043],[79.546569,15.693932],[79.546559,15.693909],[79.545975,15.694095],[79.546028,15.694226],[79.546047,15.694218]]]},"properties":{"lp":"1366","ac":"0.257","chaltha":"1366"}},{"type":"Feature","geometry":{"type":"Polygon","coordinates":[[[79.548571,15.675541],[79.548167,15.675666],[79.547895,15.675751],[79.548037,15.676387],[79.548038,15.67639],[79.548187,15.677056],[79.548367,15.677024],[79.548739,15.67696],[79.548832,15.676944],[79.548693,15.6762],[79.548571,15.675541]]]},"properties":{"lp":"1761","ac":"2.751","chaltha":"1761"}},{"type":"Feature","geometry":{"type":"Polygon","coordinates":[[[79.547193,15.676575],[79.548038,15.67639],[79.548037,15.676387],[79.547895,15.675751],[79.546895,15.675946],[79.546226,15.676075],[79.546376,15.676754],[79.547193,15.676575]]]},"properties":{"lp":"1760","ac":"3.362","chaltha":"1760"}},{"type":"Feature","geometry":{"type":"Polygon","coordinates":[[[79.547193,15.676575],[79.547349,15.677242],[79.547517,15.677202],[79.547529,15.677199],[79.547532,15.677199],[79.547993,15.677089],[79.548187,15.677056],[79.548038,15.67639],[79.547193,15.676575]]]},"properties":{"lp":"1759","ac":"1.713","chaltha":"1759"}},{"type":"Feature","geometry":{"type":"Polygon","coordinates":[[[79.546527,15.677437],[79.547032,15.677317],[79.547349,15.677242],[79.547193,15.676575],[79.546376,15.676754],[79.546527,15.677437]]]},"properties":{"lp":"1758","ac":"1.706","chaltha":"1758"}},{"type":"Feature","geometry":{"type":"Polygon","coordinates":[[[79.533847,15.701233],[79.533901,15.701195],[79.533845,15.700798],[79.533839,15.700758],[79.533791,15.700416],[79.53374,15.700059],[79.533687,15.699691],[79.533579,15.699586],[79.533706,15.700522],[79.533847,15.701233]]]},"properties":{"lp":"914","ac":"0.411","chaltha":"914"}},{"type":"Feature","geometry":{"type":"Polygon","coordinates":[[[79.540737,15.670315],[79.541211,15.66925],[79.541088,15.669278],[79.540723,15.669668],[79.54041,15.670002],[79.540515,15.670374],[79.540737,15.670315]]]},"properties":{"lp":"1886","ac":"0.959","chaltha":"1886"}},{"type":"Feature","geometry":{"type":"Polygon","coordinates":[[[79.540676,15.671785],[79.541263,15.671669],[79.54189,15.671545],[79.541873,15.671445],[79.541679,15.670453],[79.540838,15.670639],[79.540763,15.670399],[79.540574,15.670889],[79.540676,15.671785]]]},"properties":{"lp":"1872","ac":"3.893","chaltha":"1872"}},{"type":"Feature","geometry":{"type":"Polygon","coordinates":[[[79.540558,15.670749],[79.540737,15.670315],[79.540515,15.670374],[79.540558,15.670749]]]},"properties":{"lp":"280","ac":"0.126","chaltha":"280"}},{"type":"Feature","geometry":{"type":"Polygon","coordinates":[[[79.533299,15.68978],[79.53341,15.690264],[79.533416,15.690289],[79.534011,15.690141],[79.534614,15.689992],[79.534612,15.689979],[79.534515,15.689507],[79.53374,15.689652],[79.533299,15.68978]]]},"properties":{"lp":"843","ac":"1.901","chaltha":"843"}},{"type":"Feature","geometry":{"type":"Polygon","coordinates":[[[79.534109,15.690627],[79.534011,15.690141],[79.533416,15.690289],[79.533418,15.6903],[79.533528,15.690777],[79.533866,15.69069],[79.534109,15.690627]]]},"properties":{"lp":"845","ac":"0.885","chaltha":"845"}},{"type":"Feature","geometry":{"type":"Polygon","coordinates":[[[79.534109,15.690627],[79.534713,15.690472],[79.534616,15.69],[79.534614,15.689992],[79.534011,15.690141],[79.534109,15.690627]]]},"properties":{"lp":"844","ac":"0.899","chaltha":"844"}},{"type":"Feature","geometry":{"type":"Polygon","coordinates":[[[79.53542,15.713058],[79.535474,15.713059],[79.535474,15.713008],[79.535474,15.71293],[79.535473,15.712867],[79.535384,15.71287],[79.53542,15.713058]]]},"properties":{"lp":"92","ac":"0.04","chaltha":"92"}},{"type":"Feature","geometry":{"type":"Polygon","coordinates":[[[79.535556,15.713059],[79.535581,15.713125],[79.535782,15.713143],[79.53588,15.71309],[79.535961,15.713015],[79.535474,15.713008],[79.535474,15.713059],[79.535556,15.713059]]]},"properties":{"lp":"89","ac":"0.13","chaltha":"89"}},{"type":"Feature","geometry":{"type":"Polygon","coordinates":[[[79.535474,15.713008],[79.535961,15.713015],[79.536054,15.712927],[79.535474,15.71293],[79.535474,15.713008]]]},"properties":{"lp":"90","ac":"0.13","chaltha":"90"}},{"type":"Feature","geometry":{"type":"Polygon","coordinates":[[[79.535474,15.71293],[79.536054,15.712927],[79.536141,15.712845],[79.535473,15.712867],[79.535474,15.71293]]]},"properties":{"lp":"91","ac":"0.131","chaltha":"91"}},{"type":"Feature","geometry":{"type":"Polygon","coordinates":[[[79.528354,15.6918],[79.529187,15.691613],[79.530242,15.691274],[79.530628,15.692191],[79.530803,15.692122],[79.53024,15.690274],[79.52909,15.690594],[79.528164,15.690866],[79.528354,15.6918]]]},"properties":{"lp":"2293","ac":"7.018","chaltha":"2293"}},{"type":"Feature","geometry":{"type":"Polygon","coordinates":[[[79.531056,15.692024],[79.531339,15.691914],[79.530595,15.690591],[79.531056,15.692024]]]},"properties":{"lp":"2295","ac":"0.67","chaltha":"2295"}},{"type":"Feature","geometry":{"type":"Polygon","coordinates":[[[79.54537,15.693585],[79.545208,15.693741],[79.545305,15.693803],[79.545417,15.693876],[79.545413,15.694033],[79.545896,15.693897],[79.545863,15.693815],[79.545799,15.693658],[79.545587,15.693679],[79.545533,15.693481],[79.54537,15.693585]]]},"properties":{"lp":"1353","ac":"0.552","chaltha":"1353"}},{"type":"Feature","geometry":{"type":"Polygon","coordinates":[[[79.545364,15.692998],[79.545722,15.692886],[79.545631,15.692688],[79.545279,15.692804],[79.545326,15.692912],[79.545364,15.692998]]]},"properties":{"lp":"1403","ac":"0.233","chaltha":"1403"}},{"type":"Feature","geometry":{"type":"Polygon","coordinates":[[[79.548707,15.678734],[79.548748,15.679146],[79.550481,15.678915],[79.550479,15.678891],[79.550439,15.678478],[79.550406,15.678133],[79.549871,15.678267],[79.549173,15.678407],[79.548684,15.678505],[79.548707,15.678734]]]},"properties":{"lp":"1634","ac":"3.62","chaltha":"1634"}},{"type":"Feature","geometry":{"type":"Polygon","coordinates":[[[79.548794,15.679835],[79.550551,15.679642],[79.550481,15.678915],[79.548748,15.679146],[79.548753,15.6792],[79.548794,15.679835]]]},"properties":{"lp":"1635","ac":"3.656","chaltha":"1635"}},{"type":"Feature","geometry":{"type":"Polygon","coordinates":[[[79.528824,15.706396],[79.52937,15.706816],[79.531042,15.70652],[79.531087,15.706512],[79.531043,15.706355],[79.530636,15.706029],[79.529495,15.706223],[79.529429,15.706235],[79.528727,15.706357],[79.528824,15.706396]]]},"properties":{"lp":"589","ac":"3.057","chaltha":"589"}},{"type":"Feature","geometry":{"type":"Polygon","coordinates":[[[79.539913,15.697096],[79.539902,15.697068],[79.539623,15.696194],[79.539575,15.696202],[79.538488,15.696376],[79.538558,15.696699],[79.538367,15.696733],[79.538518,15.69734],[79.53922,15.697217],[79.539913,15.697096]]]},"properties":{"lp":"985","ac":"3.649","chaltha":"985"}},{"type":"Feature","geometry":{"type":"Polygon","coordinates":[[[79.537615,15.697497],[79.538518,15.69734],[79.538367,15.696733],[79.537576,15.696874],[79.537615,15.697497]]]},"properties":{"lp":"986","ac":"1.568","chaltha":"986"}},{"type":"Feature","geometry":{"type":"Polygon","coordinates":[[[79.527245,15.6973],[79.528281,15.696795],[79.528152,15.696458],[79.527405,15.69635],[79.52723,15.696818],[79.527245,15.6973]]]},"properties":{"lp":"2332","ac":"1.806","chaltha":"2332"}},{"type":"Feature","geometry":{"type":"Polygon","coordinates":[[[79.546035,15.698383],[79.546038,15.698395],[79.547251,15.698065],[79.546996,15.697163],[79.546467,15.69727],[79.546405,15.697283],[79.545792,15.697407],[79.546035,15.698383]]]},"properties":{"lp":"1206","ac":"3.56","chaltha":"1206"}},{"type":"Feature","geometry":{"type":"Polygon","coordinates":[[[79.52406,15.689409],[79.52413,15.689658],[79.524475,15.690889],[79.524652,15.690836],[79.525506,15.690579],[79.52563,15.690417],[79.525262,15.689791],[79.525059,15.689243],[79.525029,15.689119],[79.524083,15.68934],[79.524097,15.689399],[79.52406,15.689409]]]},"properties":{"lp":"2417","ac":"5.002","chaltha":"2417"}},{"type":"Feature","geometry":{"type":"Polygon","coordinates":[[[79.524097,15.689399],[79.524083,15.68934],[79.525029,15.689119],[79.524892,15.688558],[79.524883,15.688519],[79.524184,15.688681],[79.523876,15.688752],[79.52406,15.689409],[79.524097,15.689399]]]},"properties":{"lp":"2418","ac":"1.861","chaltha":"2418"}},{"type":"Feature","geometry":{"type":"Polygon","coordinates":[[[79.539077,15.709743],[79.539105,15.709946],[79.539636,15.709932],[79.53963,15.70972],[79.53929,15.709682],[79.539077,15.709743]]]},"properties":{"lp":"1027","ac":"0.373","chaltha":"1027"}},{"type":"Feature","geometry":{"type":"Polygon","coordinates":[[[79.539105,15.709946],[79.539138,15.710185],[79.539237,15.710185],[79.539643,15.710186],[79.539639,15.710045],[79.539636,15.709932],[79.539105,15.709946]]]},"properties":{"lp":"1026","ac":"0.374","chaltha":"1026"}},{"type":"Feature","geometry":{"type":"Polygon","coordinates":[[[79.537747,15.70973],[79.53777,15.709979],[79.538167,15.709916],[79.538161,15.709856],[79.538144,15.709673],[79.537747,15.70973]]]},"properties":{"lp":"1037","ac":"0.291","chaltha":"1037"}},{"type":"Feature","geometry":{"type":"Polygon","coordinates":[[[79.537747,15.70973],[79.536924,15.709848],[79.536985,15.710042],[79.537488,15.710024],[79.53777,15.709979],[79.537747,15.70973]]]},"properties":{"lp":"1036","ac":"0.559","chaltha":"1036"}},{"type":"Feature","geometry":{"type":"Polygon","coordinates":[[[79.543762,15.680911],[79.543823,15.681273],[79.545372,15.680984],[79.545367,15.68095],[79.545281,15.680343],[79.545047,15.680382],[79.54509,15.68065],[79.543762,15.680911]]]},"properties":{"lp":"2012","ac":"1.917","chaltha":"2012"}},{"type":"Feature","geometry":{"type":"Polygon","coordinates":[[[79.543823,15.681273],[79.543844,15.6814],[79.543849,15.68143],[79.545395,15.681144],[79.545372,15.680984],[79.543823,15.681273]]]},"properties":{"lp":"2011","ac":"0.74","chaltha":"2011"}},{"type":"Feature","geometry":{"type":"Polygon","coordinates":[[[79.547407,15.66954],[79.548256,15.669358],[79.548236,15.668971],[79.548249,15.668574],[79.547707,15.668698],[79.547252,15.668789],[79.547357,15.669298],[79.547407,15.66954]]]},"properties":{"lp":"1843","ac":"2.093","chaltha":"1843"}},{"type":"Feature","geometry":{"type":"Polygon","coordinates":[[[79.55243,15.66756],[79.552586,15.668546],[79.552871,15.668536],[79.553462,15.668318],[79.554818,15.66822],[79.554613,15.667062],[79.55243,15.66756]]]},"properties":{"lp":"1831","ac":"6.91","chaltha":"1831"}},{"type":"Feature","geometry":{"type":"Polygon","coordinates":[[[79.55171,15.672987],[79.553112,15.672501],[79.554158,15.672326],[79.55514,15.672162],[79.554921,15.671692],[79.55493,15.670669],[79.554864,15.670511],[79.554895,15.670031],[79.554132,15.670273],[79.55301,15.67063],[79.552586,15.668546],[79.552102,15.66834],[79.552399,15.669009],[79.55231,15.67009],[79.552226,15.671103],[79.55189,15.671863],[79.55171,15.672987]]]},"properties":{"lp":"1828","ac":"20.812","chaltha":"1828"}},{"type":"Feature","geometry":{"type":"Polygon","coordinates":[[[79.54458,15.670619],[79.544567,15.670793],[79.544631,15.671044],[79.544632,15.671048],[79.545185,15.670913],[79.544943,15.670527],[79.54458,15.670619]]]},"properties":{"lp":"1891","ac":"0.618","chaltha":"1891"}},{"type":"Feature","geometry":{"type":"Polygon","coordinates":[[[79.551329,15.684953],[79.551031,15.685027],[79.550729,15.685102],[79.55093,15.68589],[79.551324,15.685816],[79.551511,15.685767],[79.551329,15.684953]]]},"properties":{"lp":"1680","ac":"1.471","chaltha":"1680"}},{"type":"Feature","geometry":{"type":"Polygon","coordinates":[[[79.550564,15.683208],[79.550272,15.683313],[79.550581,15.684523],[79.550729,15.685102],[79.551031,15.685027],[79.550592,15.683199],[79.550564,15.683208]]]},"properties":{"lp":"1679","ac":"1.775","chaltha":"1679"}},{"type":"Feature","geometry":{"type":"Polygon","coordinates":[[[79.551329,15.684953],[79.550917,15.683115],[79.55071,15.683167],[79.550615,15.683192],[79.550592,15.683199],[79.551031,15.685027],[79.551329,15.684953]]]},"properties":{"lp":"1681","ac":"1.774","chaltha":"1681"}},{"type":"Feature","geometry":{"type":"Polygon","coordinates":[[[79.548086,15.695653],[79.547802,15.695592],[79.547802,15.695496],[79.547574,15.695339],[79.547569,15.695283],[79.547431,15.695024],[79.547372,15.694843],[79.547256,15.694832],[79.547294,15.695264],[79.547298,15.695305],[79.547537,15.695704],[79.548086,15.695653]]]},"properties":{"lp":"1297","ac":"0.656","chaltha":"1297"}},{"type":"Feature","geometry":{"type":"Polygon","coordinates":[[[79.547802,15.695496],[79.547801,15.695021],[79.547798,15.694934],[79.54749,15.694829],[79.547372,15.694843],[79.547431,15.695024],[79.547569,15.695283],[79.547574,15.695339],[79.547802,15.695496]]]},"properties":{"lp":"1296","ac":"0.497","chaltha":"1296"}},{"type":"Feature","geometry":{"type":"Polygon","coordinates":[[[79.536467,15.713429],[79.536572,15.713436],[79.53661,15.713052],[79.53671,15.71306],[79.536751,15.712682],[79.536626,15.712705],[79.536499,15.712731],[79.536422,15.712741],[79.536391,15.713424],[79.536467,15.713429]]]},"properties":{"lp":"84","ac":"0.525","chaltha":"84"}},{"type":"Feature","geometry":{"type":"Polygon","coordinates":[[[79.536572,15.713436],[79.536669,15.71343],[79.536759,15.713441],[79.536945,15.713455],[79.537003,15.713471],[79.537017,15.713355],[79.536893,15.713343],[79.536915,15.713078],[79.53671,15.71306],[79.53661,15.713052],[79.536572,15.713436]]]},"properties":{"lp":"83","ac":"0.379","chaltha":"83"}},{"type":"Feature","geometry":{"type":"Polygon","coordinates":[[[79.536893,15.713343],[79.537017,15.713355],[79.537058,15.713097],[79.537106,15.712766],[79.537145,15.712761],[79.537134,15.712435],[79.537013,15.712504],[79.536875,15.712622],[79.536855,15.712634],[79.536834,15.712635],[79.536751,15.712682],[79.53671,15.71306],[79.536915,15.713078],[79.536893,15.713343]]]},"properties":{"lp":"148","ac":"0.666","chaltha":"148"}},{"type":"Feature","geometry":{"type":"Polygon","coordinates":[[[79.535999,15.713361],[79.536208,15.713402],[79.536247,15.7128],[79.536197,15.712828],[79.535934,15.7131],[79.535999,15.713361]]]},"properties":{"lp":"86","ac":"0.344","chaltha":"86"}},{"type":"Feature","geometry":{"type":"Polygon","coordinates":[[[79.536422,15.712741],[79.53633,15.712754],[79.536247,15.7128],[79.536208,15.713402],[79.536293,15.713418],[79.536391,15.713424],[79.536422,15.712741]]]},"properties":{"lp":"85","ac":"0.341","chaltha":"85"}},{"type":"Feature","geometry":{"type":"Polygon","coordinates":[[[79.522643,15.692047],[79.522561,15.691961],[79.521831,15.692216],[79.521891,15.692318],[79.522643,15.692047]]]},"properties":{"lp":"2462","ac":"0.259","chaltha":"2462"}},{"type":"Feature","geometry":{"type":"Polygon","coordinates":[[[79.522733,15.692139],[79.522643,15.692047],[79.521891,15.692318],[79.521943,15.692407],[79.522733,15.692139]]]},"properties":{"lp":"2461","ac":"0.259","chaltha":"2461"}},{"type":"Feature","geometry":{"type":"Polygon","coordinates":[[[79.521943,15.692407],[79.521997,15.692499],[79.522814,15.692222],[79.522733,15.692139],[79.521943,15.692407]]]},"properties":{"lp":"2460","ac":"0.261","chaltha":"2460"}},{"type":"Feature","geometry":{"type":"Polygon","coordinates":[[[79.521997,15.692499],[79.522048,15.692586],[79.522894,15.692303],[79.522814,15.692222],[79.521997,15.692499]]]},"properties":{"lp":"2459","ac":"0.259","chaltha":"2459"}},{"type":"Feature","geometry":{"type":"Polygon","coordinates":[[[79.522048,15.692586],[79.522099,15.692674],[79.522968,15.692379],[79.522894,15.692303],[79.522048,15.692586]]]},"properties":{"lp":"2458","ac":"0.259","chaltha":"2458"}},{"type":"Feature","geometry":{"type":"Polygon","coordinates":[[[79.529845,15.713075],[79.530303,15.713049],[79.530313,15.712454],[79.530392,15.712445],[79.530391,15.712189],[79.530239,15.712193],[79.530213,15.712462],[79.529993,15.712465],[79.529845,15.713075]]]},"properties":{"lp":"353","ac":"0.808","chaltha":"353"}},{"type":"Feature","geometry":{"type":"Polygon","coordinates":[[[79.530313,15.712454],[79.530303,15.713049],[79.530705,15.713027],[79.530647,15.712415],[79.5306,15.712421],[79.530392,15.712445],[79.530313,15.712454]]]},"properties":{"lp":"358","ac":"0.652","chaltha":"358"}},{"type":"Feature","geometry":{"type":"Polygon","coordinates":[[[79.530213,15.712462],[79.530239,15.712193],[79.530102,15.712196],[79.529993,15.712465],[79.530213,15.712462]]]},"properties":{"lp":"354","ac":"0.14","chaltha":"354"}},{"type":"Feature","geometry":{"type":"Polygon","coordinates":[[[79.530419,15.712188],[79.530404,15.711848],[79.530179,15.712007],[79.530102,15.712196],[79.530239,15.712193],[79.530391,15.712189],[79.530419,15.712188]]]},"properties":{"lp":"355","ac":"0.203","chaltha":"355"}},{"type":"Feature","geometry":{"type":"Polygon","coordinates":[[[79.530567,15.712175],[79.5306,15.712421],[79.530647,15.712415],[79.53075,15.712403],[79.530755,15.712403],[79.530831,15.712394],[79.530798,15.712319],[79.531175,15.712274],[79.531122,15.712162],[79.531033,15.712164],[79.530567,15.712175]]]},"properties":{"lp":"357","ac":"0.289","chaltha":"357"}},{"type":"Feature","geometry":{"type":"Polygon","coordinates":[[[79.530831,15.712394],[79.530912,15.71247],[79.53122,15.712369],[79.531183,15.712291],[79.531175,15.712274],[79.530798,15.712319],[79.530831,15.712394]]]},"properties":{"lp":"709","ac":"0.146","chaltha":"709"}},{"type":"Feature","geometry":{"type":"Polygon","coordinates":[[[79.531183,15.712291],[79.53122,15.712369],[79.531618,15.712239],[79.531532,15.712111],[79.531183,15.712291]]]},"properties":{"lp":"362","ac":"0.141","chaltha":"362"}},{"type":"Feature","geometry":{"type":"Polygon","coordinates":[[[79.531122,15.712162],[79.531175,15.712274],[79.531183,15.712291],[79.531532,15.712111],[79.531519,15.712091],[79.531297,15.711995],[79.531122,15.712162]]]},"properties":{"lp":"363","ac":"0.174","chaltha":"363"}},{"type":"Feature","geometry":{"type":"Polygon","coordinates":[[[79.53063,15.711692],[79.530609,15.711996],[79.530957,15.711893],[79.530806,15.7118],[79.53063,15.711692]]]},"properties":{"lp":"708","ac":"0.152","chaltha":"708"}},{"type":"Feature","geometry":{"type":"Polygon","coordinates":[[[79.530957,15.711893],[79.531162,15.711846],[79.531237,15.711928],[79.531297,15.711995],[79.531519,15.712091],[79.531532,15.712111],[79.531618,15.712239],[79.531375,15.711751],[79.531595,15.711668],[79.531438,15.711538],[79.530806,15.7118],[79.530957,15.711893]]]},"properties":{"lp":"364","ac":"0.51","chaltha":"364"}},{"type":"Feature","geometry":{"type":"Polygon","coordinates":[[[79.531284,15.711411],[79.53103,15.7112],[79.530854,15.711314],[79.530948,15.711564],[79.531284,15.711411]]]},"properties":{"lp":"366","ac":"0.241","chaltha":"366"}},{"type":"Feature","geometry":{"type":"Polygon","coordinates":[[[79.53057,15.711498],[79.530288,15.711737],[79.530179,15.712007],[79.530404,15.711848],[79.53063,15.711692],[79.53057,15.711498]]]},"properties":{"lp":"367","ac":"0.228","chaltha":"367"}},{"type":"Feature","geometry":{"type":"Polygon","coordinates":[[[79.53063,15.711692],[79.530806,15.7118],[79.531438,15.711538],[79.531284,15.711411],[79.530948,15.711564],[79.530854,15.711314],[79.53057,15.711498],[79.53063,15.711692]]]},"properties":{"lp":"365","ac":"0.575","chaltha":"365"}},{"type":"Feature","geometry":{"type":"Polygon","coordinates":[[[79.546618,15.692591],[79.546493,15.692353],[79.54606,15.692581],[79.546246,15.692775],[79.546521,15.692639],[79.546618,15.692591]]]},"properties":{"lp":"1432","ac":"0.349","chaltha":"1432"}},{"type":"Feature","geometry":{"type":"Polygon","coordinates":[[[79.533435,15.712631],[79.533419,15.712478],[79.533306,15.71248],[79.533239,15.712206],[79.532981,15.712248],[79.532971,15.712528],[79.53292,15.712517],[79.532951,15.712681],[79.532971,15.712712],[79.533435,15.712631]]]},"properties":{"lp":"315","ac":"0.495","chaltha":"315"}},{"type":"Feature","geometry":{"type":"Polygon","coordinates":[[[79.532799,15.711938],[79.53258,15.711978],[79.532636,15.712272],[79.532806,15.71224],[79.532798,15.71206],[79.532799,15.711938]]]},"properties":{"lp":"324","ac":"0.171","chaltha":"324"}},{"type":"Feature","geometry":{"type":"Polygon","coordinates":[[[79.533045,15.711426],[79.533046,15.711432],[79.533049,15.711442],[79.533362,15.71139],[79.533466,15.711253],[79.533522,15.71118],[79.533543,15.711104],[79.533,15.711244],[79.533045,15.711426]]]},"properties":{"lp":"322","ac":"0.296","chaltha":"322"}},{"type":"Feature","geometry":{"type":"Polygon","coordinates":[[[79.531873,15.711121],[79.531896,15.711753],[79.532122,15.711735],[79.532086,15.711396],[79.53225,15.711366],[79.532224,15.711163],[79.532056,15.711232],[79.532055,15.711272],[79.531873,15.711121]]]},"properties":{"lp":"333","ac":"0.422","chaltha":"333"}},{"type":"Feature","geometry":{"type":"Polygon","coordinates":[[[79.53909,15.70403],[79.539822,15.703915],[79.54045,15.703817],[79.540392,15.703599],[79.539354,15.703765],[79.53909,15.70403]]]},"properties":{"lp":"1164","ac":"0.793","chaltha":"1164"}},{"type":"Feature","geometry":{"type":"Polygon","coordinates":[[[79.539354,15.703765],[79.540392,15.703599],[79.540311,15.703297],[79.539597,15.703416],[79.539428,15.70369],[79.539354,15.703765]]]},"properties":{"lp":"1165","ac":"0.79","chaltha":"1165"}},{"type":"Feature","geometry":{"type":"Polygon","coordinates":[[[79.539597,15.703416],[79.540311,15.703297],[79.540117,15.702574],[79.539597,15.703416]]]},"properties":{"lp":"1166","ac":"0.79","chaltha":"1166"}},{"type":"Feature","geometry":{"type":"Polygon","coordinates":[[[79.535949,15.702278],[79.535883,15.701881],[79.53586,15.701734],[79.535272,15.701867],[79.53539,15.702389],[79.535949,15.702278]]]},"properties":{"lp":"937","ac":"0.931","chaltha":"937"}},{"type":"Feature","geometry":{"type":"Polygon","coordinates":[[[79.534217,15.702621],[79.535332,15.7024],[79.53539,15.702389],[79.535272,15.701867],[79.535218,15.701879],[79.534452,15.702053],[79.534074,15.702139],[79.534217,15.702621]]]},"properties":{"lp":"938","ac":"1.841","chaltha":"938"}},{"type":"Feature","geometry":{"type":"Polygon","coordinates":[[[79.523247,15.708509],[79.523392,15.708465],[79.523698,15.708962],[79.524141,15.708859],[79.524422,15.709218],[79.524749,15.709162],[79.524309,15.708177],[79.523885,15.708101],[79.523824,15.707933],[79.523076,15.707732],[79.523247,15.708509]]]},"properties":{"lp":"495","ac":"3.414","chaltha":"495"}},{"type":"Feature","geometry":{"type":"Polygon","coordinates":[[[79.528226,15.704138],[79.527662,15.704287],[79.52809,15.705256],[79.529344,15.704992],[79.528226,15.704138]]]},"properties":{"lp":"593","ac":"2.895","chaltha":"593"}},{"type":"Feature","geometry":{"type":"Polygon","coordinates":[[[79.527028,15.703587],[79.527295,15.704396],[79.527662,15.704287],[79.528226,15.704138],[79.527793,15.703828],[79.527403,15.703479],[79.527028,15.703587]]]},"properties":{"lp":"595","ac":"1.642","chaltha":"595"}},{"type":"Feature","geometry":{"type":"Polygon","coordinates":[[[79.515407,15.687522],[79.51556,15.687945],[79.515646,15.688181],[79.516289,15.687965],[79.516286,15.687957],[79.516042,15.687381],[79.515407,15.687522]]]},"properties":{"lp":"2552","ac":"1.291","chaltha":"2552"}},{"type":"Feature","geometry":{"type":"Polygon","coordinates":[[[79.515868,15.688794],[79.516529,15.688531],[79.516289,15.687965],[79.515646,15.688181],[79.51572,15.688385],[79.515868,15.688794]]]},"properties":{"lp":"2551","ac":"1.29","chaltha":"2551"}},{"type":"Feature","geometry":{"type":"Polygon","coordinates":[[[79.5397,15.712045],[79.539477,15.711527],[79.539056,15.711546],[79.539057,15.712055],[79.539437,15.712075],[79.5397,15.712045]]]},"properties":{"lp":"247","ac":"0.829","chaltha":"247"}},{"type":"Feature","geometry":{"type":"Polygon","coordinates":[[[79.538732,15.711535],[79.538719,15.711853],[79.538866,15.711853],[79.538872,15.711541],[79.538732,15.711535]]]},"properties":{"lp":"250","ac":"0.133","chaltha":"250"}},{"type":"Feature","geometry":{"type":"Polygon","coordinates":[[[79.541843,15.708709],[79.541236,15.70885],[79.541421,15.709552],[79.541801,15.709298],[79.541944,15.709197],[79.541843,15.708709]]]},"properties":{"lp":"1111","ac":"1.092","chaltha":"1111"}},{"type":"Feature","geometry":{"type":"Polygon","coordinates":[[[79.538467,15.707308],[79.538667,15.707267],[79.538597,15.706603],[79.539728,15.706361],[79.539833,15.706296],[79.53997,15.705742],[79.538685,15.705991],[79.538671,15.705946],[79.537741,15.706122],[79.537277,15.706945],[79.537245,15.707071],[79.537113,15.707586],[79.537325,15.707542],[79.537631,15.707479],[79.537951,15.707414],[79.538467,15.707308]]]},"properties":{"lp":"1159","ac":"7.085","chaltha":"1159"}},{"type":"Feature","geometry":{"type":"Polygon","coordinates":[[[79.532111,15.695441],[79.532213,15.695776],[79.53279,15.695633],[79.532702,15.69527],[79.532111,15.695441]]]},"properties":{"lp":"2312","ac":"0.641","chaltha":"2312"}},{"type":"Feature","geometry":{"type":"Polygon","coordinates":[[[79.524475,15.690889],[79.523708,15.691108],[79.523857,15.691591],[79.524119,15.692439],[79.524121,15.692399],[79.52414,15.692022],[79.525009,15.691791],[79.524652,15.690836],[79.524475,15.690889]]]},"properties":{"lp":"2425","ac":"3.063","chaltha":"2425"}},{"type":"Feature","geometry":{"type":"Polygon","coordinates":[[[79.530446,15.711411],[79.530802,15.711219],[79.530595,15.710869],[79.530473,15.710907],[79.53043,15.711149],[79.530446,15.711411]]]},"properties":{"lp":"452","ac":"0.352","chaltha":"452"}},{"type":"Feature","geometry":{"type":"Polygon","coordinates":[[[79.532338,15.705643],[79.532449,15.705606],[79.532791,15.705132],[79.532804,15.705071],[79.532249,15.705179],[79.532338,15.705643]]]},"properties":{"lp":"743","ac":"0.48","chaltha":"743"}},{"type":"Feature","geometry":{"type":"Polygon","coordinates":[[[79.531546,15.704277],[79.532027,15.704806],[79.532931,15.704501],[79.533103,15.703724],[79.532297,15.704027],[79.531546,15.704277]]]},"properties":{"lp":"746","ac":"2.511","chaltha":"746"}},{"type":"Feature","geometry":{"type":"Polygon","coordinates":[[[79.546298,15.693553],[79.546175,15.693579],[79.546062,15.693603],[79.545983,15.693619],[79.545909,15.693635],[79.545799,15.693658],[79.545863,15.693815],[79.54644,15.69365],[79.546387,15.693534],[79.546298,15.693553]]]},"properties":{"lp":"1363","ac":"0.257","chaltha":"1363"}},{"type":"Feature","geometry":{"type":"Polygon","coordinates":[[[79.528325,15.711841],[79.528527,15.711836],[79.528506,15.711487],[79.528503,15.711486],[79.528459,15.711471],[79.528302,15.711554],[79.528325,15.711841]]]},"properties":{"lp":"385","ac":"0.201","chaltha":"385"}},{"type":"Feature","geometry":{"type":"Polygon","coordinates":[[[79.528527,15.711836],[79.52875,15.71183],[79.528738,15.711564],[79.528506,15.711487],[79.528527,15.711836]]]},"properties":{"lp":"386","ac":"0.203","chaltha":"386"}},{"type":"Feature","geometry":{"type":"Polygon","coordinates":[[[79.528751,15.712506],[79.529119,15.712536],[79.529121,15.712467],[79.529126,15.712103],[79.529098,15.712106],[79.528765,15.712151],[79.528751,15.712506]]]},"properties":{"lp":"381","ac":"0.421","chaltha":"381"}},{"type":"Feature","geometry":{"type":"Polygon","coordinates":[[[79.529454,15.712033],[79.529204,15.712047],[79.529149,15.712065],[79.529126,15.712103],[79.529121,15.712467],[79.529474,15.712449],[79.529454,15.712033]]]},"properties":{"lp":"380","ac":"0.412","chaltha":"380"}},{"type":"Feature","geometry":{"type":"Polygon","coordinates":[[[79.529121,15.712467],[79.529119,15.712536],[79.529159,15.712872],[79.529383,15.712874],[79.529495,15.712875],[79.529474,15.712449],[79.529121,15.712467]]]},"properties":{"lp":"377","ac":"0.425","chaltha":"377"}},{"type":"Feature","geometry":{"type":"Polygon","coordinates":[[[79.523967,15.68549],[79.524037,15.685723],[79.525588,15.68533],[79.52636,15.685139],[79.526357,15.685131],[79.526279,15.684872],[79.525684,15.685028],[79.525091,15.685183],[79.524541,15.685327],[79.52399,15.685471],[79.523967,15.68549]]]},"properties":{"lp":"2356","ac":"1.864","chaltha":"2356"}},{"type":"Feature","geometry":{"type":"Polygon","coordinates":[[[79.524117,15.685989],[79.524126,15.686017],[79.524931,15.685816],[79.525211,15.68683],[79.525589,15.68673],[79.525969,15.686629],[79.525799,15.686049],[79.525674,15.685622],[79.525588,15.68533],[79.524037,15.685723],[79.524117,15.685989]]]},"properties":{"lp":"2352","ac":"3.831","chaltha":"2352"}},{"type":"Feature","geometry":{"type":"Polygon","coordinates":[[[79.546246,15.692775],[79.546625,15.69301],[79.546741,15.69299],[79.546521,15.692639],[79.546246,15.692775]]]},"properties":{"lp":"1429","ac":"0.236","chaltha":"1429"}},{"type":"Feature","geometry":{"type":"Polygon","coordinates":[[[79.546521,15.692639],[79.546741,15.69299],[79.546913,15.692961],[79.546725,15.692566],[79.546636,15.692624],[79.546618,15.692591],[79.546521,15.692639]]]},"properties":{"lp":"1430","ac":"0.235","chaltha":"1430"}},{"type":"Feature","geometry":{"type":"Polygon","coordinates":[[[79.54606,15.692581],[79.546493,15.692353],[79.546403,15.692181],[79.545925,15.692429],[79.54606,15.692581]]]},"properties":{"lp":"1433","ac":"0.294","chaltha":"1433"}},{"type":"Feature","geometry":{"type":"Polygon","coordinates":[[[79.545925,15.692429],[79.546403,15.692181],[79.546396,15.692168],[79.546325,15.692033],[79.546035,15.692154],[79.545776,15.692262],[79.545925,15.692429]]]},"properties":{"lp":"1434","ac":"0.317","chaltha":"1434"}},{"type":"Feature","geometry":{"type":"Polygon","coordinates":[[[79.545776,15.692262],[79.546035,15.692154],[79.545953,15.692023],[79.545895,15.69193],[79.545669,15.692142],[79.545776,15.692262]]]},"properties":{"lp":"1448","ac":"0.18","chaltha":"1448"}},{"type":"Feature","geometry":{"type":"Polygon","coordinates":[[[79.545895,15.69193],[79.545953,15.692023],[79.546322,15.691851],[79.546275,15.69172],[79.546174,15.691752],[79.546042,15.691793],[79.545895,15.69193]]]},"properties":{"lp":"1450","ac":"0.183","chaltha":"1450"}},{"type":"Feature","geometry":{"type":"Polygon","coordinates":[[[79.545953,15.692023],[79.546035,15.692154],[79.546325,15.692033],[79.54638,15.69201],[79.546322,15.691851],[79.545953,15.692023]]]},"properties":{"lp":"1447","ac":"0.184","chaltha":"1447"}},{"type":"Feature","geometry":{"type":"Polygon","coordinates":[[[79.545808,15.691835],[79.545754,15.691743],[79.545542,15.691786],[79.545669,15.692142],[79.545895,15.69193],[79.546042,15.691793],[79.54594,15.691825],[79.545808,15.691835]]]},"properties":{"lp":"1449","ac":"0.253","chaltha":"1449"}},{"type":"Feature","geometry":{"type":"Polygon","coordinates":[[[79.54638,15.69201],[79.546448,15.691981],[79.546508,15.691956],[79.546405,15.69168],[79.546387,15.691685],[79.54636,15.691694],[79.546275,15.69172],[79.546322,15.691851],[79.54638,15.69201]]]},"properties":{"lp":"1446","ac":"0.121","chaltha":"1446"}},{"type":"Feature","geometry":{"type":"Polygon","coordinates":[[[79.546325,15.692033],[79.546396,15.692168],[79.546513,15.692117],[79.546448,15.691981],[79.54638,15.69201],[79.546325,15.692033]]]},"properties":{"lp":"1435","ac":"0.058","chaltha":"1435"}},{"type":"Feature","geometry":{"type":"Polygon","coordinates":[[[79.546513,15.692117],[79.546396,15.692168],[79.546403,15.692181],[79.546493,15.692353],[79.546618,15.692591],[79.546636,15.692624],[79.546725,15.692566],[79.546513,15.692117]]]},"properties":{"lp":"1431","ac":"0.173","chaltha":"1431"}},{"type":"Feature","geometry":{"type":"Polygon","coordinates":[[[79.547298,15.692392],[79.547337,15.692481],[79.547422,15.692453],[79.547397,15.692355],[79.547298,15.692392]]]},"properties":{"lp":"1439","ac":"0.028","chaltha":"1439"}},{"type":"Feature","geometry":{"type":"Polygon","coordinates":[[[79.547298,15.692392],[79.54696,15.692517],[79.547152,15.692921],[79.547319,15.692892],[79.547482,15.692683],[79.547422,15.692453],[79.547337,15.692481],[79.547298,15.692392]]]},"properties":{"lp":"1438","ac":"0.508","chaltha":"1438"}},{"type":"Feature","geometry":{"type":"Polygon","coordinates":[[[79.546647,15.691898],[79.546599,15.691794],[79.54653,15.691641],[79.546405,15.69168],[79.546508,15.691956],[79.546543,15.691942],[79.546647,15.691898]]]},"properties":{"lp":"1445","ac":"0.119","chaltha":"1445"}},{"type":"Feature","geometry":{"type":"Polygon","coordinates":[[[79.549722,15.667112],[79.549161,15.665243],[79.548688,15.665312],[79.548587,15.665528],[79.548829,15.666414],[79.548577,15.667298],[79.548542,15.667422],[79.54889,15.667324],[79.549722,15.667112]]]},"properties":{"lp":"1857","ac":"4.461","chaltha":"1857"}},{"type":"Feature","geometry":{"type":"Polygon","coordinates":[[[79.549722,15.667112],[79.549876,15.667073],[79.551015,15.666782],[79.550789,15.666514],[79.550132,15.665959],[79.549612,15.66536],[79.549286,15.665225],[79.549161,15.665243],[79.549722,15.667112]]]},"properties":{"lp":"1858","ac":"4.471","chaltha":"1858"}},{"type":"Feature","geometry":{"type":"Polygon","coordinates":[[[79.543695,15.698409],[79.54406,15.698355],[79.543954,15.697789],[79.543917,15.697623],[79.543508,15.697707],[79.543391,15.698046],[79.543173,15.698485],[79.543695,15.698409]]]},"properties":{"lp":"1197","ac":"1.376","chaltha":"1197"}},{"type":"Feature","geometry":{"type":"Polygon","coordinates":[[[79.54406,15.698355],[79.545134,15.698198],[79.544974,15.697567],[79.544948,15.697573],[79.543954,15.697789],[79.54406,15.698355]]]},"properties":{"lp":"1199","ac":"1.912","chaltha":"1199"}},{"type":"Feature","geometry":{"type":"Polygon","coordinates":[[[79.546832,15.694279],[79.546756,15.694307],[79.546844,15.694427],[79.547088,15.694761],[79.547256,15.694832],[79.548137,15.694748],[79.548076,15.694642],[79.548012,15.69453],[79.547939,15.694433],[79.547861,15.69436],[79.547668,15.694434],[79.54771,15.694498],[79.547177,15.694697],[79.54709,15.694592],[79.546977,15.694455],[79.546832,15.694279]]]},"properties":{"lp":"1371","ac":"0.865","chaltha":"1371"}},{"type":"Feature","geometry":{"type":"Polygon","coordinates":[[[79.547177,15.694697],[79.54771,15.694498],[79.547668,15.694434],[79.547621,15.694377],[79.54709,15.694592],[79.547177,15.694697]]]},"properties":{"lp":"1383","ac":"0.23","chaltha":"1383"}},{"type":"Feature","geometry":{"type":"Polygon","coordinates":[[[79.54709,15.694592],[79.547621,15.694377],[79.547497,15.694225],[79.546977,15.694455],[79.54709,15.694592]]]},"properties":{"lp":"1384","ac":"0.3","chaltha":"1384"}},{"type":"Feature","geometry":{"type":"Polygon","coordinates":[[[79.54845,15.694939],[79.548747,15.694894],[79.548759,15.694822],[79.548607,15.694846],[79.548361,15.694885],[79.54845,15.694939]]]},"properties":{"lp":"1376","ac":"0.071","chaltha":"1376"}},{"type":"Feature","geometry":{"type":"Polygon","coordinates":[[[79.548137,15.694748],[79.54841,15.694688],[79.548355,15.694573],[79.548076,15.694642],[79.548137,15.694748]]]},"properties":{"lp":"1374","ac":"0.1","chaltha":"1374"}},{"type":"Feature","geometry":{"type":"Polygon","coordinates":[[[79.54841,15.694688],[79.548565,15.694656],[79.548754,15.694618],[79.548581,15.694414],[79.548306,15.69447],[79.548355,15.694573],[79.54841,15.694688]]]},"properties":{"lp":"1378","ac":"0.217","chaltha":"1378"}},{"type":"Feature","geometry":{"type":"Polygon","coordinates":[[[79.547861,15.69436],[79.547939,15.694433],[79.548216,15.69437],[79.548491,15.694309],[79.548225,15.694213],[79.54793,15.694305],[79.547861,15.69436]]]},"properties":{"lp":"1380","ac":"0.196","chaltha":"1380"}},{"type":"Feature","geometry":{"type":"Polygon","coordinates":[[[79.547939,15.694433],[79.548012,15.69453],[79.548306,15.69447],[79.548216,15.69437],[79.547939,15.694433]]]},"properties":{"lp":"1372","ac":"0.097","chaltha":"1372"}},{"type":"Feature","geometry":{"type":"Polygon","coordinates":[[[79.548012,15.69453],[79.548076,15.694642],[79.548355,15.694573],[79.548306,15.69447],[79.548012,15.69453]]]},"properties":{"lp":"1373","ac":"0.101","chaltha":"1373"}},{"type":"Feature","geometry":{"type":"Polygon","coordinates":[[[79.547256,15.694832],[79.547372,15.694843],[79.54749,15.694829],[79.547798,15.694934],[79.547801,15.695021],[79.548033,15.695038],[79.54809,15.695127],[79.548279,15.695163],[79.548488,15.695263],[79.548747,15.694894],[79.54845,15.694939],[79.548361,15.694885],[79.548137,15.694748],[79.547256,15.694832]]]},"properties":{"lp":"1292","ac":"0.843","chaltha":"1292"}},{"type":"Feature","geometry":{"type":"Polygon","coordinates":[[[79.548279,15.695163],[79.548256,15.695573],[79.54846,15.695477],[79.548488,15.695263],[79.548279,15.695163]]]},"properties":{"lp":"1293","ac":"0.189","chaltha":"1293"}},{"type":"Feature","geometry":{"type":"Polygon","coordinates":[[[79.549382,15.69476],[79.549699,15.694724],[79.549697,15.694444],[79.549436,15.694455],[79.549338,15.694668],[79.549382,15.69476]]]},"properties":{"lp":"1272","ac":"0.273","chaltha":"1272"}},{"type":"Feature","geometry":{"type":"Polygon","coordinates":[[[79.549699,15.694724],[79.549868,15.694716],[79.549986,15.694708],[79.549971,15.69455],[79.549697,15.694444],[79.549699,15.694724]]]},"properties":{"lp":"1271","ac":"0.18","chaltha":"1271"}},{"type":"Feature","geometry":{"type":"Polygon","coordinates":[[[79.549868,15.694716],[79.549881,15.69482],[79.549931,15.694893],[79.54992,15.69499],[79.550071,15.695007],[79.550116,15.694835],[79.549986,15.694708],[79.549868,15.694716]]]},"properties":{"lp":"1276","ac":"0.148","chaltha":"1276"}},{"type":"Feature","geometry":{"type":"Polygon","coordinates":[[[79.549662,15.695308],[79.54992,15.69499],[79.549931,15.694893],[79.549716,15.695053],[79.54955,15.695178],[79.549604,15.695257],[79.549662,15.695308]]]},"properties":{"lp":"1277","ac":"0.153","chaltha":"1277"}},{"type":"Feature","geometry":{"type":"Polygon","coordinates":[[[79.550116,15.694835],[79.550071,15.695007],[79.55024,15.69512],[79.550338,15.694783],[79.550116,15.694835]]]},"properties":{"lp":"1280","ac":"0.153","chaltha":"1280"}},{"type":"Feature","geometry":{"type":"Polygon","coordinates":[[[79.550071,15.695007],[79.549948,15.695558],[79.550137,15.695643],[79.550256,15.695131],[79.55024,15.69512],[79.550071,15.695007]]]},"properties":{"lp":"1279","ac":"0.329","chaltha":"1279"}},{"type":"Feature","geometry":{"type":"Polygon","coordinates":[[[79.550385,15.695199],[79.550468,15.694839],[79.550338,15.694783],[79.55024,15.69512],[79.550256,15.695131],[79.550137,15.695643],[79.550296,15.695715],[79.550413,15.695218],[79.550385,15.695199]]]},"properties":{"lp":"1281","ac":"0.42","chaltha":"1281"}},{"type":"Feature","geometry":{"type":"Polygon","coordinates":[[[79.550872,15.695465],[79.550945,15.695047],[79.550671,15.694928],[79.550588,15.69533],[79.550693,15.695392],[79.550872,15.695465]]]},"properties":{"lp":"1284","ac":"0.369","chaltha":"1284"}},{"type":"Feature","geometry":{"type":"Polygon","coordinates":[[[79.550588,15.69533],[79.550522,15.695612],[79.550643,15.695651],[79.550693,15.695392],[79.550588,15.69533]]]},"properties":{"lp":"1285","ac":"0.098","chaltha":"1285"}},{"type":"Feature","geometry":{"type":"Polygon","coordinates":[[[79.550522,15.695612],[79.550479,15.695797],[79.55046,15.695844],[79.550594,15.695903],[79.550643,15.695651],[79.550522,15.695612]]]},"properties":{"lp":"1286","ac":"0.096","chaltha":"1286"}},{"type":"Feature","geometry":{"type":"Polygon","coordinates":[[[79.551091,15.695111],[79.550986,15.695969],[79.551314,15.695918],[79.55131,15.695207],[79.551091,15.695111]]]},"properties":{"lp":"1289","ac":"0.633","chaltha":"1289"}},{"type":"Feature","geometry":{"type":"Polygon","coordinates":[[[79.551744,15.69522],[79.551675,15.695336],[79.551763,15.695384],[79.552474,15.695769],[79.552688,15.695886],[79.552669,15.696472],[79.552754,15.696513],[79.552724,15.695833],[79.551744,15.69522]]]},"properties":{"lp":"1265","ac":"0.448","chaltha":"1265"}},{"type":"Feature","geometry":{"type":"Polygon","coordinates":[[[79.517184,15.682112],[79.517128,15.682134],[79.518028,15.683405],[79.518359,15.683759],[79.518407,15.683743],[79.51823,15.683555],[79.518076,15.683392],[79.517184,15.682112]]]},"properties":{"lp":"2391","ac":"0.303","chaltha":"2391"}},{"type":"Feature","geometry":{"type":"Polygon","coordinates":[[[79.533107,15.711073],[79.533216,15.711048],[79.533148,15.710777],[79.533103,15.710793],[79.53304,15.710816],[79.533107,15.711073]]]},"properties":{"lp":"342","ac":"0.09","chaltha":"342"}},{"type":"Feature","geometry":{"type":"Polygon","coordinates":[[[79.537615,15.713154],[79.537646,15.71287],[79.537653,15.712812],[79.537393,15.712786],[79.537371,15.712784],[79.537331,15.713127],[79.537615,15.713154]]]},"properties":{"lp":"151","ac":"0.287","chaltha":"151"}},{"type":"Feature","geometry":{"type":"Polygon","coordinates":[[[79.537687,15.712472],[79.537653,15.712812],[79.537646,15.71287],[79.537748,15.712881],[79.537766,15.712701],[79.537788,15.712479],[79.537687,15.712472]]]},"properties":{"lp":"152","ac":"0.119","chaltha":"152"}},{"type":"Feature","geometry":{"type":"Polygon","coordinates":[[[79.537646,15.71287],[79.537615,15.713154],[79.537605,15.713231],[79.537709,15.71324],[79.537715,15.713195],[79.537717,15.713181],[79.537743,15.71294],[79.537743,15.712934],[79.537748,15.712881],[79.537646,15.71287]]]},"properties":{"lp":"153","ac":"0.11","chaltha":"153"}},{"type":"Feature","geometry":{"type":"Polygon","coordinates":[[[79.537605,15.713231],[79.537556,15.713621],[79.537645,15.713645],[79.537652,15.713647],[79.537684,15.713419],[79.537709,15.71324],[79.537605,15.713231]]]},"properties":{"lp":"154","ac":"0.119","chaltha":"154"}},{"type":"Feature","geometry":{"type":"Polygon","coordinates":[[[79.526804,15.678582],[79.527116,15.679638],[79.527207,15.679947],[79.527375,15.680521],[79.52761,15.680505],[79.527015,15.67855],[79.526804,15.678582]]]},"properties":{"lp":"2247","ac":"1.308","chaltha":"2247"}},{"type":"Feature","geometry":{"type":"Polygon","coordinates":[[[79.527375,15.680521],[79.52796,15.682543],[79.528173,15.682511],[79.52761,15.680505],[79.527375,15.680521]]]},"properties":{"lp":"2253","ac":"1.358","chaltha":"2253"}},{"type":"Feature","geometry":{"type":"Polygon","coordinates":[[[79.52796,15.682543],[79.528242,15.683488],[79.528446,15.683446],[79.528173,15.682511],[79.52796,15.682543]]]},"properties":{"lp":"2256","ac":"0.604","chaltha":"2256"}},{"type":"Feature","geometry":{"type":"Polygon","coordinates":[[[79.528798,15.685427],[79.528963,15.685391],[79.528726,15.684511],[79.528667,15.684072],[79.528446,15.683446],[79.528242,15.683488],[79.528382,15.683977],[79.528618,15.6848],[79.528798,15.685427]]]},"properties":{"lp":"2266","ac":"1.19","chaltha":"2266"}},{"type":"Feature","geometry":{"type":"Polygon","coordinates":[[[79.529229,15.694877],[79.529148,15.694576],[79.528158,15.694879],[79.528069,15.695164],[79.529229,15.694877]]]},"properties":{"lp":"2326","ac":"0.919","chaltha":"2326"}},{"type":"Feature","geometry":{"type":"Polygon","coordinates":[[[79.528817,15.695404],[79.529177,15.695307],[79.529333,15.695264],[79.529229,15.694877],[79.528069,15.695164],[79.528044,15.695251],[79.528257,15.695232],[79.528738,15.69519],[79.528817,15.695404]]]},"properties":{"lp":"2327","ac":"0.917","chaltha":"2327"}},{"type":"Feature","geometry":{"type":"Polygon","coordinates":[[[79.530572,15.710587],[79.531091,15.710595],[79.531124,15.710935],[79.531268,15.710972],[79.531456,15.710967],[79.531383,15.710486],[79.531104,15.710505],[79.531106,15.710476],[79.530895,15.710482],[79.530564,15.710487],[79.530553,15.710538],[79.530572,15.710587]]]},"properties":{"lp":"454","ac":"0.601","chaltha":"454"}},{"type":"Feature","geometry":{"type":"Polygon","coordinates":[[[79.530657,15.710813],[79.531124,15.710935],[79.531091,15.710595],[79.530572,15.710587],[79.530657,15.710813]]]},"properties":{"lp":"453","ac":"0.398","chaltha":"453"}},{"type":"Feature","geometry":{"type":"Polygon","coordinates":[[[79.531783,15.710441],[79.531448,15.710476],[79.531383,15.710486],[79.531456,15.710967],[79.531687,15.710922],[79.531783,15.710441]]]},"properties":{"lp":"458","ac":"0.444","chaltha":"458"}},{"type":"Feature","geometry":{"type":"Polygon","coordinates":[[[79.530564,15.710487],[79.530895,15.710482],[79.530881,15.710072],[79.530646,15.710098],[79.530564,15.710487]]]},"properties":{"lp":"455","ac":"0.33","chaltha":"455"}},{"type":"Feature","geometry":{"type":"Polygon","coordinates":[[[79.531448,15.710476],[79.531783,15.710441],[79.531878,15.70996],[79.531412,15.710012],[79.531405,15.710013],[79.531448,15.710476]]]},"properties":{"lp":"457","ac":"0.555","chaltha":"457"}},{"type":"Feature","geometry":{"type":"Polygon","coordinates":[[[79.530895,15.710482],[79.531106,15.710476],[79.531104,15.710505],[79.531383,15.710486],[79.531448,15.710476],[79.531405,15.710013],[79.530881,15.710072],[79.530895,15.710482]]]},"properties":{"lp":"456","ac":"0.706","chaltha":"456"}},{"type":"Feature","geometry":{"type":"Polygon","coordinates":[[[79.532111,15.710094],[79.532027,15.710417],[79.532136,15.710405],[79.532111,15.710094]]]},"properties":{"lp":"469","ac":"0.05","chaltha":"469"}},{"type":"Feature","geometry":{"type":"Polygon","coordinates":[[[79.53275,15.709733],[79.532671,15.709965],[79.532442,15.70998],[79.532495,15.710243],[79.5328,15.710236],[79.532823,15.709938],[79.532876,15.70993],[79.53275,15.709733]]]},"properties":{"lp":"471","ac":"0.342","chaltha":"471"}},{"type":"Feature","geometry":{"type":"Polygon","coordinates":[[[79.534819,15.711186],[79.534879,15.711357],[79.535054,15.711314],[79.535013,15.711148],[79.534819,15.711186]]]},"properties":{"lp":"265","ac":"0.097","chaltha":"265"}},{"type":"Feature","geometry":{"type":"Polygon","coordinates":[[[79.534879,15.711357],[79.534883,15.711369],[79.534904,15.711532],[79.535071,15.711488],[79.5351,15.711481],[79.535054,15.711314],[79.534879,15.711357]]]},"properties":{"lp":"266","ac":"0.097","chaltha":"266"}},{"type":"Feature","geometry":{"type":"Polygon","coordinates":[[[79.534904,15.711532],[79.534912,15.711595],[79.534945,15.711673],[79.535013,15.711891],[79.535162,15.711856],[79.535183,15.711835],[79.535071,15.711488],[79.534904,15.711532]]]},"properties":{"lp":"268","ac":"0.197","chaltha":"268"}},{"type":"Feature","geometry":{"type":"Polygon","coordinates":[[[79.536467,15.713429],[79.536452,15.713657],[79.53683,15.713808],[79.536945,15.713455],[79.536759,15.713441],[79.536669,15.71343],[79.536572,15.713436],[79.536467,15.713429]]]},"properties":{"lp":"82","ac":"0.385","chaltha":"82"}},{"type":"Feature","geometry":{"type":"Polygon","coordinates":[[[79.549962,15.697101],[79.550035,15.697274],[79.550333,15.697148],[79.550376,15.696921],[79.550203,15.696996],[79.549962,15.697101]]]},"properties":{"lp":"1249","ac":"0.216","chaltha":"1249"}},{"type":"Feature","geometry":{"type":"Polygon","coordinates":[[[79.54989,15.696928],[79.550154,15.696829],[79.550408,15.696755],[79.550417,15.696709],[79.550379,15.696586],[79.550104,15.696688],[79.549837,15.696782],[79.54989,15.696928]]]},"properties":{"lp":"1251","ac":"0.261","chaltha":"1251"}},{"type":"Feature","geometry":{"type":"Polygon","coordinates":[[[79.549837,15.696782],[79.550104,15.696688],[79.549946,15.696242],[79.549682,15.696329],[79.549837,15.696782]]]},"properties":{"lp":"1253","ac":"0.391","chaltha":"1253"}},{"type":"Feature","geometry":{"type":"Polygon","coordinates":[[[79.543144,15.671826],[79.543588,15.671727],[79.544731,15.671437],[79.544632,15.671048],[79.544631,15.671044],[79.543045,15.671395],[79.543144,15.671826]]]},"properties":{"lp":"1880","ac":"2.049","chaltha":"1880"}},{"type":"Feature","geometry":{"type":"Polygon","coordinates":[[[79.533402,15.703975],[79.53369,15.703926],[79.533641,15.703677],[79.533455,15.70371],[79.533403,15.703967],[79.533402,15.703975]]]},"properties":{"lp":"754","ac":"0.179","chaltha":"754"}},{"type":"Feature","geometry":{"type":"Polygon","coordinates":[[[79.532965,15.711152],[79.533,15.711244],[79.533543,15.711104],[79.533487,15.710981],[79.533216,15.711048],[79.533107,15.711073],[79.53304,15.710816],[79.532895,15.710868],[79.53295,15.711114],[79.532965,15.711152]]]},"properties":{"lp":"341","ac":"0.342","chaltha":"341"}},{"type":"Feature","geometry":{"type":"Polygon","coordinates":[[[79.533148,15.710777],[79.533216,15.711048],[79.533487,15.710981],[79.533289,15.710727],[79.533148,15.710777]]]},"properties":{"lp":"707","ac":"0.181","chaltha":"707"}},{"type":"Feature","geometry":{"type":"Polygon","coordinates":[[[79.538263,15.713786],[79.538613,15.713807],[79.538797,15.713818],[79.538892,15.713823],[79.538902,15.713702],[79.538911,15.713591],[79.538928,15.713389],[79.538969,15.713343],[79.538979,15.713237],[79.538515,15.713199],[79.538347,15.713185],[79.538327,15.713346],[79.538302,15.71356],[79.538263,15.713786]]]},"properties":{"lp":"179","ac":"1.083","chaltha":"179"}},{"type":"Feature","geometry":{"type":"Polygon","coordinates":[[[79.538515,15.713199],[79.538979,15.713237],[79.539144,15.71324],[79.539147,15.712956],[79.53905,15.712957],[79.539007,15.712957],[79.538547,15.712913],[79.538515,15.713199]]]},"properties":{"lp":"168","ac":"0.512","chaltha":"168"}},{"type":"Feature","geometry":{"type":"Polygon","coordinates":[[[79.545819,15.711215],[79.545864,15.711288],[79.54653,15.7111],[79.546416,15.71064],[79.545724,15.710939],[79.545446,15.711156],[79.545461,15.711269],[79.545819,15.711215]]]},"properties":{"lp":"241","ac":"1.105","chaltha":"241"}},{"type":"Feature","geometry":{"type":"Polygon","coordinates":[[[79.546145,15.711767],[79.546331,15.711712],[79.54654,15.71165],[79.546659,15.711615],[79.546628,15.711487],[79.54653,15.7111],[79.545864,15.711288],[79.546134,15.711727],[79.546145,15.711767]]]},"properties":{"lp":"240","ac":"0.954","chaltha":"240"}},{"type":"Feature","geometry":{"type":"Polygon","coordinates":[[[79.546981,15.711498],[79.547342,15.711565],[79.54755,15.710864],[79.547239,15.710909],[79.546847,15.710965],[79.546959,15.71141],[79.546981,15.711498]]]},"properties":{"lp":"236","ac":"0.959","chaltha":"236"}},{"type":"Feature","geometry":{"type":"Polygon","coordinates":[[[79.529842,15.702456],[79.530102,15.702918],[79.530201,15.703095],[79.531333,15.702748],[79.531263,15.702505],[79.531139,15.702069],[79.529842,15.702456]]]},"properties":{"lp":"774","ac":"2.641","chaltha":"774"}},{"type":"Feature","geometry":{"type":"Polygon","coordinates":[[[79.530222,15.703133],[79.531082,15.702869],[79.531087,15.702867],[79.531118,15.702858],[79.531119,15.702858],[79.531344,15.702788],[79.531916,15.702613],[79.531979,15.702876],[79.533022,15.702572],[79.532923,15.702034],[79.531263,15.702505],[79.531333,15.702748],[79.530201,15.703095],[79.530222,15.703133]]]},"properties":{"lp":"775","ac":"2.425","chaltha":"775"}},{"type":"Feature","geometry":{"type":"Polygon","coordinates":[[[79.531263,15.702505],[79.532923,15.702034],[79.53283,15.701524],[79.532104,15.701782],[79.53118,15.702057],[79.531139,15.702069],[79.531263,15.702505]]]},"properties":{"lp":"776","ac":"2.424","chaltha":"776"}},{"type":"Feature","geometry":{"type":"Polygon","coordinates":[[[79.529859,15.699339],[79.530026,15.699839],[79.530187,15.700321],[79.530932,15.700038],[79.530652,15.699093],[79.529859,15.699339]]]},"properties":{"lp":"794","ac":"2.406","chaltha":"794"}},{"type":"Feature","geometry":{"type":"Polygon","coordinates":[[[79.529854,15.69934],[79.528612,15.699724],[79.528898,15.700249],[79.530026,15.699839],[79.529859,15.699339],[79.529854,15.69934]]]},"properties":{"lp":"793","ac":"2.049","chaltha":"793"}},{"type":"Feature","geometry":{"type":"Polygon","coordinates":[[[79.530187,15.700321],[79.530026,15.699839],[79.528898,15.700249],[79.528949,15.700344],[79.529119,15.700726],[79.530187,15.700321]]]},"properties":{"lp":"792","ac":"1.765","chaltha":"792"}},{"type":"Feature","geometry":{"type":"Polygon","coordinates":[[[79.530493,15.695702],[79.530863,15.695583],[79.530829,15.69544],[79.530699,15.694893],[79.530304,15.695001],[79.530493,15.695702]]]},"properties":{"lp":"2328","ac":"0.839","chaltha":"2328"}},{"type":"Feature","geometry":{"type":"Polygon","coordinates":[[[79.527765,15.695387],[79.527405,15.69635],[79.528152,15.696458],[79.527765,15.695387]]]},"properties":{"lp":"2331","ac":"1.11","chaltha":"2331"}},{"type":"Feature","geometry":{"type":"Polygon","coordinates":[[[79.528044,15.695251],[79.527776,15.695358],[79.527765,15.695387],[79.528152,15.696458],[79.528624,15.696305],[79.528257,15.695232],[79.528044,15.695251]]]},"properties":{"lp":"2330","ac":"1.726","chaltha":"2330"}},{"type":"Feature","geometry":{"type":"Polygon","coordinates":[[[79.528624,15.696305],[79.529088,15.696156],[79.528817,15.695404],[79.528738,15.69519],[79.528257,15.695232],[79.528624,15.696305]]]},"properties":{"lp":"2329","ac":"1.515","chaltha":"2329"}},{"type":"Feature","geometry":{"type":"Polygon","coordinates":[[[79.539904,15.680034],[79.539802,15.679379],[79.5397,15.678717],[79.539465,15.678739],[79.539096,15.678773],[79.539246,15.680117],[79.539904,15.680034]]]},"properties":{"lp":"1984","ac":"2.495","chaltha":"1984"}},{"type":"Feature","geometry":{"type":"Polygon","coordinates":[[[79.539904,15.680034],[79.540582,15.679948],[79.54047,15.679296],[79.539802,15.679379],[79.539904,15.680034]]]},"properties":{"lp":"1982","ac":"1.315","chaltha":"1982"}},{"type":"Feature","geometry":{"type":"Polygon","coordinates":[[[79.539802,15.679379],[79.54047,15.679296],[79.540359,15.678654],[79.540195,15.678672],[79.539818,15.678707],[79.5397,15.678717],[79.539802,15.679379]]]},"properties":{"lp":"1983","ac":"1.287","chaltha":"1983"}},{"type":"Feature","geometry":{"type":"Polygon","coordinates":[[[79.526141,15.69606],[79.525798,15.695647],[79.525035,15.695952],[79.525075,15.696031],[79.525374,15.696618],[79.525555,15.696972],[79.525488,15.697456],[79.526252,15.696979],[79.526291,15.696458],[79.526141,15.69606]]]},"properties":{"lp":"650","ac":"3.756","chaltha":"650"}},{"type":"Feature","geometry":{"type":"Polygon","coordinates":[[[79.522396,15.699926],[79.522055,15.700074],[79.522007,15.700313],[79.522037,15.700866],[79.522714,15.700676],[79.522579,15.7005],[79.522772,15.700386],[79.522396,15.699926]]]},"properties":{"lp":"616","ac":"1.4","chaltha":"616"}},{"type":"Feature","geometry":{"type":"Polygon","coordinates":[[[79.522037,15.700866],[79.522212,15.70119],[79.522423,15.701304],[79.522377,15.702076],[79.522465,15.702315],[79.523197,15.70209],[79.52331,15.701944],[79.523381,15.700995],[79.523394,15.700815],[79.523273,15.700637],[79.522714,15.700676],[79.522037,15.700866]]]},"properties":{"lp":"615","ac":"4.506","chaltha":"615"}},{"type":"Feature","geometry":{"type":"Polygon","coordinates":[[[79.523381,15.700995],[79.523543,15.70088],[79.523394,15.700815],[79.523381,15.700995]]]},"properties":{"lp":"675","ac":"0.041","chaltha":"675"}},{"type":"Feature","geometry":{"type":"Polygon","coordinates":[[[79.523396,15.700678],[79.523641,15.700811],[79.524141,15.700457],[79.523794,15.700604],[79.523396,15.700678]]]},"properties":{"lp":"677","ac":"0.177","chaltha":"677"}},{"type":"Feature","geometry":{"type":"Polygon","coordinates":[[[79.521954,15.702607],[79.522403,15.703324],[79.522712,15.703297],[79.523039,15.703053],[79.523593,15.702379],[79.524805,15.701584],[79.524828,15.701461],[79.525196,15.700485],[79.524141,15.700457],[79.523641,15.700811],[79.523543,15.70088],[79.523381,15.700995],[79.52331,15.701944],[79.523197,15.70209],[79.522465,15.702315],[79.521954,15.702607]]]},"properties":{"lp":"613","ac":"10.085","chaltha":"613"}},{"type":"Feature","geometry":{"type":"Polygon","coordinates":[[[79.525445,15.700096],[79.525397,15.699956],[79.525493,15.699772],[79.525475,15.699536],[79.525416,15.698717],[79.525701,15.698633],[79.525995,15.697598],[79.526738,15.697256],[79.526291,15.696458],[79.526252,15.696979],[79.525488,15.697456],[79.525193,15.698508],[79.524781,15.698701],[79.524355,15.699923],[79.524141,15.700457],[79.525196,15.700485],[79.52554,15.700372],[79.525445,15.700096]]]},"properties":{"lp":"683","ac":"8.513","chaltha":"683"}},{"type":"Feature","geometry":{"type":"Polygon","coordinates":[[[79.534898,15.704804],[79.534923,15.705214],[79.536222,15.704915],[79.536204,15.70477],[79.536085,15.703815],[79.535644,15.703904],[79.534674,15.704137],[79.534898,15.704804]]]},"properties":{"lp":"942","ac":"4.411","chaltha":"942"}},{"type":"Feature","geometry":{"type":"Polygon","coordinates":[[[79.534923,15.705214],[79.534957,15.705783],[79.536295,15.705498],[79.536222,15.704915],[79.534923,15.705214]]]},"properties":{"lp":"943","ac":"2.274","chaltha":"943"}},{"type":"Feature","geometry":{"type":"Polygon","coordinates":[[[79.524427,15.695516],[79.524329,15.69526],[79.524222,15.694978],[79.524009,15.69506],[79.523765,15.694479],[79.523347,15.694641],[79.52374,15.695736],[79.523945,15.69567],[79.524427,15.695516]]]},"properties":{"lp":"644","ac":"2.02","chaltha":"644"}},{"type":"Feature","geometry":{"type":"Polygon","coordinates":[[[79.52374,15.695736],[79.523347,15.694641],[79.522824,15.694843],[79.522925,15.695153],[79.523207,15.695906],[79.52374,15.695736]]]},"properties":{"lp":"643","ac":"1.901","chaltha":"643"}},{"type":"Feature","geometry":{"type":"Polygon","coordinates":[[[79.539177,15.699167],[79.54033,15.698904],[79.540247,15.698543],[79.539081,15.698776],[79.539154,15.699072],[79.539177,15.699167]]]},"properties":{"lp":"973","ac":"1.345","chaltha":"973"}},{"type":"Feature","geometry":{"type":"Polygon","coordinates":[[[79.540247,15.698543],[79.54017,15.698206],[79.54016,15.698164],[79.538997,15.698392],[79.539036,15.698593],[79.539081,15.698776],[79.540247,15.698543]]]},"properties":{"lp":"974","ac":"1.363","chaltha":"974"}},{"type":"Feature","geometry":{"type":"Polygon","coordinates":[[[79.538997,15.698392],[79.54016,15.698164],[79.540074,15.697788],[79.539358,15.697916],[79.538922,15.697994],[79.538997,15.698392]]]},"properties":{"lp":"975","ac":"1.364","chaltha":"975"}},{"type":"Feature","geometry":{"type":"Polygon","coordinates":[[[79.538922,15.697994],[79.538464,15.698076],[79.538567,15.698677],[79.539036,15.698593],[79.538997,15.698392],[79.538922,15.697994]]]},"properties":{"lp":"976","ac":"0.841","chaltha":"976"}},{"type":"Feature","geometry":{"type":"Polygon","coordinates":[[[79.538464,15.698076],[79.538311,15.698103],[79.538302,15.698105],[79.538041,15.698151],[79.538106,15.69876],[79.538155,15.698752],[79.538163,15.69875],[79.538567,15.698677],[79.538464,15.698076]]]},"properties":{"lp":"977","ac":"0.804","chaltha":"977"}},{"type":"Feature","geometry":{"type":"Polygon","coordinates":[[[79.537632,15.698846],[79.538106,15.69876],[79.538041,15.698151],[79.537632,15.698225],[79.537632,15.698846]]]},"properties":{"lp":"978","ac":"0.802","chaltha":"978"}},{"type":"Feature","geometry":{"type":"Polygon","coordinates":[[[79.535631,15.711871],[79.535455,15.712039],[79.535369,15.712272],[79.535368,15.712386],[79.535611,15.712378],[79.535604,15.712483],[79.536212,15.712467],[79.53618,15.712266],[79.536182,15.712259],[79.535723,15.712276],[79.535664,15.712279],[79.535631,15.711871]]]},"properties":{"lp":"99","ac":"0.645","chaltha":"99"}},{"type":"Feature","geometry":{"type":"Polygon","coordinates":[[[79.532918,15.710533],[79.532927,15.710559],[79.533056,15.71052],[79.532847,15.710332],[79.532918,15.710533]]]},"properties":{"lp":"466","ac":"0.047","chaltha":"466"}},{"type":"Feature","geometry":{"type":"Polygon","coordinates":[[[79.532927,15.710559],[79.532953,15.71064],[79.532968,15.7107],[79.533177,15.71063],[79.533056,15.71052],[79.532927,15.710559]]]},"properties":{"lp":"465","ac":"0.075","chaltha":"465"}},{"type":"Feature","geometry":{"type":"Polygon","coordinates":[[[79.543794,15.710134],[79.543745,15.709714],[79.543698,15.709314],[79.543653,15.708937],[79.543048,15.708974],[79.54322,15.710205],[79.543638,15.710154],[79.543794,15.710134]]]},"properties":{"lp":"1108","ac":"2.123","chaltha":"1108"}},{"type":"Feature","geometry":{"type":"Polygon","coordinates":[[[79.543698,15.709314],[79.543745,15.709714],[79.544923,15.709578],[79.544967,15.709212],[79.544969,15.709197],[79.543698,15.709314]]]},"properties":{"lp":"1106","ac":"1.401","chaltha":"1106"}},{"type":"Feature","geometry":{"type":"Polygon","coordinates":[[[79.543698,15.709314],[79.544969,15.709197],[79.545016,15.708813],[79.544426,15.708889],[79.543679,15.708935],[79.543653,15.708937],[79.543698,15.709314]]]},"properties":{"lp":"1105","ac":"1.424","chaltha":"1105"}},{"type":"Feature","geometry":{"type":"Polygon","coordinates":[[[79.530685,15.70596],[79.530692,15.705966],[79.531088,15.706279],[79.531766,15.706829],[79.531611,15.70608],[79.531435,15.705681],[79.531345,15.705565],[79.530976,15.705786],[79.530685,15.70596]]]},"properties":{"lp":"720","ac":"1.655","chaltha":"720"}},{"type":"Feature","geometry":{"type":"Polygon","coordinates":[[[79.529477,15.705005],[79.530685,15.70596],[79.530976,15.705786],[79.530059,15.704825],[79.529702,15.704935],[79.529536,15.704986],[79.529477,15.705005]]]},"properties":{"lp":"718","ac":"1.777","chaltha":"718"}},{"type":"Feature","geometry":{"type":"Polygon","coordinates":[[[79.530976,15.705786],[79.531345,15.705565],[79.530633,15.704649],[79.530133,15.704803],[79.530059,15.704825],[79.530976,15.705786]]]},"properties":{"lp":"719","ac":"1.772","chaltha":"719"}},{"type":"Feature","geometry":{"type":"Polygon","coordinates":[[[79.551116,15.686746],[79.550793,15.686845],[79.550484,15.68694],[79.549009,15.687392],[79.549058,15.687783],[79.549086,15.688008],[79.549088,15.688021],[79.549837,15.687833],[79.55128,15.68747],[79.551958,15.6873],[79.551894,15.686949],[79.551809,15.686533],[79.551116,15.686746]]]},"properties":{"lp":"1557","ac":"6.068","chaltha":"1557"}},{"type":"Feature","geometry":{"type":"Polygon","coordinates":[[[79.551958,15.6873],[79.55128,15.68747],[79.551419,15.6882],[79.551802,15.688116],[79.552098,15.68806],[79.552005,15.687552],[79.551958,15.6873]]]},"properties":{"lp":"1560","ac":"1.54","chaltha":"1560"}},{"type":"Feature","geometry":{"type":"Polygon","coordinates":[[[79.55128,15.68747],[79.549837,15.687833],[79.54998,15.688503],[79.550217,15.688452],[79.551072,15.688276],[79.551419,15.6882],[79.55128,15.68747]]]},"properties":{"lp":"1559","ac":"3.096","chaltha":"1559"}},{"type":"Feature","geometry":{"type":"Polygon","coordinates":[[[79.549088,15.688021],[79.549114,15.688232],[79.549127,15.688331],[79.54917,15.688675],[79.54998,15.688503],[79.549837,15.687833],[79.549088,15.688021]]]},"properties":{"lp":"1558","ac":"1.571","chaltha":"1558"}},{"type":"Feature","geometry":{"type":"Polygon","coordinates":[[[79.54715,15.68409],[79.547854,15.683975],[79.548081,15.683938],[79.548017,15.68276],[79.547166,15.682906],[79.54715,15.68409]]]},"properties":{"lp":"1610","ac":"3.096","chaltha":"1610"}},{"type":"Feature","geometry":{"type":"Polygon","coordinates":[[[79.548081,15.683938],[79.548535,15.683864],[79.548486,15.682679],[79.548017,15.68276],[79.548081,15.683938]]]},"properties":{"lp":"1611","ac":"1.61","chaltha":"1611"}},{"type":"Feature","geometry":{"type":"Polygon","coordinates":[[[79.548762,15.683827],[79.549082,15.683036],[79.549014,15.682589],[79.548486,15.682679],[79.548535,15.683864],[79.548762,15.683827]]]},"properties":{"lp":"1612","ac":"1.61","chaltha":"1612"}},{"type":"Feature","geometry":{"type":"Polygon","coordinates":[[[79.515167,15.685472],[79.516688,15.685078],[79.516666,15.685013],[79.51664,15.684937],[79.515123,15.685342],[79.515167,15.685472]]]},"properties":{"lp":"2525","ac":"0.656","chaltha":"2525"}},{"type":"Feature","geometry":{"type":"Polygon","coordinates":[[[79.515123,15.685342],[79.51664,15.684937],[79.51662,15.684877],[79.515099,15.685267],[79.515123,15.685342]]]},"properties":{"lp":"2524","ac":"0.327","chaltha":"2524"}},{"type":"Feature","geometry":{"type":"Polygon","coordinates":[[[79.51662,15.684877],[79.516598,15.684809],[79.515977,15.684969],[79.515077,15.685202],[79.515085,15.685226],[79.515099,15.685267],[79.51662,15.684877]]]},"properties":{"lp":"2523","ac":"0.321","chaltha":"2523"}},{"type":"Feature","geometry":{"type":"Polygon","coordinates":[[[79.51481,15.684401],[79.515077,15.685202],[79.515977,15.684969],[79.515533,15.683918],[79.514756,15.684276],[79.51481,15.684401]]]},"properties":{"lp":"2526","ac":"2.748","chaltha":"2526"}},{"type":"Feature","geometry":{"type":"Polygon","coordinates":[[[79.536115,15.706688],[79.53623,15.70625],[79.536295,15.705498],[79.534957,15.705783],[79.534965,15.705915],[79.535352,15.706878],[79.536115,15.706688]]]},"properties":{"lp":"944","ac":"3.738","chaltha":"944"}},{"type":"Feature","geometry":{"type":"Polygon","coordinates":[[[79.535443,15.707082],[79.535852,15.706997],[79.536115,15.706688],[79.535352,15.706878],[79.535443,15.707082]]]},"properties":{"lp":"945","ac":"0.405","chaltha":"945"}},{"type":"Feature","geometry":{"type":"Polygon","coordinates":[[[79.531742,15.711014],[79.531368,15.7111],[79.531587,15.711516],[79.531715,15.711586],[79.531742,15.711014]]]},"properties":{"lp":"346","ac":"0.367","chaltha":"346"}},{"type":"Feature","geometry":{"type":"Polygon","coordinates":[[[79.521467,15.686362],[79.521264,15.686429],[79.521429,15.686992],[79.521604,15.68693],[79.521625,15.686921],[79.521467,15.686362]]]},"properties":{"lp":"2406","ac":"0.361","chaltha":"2406"}},{"type":"Feature","geometry":{"type":"Polygon","coordinates":[[[79.520323,15.68718],[79.520465,15.687337],[79.521429,15.686992],[79.521264,15.686429],[79.520132,15.686803],[79.520323,15.68718]]]},"properties":{"lp":"2407","ac":"1.981","chaltha":"2407"}},{"type":"Feature","geometry":{"type":"Polygon","coordinates":[[[79.536748,15.680282],[79.536759,15.680367],[79.537586,15.680249],[79.537842,15.680212],[79.538114,15.680173],[79.538362,15.680138],[79.53907,15.680037],[79.539013,15.679375],[79.537366,15.679649],[79.536676,15.679764],[79.53668,15.679789],[79.536683,15.679811],[79.536748,15.680282]]]},"properties":{"lp":"2138","ac":"4.38","chaltha":"2138"}},{"type":"Feature","geometry":{"type":"Polygon","coordinates":[[[79.53683,15.680928],[79.537667,15.680869],[79.537586,15.680249],[79.536759,15.680367],[79.53683,15.680928]]]},"properties":{"lp":"2133","ac":"1.46","chaltha":"2133"}},{"type":"Feature","geometry":{"type":"Polygon","coordinates":[[[79.538422,15.680815],[79.53912,15.680766],[79.539079,15.680138],[79.53907,15.680037],[79.538362,15.680138],[79.538422,15.680815]]]},"properties":{"lp":"2137","ac":"1.463","chaltha":"2137"}},{"type":"Feature","geometry":{"type":"Polygon","coordinates":[[[79.537667,15.680869],[79.537944,15.680849],[79.537842,15.680212],[79.537586,15.680249],[79.537667,15.680869]]]},"properties":{"lp":"2134","ac":"0.499","chaltha":"2134"}},{"type":"Feature","geometry":{"type":"Polygon","coordinates":[[[79.537944,15.680849],[79.538178,15.680833],[79.538114,15.680173],[79.537842,15.680212],[79.537944,15.680849]]]},"properties":{"lp":"2135","ac":"0.487","chaltha":"2135"}},{"type":"Feature","geometry":{"type":"Polygon","coordinates":[[[79.538178,15.680833],[79.538422,15.680815],[79.538362,15.680138],[79.538114,15.680173],[79.538178,15.680833]]]},"properties":{"lp":"2136","ac":"0.487","chaltha":"2136"}},{"type":"Feature","geometry":{"type":"Polygon","coordinates":[[[79.527747,15.711132],[79.527757,15.71155],[79.527759,15.711562],[79.528039,15.711557],[79.528017,15.711151],[79.527984,15.711146],[79.527942,15.71114],[79.527869,15.711129],[79.527747,15.711132]]]},"properties":{"lp":"405","ac":"0.341","chaltha":"405"}},{"type":"Feature","geometry":{"type":"Polygon","coordinates":[[[79.528187,15.711176],[79.528017,15.711151],[79.528039,15.711557],[79.527759,15.711562],[79.527757,15.71155],[79.527496,15.711553],[79.527542,15.711904],[79.527903,15.711873],[79.528325,15.711841],[79.528302,15.711554],[79.528459,15.711471],[79.528187,15.711176]]]},"properties":{"lp":"406","ac":"1.086","chaltha":"406"}},{"type":"Feature","geometry":{"type":"Polygon","coordinates":[[[79.516014,15.683388],[79.515533,15.683918],[79.515977,15.684969],[79.516598,15.684809],[79.516503,15.684526],[79.516544,15.684514],[79.516116,15.683398],[79.516014,15.683388]]]},"properties":{"lp":"2522","ac":"2.798","chaltha":"2522"}},{"type":"Feature","geometry":{"type":"Polygon","coordinates":[[[79.529411,15.687417],[79.529405,15.687396],[79.529141,15.686444],[79.528306,15.68664],[79.528601,15.687609],[79.529411,15.687417]]]},"properties":{"lp":"2283","ac":"2.502","chaltha":"2283"}},{"type":"Feature","geometry":{"type":"Polygon","coordinates":[[[79.527781,15.687803],[79.528191,15.687706],[79.527895,15.686737],[79.527633,15.686799],[79.527479,15.686835],[79.527576,15.687126],[79.527781,15.687803]]]},"properties":{"lp":"2281","ac":"1.25","chaltha":"2281"}},{"type":"Feature","geometry":{"type":"Polygon","coordinates":[[[79.528601,15.687609],[79.528306,15.68664],[79.528,15.686712],[79.527895,15.686737],[79.528191,15.687706],[79.528601,15.687609]]]},"properties":{"lp":"2282","ac":"1.25","chaltha":"2282"}},{"type":"Feature","geometry":{"type":"Polygon","coordinates":[[[79.529653,15.687342],[79.531136,15.687024],[79.53105,15.686599],[79.530957,15.686141],[79.530857,15.685532],[79.529238,15.6858],[79.529653,15.687342]]]},"properties":{"lp":"2595","ac":"7.164","chaltha":"2595"}},{"type":"Feature","geometry":{"type":"Polygon","coordinates":[[[79.530981,15.689023],[79.531144,15.688983],[79.530891,15.688083],[79.529934,15.688296],[79.530207,15.689223],[79.530981,15.689023]]]},"properties":{"lp":"2592","ac":"2.706","chaltha":"2592"}},{"type":"Feature","geometry":{"type":"Polygon","coordinates":[[[79.525622,15.682899],[79.525938,15.682851],[79.526587,15.682752],[79.527001,15.682689],[79.527717,15.68258],[79.52796,15.682543],[79.527375,15.680521],[79.526135,15.680606],[79.525961,15.680629],[79.524912,15.680772],[79.524924,15.680841],[79.525078,15.681293],[79.525343,15.682074],[79.525472,15.682452],[79.525622,15.682899]]]},"properties":{"lp":"2252","ac":"15.355","chaltha":"2252"}},{"type":"Feature","geometry":{"type":"Polygon","coordinates":[[[79.528349,15.682484],[79.528295,15.68214],[79.528202,15.681557],[79.528151,15.681054],[79.528093,15.680471],[79.52761,15.680505],[79.528173,15.682511],[79.528349,15.682484]]]},"properties":{"lp":"2254","ac":"1.892","chaltha":"2254"}},{"type":"Feature","geometry":{"type":"Polygon","coordinates":[[[79.526398,15.711571],[79.52623,15.711575],[79.525875,15.711584],[79.525892,15.711674],[79.525918,15.711807],[79.526042,15.711864],[79.526421,15.711847],[79.526398,15.711571]]]},"properties":{"lp":"416","ac":"0.408","chaltha":"416"}},{"type":"Feature","geometry":{"type":"Polygon","coordinates":[[[79.534551,15.712537],[79.534735,15.712479],[79.534709,15.711982],[79.534607,15.71199],[79.534502,15.711999],[79.534551,15.712537]]]},"properties":{"lp":"308","ac":"0.301","chaltha":"308"}},{"type":"Feature","geometry":{"type":"Polygon","coordinates":[[[79.534759,15.712472],[79.534918,15.712184],[79.535059,15.712099],[79.535026,15.711934],[79.534952,15.711964],[79.534806,15.711975],[79.534709,15.711982],[79.534735,15.712479],[79.534759,15.712472]]]},"properties":{"lp":"307","ac":"0.291","chaltha":"307"}},{"type":"Feature","geometry":{"type":"Polygon","coordinates":[[[79.533652,15.712325],[79.533945,15.712317],[79.533917,15.712044],[79.533754,15.712057],[79.533673,15.712063],[79.533652,15.712325]]]},"properties":{"lp":"311","ac":"0.211","chaltha":"311"}},{"type":"Feature","geometry":{"type":"Polygon","coordinates":[[[79.533652,15.712325],[79.533644,15.712418],[79.53379,15.712561],[79.533984,15.71268],[79.533945,15.712317],[79.533652,15.712325]]]},"properties":{"lp":"310","ac":"0.221","chaltha":"310"}},{"type":"Feature","geometry":{"type":"Polygon","coordinates":[[[79.532954,15.706972],[79.532748,15.707007],[79.532642,15.707494],[79.532738,15.707498],[79.532837,15.707483],[79.532973,15.707061],[79.532911,15.707079],[79.532954,15.706972]]]},"properties":{"lp":"735","ac":"0.309","chaltha":"735"}},{"type":"Feature","geometry":{"type":"Polygon","coordinates":[[[79.534201,15.706928],[79.533485,15.707115],[79.533441,15.706928],[79.532973,15.707061],[79.532837,15.707483],[79.533153,15.70743],[79.53322,15.707884],[79.534151,15.707593],[79.534311,15.707357],[79.534237,15.707247],[79.534274,15.707235],[79.534281,15.707233],[79.534201,15.706928]]]},"properties":{"lp":"734","ac":"2.587","chaltha":"734"}},{"type":"Feature","geometry":{"type":"Polygon","coordinates":[[[79.527244,15.7075],[79.527312,15.70799],[79.527329,15.708108],[79.527903,15.708064],[79.527887,15.707944],[79.527842,15.707612],[79.527961,15.707609],[79.527938,15.7074],[79.527412,15.707476],[79.527244,15.7075]]]},"properties":{"lp":"567","ac":"1.141","chaltha":"567"}},{"type":"Feature","geometry":{"type":"Polygon","coordinates":[[[79.527407,15.708674],[79.528002,15.708786],[79.527964,15.70851],[79.52793,15.708257],[79.527903,15.708064],[79.527329,15.708108],[79.527407,15.708674]]]},"properties":{"lp":"566","ac":"1.094","chaltha":"566"}},{"type":"Feature","geometry":{"type":"Polygon","coordinates":[[[79.530101,15.707548],[79.529829,15.707316],[79.529342,15.7069],[79.528955,15.706624],[79.529076,15.707577],[79.529588,15.707562],[79.530043,15.707549],[79.530101,15.707548]]]},"properties":{"lp":"571","ac":"1.498","chaltha":"571"}},{"type":"Feature","geometry":{"type":"Polygon","coordinates":[[[79.527961,15.707609],[79.528264,15.7076],[79.528091,15.706208],[79.527997,15.70618],[79.527759,15.706108],[79.527838,15.706679],[79.527888,15.707044],[79.527938,15.7074],[79.527961,15.707609]]]},"properties":{"lp":"568","ac":"1.309","chaltha":"568"}},{"type":"Feature","geometry":{"type":"Polygon","coordinates":[[[79.528264,15.7076],[79.528542,15.707592],[79.529076,15.707577],[79.528955,15.706624],[79.528767,15.706491],[79.528708,15.706463],[79.528386,15.706312],[79.528293,15.706268],[79.528091,15.706208],[79.528264,15.7076]]]},"properties":{"lp":"569","ac":"2.872","chaltha":"569"}},{"type":"Feature","geometry":{"type":"Polygon","coordinates":[[[79.524911,15.705015],[79.525264,15.705219],[79.525689,15.705597],[79.526275,15.705526],[79.525594,15.705221],[79.524904,15.704794],[79.524911,15.705015]]]},"properties":{"lp":"549","ac":"0.83","chaltha":"549"}},{"type":"Feature","geometry":{"type":"Polygon","coordinates":[[[79.524933,15.705688],[79.524988,15.705682],[79.525689,15.705597],[79.525264,15.705219],[79.524911,15.705015],[79.524933,15.705688]]]},"properties":{"lp":"550","ac":"0.817","chaltha":"550"}},{"type":"Feature","geometry":{"type":"Polygon","coordinates":[[[79.520787,15.694293],[79.520866,15.694486],[79.520872,15.694502],[79.520875,15.694508],[79.522547,15.693994],[79.522541,15.693974],[79.522301,15.694033],[79.522202,15.693773],[79.52215,15.693637],[79.520695,15.694068],[79.520787,15.694293]]]},"properties":{"lp":"638","ac":"2.082","chaltha":"638"}},{"type":"Feature","geometry":{"type":"Polygon","coordinates":[[[79.520875,15.694508],[79.520879,15.69452],[79.521049,15.694899],[79.522676,15.694388],[79.522547,15.693994],[79.520875,15.694508]]]},"properties":{"lp":"639","ac":"2.125","chaltha":"639"}},{"type":"Feature","geometry":{"type":"Polygon","coordinates":[[[79.523961,15.705292],[79.524175,15.705424],[79.524155,15.705046],[79.523491,15.704995],[79.523499,15.705268],[79.523656,15.705499],[79.523961,15.705292]]]},"properties":{"lp":"554","ac":"0.704","chaltha":"554"}},{"type":"Feature","geometry":{"type":"Polygon","coordinates":[[[79.523491,15.704995],[79.524155,15.705046],[79.524138,15.704699],[79.523479,15.704613],[79.523491,15.704995]]]},"properties":{"lp":"555","ac":"0.705","chaltha":"555"}},{"type":"Feature","geometry":{"type":"Polygon","coordinates":[[[79.523479,15.704613],[79.524138,15.704699],[79.524126,15.70447],[79.52347,15.704316],[79.523479,15.704613]]]},"properties":{"lp":"556","ac":"0.502","chaltha":"556"}},{"type":"Feature","geometry":{"type":"Polygon","coordinates":[[[79.523461,15.704017],[79.52347,15.704316],[79.524126,15.70447],[79.523769,15.704322],[79.523461,15.704017]]]},"properties":{"lp":"557","ac":"0.194","chaltha":"557"}},{"type":"Feature","geometry":{"type":"Polygon","coordinates":[[[79.524911,15.705015],[79.524904,15.704794],[79.524646,15.704687],[79.524669,15.705644],[79.524824,15.705701],[79.524933,15.705688],[79.524911,15.705015]]]},"properties":{"lp":"551","ac":"0.714","chaltha":"551"}},{"type":"Feature","geometry":{"type":"Polygon","coordinates":[[[79.524669,15.705644],[79.524646,15.704687],[79.52439,15.70458],[79.524418,15.705551],[79.524669,15.705644]]]},"properties":{"lp":"552","ac":"0.708","chaltha":"552"}},{"type":"Feature","geometry":{"type":"Polygon","coordinates":[[[79.524418,15.705551],[79.52439,15.70458],[79.524126,15.70447],[79.524138,15.704699],[79.524155,15.705046],[79.524175,15.705424],[79.524326,15.705517],[79.524418,15.705551]]]},"properties":{"lp":"553","ac":"0.707","chaltha":"553"}},{"type":"Feature","geometry":{"type":"Polygon","coordinates":[[[79.51905,15.688988],[79.518887,15.689036],[79.518467,15.68916],[79.518708,15.689803],[79.51929,15.689633],[79.51905,15.688988]]]},"properties":{"lp":"2486","ac":"1.219","chaltha":"2486"}},{"type":"Feature","geometry":{"type":"Polygon","coordinates":[[[79.517528,15.690149],[79.518708,15.689803],[79.518467,15.68916],[79.518097,15.68927],[79.517709,15.689403],[79.517269,15.689552],[79.517515,15.690119],[79.517528,15.690149]]]},"properties":{"lp":"2485","ac":"2.449","chaltha":"2485"}},{"type":"Feature","geometry":{"type":"Polygon","coordinates":[[[79.519495,15.688856],[79.51905,15.688988],[79.51929,15.689633],[79.519544,15.69032],[79.519977,15.690185],[79.519495,15.688856]]]},"properties":{"lp":"2487","ac":"1.901","chaltha":"2487"}},{"type":"Feature","geometry":{"type":"Polygon","coordinates":[[[79.519977,15.690185],[79.519983,15.690183],[79.519988,15.690181],[79.520406,15.690051],[79.519946,15.68873],[79.519706,15.688794],[79.519495,15.688856],[79.519977,15.690185]]]},"properties":{"lp":"2488","ac":"1.889","chaltha":"2488"}},{"type":"Feature","geometry":{"type":"Polygon","coordinates":[[[79.518006,15.692782],[79.518077,15.692987],[79.518117,15.693101],[79.52007,15.692516],[79.519967,15.692254],[79.519947,15.692204],[79.518006,15.692782]]]},"properties":{"lp":"2478","ac":"1.997","chaltha":"2478"}},{"type":"Feature","geometry":{"type":"Polygon","coordinates":[[[79.518203,15.69335],[79.518227,15.693419],[79.520189,15.692818],[79.52007,15.692516],[79.518117,15.693101],[79.518118,15.693104],[79.518139,15.693165],[79.518203,15.69335]]]},"properties":{"lp":"2477","ac":"1.978","chaltha":"2477"}},{"type":"Feature","geometry":{"type":"Polygon","coordinates":[[[79.518264,15.693526],[79.518332,15.69372],[79.518563,15.693659],[79.518613,15.693646],[79.518994,15.693529],[79.519426,15.693396],[79.519637,15.69333],[79.519855,15.693261],[79.520309,15.693123],[79.520189,15.692818],[79.518227,15.693419],[79.518264,15.693526]]]},"properties":{"lp":"2476","ac":"1.977","chaltha":"2476"}},{"type":"Feature","geometry":{"type":"Polygon","coordinates":[[[79.523823,15.687615],[79.524184,15.688681],[79.524883,15.688519],[79.524935,15.688485],[79.524778,15.687839],[79.524592,15.687364],[79.523823,15.687615]]]},"properties":{"lp":"2413","ac":"2.756","chaltha":"2413"}},{"type":"Feature","geometry":{"type":"Polygon","coordinates":[[[79.523823,15.687615],[79.524592,15.687364],[79.524461,15.687028],[79.524341,15.686666],[79.523587,15.686914],[79.523823,15.687615]]]},"properties":{"lp":"2412","ac":"1.729","chaltha":"2412"}},{"type":"Feature","geometry":{"type":"Polygon","coordinates":[[[79.523587,15.686914],[79.524341,15.686666],[79.524126,15.686017],[79.524117,15.685989],[79.523695,15.686114],[79.52336,15.686241],[79.523587,15.686914]]]},"properties":{"lp":"2411","ac":"1.678","chaltha":"2411"}},{"type":"Feature","geometry":{"type":"Polygon","coordinates":[[[79.519669,15.683157],[79.521084,15.682736],[79.521212,15.683086],[79.521656,15.682977],[79.5221,15.682868],[79.522113,15.682865],[79.522548,15.682758],[79.522516,15.682662],[79.522095,15.681427],[79.52191,15.680851],[79.521083,15.681078],[79.520996,15.681102],[79.520232,15.681378],[79.519884,15.681505],[79.519454,15.68166],[79.518742,15.681809],[79.519194,15.683298],[79.519669,15.683157]]]},"properties":{"lp":"2383","ac":"16.758","chaltha":"2383"}},{"type":"Feature","geometry":{"type":"Polygon","coordinates":[[[79.519669,15.683157],[79.520233,15.684848],[79.520483,15.684778],[79.520749,15.684703],[79.521006,15.68463],[79.521671,15.684443],[79.521598,15.684228],[79.521468,15.683844],[79.521464,15.683831],[79.521212,15.683086],[79.521084,15.682736],[79.519669,15.683157]]]},"properties":{"lp":"2397","ac":"7.82","chaltha":"2397"}},{"type":"Feature","geometry":{"type":"Polygon","coordinates":[[[79.546416,15.71064],[79.54653,15.7111],[79.546628,15.711487],[79.546684,15.711474],[79.546784,15.711451],[79.546882,15.711428],[79.546959,15.71141],[79.546847,15.710965],[79.546741,15.710523],[79.546658,15.710535],[79.546416,15.71064]]]},"properties":{"lp":"239","ac":"0.901","chaltha":"239"}},{"type":"Feature","geometry":{"type":"Polygon","coordinates":[[[79.539258,15.71056],[79.539248,15.710681],[79.539453,15.710631],[79.539648,15.7104],[79.539648,15.710369],[79.539643,15.710186],[79.539237,15.710185],[79.539258,15.71056]]]},"properties":{"lp":"1025","ac":"0.469","chaltha":"1025"}},{"type":"Feature","geometry":{"type":"Polygon","coordinates":[[[79.538133,15.710539],[79.539258,15.71056],[79.539237,15.710185],[79.539138,15.710185],[79.538204,15.710307],[79.538133,15.710539]]]},"properties":{"lp":"1028","ac":"0.975","chaltha":"1028"}},{"type":"Feature","geometry":{"type":"Polygon","coordinates":[[[79.538732,15.711535],[79.538551,15.711529],[79.538525,15.712024],[79.538711,15.712036],[79.538862,15.712044],[79.538866,15.711853],[79.538719,15.711853],[79.538732,15.711535]]]},"properties":{"lp":"251","ac":"0.351","chaltha":"251"}},{"type":"Feature","geometry":{"type":"Polygon","coordinates":[[[79.538809,15.708542],[79.538815,15.708644],[79.538829,15.708888],[79.538851,15.709211],[79.538857,15.7093],[79.538939,15.709288],[79.539123,15.709287],[79.539049,15.708505],[79.538809,15.708542]]]},"properties":{"lp":"1071","ac":"0.575","chaltha":"1071"}},{"type":"Feature","geometry":{"type":"Polygon","coordinates":[[[79.529648,15.708955],[79.530063,15.708904],[79.530043,15.707549],[79.529588,15.707562],[79.529633,15.707909],[79.529636,15.707931],[79.529681,15.708273],[79.529648,15.708955]]]},"properties":{"lp":"577","ac":"1.628","chaltha":"577"}},{"type":"Feature","geometry":{"type":"Polygon","coordinates":[[[79.536751,15.712682],[79.536834,15.712635],[79.53684,15.712365],[79.536757,15.712354],[79.536754,15.712516],[79.536751,15.712682]]]},"properties":{"lp":"147","ac":"0.073","chaltha":"147"}},{"type":"Feature","geometry":{"type":"Polygon","coordinates":[[[79.534807,15.678912],[79.534495,15.678527],[79.533912,15.678619],[79.53387,15.678437],[79.532891,15.678643],[79.533065,15.679312],[79.533165,15.679699],[79.535145,15.679319],[79.534807,15.678912]]]},"properties":{"lp":"2193","ac":"5.342","chaltha":"2193"}},{"type":"Feature","geometry":{"type":"Polygon","coordinates":[[[79.543162,15.687255],[79.54355,15.687433],[79.543979,15.68763],[79.544311,15.687702],[79.544531,15.687749],[79.544727,15.687792],[79.545006,15.687319],[79.543803,15.687358],[79.543162,15.687255]]]},"properties":{"lp":"2065","ac":"1.301","chaltha":"2065"}},{"type":"Feature","geometry":{"type":"Polygon","coordinates":[[[79.543435,15.688122],[79.543215,15.688016],[79.543117,15.688186],[79.543265,15.688315],[79.543396,15.688348],[79.543435,15.688122]]]},"properties":{"lp":"2057","ac":"0.19","chaltha":"2057"}},{"type":"Feature","geometry":{"type":"Polygon","coordinates":[[[79.540676,15.671785],[79.540796,15.67283],[79.54145,15.672697],[79.541263,15.671669],[79.540676,15.671785]]]},"properties":{"lp":"1874","ac":"1.942","chaltha":"1874"}},{"type":"Feature","geometry":{"type":"Polygon","coordinates":[[[79.54145,15.672697],[79.54207,15.672567],[79.541997,15.672148],[79.54189,15.671545],[79.541263,15.671669],[79.54145,15.672697]]]},"properties":{"lp":"1873","ac":"1.942","chaltha":"1873"}},{"type":"Feature","geometry":{"type":"Polygon","coordinates":[[[79.540666,15.680574],[79.540582,15.679948],[79.539904,15.680034],[79.539246,15.680117],[79.539248,15.680717],[79.539248,15.680748],[79.540666,15.680574]]]},"properties":{"lp":"1988","ac":"2.557","chaltha":"1988"}},{"type":"Feature","geometry":{"type":"Polygon","coordinates":[[[79.539251,15.681471],[79.539715,15.681419],[79.540762,15.681298],[79.540666,15.680574],[79.539248,15.680748],[79.539251,15.681471]]]},"properties":{"lp":"1987","ac":"3.131","chaltha":"1987"}},{"type":"Feature","geometry":{"type":"Polygon","coordinates":[[[79.542126,15.713274],[79.542292,15.713453],[79.542909,15.713074],[79.542721,15.712898],[79.542126,15.713274]]]},"properties":{"lp":"218","ac":"0.511","chaltha":"218"}},{"type":"Feature","geometry":{"type":"Polygon","coordinates":[[[79.542126,15.713274],[79.542721,15.712898],[79.542528,15.712718],[79.541951,15.713084],[79.542126,15.713274]]]},"properties":{"lp":"217","ac":"0.517","chaltha":"217"}},{"type":"Feature","geometry":{"type":"Polygon","coordinates":[[[79.541951,15.713084],[79.542528,15.712718],[79.542345,15.712546],[79.541754,15.71287],[79.541951,15.713084]]]},"properties":{"lp":"216","ac":"0.523","chaltha":"216"}},{"type":"Feature","geometry":{"type":"Polygon","coordinates":[[[79.528354,15.6918],[79.528164,15.690866],[79.528058,15.690348],[79.527691,15.690478],[79.527706,15.691264],[79.527474,15.691505],[79.527536,15.691954],[79.528354,15.6918]]]},"properties":{"lp":"2341","ac":"2.535","chaltha":"2341"}},{"type":"Feature","geometry":{"type":"Polygon","coordinates":[[[79.537134,15.712435],[79.537221,15.712441],[79.537226,15.712044],[79.537141,15.712044],[79.537138,15.712191],[79.537137,15.712278],[79.537136,15.712367],[79.537134,15.712435]]]},"properties":{"lp":"127","ac":"0.099","chaltha":"127"}},{"type":"Feature","geometry":{"type":"Polygon","coordinates":[[[79.537221,15.712441],[79.537303,15.712446],[79.537308,15.712234],[79.537313,15.712043],[79.537297,15.712043],[79.537226,15.712044],[79.537221,15.712441]]]},"properties":{"lp":"128","ac":"0.099","chaltha":"128"}},{"type":"Feature","geometry":{"type":"Polygon","coordinates":[[[79.537665,15.712471],[79.537677,15.712031],[79.537636,15.712036],[79.537556,15.712045],[79.537549,15.711862],[79.537484,15.711851],[79.537473,15.712036],[79.53746,15.712242],[79.537447,15.712456],[79.537533,15.712462],[79.537665,15.712471]]]},"properties":{"lp":"133","ac":"0.303","chaltha":"133"}},{"type":"Feature","geometry":{"type":"Polygon","coordinates":[[[79.537303,15.712446],[79.537411,15.712453],[79.537447,15.712456],[79.53746,15.712242],[79.537308,15.712234],[79.537303,15.712446]]]},"properties":{"lp":"132","ac":"0.093","chaltha":"132"}},{"type":"Feature","geometry":{"type":"Polygon","coordinates":[[[79.537308,15.712234],[79.53746,15.712242],[79.537473,15.712036],[79.537313,15.712043],[79.537308,15.712234]]]},"properties":{"lp":"131","ac":"0.091","chaltha":"131"}},{"type":"Feature","geometry":{"type":"Polygon","coordinates":[[[79.537013,15.712504],[79.537134,15.712435],[79.537136,15.712367],[79.536931,15.712362],[79.536936,15.712382],[79.537013,15.712504]]]},"properties":{"lp":"124","ac":"0.055","chaltha":"124"}},{"type":"Feature","geometry":{"type":"Polygon","coordinates":[[[79.537137,15.712278],[79.536908,15.712275],[79.536931,15.712362],[79.537136,15.712367],[79.537137,15.712278]]]},"properties":{"lp":"125","ac":"0.056","chaltha":"125"}},{"type":"Feature","geometry":{"type":"Polygon","coordinates":[[[79.536908,15.712275],[79.537137,15.712278],[79.537138,15.712191],[79.536887,15.712191],[79.536896,15.712225],[79.536908,15.712275]]]},"properties":{"lp":"126","ac":"0.06","chaltha":"126"}},{"type":"Feature","geometry":{"type":"Polygon","coordinates":[[[79.536887,15.712191],[79.537138,15.712191],[79.537141,15.712044],[79.536995,15.71204],[79.536855,15.712035],[79.536851,15.712052],[79.536887,15.712191]]]},"properties":{"lp":"121","ac":"0.121","chaltha":"121"}},{"type":"Feature","geometry":{"type":"Polygon","coordinates":[[[79.537473,15.712036],[79.537484,15.711851],[79.537315,15.711822],[79.537297,15.712043],[79.537313,15.712043],[79.537473,15.712036]]]},"properties":{"lp":"130","ac":"0.104","chaltha":"130"}},{"type":"Feature","geometry":{"type":"Polygon","coordinates":[[[79.537315,15.711822],[79.537168,15.711797],[79.537141,15.712044],[79.537226,15.712044],[79.537297,15.712043],[79.537315,15.711822]]]},"properties":{"lp":"129","ac":"0.105","chaltha":"129"}},{"type":"Feature","geometry":{"type":"Polygon","coordinates":[[[79.537141,15.712044],[79.537168,15.711797],[79.537039,15.711775],[79.536995,15.71204],[79.537141,15.712044]]]},"properties":{"lp":"120","ac":"0.105","chaltha":"120"}},{"type":"Feature","geometry":{"type":"Polygon","coordinates":[[[79.537039,15.711775],[79.536919,15.711755],[79.536898,15.711845],[79.536855,15.712035],[79.536995,15.71204],[79.537039,15.711775]]]},"properties":{"lp":"119","ac":"0.106","chaltha":"119"}},{"type":"Feature","geometry":{"type":"Polygon","coordinates":[[[79.546847,15.710965],[79.547239,15.710909],[79.547161,15.710461],[79.546741,15.710523],[79.546847,15.710965]]]},"properties":{"lp":"238","ac":"0.544","chaltha":"238"}},{"type":"Feature","geometry":{"type":"Polygon","coordinates":[[[79.547239,15.710909],[79.54755,15.710864],[79.547624,15.710615],[79.547603,15.710395],[79.547161,15.710461],[79.547239,15.710909]]]},"properties":{"lp":"237","ac":"0.54","chaltha":"237"}},{"type":"Feature","geometry":{"type":"Polygon","coordinates":[[[79.546306,15.712303],[79.546462,15.712191],[79.546331,15.711712],[79.546145,15.711767],[79.546266,15.712219],[79.546306,15.712303]]]},"properties":{"lp":"230","ac":"0.303","chaltha":"230"}},{"type":"Feature","geometry":{"type":"Polygon","coordinates":[[[79.546462,15.712191],[79.546653,15.712055],[79.54654,15.71165],[79.546331,15.711712],[79.546462,15.712191]]]},"properties":{"lp":"231","ac":"0.295","chaltha":"231"}},{"type":"Feature","geometry":{"type":"Polygon","coordinates":[[[79.546653,15.712055],[79.546803,15.711948],[79.546684,15.711474],[79.546628,15.711487],[79.546659,15.711615],[79.54654,15.71165],[79.546653,15.712055]]]},"properties":{"lp":"232","ac":"0.225","chaltha":"232"}},{"type":"Feature","geometry":{"type":"Polygon","coordinates":[[[79.546803,15.711948],[79.546877,15.711896],[79.546784,15.711451],[79.546684,15.711474],[79.546803,15.711948]]]},"properties":{"lp":"233","ac":"0.129","chaltha":"233"}},{"type":"Feature","geometry":{"type":"Polygon","coordinates":[[[79.546877,15.711896],[79.546966,15.711832],[79.546882,15.711428],[79.546784,15.711451],[79.546877,15.711896]]]},"properties":{"lp":"234","ac":"0.128","chaltha":"234"}},{"type":"Feature","geometry":{"type":"Polygon","coordinates":[[[79.546959,15.71141],[79.546882,15.711428],[79.546966,15.711832],[79.547342,15.711565],[79.546981,15.711498],[79.546959,15.71141]]]},"properties":{"lp":"235","ac":"0.239","chaltha":"235"}},{"type":"Feature","geometry":{"type":"Polygon","coordinates":[[[79.524918,15.694519],[79.525601,15.694319],[79.525382,15.693696],[79.524405,15.693997],[79.524918,15.694519]]]},"properties":{"lp":"2444","ac":"1.661","chaltha":"2444"}},{"type":"Feature","geometry":{"type":"Polygon","coordinates":[[[79.525601,15.694319],[79.52635,15.694099],[79.526327,15.693915],[79.526288,15.693603],[79.526266,15.693425],[79.525413,15.693687],[79.525382,15.693696],[79.525601,15.694319]]]},"properties":{"lp":"2445","ac":"1.659","chaltha":"2445"}},{"type":"Feature","geometry":{"type":"Polygon","coordinates":[[[79.549149,15.668756],[79.550395,15.668432],[79.550623,15.668373],[79.550528,15.668207],[79.550401,15.667986],[79.550261,15.667742],[79.550091,15.667447],[79.549876,15.667073],[79.549722,15.667112],[79.54889,15.667324],[79.549099,15.668773],[79.549149,15.668756]]]},"properties":{"lp":"1841","ac":"5.503","chaltha":"1841"}},{"type":"Feature","geometry":{"type":"Polygon","coordinates":[[[79.550091,15.667447],[79.550261,15.667742],[79.55146,15.667385],[79.551248,15.667098],[79.550091,15.667447]]]},"properties":{"lp":"1837","ac":"1.202","chaltha":"1837"}},{"type":"Feature","geometry":{"type":"Polygon","coordinates":[[[79.550091,15.667447],[79.551248,15.667098],[79.551015,15.666782],[79.549876,15.667073],[79.550091,15.667447]]]},"properties":{"lp":"1836","ac":"1.371","chaltha":"1836"}},{"type":"Feature","geometry":{"type":"Polygon","coordinates":[[[79.550261,15.667742],[79.550401,15.667986],[79.551597,15.66762],[79.55146,15.667385],[79.550261,15.667742]]]},"properties":{"lp":"1838","ac":"0.987","chaltha":"1838"}},{"type":"Feature","geometry":{"type":"Polygon","coordinates":[[[79.550401,15.667986],[79.550528,15.668207],[79.551747,15.667877],[79.551597,15.66762],[79.550401,15.667986]]]},"properties":{"lp":"1839","ac":"0.987","chaltha":"1839"}},{"type":"Feature","geometry":{"type":"Polygon","coordinates":[[[79.550528,15.668207],[79.550623,15.668373],[79.551206,15.668221],[79.551604,15.668258],[79.552005,15.66832],[79.551747,15.667877],[79.550528,15.668207]]]},"properties":{"lp":"1840","ac":"0.983","chaltha":"1840"}},{"type":"Feature","geometry":{"type":"Polygon","coordinates":[[[79.534557,15.711694],[79.534565,15.711692],[79.534762,15.711637],[79.534912,15.711595],[79.534904,15.711532],[79.534883,15.711369],[79.534879,15.711357],[79.53432,15.711357],[79.534337,15.711451],[79.534401,15.711489],[79.534586,15.711601],[79.534557,15.711694]]]},"properties":{"lp":"293","ac":"0.39","chaltha":"293"}},{"type":"Feature","geometry":{"type":"Polygon","coordinates":[[[79.53432,15.711357],[79.534879,15.711357],[79.534819,15.711186],[79.534794,15.71111],[79.534273,15.71111],[79.534309,15.711298],[79.53432,15.711357]]]},"properties":{"lp":"292","ac":"0.39","chaltha":"292"}},{"type":"Feature","geometry":{"type":"Polygon","coordinates":[[[79.534705,15.710847],[79.534223,15.710841],[79.534273,15.71111],[79.534794,15.71111],[79.534705,15.710847]]]},"properties":{"lp":"291","ac":"0.39","chaltha":"291"}},{"type":"Feature","geometry":{"type":"Polygon","coordinates":[[[79.534705,15.710847],[79.534678,15.710767],[79.534545,15.71075],[79.534447,15.710736],[79.534458,15.710513],[79.534372,15.710425],[79.534142,15.710412],[79.534191,15.71067],[79.534223,15.710841],[79.534705,15.710847]]]},"properties":{"lp":"290","ac":"0.387","chaltha":"290"}},{"type":"Feature","geometry":{"type":"Polygon","coordinates":[[[79.523441,15.703914],[79.523709,15.70415],[79.524059,15.704318],[79.524125,15.703452],[79.523409,15.703621],[79.523441,15.703914]]]},"properties":{"lp":"610","ac":"1.193","chaltha":"610"}},{"type":"Feature","geometry":{"type":"Polygon","coordinates":[[[79.524059,15.704318],[79.52414,15.704356],[79.52422,15.70343],[79.524125,15.703452],[79.524059,15.704318]]]},"properties":{"lp":"609","ac":"0.233","chaltha":"609"}},{"type":"Feature","geometry":{"type":"Polygon","coordinates":[[[79.52414,15.704356],[79.524584,15.704569],[79.524667,15.703324],[79.524483,15.703368],[79.52422,15.70343],[79.52414,15.704356]]]},"properties":{"lp":"608","ac":"1.43","chaltha":"608"}},{"type":"Feature","geometry":{"type":"Polygon","coordinates":[[[79.524584,15.704569],[79.524709,15.704629],[79.524792,15.703295],[79.524667,15.703324],[79.524584,15.704569]]]},"properties":{"lp":"607","ac":"0.476","chaltha":"607"}},{"type":"Feature","geometry":{"type":"Polygon","coordinates":[[[79.524709,15.704629],[79.524813,15.704679],[79.524927,15.703263],[79.524792,15.703295],[79.524709,15.704629]]]},"properties":{"lp":"606","ac":"0.482","chaltha":"606"}},{"type":"Feature","geometry":{"type":"Polygon","coordinates":[[[79.524813,15.704679],[79.524933,15.704736],[79.525027,15.70324],[79.524927,15.703263],[79.524813,15.704679]]]},"properties":{"lp":"605","ac":"0.475","chaltha":"605"}},{"type":"Feature","geometry":{"type":"Polygon","coordinates":[[[79.526421,15.711847],[79.526635,15.711837],[79.526642,15.711565],[79.526398,15.711571],[79.526421,15.711847]]]},"properties":{"lp":"415","ac":"0.184","chaltha":"415"}},{"type":"Feature","geometry":{"type":"Polygon","coordinates":[[[79.526657,15.711836],[79.526987,15.711794],[79.526767,15.711562],[79.526642,15.711565],[79.526635,15.711837],[79.526657,15.711836]]]},"properties":{"lp":"414","ac":"0.184","chaltha":"414"}},{"type":"Feature","geometry":{"type":"Polygon","coordinates":[[[79.526657,15.711836],[79.526701,15.712058],[79.527177,15.711986],[79.527151,15.711968],[79.526987,15.711794],[79.526657,15.711836]]]},"properties":{"lp":"412","ac":"0.262","chaltha":"412"}},{"type":"Feature","geometry":{"type":"Polygon","coordinates":[[[79.526717,15.71214],[79.526866,15.712228],[79.527366,15.712123],[79.527177,15.711986],[79.526701,15.712058],[79.526717,15.71214]]]},"properties":{"lp":"410","ac":"0.281","chaltha":"410"}},{"type":"Feature","geometry":{"type":"Polygon","coordinates":[[[79.527494,15.711912],[79.527151,15.711968],[79.527177,15.711986],[79.527366,15.712123],[79.527459,15.712218],[79.527544,15.712203],[79.527494,15.711912]]]},"properties":{"lp":"411","ac":"0.179","chaltha":"411"}},{"type":"Feature","geometry":{"type":"Polygon","coordinates":[[[79.527494,15.711912],[79.527544,15.712203],[79.527459,15.712218],[79.527735,15.712498],[79.527821,15.712578],[79.527932,15.712557],[79.528099,15.712526],[79.528376,15.712475],[79.528352,15.712172],[79.527937,15.7122],[79.527903,15.711873],[79.527542,15.711904],[79.527494,15.711912]]]},"properties":{"lp":"408","ac":"1.115","chaltha":"408"}},{"type":"Feature","geometry":{"type":"Polygon","coordinates":[[[79.531888,15.711059],[79.531873,15.711121],[79.532055,15.711272],[79.532056,15.711232],[79.532224,15.711163],[79.532281,15.711025],[79.53232,15.710932],[79.531927,15.710987],[79.531888,15.711059]]]},"properties":{"lp":"705","ac":"0.256","chaltha":"705"}},{"type":"Feature","geometry":{"type":"Polygon","coordinates":[[[79.53225,15.711366],[79.532352,15.711348],[79.532315,15.71118],[79.532281,15.711025],[79.532224,15.711163],[79.53225,15.711366]]]},"properties":{"lp":"334","ac":"0.072","chaltha":"334"}},{"type":"Feature","geometry":{"type":"Polygon","coordinates":[[[79.532281,15.711025],[79.532315,15.71118],[79.53241,15.711162],[79.53237,15.710929],[79.53232,15.710932],[79.532281,15.711025]]]},"properties":{"lp":"336","ac":"0.065","chaltha":"336"}},{"type":"Feature","geometry":{"type":"Polygon","coordinates":[[[79.532315,15.71118],[79.532352,15.711348],[79.532387,15.711339],[79.532439,15.711326],[79.53241,15.711162],[79.532315,15.71118]]]},"properties":{"lp":"335","ac":"0.046","chaltha":"335"}},{"type":"Feature","geometry":{"type":"Polygon","coordinates":[[[79.532807,15.711681],[79.533022,15.711642],[79.533094,15.711629],[79.533049,15.711442],[79.533046,15.711432],[79.532741,15.711484],[79.532807,15.711681]]]},"properties":{"lp":"706","ac":"0.179","chaltha":"706"}},{"type":"Feature","geometry":{"type":"Polygon","coordinates":[[[79.532741,15.711484],[79.533046,15.711432],[79.533045,15.711426],[79.533,15.711244],[79.532965,15.711152],[79.532559,15.711211],[79.532555,15.711173],[79.532519,15.710921],[79.532467,15.710924],[79.532457,15.710924],[79.532526,15.711312],[79.532671,15.711278],[79.532741,15.711484]]]},"properties":{"lp":"338","ac":"0.362","chaltha":"338"}},{"type":"Feature","geometry":{"type":"Polygon","coordinates":[[[79.532951,15.712681],[79.53275,15.712719],[79.532776,15.712885],[79.533213,15.712871],[79.533444,15.71271],[79.533435,15.712631],[79.532971,15.712712],[79.532951,15.712681]]]},"properties":{"lp":"316","ac":"0.336","chaltha":"316"}},{"type":"Feature","geometry":{"type":"Polygon","coordinates":[[[79.533984,15.71268],[79.53416,15.712661],[79.534551,15.712537],[79.534502,15.711999],[79.534125,15.712028],[79.533917,15.712044],[79.533945,15.712317],[79.533984,15.71268]]]},"properties":{"lp":"309","ac":"1.029","chaltha":"309"}},{"type":"Feature","geometry":{"type":"Polygon","coordinates":[[[79.534579,15.710643],[79.534663,15.710357],[79.534458,15.710513],[79.534447,15.710736],[79.534545,15.71075],[79.534579,15.710643]]]},"properties":{"lp":"289","ac":"0.125","chaltha":"289"}},{"type":"Feature","geometry":{"type":"Polygon","coordinates":[[[79.534819,15.711186],[79.535013,15.711148],[79.535167,15.711118],[79.535203,15.711108],[79.535301,15.711088],[79.535338,15.71108],[79.535448,15.711058],[79.535588,15.711029],[79.535694,15.711067],[79.535878,15.711027],[79.535744,15.710521],[79.535721,15.710249],[79.535699,15.710311],[79.535628,15.710502],[79.535522,15.710513],[79.53525,15.710541],[79.535134,15.710559],[79.535095,15.710565],[79.535053,15.710571],[79.53501,15.710578],[79.534873,15.710598],[79.534711,15.710623],[79.534579,15.710643],[79.534545,15.71075],[79.534678,15.710767],[79.534705,15.710847],[79.534794,15.71111],[79.534819,15.711186]]]},"properties":{"lp":"259","ac":"1.843","chaltha":"259"}},{"type":"Feature","geometry":{"type":"Polygon","coordinates":[[[79.543985,15.715253],[79.544596,15.715103],[79.545608,15.714683],[79.546153,15.714585],[79.545676,15.714381],[79.545209,15.71442],[79.544987,15.714439],[79.544838,15.714451],[79.544278,15.714499],[79.543979,15.714524],[79.543649,15.714552],[79.543985,15.715253]]]},"properties":{"lp":"14","ac":"3.215","chaltha":"14"}},{"type":"Feature","geometry":{"type":"Polygon","coordinates":[[[79.543957,15.714264],[79.544259,15.714252],[79.544254,15.714186],[79.544246,15.714087],[79.543582,15.71414],[79.543583,15.714149],[79.543604,15.714278],[79.543957,15.714264]]]},"properties":{"lp":"26","ac":"0.295","chaltha":"26"}},{"type":"Feature","geometry":{"type":"Polygon","coordinates":[[[79.544234,15.713933],[79.543572,15.713991],[79.543581,15.714122],[79.543582,15.71414],[79.544246,15.714087],[79.544234,15.713933]]]},"properties":{"lp":"27","ac":"0.295","chaltha":"27"}},{"type":"Feature","geometry":{"type":"Polygon","coordinates":[[[79.543572,15.713991],[79.544234,15.713933],[79.544227,15.713842],[79.544225,15.713811],[79.544003,15.713813],[79.543561,15.713818],[79.543572,15.713991]]]},"properties":{"lp":"28","ac":"0.289","chaltha":"28"}},{"type":"Feature","geometry":{"type":"Polygon","coordinates":[[[79.543561,15.713818],[79.544003,15.713813],[79.543998,15.713555],[79.54381,15.713572],[79.543662,15.713585],[79.54356,15.713594],[79.543549,15.713628],[79.543561,15.713818]]]},"properties":{"lp":"42","ac":"0.315","chaltha":"42"}},{"type":"Feature","geometry":{"type":"Polygon","coordinates":[[[79.544003,15.713813],[79.544225,15.713811],[79.544212,15.713645],[79.544181,15.713539],[79.544035,15.713552],[79.543998,15.713555],[79.544003,15.713813]]]},"properties":{"lp":"41","ac":"0.163","chaltha":"41"}},{"type":"Feature","geometry":{"type":"Polygon","coordinates":[[[79.543549,15.713628],[79.54356,15.713594],[79.543662,15.713585],[79.543678,15.713218],[79.543508,15.713196],[79.54349,15.71363],[79.543549,15.713628]]]},"properties":{"lp":"45","ac":"0.198","chaltha":"45"}},{"type":"Feature","geometry":{"type":"Polygon","coordinates":[[[79.543662,15.713585],[79.54381,15.713572],[79.543827,15.713237],[79.543678,15.713218],[79.543662,15.713585]]]},"properties":{"lp":"44","ac":"0.153","chaltha":"44"}},{"type":"Feature","geometry":{"type":"Polygon","coordinates":[[[79.54381,15.713572],[79.543998,15.713555],[79.544035,15.713552],[79.544048,15.713161],[79.543905,15.713247],[79.543827,15.713237],[79.54381,15.713572]]]},"properties":{"lp":"43","ac":"0.222","chaltha":"43"}},{"type":"Feature","geometry":{"type":"Polygon","coordinates":[[[79.544035,15.713552],[79.544181,15.713539],[79.544185,15.713457],[79.54435,15.713447],[79.544329,15.713283],[79.544193,15.713252],[79.544191,15.713075],[79.544048,15.713161],[79.544035,15.713552]]]},"properties":{"lp":"40","ac":"0.265","chaltha":"40"}},{"type":"Feature","geometry":{"type":"Polygon","coordinates":[[[79.54435,15.713447],[79.54453,15.713435],[79.544531,15.713264],[79.544329,15.713283],[79.54435,15.713447]]]},"properties":{"lp":"39","ac":"0.094","chaltha":"39"}},{"type":"Feature","geometry":{"type":"Polygon","coordinates":[[[79.54453,15.713435],[79.54464,15.713428],[79.544633,15.713267],[79.544598,15.713221],[79.544531,15.713264],[79.54453,15.713435]]]},"properties":{"lp":"38","ac":"0.058","chaltha":"38"}},{"type":"Feature","geometry":{"type":"Polygon","coordinates":[[[79.54349,15.71363],[79.543508,15.713196],[79.543678,15.713218],[79.543827,15.713237],[79.543905,15.713247],[79.544048,15.713161],[79.544191,15.713075],[79.544319,15.712992],[79.544326,15.712543],[79.544261,15.712514],[79.543868,15.712781],[79.543339,15.713109],[79.543103,15.713256],[79.543371,15.713636],[79.54349,15.71363]]]},"properties":{"lp":"46","ac":"1.449","chaltha":"46"}},{"type":"Feature","geometry":{"type":"Polygon","coordinates":[[[79.544382,15.712951],[79.54461,15.712977],[79.544741,15.712992],[79.544829,15.713001],[79.544597,15.712662],[79.544326,15.712543],[79.544319,15.712992],[79.544382,15.712951]]]},"properties":{"lp":"36","ac":"0.397","chaltha":"36"}},{"type":"Feature","geometry":{"type":"Polygon","coordinates":[[[79.54461,15.712977],[79.544382,15.712951],[79.544319,15.712992],[79.544191,15.713075],[79.544193,15.713252],[79.544329,15.713283],[79.544531,15.713264],[79.544598,15.713221],[79.54461,15.712977]]]},"properties":{"lp":"37","ac":"0.338","chaltha":"37"}},{"type":"Feature","geometry":{"type":"Polygon","coordinates":[[[79.54461,15.712977],[79.544598,15.713221],[79.544633,15.713267],[79.544737,15.713252],[79.544741,15.712992],[79.54461,15.712977]]]},"properties":{"lp":"35","ac":"0.108","chaltha":"35"}},{"type":"Feature","geometry":{"type":"Polygon","coordinates":[[[79.544663,15.713845],[79.54479,15.713846],[79.544941,15.713847],[79.544965,15.713847],[79.544951,15.713517],[79.544646,15.71353],[79.544651,15.713624],[79.544662,15.713836],[79.544663,15.713845]]]},"properties":{"lp":"32","ac":"0.288","chaltha":"32"}},{"type":"Feature","geometry":{"type":"Polygon","coordinates":[[[79.544646,15.71353],[79.544951,15.713517],[79.544936,15.713159],[79.544829,15.713001],[79.544741,15.712992],[79.544737,15.713252],[79.544633,15.713267],[79.54464,15.713428],[79.544646,15.71353]]]},"properties":{"lp":"34","ac":"0.364","chaltha":"34"}},{"type":"Feature","geometry":{"type":"Polygon","coordinates":[[[79.544936,15.713159],[79.544951,15.713517],[79.544965,15.713847],[79.545162,15.713869],[79.545171,15.713279],[79.544936,15.713159]]]},"properties":{"lp":"33","ac":"0.402","chaltha":"33"}},{"type":"Feature","geometry":{"type":"Polygon","coordinates":[[[79.545071,15.713122],[79.544779,15.712839],[79.544597,15.712662],[79.544829,15.713001],[79.544936,15.713159],[79.545171,15.713279],[79.545162,15.713869],[79.545554,15.713915],[79.545595,15.71407],[79.545639,15.71424],[79.545676,15.714381],[79.546153,15.714585],[79.545801,15.71359],[79.545071,15.713122]]]},"properties":{"lp":"15","ac":"1.822","chaltha":"15"}},{"type":"Feature","geometry":{"type":"Polygon","coordinates":[[[79.545209,15.71442],[79.545676,15.714381],[79.545639,15.71424],[79.545198,15.714293],[79.545209,15.71442]]]},"properties":{"lp":"16","ac":"0.181","chaltha":"16"}},{"type":"Feature","geometry":{"type":"Polygon","coordinates":[[[79.545198,15.714293],[79.545639,15.71424],[79.545595,15.71407],[79.545182,15.714105],[79.545186,15.714146],[79.545198,15.714293]]]},"properties":{"lp":"17","ac":"0.228","chaltha":"17"}},{"type":"Feature","geometry":{"type":"Polygon","coordinates":[[[79.545182,15.714105],[79.545595,15.71407],[79.545554,15.713915],[79.545162,15.713869],[79.545182,15.714105]]]},"properties":{"lp":"18","ac":"0.229","chaltha":"18"}},{"type":"Feature","geometry":{"type":"Polygon","coordinates":[[[79.544987,15.714439],[79.545209,15.71442],[79.545198,15.714293],[79.545186,15.714146],[79.544966,15.71417],[79.544987,15.714439]]]},"properties":{"lp":"20","ac":"0.177","chaltha":"20"}},{"type":"Feature","geometry":{"type":"Polygon","coordinates":[[[79.544966,15.71417],[79.545186,15.714146],[79.545182,15.714105],[79.545162,15.713869],[79.544965,15.713847],[79.544941,15.713847],[79.544959,15.714087],[79.544966,15.71417]]]},"properties":{"lp":"19","ac":"0.195","chaltha":"19"}},{"type":"Feature","geometry":{"type":"Polygon","coordinates":[[[79.54479,15.713846],[79.54481,15.714096],[79.544959,15.714087],[79.544941,15.713847],[79.54479,15.713846]]]},"properties":{"lp":"22","ac":"0.108","chaltha":"22"}},{"type":"Feature","geometry":{"type":"Polygon","coordinates":[[[79.54481,15.714096],[79.544838,15.714451],[79.544987,15.714439],[79.544966,15.71417],[79.544959,15.714087],[79.54481,15.714096]]]},"properties":{"lp":"21","ac":"0.156","chaltha":"21"}},{"type":"Feature","geometry":{"type":"Polygon","coordinates":[[[79.544227,15.713842],[79.544234,15.713933],[79.544246,15.714087],[79.544254,15.714186],[79.544529,15.714176],[79.544525,15.713838],[79.544227,15.713842]]]},"properties":{"lp":"29","ac":"0.287","chaltha":"29"}},{"type":"Feature","geometry":{"type":"Polygon","coordinates":[[[79.543979,15.714524],[79.543957,15.714264],[79.543604,15.714278],[79.543605,15.714282],[79.543649,15.714552],[79.543979,15.714524]]]},"properties":{"lp":"25","ac":"0.269","chaltha":"25"}},{"type":"Feature","geometry":{"type":"Polygon","coordinates":[[[79.543979,15.714524],[79.544278,15.714499],[79.544259,15.714252],[79.543957,15.714264],[79.543979,15.714524]]]},"properties":{"lp":"24","ac":"0.225","chaltha":"24"}},{"type":"Feature","geometry":{"type":"Polygon","coordinates":[[[79.544254,15.714186],[79.544259,15.714252],[79.544278,15.714499],[79.544838,15.714451],[79.54481,15.714096],[79.54479,15.713846],[79.544663,15.713845],[79.544662,15.713836],[79.544525,15.713838],[79.544529,15.714176],[79.544254,15.714186]]]},"properties":{"lp":"23","ac":"0.76","chaltha":"23"}},{"type":"Feature","geometry":{"type":"Polygon","coordinates":[[[79.544227,15.713842],[79.544525,15.713838],[79.544662,15.713836],[79.544651,15.713624],[79.544212,15.713645],[79.544225,15.713811],[79.544227,15.713842]]]},"properties":{"lp":"30","ac":"0.262","chaltha":"30"}},{"type":"Feature","geometry":{"type":"Polygon","coordinates":[[[79.544212,15.713645],[79.544651,15.713624],[79.544646,15.71353],[79.54464,15.713428],[79.54453,15.713435],[79.54435,15.713447],[79.544185,15.713457],[79.544181,15.713539],[79.544212,15.713645]]]},"properties":{"lp":"31","ac":"0.257","chaltha":"31"}},{"type":"Feature","geometry":{"type":"Polygon","coordinates":[[[79.524739,15.707343],[79.525571,15.708185],[79.524988,15.705682],[79.524933,15.705688],[79.524824,15.705701],[79.524669,15.705644],[79.524418,15.705551],[79.524326,15.705517],[79.524173,15.705686],[79.523784,15.705723],[79.524145,15.706356],[79.52451,15.706996],[79.524739,15.707343]]]},"properties":{"lp":"529","ac":"5.49","chaltha":"529"}},{"type":"Feature","geometry":{"type":"Polygon","coordinates":[[[79.51999,15.698643],[79.52139,15.699955],[79.52121,15.69913],[79.521227,15.699083],[79.521136,15.699034],[79.520894,15.698876],[79.520585,15.698752],[79.520048,15.6985],[79.51999,15.698643]]]},"properties":{"lp":"618","ac":"1.79","chaltha":"618"}},{"type":"Feature","geometry":{"type":"Polygon","coordinates":[[[79.519355,15.695567],[79.520211,15.695272],[79.52012,15.695044],[79.519264,15.695318],[79.519355,15.695567]]]},"properties":{"lp":"621","ac":"0.674","chaltha":"621"}},{"type":"Feature","geometry":{"type":"Polygon","coordinates":[[[79.519264,15.695318],[79.52012,15.695044],[79.520024,15.694802],[79.519177,15.695081],[79.519264,15.695318]]]},"properties":{"lp":"622","ac":"0.672","chaltha":"622"}},{"type":"Feature","geometry":{"type":"Polygon","coordinates":[[[79.522095,15.681427],[79.524924,15.680841],[79.524912,15.680772],[79.524719,15.680159],[79.524697,15.68009],[79.523337,15.680461],[79.52191,15.680851],[79.522095,15.681427]]]},"properties":{"lp":"2382","ac":"5.875","chaltha":"2382"}},{"type":"Feature","geometry":{"type":"Polygon","coordinates":[[[79.522516,15.682662],[79.522984,15.682565],[79.523935,15.682367],[79.524604,15.682228],[79.525343,15.682074],[79.525078,15.681293],[79.524924,15.680841],[79.522095,15.681427],[79.522516,15.682662]]]},"properties":{"lp":"2381","ac":"10.955","chaltha":"2381"}},{"type":"Feature","geometry":{"type":"Polygon","coordinates":[[[79.539748,15.672928],[79.540558,15.670749],[79.540515,15.670374],[79.539642,15.670637],[79.538765,15.670901],[79.538556,15.671647],[79.538745,15.672946],[79.538871,15.673129],[79.539306,15.673273],[79.539396,15.674254],[79.539647,15.674218],[79.539748,15.672928]]]},"properties":{"lp":"1869","ac":"11.889","chaltha":"1869"}},{"type":"Feature","geometry":{"type":"Polygon","coordinates":[[[79.540796,15.67283],[79.540676,15.671785],[79.540574,15.670889],[79.539795,15.672932],[79.539708,15.674209],[79.540105,15.674153],[79.540366,15.673936],[79.540915,15.673874],[79.540796,15.67283]]]},"properties":{"lp":"1871","ac":"6.593","chaltha":"1871"}},{"type":"Feature","geometry":{"type":"Polygon","coordinates":[[[79.520666,15.680165],[79.520996,15.681102],[79.521083,15.681078],[79.520437,15.679009],[79.520313,15.67904],[79.520666,15.680165]]]},"properties":{"lp":"2386","ac":"0.75","chaltha":"2386"}},{"type":"Feature","geometry":{"type":"Polygon","coordinates":[[[79.523182,15.678273],[79.522773,15.678384],[79.523337,15.680461],[79.524697,15.68009],[79.52451,15.679478],[79.524337,15.678913],[79.524294,15.678919],[79.523751,15.678578],[79.523189,15.678277],[79.523182,15.678273]]]},"properties":{"lp":"2384","ac":"7.43","chaltha":"2384"}},{"type":"Feature","geometry":{"type":"Polygon","coordinates":[[[79.521083,15.681078],[79.52191,15.680851],[79.523337,15.680461],[79.522773,15.678384],[79.522695,15.678405],[79.52238,15.678491],[79.521793,15.678665],[79.521256,15.678806],[79.520657,15.678955],[79.520437,15.679009],[79.521083,15.681078]]]},"properties":{"lp":"2385","ac":"14.976","chaltha":"2385"}},{"type":"Feature","geometry":{"type":"Polygon","coordinates":[[[79.525782,15.679759],[79.527116,15.679638],[79.526804,15.678582],[79.526001,15.678699],[79.524337,15.678913],[79.52451,15.679478],[79.525668,15.679318],[79.525782,15.679759]]]},"properties":{"lp":"2248","ac":"6.05","chaltha":"2248"}},{"type":"Feature","geometry":{"type":"Polygon","coordinates":[[[79.547094,15.671409],[79.547299,15.671366],[79.547845,15.671251],[79.547733,15.670524],[79.546959,15.670685],[79.547094,15.671409]]]},"properties":{"lp":"1790","ac":"1.679","chaltha":"1790"}},{"type":"Feature","geometry":{"type":"Polygon","coordinates":[[[79.524912,15.680772],[79.525961,15.680629],[79.525834,15.680065],[79.525825,15.680022],[79.524719,15.680159],[79.524912,15.680772]]]},"properties":{"lp":"2250","ac":"1.995","chaltha":"2250"}},{"type":"Feature","geometry":{"type":"Polygon","coordinates":[[[79.527015,15.67855],[79.52761,15.680505],[79.528093,15.680471],[79.528069,15.680187],[79.527897,15.678407],[79.527015,15.67855]]]},"properties":{"lp":"2246","ac":"4.133","chaltha":"2246"}},{"type":"Feature","geometry":{"type":"Polygon","coordinates":[[[79.525986,15.683955],[79.526253,15.683899],[79.525938,15.682851],[79.525622,15.682899],[79.52563,15.68292],[79.525909,15.683733],[79.525986,15.683955]]]},"properties":{"lp":"2261","ac":"0.95","chaltha":"2261"}},{"type":"Feature","geometry":{"type":"Polygon","coordinates":[[[79.526253,15.683899],[79.526451,15.683858],[79.526863,15.683773],[79.52686,15.683774],[79.526725,15.683269],[79.526724,15.683265],[79.526587,15.682752],[79.525938,15.682851],[79.526253,15.683899]]]},"properties":{"lp":"2260","ac":"2.001","chaltha":"2260"}},{"type":"Feature","geometry":{"type":"Polygon","coordinates":[[[79.526587,15.682752],[79.526724,15.683265],[79.5271,15.683197],[79.527001,15.682689],[79.526587,15.682752]]]},"properties":{"lp":"2259","ac":"0.613","chaltha":"2259"}},{"type":"Feature","geometry":{"type":"Polygon","coordinates":[[[79.526863,15.683773],[79.526866,15.683773],[79.527325,15.683678],[79.527949,15.683549],[79.527717,15.68258],[79.527001,15.682689],[79.5271,15.683197],[79.526724,15.683265],[79.526725,15.683269],[79.52686,15.683774],[79.526863,15.683773]]]},"properties":{"lp":"2258","ac":"2.77","chaltha":"2258"}},{"type":"Feature","geometry":{"type":"Polygon","coordinates":[[[79.527717,15.68258],[79.527949,15.683549],[79.528242,15.683488],[79.52796,15.682543],[79.527717,15.68258]]]},"properties":{"lp":"2257","ac":"0.788","chaltha":"2257"}},{"type":"Feature","geometry":{"type":"Polygon","coordinates":[[[79.528446,15.683446],[79.528573,15.68342],[79.528574,15.68342],[79.528375,15.682572],[79.528349,15.682484],[79.528173,15.682511],[79.528446,15.683446]]]},"properties":{"lp":"2255","ac":"0.443","chaltha":"2255"}},{"type":"Feature","geometry":{"type":"Polygon","coordinates":[[[79.526232,15.684725],[79.526647,15.684627],[79.526451,15.683858],[79.526253,15.683899],[79.525986,15.683955],[79.526097,15.684304],[79.526232,15.684725]]]},"properties":{"lp":"2262","ac":"1.055","chaltha":"2262"}},{"type":"Feature","geometry":{"type":"Polygon","coordinates":[[[79.526647,15.684627],[79.526666,15.684623],[79.52706,15.68453],[79.526863,15.683773],[79.526451,15.683858],[79.526647,15.684627]]]},"properties":{"lp":"2263","ac":"0.975","chaltha":"2263"}},{"type":"Feature","geometry":{"type":"Polygon","coordinates":[[[79.536439,15.681227],[79.536441,15.681231],[79.536606,15.681696],[79.53666,15.682093],[79.536693,15.682334],[79.53762,15.682228],[79.537034,15.681645],[79.536638,15.681186],[79.536439,15.681227]]]},"properties":{"lp":"2131","ac":"1.754","chaltha":"2131"}},{"type":"Feature","geometry":{"type":"Polygon","coordinates":[[[79.536699,15.681173],[79.537081,15.68164],[79.537677,15.682225],[79.539025,15.682071],[79.539145,15.681397],[79.53912,15.680766],[79.538422,15.680815],[79.538178,15.680833],[79.537944,15.680849],[79.537667,15.680869],[79.53683,15.680928],[79.536852,15.681136],[79.536699,15.681173]]]},"properties":{"lp":"2128","ac":"7.829","chaltha":"2128"}},{"type":"Feature","geometry":{"type":"Polygon","coordinates":[[[79.533173,15.707899],[79.53322,15.707884],[79.533153,15.70743],[79.532837,15.707483],[79.532738,15.707498],[79.532642,15.707494],[79.53253,15.708007],[79.532975,15.707875],[79.533173,15.707899]]]},"properties":{"lp":"733","ac":"0.785","chaltha":"733"}},{"type":"Feature","geometry":{"type":"Polygon","coordinates":[[[79.527964,15.70851],[79.528002,15.708786],[79.528391,15.709037],[79.52883,15.709101],[79.528831,15.709057],[79.528846,15.708585],[79.527964,15.70851]]]},"properties":{"lp":"575","ac":"1.11","chaltha":"575"}},{"type":"Feature","geometry":{"type":"Polygon","coordinates":[[[79.528012,15.709769],[79.528512,15.709823],[79.528902,15.709866],[79.528994,15.709876],[79.529333,15.709913],[79.529365,15.709631],[79.528209,15.709405],[79.528012,15.709769]]]},"properties":{"lp":"488","ac":"1.235","chaltha":"488"}},{"type":"Feature","geometry":{"type":"Polygon","coordinates":[[[79.528209,15.709405],[79.529365,15.709631],[79.529392,15.709395],[79.529648,15.708955],[79.529049,15.709067],[79.528831,15.709057],[79.52883,15.709101],[79.528391,15.709037],[79.528209,15.709405]]]},"properties":{"lp":"487","ac":"1.66","chaltha":"487"}},{"type":"Feature","geometry":{"type":"Polygon","coordinates":[[[79.527964,15.70851],[79.528846,15.708585],[79.528831,15.709057],[79.529049,15.709067],[79.529648,15.708955],[79.529681,15.708273],[79.528803,15.708265],[79.52793,15.708257],[79.527964,15.70851]]]},"properties":{"lp":"576","ac":"2.571","chaltha":"576"}},{"type":"Feature","geometry":{"type":"Polygon","coordinates":[[[79.534149,15.684045],[79.534417,15.68415],[79.534278,15.683001],[79.534009,15.682959],[79.534149,15.684045]]]},"properties":{"lp":"2607","ac":"0.849","chaltha":"2607"}},{"type":"Feature","geometry":{"type":"Polygon","coordinates":[[[79.534149,15.684045],[79.534009,15.682959],[79.533999,15.682957],[79.533725,15.682949],[79.533798,15.683505],[79.533854,15.683928],[79.534149,15.684045]]]},"properties":{"lp":"2606","ac":"0.85","chaltha":"2606"}},{"type":"Feature","geometry":{"type":"Polygon","coordinates":[[[79.512201,15.681813],[79.512201,15.681865],[79.51231,15.682325],[79.51246,15.682816],[79.513018,15.684633],[79.513412,15.684465],[79.512654,15.681688],[79.512201,15.681813]]]},"properties":{"lp":"2533","ac":"3.983","chaltha":"2533"}},{"type":"Feature","geometry":{"type":"Polygon","coordinates":[[[79.512654,15.681688],[79.513412,15.684465],[79.513837,15.684283],[79.513132,15.681557],[79.512654,15.681688]]]},"properties":{"lp":"2532","ac":"3.98","chaltha":"2532"}},{"type":"Feature","geometry":{"type":"Polygon","coordinates":[[[79.528073,15.705293],[79.528231,15.705896],[79.528231,15.705897],[79.529305,15.705699],[79.530054,15.705562],[79.529344,15.704992],[79.52809,15.705256],[79.528073,15.705293]]]},"properties":{"lp":"592","ac":"3.125","chaltha":"592"}},{"type":"Feature","geometry":{"type":"Polygon","coordinates":[[[79.529429,15.706235],[79.529305,15.705699],[79.528231,15.705897],[79.528307,15.706186],[79.528727,15.706357],[79.529429,15.706235]]]},"properties":{"lp":"591","ac":"1.6","chaltha":"591"}},{"type":"Feature","geometry":{"type":"Polygon","coordinates":[[[79.529429,15.706235],[79.529495,15.706223],[79.530636,15.706029],[79.530054,15.705562],[79.529305,15.705699],[79.529429,15.706235]]]},"properties":{"lp":"590","ac":"1.614","chaltha":"590"}},{"type":"Feature","geometry":{"type":"Polygon","coordinates":[[[79.535124,15.710457],[79.535134,15.710559],[79.53525,15.710541],[79.535238,15.710442],[79.535124,15.710457]]]},"properties":{"lp":"286","ac":"0.034","chaltha":"286"}},{"type":"Feature","geometry":{"type":"Polygon","coordinates":[[[79.535124,15.710457],[79.535238,15.710442],[79.535224,15.710335],[79.535114,15.710344],[79.535124,15.710457]]]},"properties":{"lp":"285","ac":"0.036","chaltha":"285"}},{"type":"Feature","geometry":{"type":"Polygon","coordinates":[[[79.535114,15.710344],[79.535224,15.710335],[79.53521,15.710221],[79.535104,15.710239],[79.535114,15.710344]]]},"properties":{"lp":"284","ac":"0.035","chaltha":"284"}},{"type":"Feature","geometry":{"type":"Polygon","coordinates":[[[79.53521,15.710221],[79.535224,15.710335],[79.535238,15.710442],[79.53525,15.710541],[79.535522,15.710513],[79.535503,15.710345],[79.535389,15.710366],[79.535387,15.710249],[79.535275,15.710242],[79.535273,15.71021],[79.53521,15.710221]]]},"properties":{"lp":"283","ac":"0.199","chaltha":"283"}},{"type":"Feature","geometry":{"type":"Polygon","coordinates":[[[79.530856,15.690952],[79.530872,15.690982],[79.531071,15.691344],[79.532331,15.690896],[79.532248,15.690609],[79.532244,15.690593],[79.53224,15.690581],[79.532227,15.690537],[79.532227,15.690535],[79.532227,15.690534],[79.532223,15.690521],[79.532214,15.690492],[79.531499,15.690734],[79.530856,15.690952]]]},"properties":{"lp":"839","ac":"1.75","chaltha":"839"}},{"type":"Feature","geometry":{"type":"Polygon","coordinates":[[[79.530856,15.690952],[79.531499,15.690734],[79.531371,15.69035],[79.530647,15.69057],[79.530856,15.690952]]]},"properties":{"lp":"840","ac":"0.876","chaltha":"840"}},{"type":"Feature","geometry":{"type":"Polygon","coordinates":[[[79.531499,15.690734],[79.532214,15.690492],[79.532109,15.690126],[79.531371,15.69035],[79.531499,15.690734]]]},"properties":{"lp":"841","ac":"0.877","chaltha":"841"}},{"type":"Feature","geometry":{"type":"Polygon","coordinates":[[[79.535389,15.710366],[79.535503,15.710345],[79.535699,15.710311],[79.535721,15.710249],[79.53565,15.71011],[79.535489,15.710143],[79.535387,15.710249],[79.535389,15.710366]]]},"properties":{"lp":"282","ac":"0.171","chaltha":"282"}},{"type":"Feature","geometry":{"type":"Polygon","coordinates":[[[79.534579,15.710643],[79.534711,15.710623],[79.534663,15.710357],[79.534579,15.710643]]]},"properties":{"lp":"288","ac":"0.053","chaltha":"288"}},{"type":"Feature","geometry":{"type":"Polygon","coordinates":[[[79.5351,15.711481],[79.535255,15.711444],[79.535324,15.711699],[79.535341,15.711703],[79.535414,15.711624],[79.535425,15.711617],[79.535319,15.711164],[79.535301,15.711088],[79.535203,15.711108],[79.535167,15.711118],[79.535013,15.711148],[79.535054,15.711314],[79.5351,15.711481]]]},"properties":{"lp":"264","ac":"0.375","chaltha":"264"}},{"type":"Feature","geometry":{"type":"Polygon","coordinates":[[[79.528445,15.712895],[79.528962,15.712888],[79.529159,15.712872],[79.529119,15.712536],[79.528751,15.712506],[79.528376,15.712475],[79.528445,15.712895]]]},"properties":{"lp":"376","ac":"0.815","chaltha":"376"}},{"type":"Feature","geometry":{"type":"Polygon","coordinates":[[[79.528228,15.713118],[79.528977,15.713501],[79.528962,15.712888],[79.528445,15.712895],[79.528253,15.71293],[79.528228,15.713118]]]},"properties":{"lp":"371","ac":"0.882","chaltha":"371"}},{"type":"Feature","geometry":{"type":"Polygon","coordinates":[[[79.528962,15.712888],[79.528977,15.713501],[79.529354,15.713554],[79.529383,15.712874],[79.529159,15.712872],[79.528962,15.712888]]]},"properties":{"lp":"370","ac":"0.762","chaltha":"370"}},{"type":"Feature","geometry":{"type":"Polygon","coordinates":[[[79.529354,15.713554],[79.529617,15.713552],[79.529699,15.713365],[79.5298,15.712877],[79.529495,15.712875],[79.529383,15.712874],[79.529354,15.713554]]]},"properties":{"lp":"369","ac":"0.706","chaltha":"369"}},{"type":"Feature","geometry":{"type":"Polygon","coordinates":[[[79.527245,15.6973],[79.526414,15.696487],[79.526291,15.696458],[79.526738,15.697256],[79.526983,15.697427],[79.527245,15.6973]]]},"properties":{"lp":"2333","ac":"0.787","chaltha":"2333"}},{"type":"Feature","geometry":{"type":"Polygon","coordinates":[[[79.525868,15.695658],[79.525528,15.69525],[79.525464,15.695175],[79.525185,15.69484],[79.524918,15.694519],[79.524812,15.694551],[79.525215,15.694945],[79.525404,15.695172],[79.525798,15.695647],[79.525868,15.695658]]]},"properties":{"lp":"2442","ac":"0.239","chaltha":"2442"}},{"type":"Feature","geometry":{"type":"Polygon","coordinates":[[[79.524168,15.69372],[79.523975,15.693495],[79.523782,15.69327],[79.523616,15.693062],[79.52333,15.692706],[79.523251,15.692733],[79.523271,15.692757],[79.523494,15.693032],[79.523709,15.693296],[79.523903,15.693534],[79.524181,15.693871],[79.524309,15.694026],[79.524405,15.693997],[79.524168,15.69372]]]},"properties":{"lp":"2453","ac":"0.395","chaltha":"2453"}},{"type":"Feature","geometry":{"type":"Polygon","coordinates":[[[79.523251,15.692733],[79.52333,15.692706],[79.522257,15.691523],[79.522152,15.691496],[79.522561,15.691961],[79.522643,15.692047],[79.522733,15.692139],[79.522814,15.692222],[79.522894,15.692303],[79.522968,15.692379],[79.523251,15.692733]]]},"properties":{"lp":"2429","ac":"0.298","chaltha":"2429"}},{"type":"Feature","geometry":{"type":"Polygon","coordinates":[[[79.54118,15.674511],[79.541319,15.674427],[79.541257,15.673957],[79.540915,15.673874],[79.540366,15.673936],[79.540105,15.674153],[79.540152,15.67483],[79.540705,15.674745],[79.540842,15.674846],[79.541229,15.674793],[79.541189,15.674558],[79.54118,15.674511]]]},"properties":{"lp":"1909","ac":"2.859","chaltha":"1909"}},{"type":"Feature","geometry":{"type":"Polygon","coordinates":[[[79.539433,15.674937],[79.539647,15.674218],[79.539396,15.674254],[79.539433,15.674937]]]},"properties":{"lp":"1912","ac":"0.253","chaltha":"1912"}},{"type":"Feature","geometry":{"type":"Polygon","coordinates":[[[79.539445,15.675166],[79.539728,15.674896],[79.539828,15.674881],[79.540152,15.67483],[79.540105,15.674153],[79.539708,15.674209],[79.539438,15.67503],[79.539445,15.675166]]]},"properties":{"lp":"1910","ac":"1.181","chaltha":"1910"}},{"type":"Feature","geometry":{"type":"Polygon","coordinates":[[[79.53236,15.696261],[79.532446,15.69623],[79.532896,15.696068],[79.532871,15.695968],[79.532321,15.696131],[79.53236,15.696261]]]},"properties":{"lp":"2316","ac":"0.2","chaltha":"2316"}},{"type":"Feature","geometry":{"type":"Polygon","coordinates":[[[79.532321,15.696131],[79.532871,15.695968],[79.532845,15.695858],[79.532284,15.696011],[79.532321,15.696131]]]},"properties":{"lp":"2315","ac":"0.202","chaltha":"2315"}},{"type":"Feature","geometry":{"type":"Polygon","coordinates":[[[79.532284,15.696011],[79.532845,15.695858],[79.532818,15.695747],[79.532248,15.695891],[79.532284,15.696011]]]},"properties":{"lp":"2314","ac":"0.204","chaltha":"2314"}},{"type":"Feature","geometry":{"type":"Polygon","coordinates":[[[79.532248,15.695891],[79.532818,15.695747],[79.53279,15.695633],[79.532213,15.695776],[79.532248,15.695891]]]},"properties":{"lp":"2313","ac":"0.206","chaltha":"2313"}},{"type":"Feature","geometry":{"type":"Polygon","coordinates":[[[79.519905,15.686212],[79.519853,15.686227],[79.519979,15.686619],[79.520248,15.687207],[79.520371,15.68737],[79.520465,15.687337],[79.520323,15.68718],[79.520132,15.686803],[79.520035,15.686612],[79.519905,15.686212]]]},"properties":{"lp":"2408","ac":"0.244","chaltha":"2408"}},{"type":"Feature","geometry":{"type":"Polygon","coordinates":[[[79.53275,15.709733],[79.532346,15.709811],[79.532358,15.709906],[79.532154,15.709929],[79.532111,15.710094],[79.532136,15.710405],[79.532202,15.710399],[79.532296,15.710389],[79.532394,15.710379],[79.532481,15.71037],[79.532491,15.710369],[79.532495,15.710243],[79.532442,15.70998],[79.532671,15.709965],[79.53275,15.709733]]]},"properties":{"lp":"470","ac":"0.666","chaltha":"470"}},{"type":"Feature","geometry":{"type":"Polygon","coordinates":[[[79.532491,15.710369],[79.532847,15.710332],[79.532876,15.70993],[79.532823,15.709938],[79.5328,15.710236],[79.532495,15.710243],[79.532491,15.710369]]]},"properties":{"lp":"468","ac":"0.164","chaltha":"468"}},{"type":"Feature","geometry":{"type":"Polygon","coordinates":[[[79.533146,15.705235],[79.533128,15.705311],[79.533184,15.705557],[79.534633,15.705275],[79.534564,15.705018],[79.534449,15.704826],[79.533407,15.705025],[79.533375,15.705031],[79.533387,15.705217],[79.533146,15.705235]]]},"properties":{"lp":"738","ac":"1.89","chaltha":"738"}},{"type":"Feature","geometry":{"type":"Polygon","coordinates":[[[79.533284,15.706169],[79.533432,15.70689],[79.532954,15.706972],[79.532911,15.707079],[79.532973,15.707061],[79.533441,15.706928],[79.533485,15.707115],[79.534201,15.706928],[79.534281,15.707233],[79.535094,15.706976],[79.534633,15.705275],[79.533184,15.705557],[79.533309,15.706106],[79.533284,15.706169]]]},"properties":{"lp":"737","ac":"7.752","chaltha":"737"}},{"type":"Feature","geometry":{"type":"Polygon","coordinates":[[[79.532338,15.705643],[79.531998,15.706003],[79.532066,15.706382],[79.532618,15.70626],[79.532791,15.705132],[79.532449,15.705606],[79.532338,15.705643]]]},"properties":{"lp":"722","ac":"1.335","chaltha":"722"}},{"type":"Feature","geometry":{"type":"Polygon","coordinates":[[[79.532066,15.706382],[79.532611,15.706306],[79.532618,15.70626],[79.532066,15.706382]]]},"properties":{"lp":"723","ac":"0.036","chaltha":"723"}},{"type":"Feature","geometry":{"type":"Polygon","coordinates":[[[79.521136,15.699034],[79.521227,15.699083],[79.522094,15.6995],[79.521975,15.699165],[79.522127,15.699088],[79.522048,15.698864],[79.521975,15.698661],[79.521903,15.698458],[79.521886,15.69841],[79.521166,15.69871],[79.521136,15.699034]]]},"properties":{"lp":"672","ac":"1.814","chaltha":"672"}},{"type":"Feature","geometry":{"type":"Polygon","coordinates":[[[79.520048,15.6985],[79.520585,15.698752],[79.520894,15.698876],[79.521136,15.699034],[79.521166,15.69871],[79.521886,15.69841],[79.521873,15.698355],[79.521778,15.69794],[79.519958,15.698362],[79.520048,15.6985]]]},"properties":{"lp":"671","ac":"2.91","chaltha":"671"}},{"type":"Feature","geometry":{"type":"Polygon","coordinates":[[[79.51562,15.692903],[79.516306,15.692721],[79.516237,15.692504],[79.516097,15.692061],[79.516047,15.691904],[79.515828,15.691437],[79.515788,15.691352],[79.51533,15.691532],[79.51562,15.692903]]]},"properties":{"lp":"2581","ac":"2.613","chaltha":"2581"}},{"type":"Feature","geometry":{"type":"Polygon","coordinates":[[[79.51562,15.692903],[79.515375,15.693032],[79.516201,15.694736],[79.516298,15.694265],[79.516119,15.694159],[79.51611,15.694141],[79.516032,15.693971],[79.515949,15.693793],[79.51587,15.693622],[79.515755,15.693375],[79.515721,15.693258],[79.51562,15.692903]]]},"properties":{"lp":"2582","ac":"1.081","chaltha":"2582"}},{"type":"Feature","geometry":{"type":"Polygon","coordinates":[[[79.515038,15.693418],[79.515421,15.693384],[79.515544,15.69462],[79.516201,15.694736],[79.515375,15.693032],[79.515038,15.693418]]]},"properties":{"lp":"2583","ac":"1.679","chaltha":"2583"}},{"type":"Feature","geometry":{"type":"Polygon","coordinates":[[[79.525961,15.680629],[79.526135,15.680606],[79.527375,15.680521],[79.527207,15.679947],[79.525834,15.680065],[79.525961,15.680629]]]},"properties":{"lp":"2251","ac":"2.351","chaltha":"2251"}},{"type":"Feature","geometry":{"type":"Polygon","coordinates":[[[79.525668,15.679318],[79.52451,15.679478],[79.524697,15.68009],[79.524719,15.680159],[79.525825,15.680022],[79.525834,15.680065],[79.527207,15.679947],[79.527116,15.679638],[79.525782,15.679759],[79.525668,15.679318]]]},"properties":{"lp":"2249","ac":"3.64","chaltha":"2249"}},{"type":"Feature","geometry":{"type":"Polygon","coordinates":[[[79.530427,15.693797],[79.530464,15.693932],[79.530701,15.694811],[79.531552,15.694573],[79.531257,15.693591],[79.530427,15.693797]]]},"properties":{"lp":"2306","ac":"2.642","chaltha":"2306"}},{"type":"Feature","geometry":{"type":"Polygon","coordinates":[[[79.530701,15.694811],[79.530699,15.694893],[79.531582,15.694674],[79.531552,15.694573],[79.530701,15.694811]]]},"properties":{"lp":"2307","ac":"0.242","chaltha":"2307"}},{"type":"Feature","geometry":{"type":"Polygon","coordinates":[[[79.530699,15.694893],[79.530829,15.69544],[79.531742,15.695209],[79.531582,15.694674],[79.530699,15.694893]]]},"properties":{"lp":"2320","ac":"1.52","chaltha":"2320"}},{"type":"Feature","geometry":{"type":"Polygon","coordinates":[[[79.520371,15.68737],[79.520509,15.687552],[79.520621,15.687874],[79.520837,15.688492],[79.521033,15.689306],[79.521122,15.68928],[79.521032,15.68894],[79.520918,15.688508],[79.520465,15.687337],[79.520371,15.68737]]]},"properties":{"lp":"2409","ac":"0.405","chaltha":"2409"}},{"type":"Feature","geometry":{"type":"Polygon","coordinates":[[[79.521122,15.68928],[79.521033,15.689306],[79.521262,15.689784],[79.521451,15.690227],[79.521536,15.690567],[79.521655,15.690511],[79.521533,15.690196],[79.521122,15.68928]]]},"properties":{"lp":"2414","ac":"0.359","chaltha":"2414"}},{"type":"Feature","geometry":{"type":"Polygon","coordinates":[[[79.529934,15.688296],[79.530891,15.688083],[79.531385,15.687964],[79.531343,15.687807],[79.531262,15.6875],[79.529791,15.687812],[79.529934,15.688296]]]},"properties":{"lp":"2593","ac":"2.17","chaltha":"2593"}},{"type":"Feature","geometry":{"type":"Polygon","coordinates":[[[79.529791,15.687812],[79.531262,15.6875],[79.531136,15.687024],[79.529653,15.687342],[79.529791,15.687812]]]},"properties":{"lp":"2594","ac":"2.167","chaltha":"2594"}},{"type":"Feature","geometry":{"type":"Polygon","coordinates":[[[79.555417,15.686076],[79.555911,15.688136],[79.555943,15.688126],[79.556083,15.688081],[79.556219,15.688096],[79.556349,15.68811],[79.556201,15.687387],[79.555906,15.685958],[79.555417,15.686076]]]},"properties":{"lp":"1517","ac":"2.933","chaltha":"1517"}},{"type":"Feature","geometry":{"type":"Polygon","coordinates":[[[79.556736,15.688152],[79.556892,15.687927],[79.55697,15.687246],[79.556201,15.687387],[79.556349,15.68811],[79.556736,15.688152]]]},"properties":{"lp":"1515","ac":"1.503","chaltha":"1515"}},{"type":"Feature","geometry":{"type":"Polygon","coordinates":[[[79.556201,15.687387],[79.55697,15.687246],[79.557153,15.685652],[79.556773,15.685748],[79.555906,15.685958],[79.556201,15.687387]]]},"properties":{"lp":"1516","ac":"4.498","chaltha":"1516"}},{"type":"Feature","geometry":{"type":"Polygon","coordinates":[[[79.531235,15.696668],[79.531637,15.696523],[79.53205,15.696374],[79.532084,15.696361],[79.531963,15.695953],[79.531069,15.696183],[79.531235,15.696668]]]},"properties":{"lp":"2317","ac":"1.254","chaltha":"2317"}},{"type":"Feature","geometry":{"type":"Polygon","coordinates":[[[79.530922,15.695757],[79.531069,15.696183],[79.531963,15.695953],[79.531832,15.695514],[79.530922,15.695757]]]},"properties":{"lp":"2318","ac":"1.24","chaltha":"2318"}},{"type":"Feature","geometry":{"type":"Polygon","coordinates":[[[79.530304,15.695001],[79.530699,15.694893],[79.530701,15.694811],[79.530464,15.693932],[79.530029,15.694045],[79.530304,15.695001]]]},"properties":{"lp":"2321","ac":"1.279","chaltha":"2321"}},{"type":"Feature","geometry":{"type":"Polygon","coordinates":[[[79.530029,15.694045],[79.530464,15.693932],[79.530427,15.693797],[79.530295,15.693307],[79.530086,15.693352],[79.529942,15.69305],[79.529765,15.693195],[79.52949,15.693422],[79.529381,15.693486],[79.529407,15.693576],[79.529851,15.693421],[79.530029,15.694045]]]},"properties":{"lp":"2322","ac":"1.28","chaltha":"2322"}},{"type":"Feature","geometry":{"type":"Polygon","coordinates":[[[79.53644,15.703244],[79.536515,15.703714],[79.536085,15.703815],[79.536204,15.70477],[79.536961,15.704739],[79.536951,15.704137],[79.53699,15.703742],[79.537087,15.703231],[79.537101,15.703152],[79.53644,15.703244]]]},"properties":{"lp":"934","ac":"3.311","chaltha":"934"}},{"type":"Feature","geometry":{"type":"Polygon","coordinates":[[[79.536295,15.705498],[79.53623,15.70625],[79.536287,15.70641],[79.536402,15.706423],[79.536405,15.706424],[79.53644,15.706428],[79.536641,15.7062],[79.536875,15.70518],[79.536961,15.704739],[79.536204,15.70477],[79.536222,15.704915],[79.536295,15.705498]]]},"properties":{"lp":"949","ac":"2.509","chaltha":"949"}},{"type":"Feature","geometry":{"type":"Polygon","coordinates":[[[79.549694,15.693427],[79.549851,15.693506],[79.550176,15.693688],[79.550279,15.693746],[79.55014,15.693481],[79.55011,15.693266],[79.550077,15.693023],[79.549792,15.692938],[79.549694,15.693427]]]},"properties":{"lp":"1467","ac":"0.667","chaltha":"1467"}},{"type":"Feature","geometry":{"type":"Polygon","coordinates":[[[79.549772,15.694127],[79.550055,15.69418],[79.550097,15.694168],[79.550176,15.693688],[79.549851,15.693506],[79.549772,15.694127]]]},"properties":{"lp":"1466","ac":"0.558","chaltha":"1466"}},{"type":"Feature","geometry":{"type":"Polygon","coordinates":[[[79.550176,15.693688],[79.550097,15.694168],[79.550055,15.69418],[79.549905,15.694291],[79.55046,15.694333],[79.550536,15.694099],[79.55045,15.69407],[79.550279,15.693746],[79.550176,15.693688]]]},"properties":{"lp":"1268","ac":"0.558","chaltha":"1268"}},{"type":"Feature","geometry":{"type":"Polygon","coordinates":[[[79.55011,15.693266],[79.55014,15.693481],[79.550279,15.693746],[79.55045,15.69407],[79.550536,15.694099],[79.551114,15.694785],[79.551726,15.695106],[79.5518,15.694997],[79.552236,15.693551],[79.552237,15.693171],[79.552237,15.692954],[79.551801,15.693019],[79.551324,15.693089],[79.550636,15.693189],[79.550381,15.693226],[79.55011,15.693266]]]},"properties":{"lp":"1488","ac":"8.326","chaltha":"1488"}},{"type":"Feature","geometry":{"type":"Polygon","coordinates":[[[79.532481,15.71037],[79.532512,15.710598],[79.532918,15.710533],[79.532847,15.710332],[79.532491,15.710369],[79.532481,15.71037]]]},"properties":{"lp":"467","ac":"0.25","chaltha":"467"}},{"type":"Feature","geometry":{"type":"Polygon","coordinates":[[[79.532968,15.7107],[79.532953,15.71064],[79.532927,15.710559],[79.532918,15.710533],[79.532512,15.710598],[79.532542,15.710819],[79.532658,15.710805],[79.532968,15.7107]]]},"properties":{"lp":"464","ac":"0.26","chaltha":"464"}},{"type":"Feature","geometry":{"type":"Polygon","coordinates":[[[79.534263,15.69661],[79.534614,15.69654],[79.535063,15.696451],[79.535436,15.696403],[79.535441,15.696375],[79.535402,15.696039],[79.534201,15.696267],[79.534263,15.69661]]]},"properties":{"lp":"818","ac":"1.233","chaltha":"818"}},{"type":"Feature","geometry":{"type":"Polygon","coordinates":[[[79.521598,15.684228],[79.52291,15.683827],[79.522841,15.683626],[79.522784,15.683461],[79.522324,15.683595],[79.521885,15.683723],[79.521468,15.683844],[79.521598,15.684228]]]},"properties":{"lp":"2359","ac":"1.59","chaltha":"2359"}},{"type":"Feature","geometry":{"type":"Polygon","coordinates":[[[79.521885,15.683723],[79.521656,15.682977],[79.521212,15.683086],[79.521464,15.683831],[79.521468,15.683844],[79.521885,15.683723]]]},"properties":{"lp":"2360","ac":"1.03","chaltha":"2360"}},{"type":"Feature","geometry":{"type":"Polygon","coordinates":[[[79.521885,15.683723],[79.522324,15.683595],[79.5221,15.682868],[79.521656,15.682977],[79.521885,15.683723]]]},"properties":{"lp":"2361","ac":"1.031","chaltha":"2361"}},{"type":"Feature","geometry":{"type":"Polygon","coordinates":[[[79.522324,15.683595],[79.522784,15.683461],[79.522636,15.683031],[79.522548,15.682758],[79.522113,15.682865],[79.5221,15.682868],[79.522324,15.683595]]]},"properties":{"lp":"2362","ac":"1.032","chaltha":"2362"}},{"type":"Feature","geometry":{"type":"Polygon","coordinates":[[[79.536127,15.711662],[79.535958,15.711731],[79.535974,15.712031],[79.535986,15.712238],[79.53615,15.712232],[79.536127,15.711662]]]},"properties":{"lp":"104","ac":"0.266","chaltha":"104"}},{"type":"Feature","geometry":{"type":"Polygon","coordinates":[[[79.535795,15.711801],[79.535817,15.712046],[79.535974,15.712031],[79.535958,15.711731],[79.535939,15.711739],[79.535795,15.711801]]]},"properties":{"lp":"102","ac":"0.13","chaltha":"102"}},{"type":"Feature","geometry":{"type":"Polygon","coordinates":[[[79.535829,15.712184],[79.535838,15.712183],[79.53584,15.712244],[79.535986,15.712238],[79.535974,15.712031],[79.535817,15.712046],[79.535829,15.712184]]]},"properties":{"lp":"103","ac":"0.091","chaltha":"103"}},{"type":"Feature","geometry":{"type":"Polygon","coordinates":[[[79.53615,15.712232],[79.536191,15.712231],[79.536228,15.71211],[79.536357,15.71209],[79.536369,15.711927],[79.536379,15.711789],[79.536388,15.711664],[79.53618,15.711641],[79.536127,15.711662],[79.53615,15.712232]]]},"properties":{"lp":"105","ac":"0.336","chaltha":"105"}},{"type":"Feature","geometry":{"type":"Polygon","coordinates":[[[79.514174,15.684491],[79.513359,15.681498],[79.513132,15.681557],[79.513837,15.684283],[79.51388,15.684728],[79.51415,15.68451],[79.514174,15.684491]]]},"properties":{"lp":"2531","ac":"2.4","chaltha":"2531"}},{"type":"Feature","geometry":{"type":"Polygon","coordinates":[[[79.513359,15.681498],[79.514174,15.684491],[79.514343,15.684354],[79.514346,15.684353],[79.514386,15.68432],[79.514336,15.684171],[79.514478,15.684029],[79.514369,15.683564],[79.514155,15.683633],[79.513616,15.681432],[79.513359,15.681498]]]},"properties":{"lp":"2530","ac":"2.401","chaltha":"2530"}},{"type":"Feature","geometry":{"type":"Polygon","coordinates":[[[79.513616,15.681432],[79.514155,15.683633],[79.514369,15.683564],[79.514643,15.68347],[79.514776,15.683181],[79.514907,15.682934],[79.514771,15.682307],[79.514274,15.682412],[79.514002,15.681331],[79.513947,15.681347],[79.513616,15.681432]]]},"properties":{"lp":"2529","ac":"4.017","chaltha":"2529"}},{"type":"Feature","geometry":{"type":"Polygon","coordinates":[[[79.526712,15.712275],[79.527253,15.712619],[79.527735,15.712498],[79.527459,15.712218],[79.527366,15.712123],[79.526866,15.712228],[79.526712,15.712275]]]},"properties":{"lp":"409","ac":"0.792","chaltha":"409"}},{"type":"Feature","geometry":{"type":"Polygon","coordinates":[[[79.531118,15.702858],[79.531087,15.702867],[79.531082,15.702869],[79.531176,15.703155],[79.531617,15.703021],[79.531988,15.702915],[79.531979,15.702876],[79.531916,15.702613],[79.531344,15.702788],[79.531119,15.702858],[79.531118,15.702858]]]},"properties":{"lp":"766","ac":"0.766","chaltha":"766"}},{"type":"Feature","geometry":{"type":"Polygon","coordinates":[[[79.514907,15.682934],[79.515027,15.68345],[79.515345,15.683047],[79.515863,15.682147],[79.51628,15.68205],[79.516095,15.681426],[79.516331,15.681098],[79.516294,15.680697],[79.514002,15.681331],[79.514274,15.682412],[79.514771,15.682307],[79.514907,15.682934]]]},"properties":{"lp":"2527","ac":"9.652","chaltha":"2527"}},{"type":"Feature","geometry":{"type":"Polygon","coordinates":[[[79.514921,15.683585],[79.515027,15.68345],[79.514907,15.682934],[79.514776,15.683181],[79.514643,15.68347],[79.514369,15.683564],[79.514478,15.684029],[79.514921,15.683585]]]},"properties":{"lp":"2528","ac":"0.83","chaltha":"2528"}},{"type":"Feature","geometry":{"type":"Polygon","coordinates":[[[79.534201,15.696267],[79.533841,15.696335],[79.533074,15.69648],[79.533152,15.696832],[79.534263,15.69661],[79.534201,15.696267]]]},"properties":{"lp":"817","ac":"1.184","chaltha":"817"}},{"type":"Feature","geometry":{"type":"Polygon","coordinates":[[[79.521275,15.691522],[79.520947,15.691642],[79.521042,15.691922],[79.521235,15.691862],[79.522152,15.691496],[79.521981,15.691266],[79.521275,15.691522]]]},"properties":{"lp":"2467","ac":"0.982","chaltha":"2467"}},{"type":"Feature","geometry":{"type":"Polygon","coordinates":[[[79.520947,15.691642],[79.521275,15.691522],[79.521105,15.691132],[79.521013,15.691165],[79.520421,15.691376],[79.520579,15.69177],[79.520947,15.691642]]]},"properties":{"lp":"2469","ac":"0.914","chaltha":"2469"}},{"type":"Feature","geometry":{"type":"Polygon","coordinates":[[[79.516544,15.684514],[79.51698,15.68439],[79.516519,15.683152],[79.516116,15.683398],[79.516544,15.684514]]]},"properties":{"lp":"2521","ac":"1.689","chaltha":"2521"}},{"type":"Feature","geometry":{"type":"Polygon","coordinates":[[[79.532061,15.70324],[79.531988,15.702915],[79.531617,15.703021],[79.531747,15.703464],[79.532088,15.703364],[79.532061,15.70324]]]},"properties":{"lp":"765","ac":"0.5","chaltha":"765"}},{"type":"Feature","geometry":{"type":"Polygon","coordinates":[[[79.53035,15.703424],[79.530948,15.703251],[79.531144,15.703194],[79.531267,15.703604],[79.531747,15.703464],[79.531617,15.703021],[79.531176,15.703155],[79.531082,15.702869],[79.530222,15.703133],[79.53035,15.703424]]]},"properties":{"lp":"767","ac":"1.506","chaltha":"767"}},{"type":"Feature","geometry":{"type":"Polygon","coordinates":[[[79.533603,15.694824],[79.533488,15.694851],[79.532713,15.695037],[79.532764,15.695232],[79.533615,15.695058],[79.533645,15.695051],[79.533603,15.694824]]]},"properties":{"lp":"823","ac":"0.574","chaltha":"823"}},{"type":"Feature","geometry":{"type":"Polygon","coordinates":[[[79.533394,15.694782],[79.533586,15.694731],[79.533603,15.694824],[79.533575,15.694674],[79.533506,15.694303],[79.533499,15.694304],[79.533261,15.694356],[79.533385,15.694758],[79.533394,15.694782]]]},"properties":{"lp":"825","ac":"0.29","chaltha":"825"}},{"type":"Feature","geometry":{"type":"Polygon","coordinates":[[[79.532713,15.695037],[79.533488,15.694851],[79.533603,15.694824],[79.533586,15.694731],[79.533394,15.694782],[79.533385,15.694758],[79.532686,15.694936],[79.532713,15.695037]]]},"properties":{"lp":"824","ac":"0.285","chaltha":"824"}},{"type":"Feature","geometry":{"type":"Polygon","coordinates":[[[79.533902,15.694217],[79.533506,15.694303],[79.533575,15.694674],[79.534929,15.694411],[79.534851,15.69404],[79.534503,15.694105],[79.533902,15.694217]]]},"properties":{"lp":"826","ac":"1.54","chaltha":"826"}},{"type":"Feature","geometry":{"type":"Polygon","coordinates":[[[79.535211,15.694377],[79.535252,15.694363],[79.535212,15.694116],[79.535171,15.693857],[79.535079,15.693284],[79.53507,15.693224],[79.534753,15.693328],[79.534851,15.69404],[79.534929,15.694411],[79.533575,15.694674],[79.533603,15.694824],[79.533645,15.695051],[79.535251,15.694723],[79.535211,15.694377]]]},"properties":{"lp":"822","ac":"2.924","chaltha":"822"}},{"type":"Feature","geometry":{"type":"Polygon","coordinates":[[[79.545395,15.694101],[79.545413,15.694033],[79.545417,15.693876],[79.545305,15.693803],[79.545212,15.694053],[79.545395,15.694101]]]},"properties":{"lp":"1355","ac":"0.117","chaltha":"1355"}},{"type":"Feature","geometry":{"type":"Polygon","coordinates":[[[79.545305,15.693803],[79.545208,15.693741],[79.545116,15.69383],[79.54511,15.694027],[79.545212,15.694053],[79.545305,15.693803]]]},"properties":{"lp":"1354","ac":"0.116","chaltha":"1354"}},{"type":"Feature","geometry":{"type":"Polygon","coordinates":[[[79.545437,15.694223],[79.545395,15.694101],[79.545212,15.694053],[79.54511,15.694027],[79.545104,15.694238],[79.545437,15.694223]]]},"properties":{"lp":"1356","ac":"0.15","chaltha":"1356"}},{"type":"Feature","geometry":{"type":"Polygon","coordinates":[[[79.545104,15.694238],[79.545131,15.694449],[79.545494,15.694386],[79.545437,15.694223],[79.545104,15.694238]]]},"properties":{"lp":"1357","ac":"0.196","chaltha":"1357"}},{"type":"Feature","geometry":{"type":"Polygon","coordinates":[[[79.545131,15.694449],[79.545088,15.694992],[79.545269,15.69494],[79.545395,15.694935],[79.545805,15.694888],[79.545882,15.69488],[79.545628,15.69461],[79.545574,15.694519],[79.545505,15.694405],[79.545494,15.694386],[79.545131,15.694449]]]},"properties":{"lp":"1359","ac":"0.868","chaltha":"1359"}},{"type":"Feature","geometry":{"type":"Polygon","coordinates":[[[79.545413,15.694033],[79.545395,15.694101],[79.545437,15.694223],[79.545494,15.694386],[79.545505,15.694405],[79.546054,15.694233],[79.546047,15.694218],[79.546028,15.694226],[79.545975,15.694095],[79.54592,15.693956],[79.545896,15.693897],[79.545413,15.694033]]]},"properties":{"lp":"1362","ac":"0.602","chaltha":"1362"}},{"type":"Feature","geometry":{"type":"Polygon","coordinates":[[[79.53205,15.707842],[79.531804,15.707888],[79.531866,15.708136],[79.532143,15.708208],[79.532126,15.708152],[79.53205,15.707842]]]},"properties":{"lp":"584","ac":"0.231","chaltha":"584"}},{"type":"Feature","geometry":{"type":"Polygon","coordinates":[[[79.517907,15.681971],[79.518318,15.681892],[79.518532,15.68185],[79.518742,15.681809],[79.519454,15.68166],[79.519884,15.681505],[79.520232,15.681378],[79.520996,15.681102],[79.520666,15.680165],[79.519381,15.680521],[79.518896,15.680625],[79.518896,15.680628],[79.517317,15.680941],[79.517316,15.680935],[79.517185,15.68127],[79.516892,15.681521],[79.517184,15.682112],[79.517907,15.681971]]]},"properties":{"lp":"2387","ac":"12.391","chaltha":"2387"}},{"type":"Feature","geometry":{"type":"Polygon","coordinates":[[[79.518779,15.684943],[79.519297,15.684795],[79.518359,15.683759],[79.518403,15.683884],[79.518779,15.684943]]]},"properties":{"lp":"2515","ac":"0.99","chaltha":"2515"}},{"type":"Feature","geometry":{"type":"Polygon","coordinates":[[[79.517444,15.683568],[79.518028,15.683405],[79.517128,15.682134],[79.516897,15.682218],[79.51702,15.6824],[79.517282,15.683063],[79.517444,15.683568]]]},"properties":{"lp":"2517","ac":"1.695","chaltha":"2517"}},{"type":"Feature","geometry":{"type":"Polygon","coordinates":[[[79.530647,15.712415],[79.530705,15.713027],[79.530948,15.713013],[79.53075,15.712403],[79.530647,15.712415]]]},"properties":{"lp":"359","ac":"0.314","chaltha":"359"}},{"type":"Feature","geometry":{"type":"Polygon","coordinates":[[[79.530755,15.712403],[79.53075,15.712403],[79.530948,15.713013],[79.531265,15.712995],[79.531267,15.712995],[79.531154,15.712732],[79.531064,15.712623],[79.530912,15.71247],[79.530831,15.712394],[79.530755,15.712403]]]},"properties":{"lp":"360","ac":"0.444","chaltha":"360"}},{"type":"Feature","geometry":{"type":"Polygon","coordinates":[[[79.531154,15.712732],[79.531267,15.712995],[79.531626,15.712975],[79.531674,15.712957],[79.531618,15.712239],[79.53122,15.712369],[79.530912,15.71247],[79.531064,15.712623],[79.531154,15.712732]]]},"properties":{"lp":"361","ac":"1.05","chaltha":"361"}},{"type":"Feature","geometry":{"type":"Polygon","coordinates":[[[79.518779,15.684943],[79.51876,15.684948],[79.518753,15.68495],[79.518892,15.685383],[79.519089,15.685995],[79.519724,15.685828],[79.519476,15.685061],[79.519297,15.684795],[79.518779,15.684943]]]},"properties":{"lp":"2509","ac":"2.08","chaltha":"2509"}},{"type":"Feature","geometry":{"type":"Polygon","coordinates":[[[79.519724,15.685828],[79.519089,15.685995],[79.519129,15.686124],[79.519269,15.686578],[79.519623,15.686477],[79.519693,15.68669],[79.519979,15.686619],[79.519853,15.686227],[79.519724,15.685828]]]},"properties":{"lp":"2508","ac":"1.364","chaltha":"2508"}},{"type":"Feature","geometry":{"type":"Polygon","coordinates":[[[79.519623,15.686477],[79.519269,15.686578],[79.519129,15.686124],[79.518483,15.686301],[79.518512,15.686387],[79.518692,15.686938],[79.519693,15.68669],[79.519623,15.686477]]]},"properties":{"lp":"2507","ac":"1.553","chaltha":"2507"}},{"type":"Feature","geometry":{"type":"Polygon","coordinates":[[[79.518096,15.685137],[79.518237,15.685563],[79.518892,15.685383],[79.518753,15.68495],[79.518096,15.685137]]]},"properties":{"lp":"2511","ac":"0.901","chaltha":"2511"}},{"type":"Feature","geometry":{"type":"Polygon","coordinates":[[[79.518237,15.685563],[79.518483,15.686301],[79.519129,15.686124],[79.519089,15.685995],[79.518892,15.685383],[79.518237,15.685563]]]},"properties":{"lp":"2510","ac":"1.537","chaltha":"2510"}},{"type":"Feature","geometry":{"type":"Polygon","coordinates":[[[79.527842,15.707612],[79.527887,15.707944],[79.528786,15.707926],[79.529633,15.707909],[79.529588,15.707562],[79.529076,15.707577],[79.528542,15.707592],[79.528264,15.7076],[79.527961,15.707609],[79.527842,15.707612]]]},"properties":{"lp":"572","ac":"1.741","chaltha":"572"}},{"type":"Feature","geometry":{"type":"Polygon","coordinates":[[[79.52793,15.708257],[79.528803,15.708265],[79.528786,15.707926],[79.527887,15.707944],[79.527903,15.708064],[79.52793,15.708257]]]},"properties":{"lp":"573","ac":"0.847","chaltha":"573"}},{"type":"Feature","geometry":{"type":"Polygon","coordinates":[[[79.528803,15.708265],[79.529681,15.708273],[79.529636,15.707931],[79.529633,15.707909],[79.528786,15.707926],[79.528803,15.708265]]]},"properties":{"lp":"574","ac":"0.89","chaltha":"574"}},{"type":"Feature","geometry":{"type":"Polygon","coordinates":[[[79.55628,15.688977],[79.555726,15.689022],[79.555727,15.689028],[79.555797,15.689278],[79.55628,15.688977]]]},"properties":{"lp":"1509","ac":"0.212","chaltha":"1509"}},{"type":"Feature","geometry":{"type":"Polygon","coordinates":[[[79.555685,15.688878],[79.555726,15.689022],[79.55628,15.688977],[79.556102,15.688527],[79.555633,15.688693],[79.555685,15.688878]]]},"properties":{"lp":"1510","ac":"0.626","chaltha":"1510"}},{"type":"Feature","geometry":{"type":"Polygon","coordinates":[[[79.527981,15.693663],[79.52797,15.694199],[79.528261,15.694144],[79.528542,15.693978],[79.528382,15.693532],[79.527981,15.693663]]]},"properties":{"lp":"2335","ac":"0.786","chaltha":"2335"}},{"type":"Feature","geometry":{"type":"Polygon","coordinates":[[[79.527927,15.693301],[79.527984,15.693497],[79.527981,15.693663],[79.528382,15.693532],[79.528542,15.693978],[79.528927,15.693752],[79.529381,15.693486],[79.52949,15.693422],[79.529765,15.693195],[79.529543,15.692579],[79.529516,15.692588],[79.52884,15.692814],[79.528906,15.693008],[79.527927,15.693301]]]},"properties":{"lp":"2336","ac":"3.55","chaltha":"2336"}},{"type":"Feature","geometry":{"type":"Polygon","coordinates":[[[79.515721,15.693258],[79.516829,15.69295],[79.517956,15.692636],[79.517943,15.6926],[79.517869,15.692387],[79.517824,15.692257],[79.516306,15.692721],[79.51562,15.692903],[79.515721,15.693258]]]},"properties":{"lp":"2574","ac":"2.541","chaltha":"2574"}},{"type":"Feature","geometry":{"type":"Polygon","coordinates":[[[79.533049,15.711442],[79.533094,15.711629],[79.533336,15.71159],[79.533327,15.711436],[79.533362,15.71139],[79.533049,15.711442]]]},"properties":{"lp":"321","ac":"0.15","chaltha":"321"}},{"type":"Feature","geometry":{"type":"Polygon","coordinates":[[[79.533022,15.711642],[79.533086,15.711945],[79.533354,15.711879],[79.533336,15.71159],[79.533094,15.711629],[79.533022,15.711642]]]},"properties":{"lp":"320","ac":"0.261","chaltha":"320"}},{"type":"Feature","geometry":{"type":"Polygon","coordinates":[[[79.556505,15.688823],[79.556219,15.688096],[79.556083,15.688081],[79.555943,15.688126],[79.556027,15.688338],[79.556102,15.688527],[79.55628,15.688977],[79.556505,15.688823]]]},"properties":{"lp":"1513","ac":"0.676","chaltha":"1513"}},{"type":"Feature","geometry":{"type":"Polygon","coordinates":[[[79.556505,15.688823],[79.556703,15.688688],[79.556736,15.688152],[79.556349,15.68811],[79.556219,15.688096],[79.556505,15.688823]]]},"properties":{"lp":"1514","ac":"0.676","chaltha":"1514"}},{"type":"Feature","geometry":{"type":"Polygon","coordinates":[[[79.540838,15.670639],[79.541679,15.670453],[79.542133,15.670336],[79.542231,15.670308],[79.541965,15.66903],[79.541755,15.669123],[79.541524,15.669177],[79.541286,15.669232],[79.540763,15.670399],[79.540838,15.670639]]]},"properties":{"lp":"1884","ac":"4.319","chaltha":"1884"}},{"type":"Feature","geometry":{"type":"Polygon","coordinates":[[[79.542732,15.670167],[79.542426,15.668826],[79.541965,15.66903],[79.542231,15.670308],[79.542732,15.670167]]]},"properties":{"lp":"1887","ac":"1.99","chaltha":"1887"}},{"type":"Feature","geometry":{"type":"Polygon","coordinates":[[[79.518076,15.683392],[79.51823,15.683555],[79.518766,15.683412],[79.518318,15.681892],[79.517907,15.681971],[79.518338,15.683332],[79.518076,15.683392]]]},"properties":{"lp":"2393","ac":"2.001","chaltha":"2393"}},{"type":"Feature","geometry":{"type":"Polygon","coordinates":[[[79.518766,15.683412],[79.518977,15.683356],[79.518532,15.68185],[79.518318,15.681892],[79.518766,15.683412]]]},"properties":{"lp":"2394","ac":"1.006","chaltha":"2394"}},{"type":"Feature","geometry":{"type":"Polygon","coordinates":[[[79.518977,15.683356],[79.519194,15.683298],[79.518742,15.681809],[79.518532,15.68185],[79.518977,15.683356]]]},"properties":{"lp":"2395","ac":"1.002","chaltha":"2395"}},{"type":"Feature","geometry":{"type":"Polygon","coordinates":[[[79.51823,15.683555],[79.518407,15.683743],[79.519358,15.684779],[79.519531,15.685046],[79.52001,15.684911],[79.520233,15.684848],[79.519669,15.683157],[79.519194,15.683298],[79.518977,15.683356],[79.518766,15.683412],[79.51823,15.683555]]]},"properties":{"lp":"2396","ac":"5.646","chaltha":"2396"}},{"type":"Feature","geometry":{"type":"Polygon","coordinates":[[[79.536235,15.712756],[79.53646,15.712664],[79.536488,15.71251],[79.53618,15.712266],[79.536212,15.712467],[79.536226,15.71267],[79.536235,15.712756]]]},"properties":{"lp":"94","ac":"0.243","chaltha":"94"}},{"type":"Feature","geometry":{"type":"Polygon","coordinates":[[[79.535366,15.712514],[79.535603,15.712512],[79.535604,15.712483],[79.535611,15.712378],[79.535368,15.712386],[79.535366,15.712514]]]},"properties":{"lp":"98","ac":"0.092","chaltha":"98"}},{"type":"Feature","geometry":{"type":"Polygon","coordinates":[[[79.535364,15.712731],[79.535598,15.712673],[79.535603,15.712512],[79.535366,15.712514],[79.535364,15.712731]]]},"properties":{"lp":"97","ac":"0.13","chaltha":"97"}},{"type":"Feature","geometry":{"type":"Polygon","coordinates":[[[79.544292,15.669486],[79.545126,15.669293],[79.545868,15.669121],[79.545854,15.669068],[79.547252,15.668789],[79.547707,15.668698],[79.547422,15.667384],[79.547333,15.666975],[79.546663,15.667082],[79.546521,15.667379],[79.545604,15.667599],[79.545435,15.668128],[79.544765,15.668232],[79.544493,15.668057],[79.54366,15.668333],[79.544103,15.66925],[79.544292,15.669486]]]},"properties":{"lp":"1850","ac":"15.459","chaltha":"1850"}},{"type":"Feature","geometry":{"type":"Polygon","coordinates":[[[79.533845,15.700798],[79.534811,15.700571],[79.534794,15.700498],[79.534862,15.700481],[79.535889,15.700217],[79.535884,15.700187],[79.534764,15.70048],[79.534776,15.700548],[79.533839,15.700758],[79.533845,15.700798]]]},"properties":{"lp":"920","ac":"0.2","chaltha":"920"}},{"type":"Feature","geometry":{"type":"Polygon","coordinates":[[[79.533839,15.700758],[79.534776,15.700548],[79.534764,15.70048],[79.535884,15.700187],[79.535859,15.700031],[79.53583,15.699857],[79.535824,15.699817],[79.534694,15.700089],[79.53472,15.700207],[79.533791,15.700416],[79.533839,15.700758]]]},"properties":{"lp":"921","ac":"2.272","chaltha":"921"}},{"type":"Feature","geometry":{"type":"Polygon","coordinates":[[[79.533223,15.704873],[79.533406,15.704868],[79.533405,15.704691],[79.533253,15.704719],[79.533223,15.704873]]]},"properties":{"lp":"749","ac":"0.08","chaltha":"749"}},{"type":"Feature","geometry":{"type":"Polygon","coordinates":[[[79.533375,15.705031],[79.533407,15.705025],[79.534449,15.704826],[79.534564,15.705018],[79.534776,15.704974],[79.534643,15.704459],[79.533405,15.704691],[79.533406,15.704868],[79.533223,15.704873],[79.533184,15.705068],[79.533375,15.705031]]]},"properties":{"lp":"750","ac":"1.499","chaltha":"750"}},{"type":"Feature","geometry":{"type":"Polygon","coordinates":[[[79.533405,15.704691],[79.534643,15.704459],[79.534536,15.704087],[79.533338,15.704293],[79.533253,15.704719],[79.533405,15.704691]]]},"properties":{"lp":"751","ac":"1.521","chaltha":"751"}},{"type":"Feature","geometry":{"type":"Polygon","coordinates":[[[79.533338,15.704293],[79.534536,15.704087],[79.534451,15.703795],[79.53369,15.703926],[79.533402,15.703975],[79.533338,15.704293]]]},"properties":{"lp":"752","ac":"1.009","chaltha":"752"}},{"type":"Feature","geometry":{"type":"Polygon","coordinates":[[[79.534451,15.703795],[79.534379,15.703545],[79.533641,15.703677],[79.53369,15.703926],[79.534451,15.703795]]]},"properties":{"lp":"753","ac":"0.572","chaltha":"753"}},{"type":"Feature","geometry":{"type":"Polygon","coordinates":[[[79.532213,15.709614],[79.532154,15.709929],[79.532358,15.709906],[79.532346,15.709811],[79.532318,15.709616],[79.532213,15.709614]]]},"properties":{"lp":"475","ac":"0.137","chaltha":"475"}},{"type":"Feature","geometry":{"type":"Polygon","coordinates":[[[79.532419,15.70855],[79.532386,15.70872],[79.532357,15.708869],[79.532798,15.708778],[79.532746,15.708729],[79.532703,15.708687],[79.532587,15.708577],[79.532419,15.70855]]]},"properties":{"lp":"716","ac":"0.239","chaltha":"716"}},{"type":"Feature","geometry":{"type":"Polygon","coordinates":[[[79.532346,15.709811],[79.53275,15.709733],[79.532917,15.709425],[79.532922,15.709163],[79.53289,15.709024],[79.532842,15.708821],[79.532798,15.708778],[79.532357,15.708869],[79.532263,15.709354],[79.532434,15.709386],[79.53238,15.709627],[79.532318,15.709616],[79.532346,15.709811]]]},"properties":{"lp":"473","ac":"1.479","chaltha":"473"}},{"type":"Feature","geometry":{"type":"Polygon","coordinates":[[[79.530553,15.710538],[79.530564,15.710487],[79.530646,15.710098],[79.530881,15.710072],[79.531405,15.710013],[79.531412,15.710012],[79.531359,15.709595],[79.531308,15.7093],[79.53141,15.708891],[79.530519,15.709066],[79.530526,15.709582],[79.530531,15.709958],[79.530515,15.710027],[79.530402,15.710509],[79.530553,15.710538]]]},"properties":{"lp":"480","ac":"2.847","chaltha":"480"}},{"type":"Feature","geometry":{"type":"Polygon","coordinates":[[[79.528402,15.71019],[79.52839,15.710234],[79.528658,15.710307],[79.528644,15.710371],[79.528751,15.710388],[79.528802,15.710216],[79.528402,15.71019]]]},"properties":{"lp":"446","ac":"0.118","chaltha":"446"}},{"type":"Feature","geometry":{"type":"Polygon","coordinates":[[[79.528402,15.71019],[79.528802,15.710216],[79.528828,15.710127],[79.528449,15.710025],[79.528402,15.71019]]]},"properties":{"lp":"712","ac":"0.151","chaltha":"712"}},{"type":"Feature","geometry":{"type":"Polygon","coordinates":[[[79.528902,15.709866],[79.528886,15.710015],[79.529462,15.710223],[79.529522,15.710071],[79.529333,15.709913],[79.528994,15.709876],[79.528902,15.709866]]]},"properties":{"lp":"450","ac":"0.373","chaltha":"450"}},{"type":"Feature","geometry":{"type":"Polygon","coordinates":[[[79.528123,15.710564],[79.527997,15.710563],[79.527984,15.711146],[79.528017,15.711151],[79.528187,15.711176],[79.528459,15.711471],[79.528503,15.711486],[79.528506,15.711487],[79.528738,15.711564],[79.528735,15.711021],[79.528467,15.710905],[79.528507,15.710638],[79.528851,15.710649],[79.528845,15.710485],[79.528555,15.710403],[79.528123,15.71037],[79.528123,15.710564]]]},"properties":{"lp":"401","ac":"1.841","chaltha":"401"}},{"type":"Feature","geometry":{"type":"Polygon","coordinates":[[[79.528735,15.711021],[79.528981,15.711023],[79.529013,15.711548],[79.529076,15.711545],[79.52943,15.711525],[79.529459,15.711523],[79.529438,15.711262],[79.529217,15.711279],[79.529198,15.711007],[79.529126,15.711012],[79.529114,15.710718],[79.528933,15.710705],[79.528735,15.711021]]]},"properties":{"lp":"398","ac":"0.77","chaltha":"398"}},{"type":"Feature","geometry":{"type":"Polygon","coordinates":[[[79.523628,15.710909],[79.52406,15.710815],[79.524016,15.710475],[79.523915,15.710492],[79.523841,15.710535],[79.523618,15.710593],[79.523671,15.710784],[79.523628,15.710909]]]},"properties":{"lp":"441","ac":"0.385","chaltha":"441"}},{"type":"Feature","geometry":{"type":"Polygon","coordinates":[[[79.537113,15.707586],[79.537245,15.707071],[79.537277,15.706945],[79.537741,15.706122],[79.537292,15.70629],[79.537009,15.706505],[79.536579,15.706773],[79.53637,15.706914],[79.536291,15.707452],[79.536592,15.707444],[79.536806,15.707747],[79.53703,15.707742],[79.537113,15.707586]]]},"properties":{"lp":"1017","ac":"2.967","chaltha":"1017"}},{"type":"Feature","geometry":{"type":"Polygon","coordinates":[[[79.534107,15.70989],[79.534109,15.710037],[79.534142,15.710412],[79.534372,15.710425],[79.534458,15.710513],[79.534663,15.710357],[79.534824,15.71031],[79.534971,15.710267],[79.535016,15.710254],[79.535058,15.710247],[79.535104,15.710239],[79.53521,15.710221],[79.535273,15.71021],[79.535275,15.710242],[79.535387,15.710249],[79.535489,15.710143],[79.53565,15.71011],[79.535788,15.71],[79.53618,15.711641],[79.536388,15.711664],[79.536545,15.711681],[79.53663,15.711681],[79.536919,15.711755],[79.537039,15.711775],[79.537168,15.711797],[79.537315,15.711822],[79.537484,15.711851],[79.537549,15.711862],[79.537624,15.71186],[79.537713,15.711858],[79.5378,15.711856],[79.537855,15.711855],[79.537815,15.711584],[79.537999,15.71151],[79.538067,15.711482],[79.537921,15.711415],[79.537975,15.711059],[79.537851,15.711058],[79.537774,15.710676],[79.5375,15.710665],[79.537498,15.710553],[79.537493,15.710267],[79.537488,15.710024],[79.536985,15.710042],[79.536924,15.709848],[79.5369,15.70978],[79.536409,15.709795],[79.536007,15.709847],[79.535934,15.709286],[79.536155,15.708659],[79.53688,15.708535],[79.536951,15.708524],[79.536961,15.707979],[79.53703,15.707742],[79.536806,15.707747],[79.536592,15.707444],[79.536291,15.707452],[79.53637,15.706914],[79.536167,15.707048],[79.536083,15.707034],[79.535852,15.706997],[79.535443,15.707082],[79.535094,15.706976],[79.535207,15.707593],[79.535292,15.708053],[79.534633,15.708096],[79.534279,15.708109],[79.534233,15.707876],[79.53418,15.707609],[79.534151,15.707593],[79.53322,15.707884],[79.533173,15.707899],[79.532975,15.707875],[79.53253,15.708007],[79.532524,15.708339],[79.533289,15.7087],[79.533182,15.708804],[79.534107,15.70989]]]},"properties":{"lp":"257","ac":"33.013","chaltha":"257"}},{"type":"Feature","geometry":{"type":"Polygon","coordinates":[[[79.536545,15.711681],[79.53653,15.711802],[79.536513,15.711935],[79.536496,15.712069],[79.536522,15.712322],[79.536589,15.712331],[79.536599,15.712232],[79.536608,15.712139],[79.536604,15.712012],[79.536611,15.711922],[79.536621,15.711789],[79.53663,15.711681],[79.536545,15.711681]]]},"properties":{"lp":"111","ac":"0.177","chaltha":"111"}},{"type":"Feature","geometry":{"type":"Polygon","coordinates":[[[79.527061,15.710656],[79.527074,15.710886],[79.527658,15.710873],[79.527636,15.710611],[79.527277,15.710639],[79.5271,15.710653],[79.527061,15.710656]]]},"properties":{"lp":"429","ac":"0.418","chaltha":"429"}},{"type":"Feature","geometry":{"type":"Polygon","coordinates":[[[79.527315,15.711143],[79.527747,15.711132],[79.527869,15.711129],[79.527885,15.711064],[79.527666,15.710972],[79.527658,15.710873],[79.527074,15.710886],[79.527089,15.711149],[79.527315,15.711143]]]},"properties":{"lp":"428","ac":"0.52","chaltha":"428"}},{"type":"Feature","geometry":{"type":"Polygon","coordinates":[[[79.522573,15.71157],[79.525245,15.711831],[79.5253,15.711038],[79.525031,15.710992],[79.524971,15.711045],[79.523602,15.710982],[79.523247,15.710754],[79.52312,15.710755],[79.523068,15.711059],[79.522674,15.71109],[79.522618,15.711045],[79.522573,15.71157]]]},"properties":{"lp":"1","ac":"5.593","chaltha":"1"}},{"type":"Feature","geometry":{"type":"Polygon","coordinates":[[[79.525245,15.711831],[79.527007,15.713119],[79.527253,15.712619],[79.526712,15.712275],[79.526866,15.712228],[79.526717,15.71214],[79.526701,15.712058],[79.526657,15.711836],[79.526635,15.711837],[79.526421,15.711847],[79.526042,15.711864],[79.525918,15.711807],[79.525892,15.711674],[79.525726,15.7117],[79.525709,15.71161],[79.525875,15.711584],[79.525856,15.71137],[79.525837,15.711162],[79.52588,15.711136],[79.5253,15.711038],[79.525245,15.711831]]]},"properties":{"lp":"2","ac":"4.336","chaltha":"2"}},{"type":"Feature","geometry":{"type":"Polygon","coordinates":[[[79.527007,15.713119],[79.528162,15.713834],[79.529331,15.713918],[79.529354,15.713554],[79.528977,15.713501],[79.528228,15.713118],[79.527253,15.712619],[79.527007,15.713119]]]},"properties":{"lp":"4","ac":"3.871","chaltha":"4"}},{"type":"Feature","geometry":{"type":"Polygon","coordinates":[[[79.531781,15.71387],[79.531706,15.713312],[79.529709,15.713563],[79.529617,15.713552],[79.529354,15.713554],[79.529331,15.713918],[79.531781,15.71387]]]},"properties":{"lp":"5","ac":"3.101","chaltha":"5"}},{"type":"Feature","geometry":{"type":"Polygon","coordinates":[[[79.535664,15.713435],[79.535581,15.713125],[79.535556,15.713059],[79.535474,15.713059],[79.53542,15.713058],[79.535384,15.71287],[79.535364,15.712771],[79.535364,15.712731],[79.535366,15.712514],[79.535368,15.712386],[79.535369,15.712272],[79.535455,15.712039],[79.535254,15.712005],[79.535215,15.712024],[79.535059,15.712099],[79.534918,15.712184],[79.534759,15.712472],[79.534735,15.712479],[79.534551,15.712537],[79.53416,15.712661],[79.533984,15.71268],[79.53379,15.712561],[79.533633,15.712629],[79.533644,15.71375],[79.535859,15.714121],[79.535999,15.713361],[79.535664,15.713435]]]},"properties":{"lp":"8","ac":"8.805","chaltha":"8"}},{"type":"Feature","geometry":{"type":"Polygon","coordinates":[[[79.535859,15.714121],[79.537894,15.714872],[79.538193,15.714269],[79.537888,15.714219],[79.537712,15.71419],[79.537572,15.71413],[79.537154,15.713948],[79.53683,15.713808],[79.536452,15.713657],[79.536467,15.713429],[79.536391,15.713424],[79.536293,15.713418],[79.536208,15.713402],[79.535999,15.713361],[79.535859,15.714121]]]},"properties":{"lp":"9","ac":"4.34","chaltha":"9"}},{"type":"Feature","geometry":{"type":"Polygon","coordinates":[[[79.536422,15.695803],[79.536492,15.696237],[79.537511,15.696077],[79.537497,15.695628],[79.536422,15.695803]]]},"properties":{"lp":"889","ac":"1.377","chaltha":"889"}},{"type":"Feature","geometry":{"type":"Polygon","coordinates":[[[79.53621,15.693699],[79.535171,15.693857],[79.535212,15.694116],[79.536236,15.69395],[79.536227,15.693867],[79.53621,15.693699]]]},"properties":{"lp":"879","ac":"0.785","chaltha":"879"}},{"type":"Feature","geometry":{"type":"Polygon","coordinates":[[[79.535079,15.693284],[79.535171,15.693857],[79.53621,15.693699],[79.536204,15.6935],[79.536173,15.693131],[79.535079,15.693284]]]},"properties":{"lp":"877","ac":"1.819","chaltha":"877"}},{"type":"Feature","geometry":{"type":"Polygon","coordinates":[[[79.5361,15.692578],[79.536136,15.692847],[79.537496,15.692686],[79.537516,15.692367],[79.536094,15.692527],[79.5361,15.692578]]]},"properties":{"lp":"873","ac":"1.307","chaltha":"873"}},{"type":"Feature","geometry":{"type":"Polygon","coordinates":[[[79.536136,15.692847],[79.536146,15.692918],[79.536173,15.693131],[79.536204,15.6935],[79.537457,15.693334],[79.537496,15.692686],[79.536136,15.692847]]]},"properties":{"lp":"876","ac":"2.489","chaltha":"876"}},{"type":"Feature","geometry":{"type":"Polygon","coordinates":[[[79.536227,15.693867],[79.536236,15.69395],[79.536263,15.694207],[79.537467,15.694048],[79.537462,15.6937],[79.536227,15.693867]]]},"properties":{"lp":"880","ac":"1.239","chaltha":"880"}},{"type":"Feature","geometry":{"type":"Polygon","coordinates":[[[79.537894,15.714872],[79.539884,15.715182],[79.539924,15.714661],[79.539336,15.714643],[79.539349,15.714467],[79.538965,15.714401],[79.538785,15.71437],[79.538579,15.714335],[79.538193,15.714269],[79.537894,15.714872]]]},"properties":{"lp":"10","ac":"3.247","chaltha":"10"}},{"type":"Feature","geometry":{"type":"Polygon","coordinates":[[[79.539884,15.715182],[79.542039,15.715545],[79.542031,15.714855],[79.541715,15.714796],[79.54164,15.714788],[79.540945,15.714717],[79.54058,15.714681],[79.539924,15.714661],[79.539884,15.715182]]]},"properties":{"lp":"11","ac":"3.965","chaltha":"11"}},{"type":"Feature","geometry":{"type":"Polygon","coordinates":[[[79.542039,15.715545],[79.543982,15.715591],[79.543985,15.715253],[79.543626,15.715154],[79.543297,15.715092],[79.542972,15.715031],[79.54266,15.714973],[79.542349,15.714915],[79.542031,15.714855],[79.542039,15.715545]]]},"properties":{"lp":"12","ac":"3.007","chaltha":"12"}},{"type":"Feature","geometry":{"type":"Polygon","coordinates":[[[79.543985,15.715253],[79.543982,15.715591],[79.546207,15.715132],[79.546153,15.714585],[79.545608,15.714683],[79.544596,15.715103],[79.543985,15.715253]]]},"properties":{"lp":"13","ac":"2.961","chaltha":"13"}},{"type":"Feature","geometry":{"type":"Polygon","coordinates":[[[79.535809,15.713231],[79.535934,15.7131],[79.536197,15.712828],[79.536247,15.7128],[79.53633,15.712754],[79.536422,15.712741],[79.536499,15.712731],[79.536549,15.712509],[79.536589,15.712331],[79.536522,15.712322],[79.536488,15.71251],[79.53646,15.712664],[79.536235,15.712756],[79.536141,15.712845],[79.536054,15.712927],[79.535961,15.713015],[79.53588,15.71309],[79.535782,15.713143],[79.535809,15.713231]]]},"properties":{"lp":"88","ac":"0.177","chaltha":"88"}},{"type":"Feature","geometry":{"type":"Polygon","coordinates":[[[79.537941,15.711995],[79.537928,15.711849],[79.537855,15.711855],[79.5378,15.711856],[79.537804,15.712015],[79.537941,15.711995]]]},"properties":{"lp":"139","ac":"0.06","chaltha":"139"}},{"type":"Feature","geometry":{"type":"Polygon","coordinates":[[[79.538107,15.711833],[79.537928,15.711849],[79.537941,15.711995],[79.53796,15.711992],[79.538125,15.711996],[79.538107,15.711833]]]},"properties":{"lp":"138","ac":"0.081","chaltha":"138"}},{"type":"Feature","geometry":{"type":"Polygon","coordinates":[[[79.53684,15.712365],[79.536834,15.712635],[79.536855,15.712634],[79.536875,15.712622],[79.537013,15.712504],[79.536936,15.712382],[79.53684,15.712365]]]},"properties":{"lp":"146","ac":"0.09","chaltha":"146"}},{"type":"Feature","geometry":{"type":"Polygon","coordinates":[[[79.539678,15.713504],[79.539716,15.713705],[79.539896,15.71369],[79.539861,15.713475],[79.539678,15.713504]]]},"properties":{"lp":"194","ac":"0.113","chaltha":"194"}},{"type":"Feature","geometry":{"type":"Polygon","coordinates":[[[79.536549,15.712509],[79.536499,15.712731],[79.536626,15.712705],[79.536751,15.712682],[79.536754,15.712516],[79.536549,15.712509]]]},"properties":{"lp":"201","ac":"0.128","chaltha":"201"}},{"type":"Feature","geometry":{"type":"Polygon","coordinates":[[[79.536549,15.712509],[79.536754,15.712516],[79.536757,15.712354],[79.536727,15.71235],[79.536589,15.712331],[79.536549,15.712509]]]},"properties":{"lp":"96","ac":"0.094","chaltha":"96"}},{"type":"Feature","geometry":{"type":"Polygon","coordinates":[[[79.538444,15.712018],[79.538525,15.712024],[79.538551,15.711529],[79.53846,15.711526],[79.538457,15.711692],[79.538455,15.711826],[79.538455,15.711833],[79.538444,15.712018]]]},"properties":{"lp":"252","ac":"0.121","chaltha":"252"}},{"type":"Feature","geometry":{"type":"Polygon","coordinates":[[[79.538305,15.712008],[79.538444,15.712018],[79.538455,15.711833],[79.538455,15.711826],[79.538297,15.711821],[79.538305,15.712008]]]},"properties":{"lp":"253","ac":"0.083","chaltha":"253"}},{"type":"Feature","geometry":{"type":"Polygon","coordinates":[[[79.538297,15.711821],[79.538455,15.711826],[79.538457,15.711692],[79.538291,15.711691],[79.538297,15.711821]]]},"properties":{"lp":"254","ac":"0.063","chaltha":"254"}},{"type":"Feature","geometry":{"type":"Polygon","coordinates":[[[79.538457,15.711692],[79.53846,15.711526],[79.538283,15.71152],[79.538291,15.711691],[79.538457,15.711692]]]},"properties":{"lp":"255","ac":"0.085","chaltha":"255"}},{"type":"Feature","geometry":{"type":"Polygon","coordinates":[[[79.534416,15.711734],[79.534557,15.711694],[79.534586,15.711601],[79.534401,15.711489],[79.534416,15.711734]]]},"properties":{"lp":"294","ac":"0.081","chaltha":"294"}},{"type":"Feature","geometry":{"type":"Polygon","coordinates":[[[79.533419,15.712478],[79.533354,15.711879],[79.533239,15.712206],[79.533306,15.71248],[79.533419,15.712478]]]},"properties":{"lp":"314","ac":"0.177","chaltha":"314"}},{"type":"Feature","geometry":{"type":"Polygon","coordinates":[[[79.532503,15.712297],[79.532636,15.712272],[79.53258,15.711978],[79.53244,15.712003],[79.532503,15.712297]]]},"properties":{"lp":"325","ac":"0.122","chaltha":"325"}},{"type":"Feature","geometry":{"type":"Polygon","coordinates":[[[79.531914,15.712271],[79.532158,15.712284],[79.532187,15.712049],[79.532122,15.711735],[79.531896,15.711753],[79.531914,15.712271]]]},"properties":{"lp":"332","ac":"0.404","chaltha":"332"}},{"type":"Feature","geometry":{"type":"Polygon","coordinates":[[[79.532555,15.711173],[79.532559,15.711211],[79.532965,15.711152],[79.53295,15.711114],[79.532555,15.711173]]]},"properties":{"lp":"340","ac":"0.046","chaltha":"340"}},{"type":"Feature","geometry":{"type":"Polygon","coordinates":[[[79.531375,15.711751],[79.531618,15.712239],[79.531595,15.711668],[79.531375,15.711751]]]},"properties":{"lp":"348","ac":"0.187","chaltha":"348"}},{"type":"Feature","geometry":{"type":"Polygon","coordinates":[[[79.528228,15.713118],[79.528253,15.71293],[79.528133,15.712901],[79.527956,15.712859],[79.527837,15.712831],[79.527821,15.712578],[79.527735,15.712498],[79.527253,15.712619],[79.528228,15.713118]]]},"properties":{"lp":"372","ac":"0.525","chaltha":"372"}},{"type":"Feature","geometry":{"type":"Polygon","coordinates":[[[79.529784,15.712106],[79.529977,15.712258],[79.530307,15.711541],[79.53008,15.711525],[79.529768,15.711502],[79.529775,15.711773],[79.529784,15.712106]]]},"properties":{"lp":"391","ac":"0.753","chaltha":"391"}},{"type":"Feature","geometry":{"type":"Polygon","coordinates":[[[79.526691,15.711088],[79.52676,15.711151],[79.526921,15.711151],[79.526905,15.710704],[79.526788,15.710726],[79.526362,15.710804],[79.526301,15.710816],[79.526296,15.710855],[79.526278,15.711034],[79.526521,15.711066],[79.526691,15.711088]]]},"properties":{"lp":"424","ac":"0.603","chaltha":"424"}},{"type":"Feature","geometry":{"type":"Polygon","coordinates":[[[79.524099,15.70972],[79.524236,15.710267],[79.524977,15.71029],[79.525159,15.710284],[79.525412,15.710345],[79.525719,15.71042],[79.526455,15.709994],[79.526402,15.709811],[79.526364,15.709669],[79.525848,15.709441],[79.524789,15.709338],[79.524086,15.709453],[79.524099,15.70972]]]},"properties":{"lp":"447","ac":"5.621","chaltha":"447"}},{"type":"Feature","geometry":{"type":"Polygon","coordinates":[[[79.528123,15.71037],[79.528555,15.710403],[79.528845,15.710485],[79.528851,15.710649],[79.528933,15.710705],[79.529114,15.710718],[79.529159,15.710721],[79.529416,15.710991],[79.529428,15.711136],[79.529773,15.711141],[79.53009,15.711145],[79.53043,15.711149],[79.530473,15.710907],[79.530595,15.710869],[79.529857,15.710566],[79.529042,15.710231],[79.528802,15.710216],[79.528751,15.710388],[79.528644,15.710371],[79.528278,15.710313],[79.528247,15.710179],[79.527825,15.710152],[79.527741,15.710385],[79.527677,15.710561],[79.527951,15.710563],[79.527997,15.710563],[79.528123,15.710564],[79.528123,15.71037]]]},"properties":{"lp":"451","ac":"3.156","chaltha":"451"}},{"type":"Feature","geometry":{"type":"Polygon","coordinates":[[[79.532202,15.710399],[79.532136,15.710405],[79.532027,15.710417],[79.531902,15.710896],[79.532255,15.710854],[79.532263,15.710853],[79.532202,15.710399]]]},"properties":{"lp":"460","ac":"0.363","chaltha":"460"}},{"type":"Feature","geometry":{"type":"Polygon","coordinates":[[[79.529392,15.709395],[79.529702,15.709278],[79.529937,15.70919],[79.530063,15.709143],[79.530519,15.709066],[79.53141,15.708891],[79.531562,15.708615],[79.53106,15.708672],[79.530815,15.70881],[79.530536,15.708845],[79.530063,15.708904],[79.529648,15.708955],[79.529392,15.709395]]]},"properties":{"lp":"486","ac":"1.483","chaltha":"486"}},{"type":"Feature","geometry":{"type":"Polygon","coordinates":[[[79.531943,15.707404],[79.531914,15.707284],[79.531576,15.707341],[79.531543,15.707346],[79.531507,15.707352],[79.531515,15.707436],[79.53155,15.707432],[79.531943,15.707404]]]},"properties":{"lp":"587","ac":"0.127","chaltha":"587"}},{"type":"Feature","geometry":{"type":"Polygon","coordinates":[[[79.53155,15.707432],[79.531634,15.707695],[79.532001,15.707641],[79.531943,15.707404],[79.53155,15.707432]]]},"properties":{"lp":"586","ac":"0.286","chaltha":"586"}},{"type":"Feature","geometry":{"type":"Polygon","coordinates":[[[79.530272,15.707558],[79.530585,15.707771],[79.531021,15.707977],[79.531095,15.707938],[79.531866,15.708136],[79.531804,15.707888],[79.53205,15.707842],[79.532001,15.707641],[79.531634,15.707695],[79.53155,15.707432],[79.531515,15.707436],[79.531507,15.707352],[79.531228,15.707399],[79.530272,15.707558]]]},"properties":{"lp":"585","ac":"2.052","chaltha":"585"}},{"type":"Feature","geometry":{"type":"Polygon","coordinates":[[[79.530272,15.707558],[79.531228,15.707399],[79.531507,15.707352],[79.531543,15.707346],[79.531576,15.707341],[79.53111,15.706845],[79.531042,15.70652],[79.52937,15.706816],[79.529904,15.707266],[79.530165,15.707485],[79.530272,15.707558]]]},"properties":{"lp":"588","ac":"3.797","chaltha":"588"}},{"type":"Feature","geometry":{"type":"Polygon","coordinates":[[[79.52136,15.696099],[79.521411,15.696411],[79.521414,15.696447],[79.521433,15.696728],[79.521472,15.69685],[79.521579,15.697182],[79.521665,15.69745],[79.521937,15.697377],[79.522191,15.697309],[79.522391,15.697256],[79.522889,15.697123],[79.522949,15.697295],[79.523159,15.697247],[79.522779,15.696073],[79.523207,15.695906],[79.522925,15.695153],[79.5221,15.695397],[79.521285,15.695638],[79.52136,15.696099]]]},"properties":{"lp":"642","ac":"8.942","chaltha":"642"}},{"type":"Feature","geometry":{"type":"Polygon","coordinates":[[[79.519355,15.695567],[79.519477,15.696194],[79.521285,15.695638],[79.521175,15.695275],[79.521082,15.694972],[79.520211,15.695272],[79.519355,15.695567]]]},"properties":{"lp":"664","ac":"3.624","chaltha":"664"}},{"type":"Feature","geometry":{"type":"Polygon","coordinates":[[[79.533289,15.710727],[79.533487,15.710981],[79.533543,15.711104],[79.533522,15.71118],[79.533466,15.711253],[79.533633,15.712629],[79.53379,15.712561],[79.533644,15.712418],[79.533652,15.712325],[79.533673,15.712063],[79.533684,15.711919],[79.5337,15.711718],[79.533702,15.7117],[79.533725,15.711403],[79.533873,15.711383],[79.533872,15.711361],[79.533872,15.711359],[79.533864,15.711118],[79.533531,15.710652],[79.533419,15.710363],[79.533177,15.71063],[79.533289,15.710727]]]},"properties":{"lp":"312","ac":"1.34","chaltha":"312"}},{"type":"Feature","geometry":{"type":"Polygon","coordinates":[[[79.532321,15.712025],[79.53244,15.712003],[79.53258,15.711978],[79.532799,15.711938],[79.532807,15.711681],[79.532741,15.711484],[79.532671,15.711278],[79.532526,15.711312],[79.532457,15.710924],[79.53237,15.710929],[79.53241,15.711162],[79.532439,15.711326],[79.532387,15.711339],[79.532352,15.711348],[79.53225,15.711366],[79.532086,15.711396],[79.532122,15.711735],[79.532187,15.712049],[79.532321,15.712025]]]},"properties":{"lp":"337","ac":"1.359","chaltha":"337"}},{"type":"Feature","geometry":{"type":"Polygon","coordinates":[[[79.532976,15.69604],[79.533074,15.69648],[79.533841,15.696335],[79.533725,15.695681],[79.533615,15.695058],[79.532764,15.695232],[79.532976,15.69604]]]},"properties":{"lp":"820","ac":"3.099","chaltha":"820"}},{"type":"Feature","geometry":{"type":"Polygon","coordinates":[[[79.53063,15.711692],[79.530404,15.711848],[79.530419,15.712188],[79.530391,15.712189],[79.530392,15.712445],[79.5306,15.712421],[79.530567,15.712175],[79.531033,15.712164],[79.530995,15.71203],[79.530957,15.711893],[79.530609,15.711996],[79.53063,15.711692]]]},"properties":{"lp":"356","ac":"0.646","chaltha":"356"}},{"type":"Feature","geometry":{"type":"Polygon","coordinates":[[[79.531122,15.712162],[79.531297,15.711995],[79.531237,15.711928],[79.530995,15.71203],[79.531033,15.712164],[79.531122,15.712162]]]},"properties":{"lp":"710","ac":"0.115","chaltha":"710"}},{"type":"Feature","geometry":{"type":"Polygon","coordinates":[[[79.530995,15.71203],[79.531237,15.711928],[79.531162,15.711846],[79.530957,15.711893],[79.530995,15.71203]]]},"properties":{"lp":"711","ac":"0.084","chaltha":"711"}},{"type":"Feature","geometry":{"type":"Polygon","coordinates":[[[79.529495,15.712875],[79.5298,15.712877],[79.529977,15.712258],[79.529784,15.712106],[79.529632,15.712042],[79.529454,15.712033],[79.529474,15.712449],[79.529495,15.712875]]]},"properties":{"lp":"378","ac":"0.976","chaltha":"378"}},{"type":"Feature","geometry":{"type":"Polygon","coordinates":[[[79.523289,15.708888],[79.523077,15.710252],[79.523474,15.710082],[79.523715,15.709774],[79.524099,15.70972],[79.524086,15.709453],[79.524422,15.709218],[79.524141,15.708859],[79.523698,15.708962],[79.523392,15.708465],[79.523247,15.708509],[79.523289,15.708888]]]},"properties":{"lp":"445","ac":"3.331","chaltha":"445"}},{"type":"Feature","geometry":{"type":"Polygon","coordinates":[[[79.533251,15.710099],[79.533467,15.710031],[79.533579,15.710318],[79.533689,15.710287],[79.534109,15.710037],[79.534107,15.70989],[79.533182,15.708804],[79.53301,15.708816],[79.533109,15.709582],[79.533251,15.710099]]]},"properties":{"lp":"713","ac":"2.467","chaltha":"713"}},{"type":"Feature","geometry":{"type":"Polygon","coordinates":[[[79.531412,15.710012],[79.531878,15.70996],[79.53192,15.709607],[79.531359,15.709595],[79.531412,15.710012]]]},"properties":{"lp":"717","ac":"0.579","chaltha":"717"}},{"type":"Feature","geometry":{"type":"Polygon","coordinates":[[[79.525893,15.708354],[79.526731,15.708473],[79.526675,15.708052],[79.526595,15.707458],[79.526968,15.707396],[79.526897,15.706936],[79.526852,15.706638],[79.526737,15.705888],[79.527084,15.705821],[79.526275,15.705526],[79.525689,15.705597],[79.524988,15.705682],[79.525571,15.708185],[79.525893,15.708354]]]},"properties":{"lp":"530","ac":"12.125","chaltha":"530"}},{"type":"Feature","geometry":{"type":"Polygon","coordinates":[[[79.532318,15.709616],[79.53238,15.709627],[79.532434,15.709386],[79.532263,15.709354],[79.532213,15.709614],[79.532318,15.709616]]]},"properties":{"lp":"474","ac":"0.126","chaltha":"474"}},{"type":"Feature","geometry":{"type":"Polygon","coordinates":[[[79.543564,15.675149],[79.543554,15.675084],[79.543496,15.674718],[79.543456,15.674503],[79.542567,15.674646],[79.54262,15.674991],[79.542667,15.675292],[79.543564,15.675149]]]},"properties":{"lp":"1901","ac":"1.738","chaltha":"1901"}},{"type":"Feature","geometry":{"type":"Polygon","coordinates":[[[79.543418,15.674293],[79.543372,15.674046],[79.543337,15.673852],[79.542828,15.673948],[79.542292,15.67405],[79.542293,15.674059],[79.542323,15.674372],[79.542336,15.674503],[79.543418,15.674293]]]},"properties":{"lp":"1903","ac":"1.43","chaltha":"1903"}},{"type":"Feature","geometry":{"type":"Polygon","coordinates":[[[79.543246,15.673342],[79.543337,15.673852],[79.543372,15.674046],[79.544764,15.673751],[79.544746,15.673651],[79.544663,15.673194],[79.544625,15.672985],[79.543888,15.673187],[79.543246,15.673342]]]},"properties":{"lp":"1895","ac":"3.09","chaltha":"1895"}},{"type":"Feature","geometry":{"type":"Polygon","coordinates":[[[79.523915,15.710492],[79.524016,15.710475],[79.52406,15.710815],[79.524308,15.710761],[79.52429,15.710345],[79.524113,15.710307],[79.52395,15.710334],[79.523915,15.710492]]]},"properties":{"lp":"440","ac":"0.405","chaltha":"440"}},{"type":"Feature","geometry":{"type":"Polygon","coordinates":[[[79.533419,15.710363],[79.533531,15.710652],[79.534142,15.710412],[79.534109,15.710037],[79.533689,15.710287],[79.533579,15.710318],[79.533419,15.710363]]]},"properties":{"lp":"1021","ac":"0.641","chaltha":"1021"}},{"type":"Feature","geometry":{"type":"Polygon","coordinates":[[[79.534335,15.701554],[79.534452,15.702053],[79.535218,15.701879],[79.535272,15.701867],[79.53586,15.701734],[79.535827,15.701515],[79.535782,15.701216],[79.534335,15.701554]]]},"properties":{"lp":"916","ac":"2.221","chaltha":"916"}},{"type":"Feature","geometry":{"type":"Polygon","coordinates":[[[79.534335,15.701554],[79.535782,15.701216],[79.535776,15.70118],[79.535711,15.700748],[79.535698,15.700667],[79.534992,15.700885],[79.534228,15.701102],[79.534335,15.701554]]]},"properties":{"lp":"917","ac":"2.229","chaltha":"917"}},{"type":"Feature","geometry":{"type":"Polygon","coordinates":[[[79.534074,15.702139],[79.534452,15.702053],[79.534335,15.701554],[79.534228,15.701102],[79.533901,15.701195],[79.534074,15.702139]]]},"properties":{"lp":"915","ac":"1.032","chaltha":"915"}},{"type":"Feature","geometry":{"type":"Polygon","coordinates":[[[79.515407,15.687522],[79.516042,15.687381],[79.51636,15.687311],[79.516222,15.686879],[79.51609,15.686443],[79.516083,15.686445],[79.515127,15.686675],[79.515181,15.686839],[79.515407,15.687522]]]},"properties":{"lp":"2546","ac":"2.58","chaltha":"2546"}},{"type":"Feature","geometry":{"type":"Polygon","coordinates":[[[79.525701,15.698633],[79.526525,15.698371],[79.527037,15.69819],[79.527532,15.698015],[79.527467,15.697906],[79.526983,15.697427],[79.526738,15.697256],[79.525995,15.697598],[79.525701,15.698633]]]},"properties":{"lp":"535","ac":"3.884","chaltha":"535"}},{"type":"Feature","geometry":{"type":"Polygon","coordinates":[[[79.527581,15.700916],[79.527618,15.701016],[79.529014,15.70064],[79.528972,15.70054],[79.527581,15.700916]]]},"properties":{"lp":"536","ac":"0.452","chaltha":"536"}},{"type":"Feature","geometry":{"type":"Polygon","coordinates":[[[79.528856,15.702909],[79.527332,15.703329],[79.527555,15.703557],[79.528951,15.703168],[79.528856,15.702909]]]},"properties":{"lp":"537","ac":"1.228","chaltha":"537"}},{"type":"Feature","geometry":{"type":"Polygon","coordinates":[[[79.527117,15.703111],[79.527332,15.703329],[79.528856,15.702909],[79.528764,15.702663],[79.528222,15.702811],[79.527117,15.703111]]]},"properties":{"lp":"538","ac":"1.274","chaltha":"538"}},{"type":"Feature","geometry":{"type":"Polygon","coordinates":[[[79.526538,15.702381],[79.52664,15.702474],[79.526815,15.702715],[79.528079,15.702377],[79.528607,15.702236],[79.528491,15.701926],[79.528464,15.701851],[79.527968,15.701994],[79.526913,15.702279],[79.526538,15.702381]]]},"properties":{"lp":"541","ac":"2.241","chaltha":"541"}},{"type":"Feature","geometry":{"type":"Polygon","coordinates":[[[79.528079,15.702377],[79.528222,15.702811],[79.528764,15.702663],[79.528715,15.702529],[79.528607,15.702236],[79.528079,15.702377]]]},"properties":{"lp":"540","ac":"0.737","chaltha":"540"}},{"type":"Feature","geometry":{"type":"Polygon","coordinates":[[[79.527063,15.703056],[79.527117,15.703111],[79.528222,15.702811],[79.528079,15.702377],[79.526815,15.702715],[79.527063,15.703056]]]},"properties":{"lp":"539","ac":"1.655","chaltha":"539"}},{"type":"Feature","geometry":{"type":"Polygon","coordinates":[[[79.532413,15.707476],[79.53247,15.707139],[79.532188,15.707175],[79.532104,15.707197],[79.532117,15.707287],[79.532243,15.707507],[79.532413,15.707476]]]},"properties":{"lp":"728","ac":"0.276","chaltha":"728"}},{"type":"Feature","geometry":{"type":"Polygon","coordinates":[[[79.532243,15.707507],[79.532371,15.70773],[79.532413,15.707476],[79.532243,15.707507]]]},"properties":{"lp":"729","ac":"0.061","chaltha":"729"}},{"type":"Feature","geometry":{"type":"Polygon","coordinates":[[[79.532188,15.707175],[79.53247,15.707139],[79.532547,15.706686],[79.532035,15.706737],[79.532104,15.707197],[79.532188,15.707175]]]},"properties":{"lp":"727","ac":"0.583","chaltha":"727"}},{"type":"Feature","geometry":{"type":"Polygon","coordinates":[[[79.533184,15.705557],[79.533128,15.705311],[79.532925,15.706191],[79.533269,15.706115],[79.533309,15.706106],[79.533184,15.705557]]]},"properties":{"lp":"741","ac":"0.47","chaltha":"741"}},{"type":"Feature","geometry":{"type":"Polygon","coordinates":[[[79.532159,15.704951],[79.532027,15.704806],[79.531546,15.704277],[79.531515,15.704237],[79.531446,15.704257],[79.530958,15.704398],[79.531012,15.704686],[79.531684,15.70572],[79.531998,15.706003],[79.532338,15.705643],[79.532249,15.705179],[79.532218,15.705016],[79.532159,15.704951]]]},"properties":{"lp":"747","ac":"3.705","chaltha":"747"}},{"type":"Feature","geometry":{"type":"Polygon","coordinates":[[[79.533098,15.703124],[79.533103,15.703724],[79.533271,15.703088],[79.533098,15.703124]]]},"properties":{"lp":"756","ac":"0.152","chaltha":"756"}},{"type":"Feature","geometry":{"type":"Polygon","coordinates":[[[79.530525,15.703821],[79.531071,15.703662],[79.530948,15.703251],[79.53035,15.703424],[79.530525,15.703821]]]},"properties":{"lp":"769","ac":"0.75","chaltha":"769"}},{"type":"Feature","geometry":{"type":"Polygon","coordinates":[[[79.531071,15.703662],[79.531236,15.703614],[79.531267,15.703604],[79.531144,15.703194],[79.530948,15.703251],[79.531071,15.703662]]]},"properties":{"lp":"768","ac":"0.257","chaltha":"768"}},{"type":"Feature","geometry":{"type":"Polygon","coordinates":[[[79.528972,15.70054],[79.529014,15.70064],[79.529052,15.700727],[79.529061,15.700748],[79.529119,15.700726],[79.528949,15.700344],[79.528898,15.700249],[79.528612,15.699724],[79.528551,15.699743],[79.528673,15.699962],[79.528896,15.700364],[79.528972,15.70054]]]},"properties":{"lp":"791","ac":"0.197","chaltha":"791"}},{"type":"Feature","geometry":{"type":"Polygon","coordinates":[[[79.527462,15.697786],[79.52801,15.69871],[79.528612,15.699724],[79.529854,15.69934],[79.529859,15.699339],[79.530652,15.699093],[79.531468,15.698841],[79.531404,15.698596],[79.531328,15.698307],[79.531254,15.698025],[79.531571,15.697727],[79.531235,15.696668],[79.531069,15.696183],[79.530922,15.695757],[79.530863,15.695583],[79.530493,15.695702],[79.530134,15.695818],[79.529776,15.695934],[79.529424,15.696047],[79.529088,15.696156],[79.528624,15.696305],[79.528152,15.696458],[79.528281,15.696795],[79.527245,15.6973],[79.527462,15.697786]]]},"properties":{"lp":"796","ac":"33.537","chaltha":"796"}},{"type":"Feature","geometry":{"type":"Polygon","coordinates":[[[79.535329,15.6954],[79.533725,15.695681],[79.533841,15.696335],[79.534201,15.696267],[79.535402,15.696039],[79.53537,15.69576],[79.535329,15.6954]]]},"properties":{"lp":"819","ac":"3.079","chaltha":"819"}},{"type":"Feature","geometry":{"type":"Polygon","coordinates":[[[79.535251,15.694723],[79.533645,15.695051],[79.533615,15.695058],[79.533725,15.695681],[79.535329,15.6954],[79.535297,15.695123],[79.535254,15.694748],[79.535251,15.694723]]]},"properties":{"lp":"821","ac":"3.171","chaltha":"821"}},{"type":"Feature","geometry":{"type":"Polygon","coordinates":[[[79.536171,15.689213],[79.535762,15.689286],[79.535846,15.689759],[79.535932,15.690241],[79.535992,15.690665],[79.536324,15.690615],[79.536171,15.689213]]]},"properties":{"lp":"864","ac":"1.523","chaltha":"864"}},{"type":"Feature","geometry":{"type":"Polygon","coordinates":[[[79.536324,15.690615],[79.536684,15.690561],[79.536536,15.68915],[79.536171,15.689213],[79.536324,15.690615]]]},"properties":{"lp":"865","ac":"1.52","chaltha":"865"}},{"type":"Feature","geometry":{"type":"Polygon","coordinates":[[[79.536942,15.69875],[79.53662,15.698809],[79.536314,15.698864],[79.535687,15.698979],[79.535693,15.699018],[79.535757,15.699409],[79.537586,15.699067],[79.537581,15.698855],[79.537578,15.698634],[79.536942,15.69875]]]},"properties":{"lp":"924","ac":"2.391","chaltha":"924"}},{"type":"Feature","geometry":{"type":"Polygon","coordinates":[[[79.538005,15.705501],[79.53836,15.704943],[79.537897,15.705017],[79.538005,15.705501]]]},"properties":{"lp":"929","ac":"0.341","chaltha":"929"}},{"type":"Feature","geometry":{"type":"Polygon","coordinates":[[[79.53986,15.694692],[79.539999,15.695256],[79.540191,15.696043],[79.540411,15.696942],[79.540896,15.696811],[79.540824,15.696384],[79.540755,15.695969],[79.540507,15.695027],[79.540378,15.694537],[79.53986,15.694692]]]},"properties":{"lp":"999","ac":"3.714","chaltha":"999"}},{"type":"Feature","geometry":{"type":"Polygon","coordinates":[[[79.54017,15.698206],[79.541273,15.697947],[79.541186,15.697576],[79.540979,15.696789],[79.540896,15.696811],[79.540411,15.696942],[79.539902,15.697068],[79.539913,15.697096],[79.540074,15.697788],[79.54016,15.698164],[79.54017,15.698206]]]},"properties":{"lp":"1007","ac":"3.883","chaltha":"1007"}},{"type":"Feature","geometry":{"type":"Polygon","coordinates":[[[79.541532,15.699076],[79.541493,15.69889],[79.541337,15.698224],[79.541273,15.697947],[79.54017,15.698206],[79.540247,15.698543],[79.54033,15.698904],[79.540436,15.699349],[79.540896,15.699235],[79.541532,15.699076]]]},"properties":{"lp":"1008","ac":"3.876","chaltha":"1008"}},{"type":"Feature","geometry":{"type":"Polygon","coordinates":[[[79.535763,15.699447],[79.535824,15.699817],[79.53583,15.699857],[79.537597,15.699507],[79.537586,15.699067],[79.535757,15.699409],[79.535763,15.699447]]]},"properties":{"lp":"925","ac":"2.383","chaltha":"925"}},{"type":"Feature","geometry":{"type":"Polygon","coordinates":[[[79.535954,15.700617],[79.535698,15.700667],[79.535711,15.700748],[79.535776,15.70118],[79.537406,15.700904],[79.537437,15.700649],[79.537521,15.700208],[79.537553,15.699908],[79.53589,15.700221],[79.535954,15.700617]]]},"properties":{"lp":"928","ac":"4.652","chaltha":"928"}},{"type":"Feature","geometry":{"type":"Polygon","coordinates":[[[79.541186,15.697576],[79.541273,15.697947],[79.541337,15.698224],[79.542494,15.697949],[79.542319,15.697276],[79.541186,15.697576]]]},"properties":{"lp":"1009","ac":"2.354","chaltha":"1009"}},{"type":"Feature","geometry":{"type":"Polygon","coordinates":[[[79.540896,15.699235],[79.540436,15.699349],[79.540518,15.699696],[79.540719,15.700534],[79.540913,15.701365],[79.541314,15.700966],[79.540896,15.699235]]]},"properties":{"lp":"1011","ac":"2.694","chaltha":"1011"}},{"type":"Feature","geometry":{"type":"Polygon","coordinates":[[[79.540896,15.699235],[79.541314,15.700966],[79.541799,15.700486],[79.542871,15.698937],[79.543056,15.698512],[79.543309,15.698059],[79.54342,15.697726],[79.542494,15.697949],[79.541337,15.698224],[79.541493,15.69889],[79.541532,15.699076],[79.540896,15.699235]]]},"properties":{"lp":"1010","ac":"10.755","chaltha":"1010"}},{"type":"Feature","geometry":{"type":"Polygon","coordinates":[[[79.537774,15.710676],[79.537851,15.711058],[79.537975,15.711059],[79.538037,15.710854],[79.53809,15.710681],[79.538127,15.710561],[79.538133,15.710539],[79.538204,15.710307],[79.538167,15.709916],[79.53777,15.709979],[79.537488,15.710024],[79.537493,15.710267],[79.537498,15.710553],[79.5375,15.710665],[79.537774,15.710676]]]},"properties":{"lp":"1035","ac":"1.637","chaltha":"1035"}},{"type":"Feature","geometry":{"type":"Polygon","coordinates":[[[79.538851,15.709211],[79.538829,15.708888],[79.538082,15.709001],[79.53811,15.709301],[79.538851,15.709211]]]},"properties":{"lp":"1034","ac":"0.686","chaltha":"1034"}},{"type":"Feature","geometry":{"type":"Polygon","coordinates":[[[79.538857,15.7093],[79.538851,15.709211],[79.53811,15.709301],[79.538144,15.709673],[79.538161,15.709856],[79.539077,15.709743],[79.538939,15.709288],[79.538857,15.7093]]]},"properties":{"lp":"1039","ac":"1.395","chaltha":"1039"}},{"type":"Feature","geometry":{"type":"Polygon","coordinates":[[[79.541389,15.705855],[79.541136,15.705908],[79.541329,15.706866],[79.541451,15.706843],[79.541716,15.706794],[79.541748,15.706787],[79.541514,15.705828],[79.541389,15.705855]]]},"properties":{"lp":"1060","ac":"1.168","chaltha":"1060"}},{"type":"Feature","geometry":{"type":"Polygon","coordinates":[[[79.541136,15.705908],[79.54077,15.705986],[79.540941,15.706939],[79.541194,15.706891],[79.541329,15.706866],[79.541136,15.705908]]]},"properties":{"lp":"1059","ac":"1.095","chaltha":"1059"}},{"type":"Feature","geometry":{"type":"Polygon","coordinates":[[[79.542233,15.705675],[79.541514,15.705828],[79.541748,15.706787],[79.541967,15.706746],[79.542451,15.706664],[79.542233,15.705675]]]},"properties":{"lp":"1061","ac":"2.119","chaltha":"1061"}},{"type":"Feature","geometry":{"type":"Polygon","coordinates":[[[79.542451,15.706664],[79.542823,15.706601],[79.542983,15.706574],[79.542775,15.70556],[79.542233,15.705675],[79.542451,15.706664]]]},"properties":{"lp":"1062","ac":"1.641","chaltha":"1062"}},{"type":"Feature","geometry":{"type":"Polygon","coordinates":[[[79.540485,15.713068],[79.540614,15.713628],[79.540762,15.71362],[79.54075,15.713576],[79.540616,15.713052],[79.540532,15.713063],[79.540485,15.713068]]]},"properties":{"lp":"54","ac":"0.235","chaltha":"54"}},{"type":"Feature","geometry":{"type":"Polygon","coordinates":[[[79.540945,15.714717],[79.54164,15.714788],[79.541613,15.714461],[79.540934,15.714481],[79.540945,15.714717]]]},"properties":{"lp":"56","ac":"0.566","chaltha":"56"}},{"type":"Feature","geometry":{"type":"Polygon","coordinates":[[[79.542292,15.713453],[79.542445,15.71362],[79.543371,15.713636],[79.543103,15.713256],[79.542909,15.713074],[79.542292,15.713453]]]},"properties":{"lp":"219","ac":"1.025","chaltha":"219"}},{"type":"Feature","geometry":{"type":"Polygon","coordinates":[[[79.542611,15.711847],[79.542525,15.710841],[79.542904,15.710796],[79.542994,15.71186],[79.543381,15.711872],[79.543272,15.71074],[79.54322,15.710205],[79.543021,15.710227],[79.54257,15.710275],[79.542313,15.710303],[79.542295,15.710643],[79.542174,15.710881],[79.542102,15.711025],[79.54203,15.711412],[79.541841,15.711822],[79.542611,15.711847]]]},"properties":{"lp":"1086","ac":"4.364","chaltha":"1086"}},{"type":"Feature","geometry":{"type":"Polygon","coordinates":[[[79.541421,15.709552],[79.541236,15.70885],[79.541843,15.708709],[79.541765,15.70833],[79.541739,15.708205],[79.541654,15.708223],[79.541489,15.708259],[79.541319,15.708297],[79.541141,15.708335],[79.541195,15.708716],[79.540703,15.708802],[79.540575,15.708825],[79.540597,15.709078],[79.540676,15.709409],[79.540746,15.709707],[79.540851,15.709694],[79.540889,15.709907],[79.541244,15.70967],[79.541421,15.709552]]]},"properties":{"lp":"1112","ac":"2.895","chaltha":"1112"}},{"type":"Feature","geometry":{"type":"Polygon","coordinates":[[[79.54727,15.707702],[79.547245,15.707402],[79.546351,15.707524],[79.546375,15.707806],[79.54727,15.707702]]]},"properties":{"lp":"1129","ac":"0.77","chaltha":"1129"}},{"type":"Feature","geometry":{"type":"Polygon","coordinates":[[[79.547245,15.707402],[79.54722,15.707104],[79.546328,15.707237],[79.546351,15.707524],[79.547245,15.707402]]]},"properties":{"lp":"1130","ac":"0.774","chaltha":"1130"}},{"type":"Feature","geometry":{"type":"Polygon","coordinates":[[[79.547327,15.708379],[79.54727,15.707702],[79.546375,15.707806],[79.546445,15.708647],[79.546864,15.708597],[79.546855,15.708435],[79.547327,15.708379]]]},"properties":{"lp":"1128","ac":"2.0","chaltha":"1128"}},{"type":"Feature","geometry":{"type":"Polygon","coordinates":[[[79.546864,15.708597],[79.546925,15.70859],[79.547378,15.708535],[79.547357,15.70835],[79.547246,15.707185],[79.547256,15.707098],[79.54722,15.707104],[79.547245,15.707402],[79.54727,15.707702],[79.547327,15.708379],[79.546855,15.708435],[79.546864,15.708597]]]},"properties":{"lp":"1127","ac":"0.34","chaltha":"1127"}},{"type":"Feature","geometry":{"type":"Polygon","coordinates":[[[79.543267,15.700787],[79.544055,15.700653],[79.543919,15.699824],[79.543119,15.699943],[79.543188,15.700338],[79.543267,15.700787]]]},"properties":{"lp":"1194","ac":"2.0","chaltha":"1194"}},{"type":"Feature","geometry":{"type":"Polygon","coordinates":[[[79.543173,15.698485],[79.542944,15.698949],[79.543119,15.699943],[79.543919,15.699824],[79.543886,15.699601],[79.543695,15.698409],[79.543173,15.698485]]]},"properties":{"lp":"1195","ac":"3.264","chaltha":"1195"}},{"type":"Feature","geometry":{"type":"Polygon","coordinates":[[[79.548488,15.695263],[79.54846,15.695477],[79.548556,15.695498],[79.548602,15.695536],[79.548697,15.695497],[79.548745,15.695435],[79.548488,15.695263]]]},"properties":{"lp":"1225","ac":"0.123","chaltha":"1225"}},{"type":"Feature","geometry":{"type":"Polygon","coordinates":[[[79.54846,15.695477],[79.548559,15.695768],[79.548618,15.69594],[79.548666,15.69608],[79.549276,15.695773],[79.549195,15.695607],[79.548745,15.695435],[79.548697,15.695497],[79.548602,15.695536],[79.548556,15.695498],[79.54846,15.695477]]]},"properties":{"lp":"1226","ac":"0.86","chaltha":"1226"}},{"type":"Feature","geometry":{"type":"Polygon","coordinates":[[[79.548162,15.69606],[79.548399,15.695998],[79.548353,15.695824],[79.548129,15.695884],[79.548162,15.69606]]]},"properties":{"lp":"1222","ac":"0.125","chaltha":"1222"}},{"type":"Feature","geometry":{"type":"Polygon","coordinates":[[[79.548399,15.695998],[79.548618,15.69594],[79.548559,15.695768],[79.548353,15.695824],[79.548399,15.695998]]]},"properties":{"lp":"1223","ac":"0.117","chaltha":"1223"}},{"type":"Feature","geometry":{"type":"Polygon","coordinates":[[[79.550387,15.698134],[79.550958,15.697886],[79.550949,15.697867],[79.550899,15.697757],[79.550859,15.697666],[79.550283,15.697919],[79.550387,15.698134]]]},"properties":{"lp":"1234","ac":"0.44","chaltha":"1234"}},{"type":"Feature","geometry":{"type":"Polygon","coordinates":[[[79.551048,15.698064],[79.55112,15.698203],[79.551175,15.69831],[79.551529,15.698137],[79.551776,15.697899],[79.551755,15.697822],[79.551739,15.697741],[79.55149,15.697857],[79.551259,15.697965],[79.551048,15.698064]]]},"properties":{"lp":"1236","ac":"0.531","chaltha":"1236"}},{"type":"Feature","geometry":{"type":"Polygon","coordinates":[[[79.549962,15.697101],[79.550203,15.696996],[79.550376,15.696921],[79.550408,15.696755],[79.550154,15.696829],[79.54989,15.696928],[79.549962,15.697101]]]},"properties":{"lp":"1250","ac":"0.251","chaltha":"1250"}},{"type":"Feature","geometry":{"type":"Polygon","coordinates":[[[79.550035,15.697274],[79.549962,15.697101],[79.54989,15.696928],[79.549837,15.696782],[79.549682,15.696329],[79.549946,15.696242],[79.54997,15.6961],[79.549406,15.696022],[79.549486,15.696351],[79.549743,15.69741],[79.549911,15.697326],[79.550035,15.697274]]]},"properties":{"lp":"1254","ac":"1.131","chaltha":"1254"}},{"type":"Feature","geometry":{"type":"Polygon","coordinates":[[[79.549946,15.696242],[79.550287,15.696361],[79.550379,15.696586],[79.550417,15.696709],[79.550591,15.696421],[79.55009,15.696116],[79.54997,15.6961],[79.549946,15.696242]]]},"properties":{"lp":"1255","ac":"0.344","chaltha":"1255"}},{"type":"Feature","geometry":{"type":"Polygon","coordinates":[[[79.551594,15.6975],[79.551722,15.697651],[79.551898,15.697541],[79.553023,15.696924],[79.552761,15.696659],[79.552167,15.696421],[79.551655,15.696215],[79.551576,15.69602],[79.551314,15.695918],[79.550986,15.695969],[79.550805,15.695996],[79.550663,15.696466],[79.55102,15.696801],[79.551194,15.696981],[79.551416,15.697211],[79.551584,15.697384],[79.551528,15.697423],[79.551594,15.6975]]]},"properties":{"lp":"1257","ac":"5.939","chaltha":"1257"}},{"type":"Feature","geometry":{"type":"Polygon","coordinates":[[[79.551763,15.695384],[79.5517,15.695809],[79.551804,15.695859],[79.551737,15.69602],[79.55222,15.696254],[79.552428,15.696355],[79.552474,15.695769],[79.551763,15.695384]]]},"properties":{"lp":"1261","ac":"1.305","chaltha":"1261"}},{"type":"Feature","geometry":{"type":"Polygon","coordinates":[[[79.552167,15.696421],[79.55222,15.696254],[79.551737,15.69602],[79.551655,15.696215],[79.552167,15.696421]]]},"properties":{"lp":"1262","ac":"0.307","chaltha":"1262"}},{"type":"Feature","geometry":{"type":"Polygon","coordinates":[[[79.552167,15.696421],[79.552761,15.696659],[79.552754,15.696513],[79.552669,15.696472],[79.552428,15.696355],[79.55222,15.696254],[79.552167,15.696421]]]},"properties":{"lp":"1263","ac":"0.276","chaltha":"1263"}},{"type":"Feature","geometry":{"type":"Polygon","coordinates":[[[79.550536,15.694099],[79.55046,15.694333],[79.549905,15.694291],[79.549833,15.694343],[79.550111,15.694585],[79.550338,15.694783],[79.550468,15.694839],[79.550671,15.694928],[79.550945,15.695047],[79.551091,15.695111],[79.55131,15.695207],[79.55148,15.695267],[79.551675,15.695336],[79.551744,15.69522],[79.551726,15.695106],[79.551114,15.694785],[79.550536,15.694099]]]},"properties":{"lp":"1267","ac":"2.155","chaltha":"1267"}},{"type":"Feature","geometry":{"type":"Polygon","coordinates":[[[79.548488,15.695263],[79.548745,15.695435],[79.549195,15.695607],[79.549276,15.695773],[79.549406,15.696022],[79.54997,15.6961],[79.55009,15.696116],[79.550591,15.696421],[79.550663,15.696466],[79.550805,15.695996],[79.550781,15.695986],[79.550594,15.695903],[79.55046,15.695844],[79.550479,15.695797],[79.550296,15.695715],[79.550137,15.695643],[79.549948,15.695558],[79.549662,15.695308],[79.549604,15.695257],[79.54955,15.695178],[79.549466,15.695056],[79.54951,15.695027],[79.549382,15.69476],[79.549338,15.694668],[79.548488,15.695263]]]},"properties":{"lp":"1290","ac":"4.036","chaltha":"1290"}},{"type":"Feature","geometry":{"type":"Polygon","coordinates":[[[79.547706,15.693357],[79.547773,15.693498],[79.547855,15.693671],[79.547948,15.693868],[79.548087,15.694041],[79.548225,15.694213],[79.548491,15.694309],[79.548581,15.694414],[79.548754,15.694618],[79.548787,15.694656],[79.548759,15.694822],[79.548747,15.694894],[79.548488,15.695263],[79.549338,15.694668],[79.549436,15.694455],[79.549697,15.694444],[79.549833,15.694343],[79.549905,15.694291],[79.550055,15.69418],[79.549772,15.694127],[79.549589,15.694092],[79.549497,15.694075],[79.549413,15.694059],[79.549072,15.693996],[79.548735,15.693933],[79.548579,15.69379],[79.54851,15.694017],[79.547482,15.692683],[79.547646,15.693231],[79.547706,15.693357]]]},"properties":{"lp":"1291","ac":"3.907","chaltha":"1291"}},{"type":"Feature","geometry":{"type":"Polygon","coordinates":[[[79.548279,15.695163],[79.54809,15.695127],[79.548086,15.695653],[79.548256,15.695573],[79.548279,15.695163]]]},"properties":{"lp":"1294","ac":"0.245","chaltha":"1294"}},{"type":"Feature","geometry":{"type":"Polygon","coordinates":[[[79.54809,15.695127],[79.548033,15.695038],[79.547801,15.695021],[79.547802,15.695496],[79.547802,15.695592],[79.548086,15.695653],[79.54809,15.695127]]]},"properties":{"lp":"1295","ac":"0.489","chaltha":"1295"}},{"type":"Feature","geometry":{"type":"Polygon","coordinates":[[[79.538295,15.692045],[79.537586,15.692163],[79.537562,15.692636],[79.540543,15.692111],[79.540458,15.691688],[79.538295,15.692045]]]},"properties":{"lp":"1324","ac":"3.89","chaltha":"1324"}},{"type":"Feature","geometry":{"type":"Polygon","coordinates":[[[79.545909,15.693635],[79.545887,15.693384],[79.545761,15.693379],[79.545799,15.693658],[79.545909,15.693635]]]},"properties":{"lp":"1351","ac":"0.092","chaltha":"1351"}},{"type":"Feature","geometry":{"type":"Polygon","coordinates":[[[79.545887,15.693384],[79.545909,15.693635],[79.545983,15.693619],[79.545967,15.693387],[79.545887,15.693384]]]},"properties":{"lp":"1350","ac":"0.055","chaltha":"1350"}},{"type":"Feature","geometry":{"type":"Polygon","coordinates":[[[79.545983,15.693619],[79.546062,15.693603],[79.546047,15.69339],[79.545967,15.693387],[79.545983,15.693619]]]},"properties":{"lp":"1349","ac":"0.052","chaltha":"1349"}},{"type":"Feature","geometry":{"type":"Polygon","coordinates":[[[79.546175,15.693579],[79.546176,15.693394],[79.546047,15.69339],[79.546062,15.693603],[79.546175,15.693579]]]},"properties":{"lp":"1348","ac":"0.071","chaltha":"1348"}},{"type":"Feature","geometry":{"type":"Polygon","coordinates":[[[79.546298,15.693553],[79.546241,15.693396],[79.546176,15.693394],[79.546175,15.693579],[79.546298,15.693553]]]},"properties":{"lp":"1347","ac":"0.048","chaltha":"1347"}},{"type":"Feature","geometry":{"type":"Polygon","coordinates":[[[79.546298,15.693553],[79.546387,15.693534],[79.546325,15.693399],[79.546241,15.693396],[79.546298,15.693553]]]},"properties":{"lp":"1346","ac":"0.038","chaltha":"1346"}},{"type":"Feature","geometry":{"type":"Polygon","coordinates":[[[79.545505,15.694405],[79.545574,15.694519],[79.546106,15.694345],[79.546054,15.694233],[79.545505,15.694405]]]},"properties":{"lp":"1361","ac":"0.21","chaltha":"1361"}},{"type":"Feature","geometry":{"type":"Polygon","coordinates":[[[79.545882,15.69488],[79.546239,15.694845],[79.546381,15.69483],[79.546253,15.694616],[79.546161,15.694462],[79.546142,15.69442],[79.546106,15.694345],[79.545574,15.694519],[79.545628,15.69461],[79.545882,15.69488]]]},"properties":{"lp":"1360","ac":"0.74","chaltha":"1360"}},{"type":"Feature","geometry":{"type":"Polygon","coordinates":[[[79.547497,15.694225],[79.547784,15.694137],[79.548087,15.694041],[79.547948,15.693868],[79.547378,15.694078],[79.547497,15.694225]]]},"properties":{"lp":"1386","ac":"0.347","chaltha":"1386"}},{"type":"Feature","geometry":{"type":"Polygon","coordinates":[[[79.548361,15.694885],[79.548607,15.694846],[79.548565,15.694656],[79.54841,15.694688],[79.548137,15.694748],[79.548361,15.694885]]]},"properties":{"lp":"1375","ac":"0.188","chaltha":"1375"}},{"type":"Feature","geometry":{"type":"Polygon","coordinates":[[[79.548565,15.694656],[79.548607,15.694846],[79.548759,15.694822],[79.548787,15.694656],[79.548754,15.694618],[79.548565,15.694656]]]},"properties":{"lp":"1377","ac":"0.11","chaltha":"1377"}},{"type":"Feature","geometry":{"type":"Polygon","coordinates":[[[79.547275,15.693884],[79.547855,15.693671],[79.547773,15.693498],[79.547213,15.693687],[79.547179,15.693702],[79.547186,15.693714],[79.547275,15.693884]]]},"properties":{"lp":"1388","ac":"0.363","chaltha":"1388"}},{"type":"Feature","geometry":{"type":"Polygon","coordinates":[[[79.546569,15.693932],[79.547186,15.693714],[79.547179,15.693702],[79.547213,15.693687],[79.54712,15.693441],[79.547076,15.693327],[79.546891,15.693389],[79.546837,15.693408],[79.546645,15.693472],[79.546481,15.693527],[79.546387,15.693534],[79.54644,15.69365],[79.546499,15.693779],[79.546559,15.693909],[79.546569,15.693932]]]},"properties":{"lp":"1391","ac":"0.84","chaltha":"1391"}},{"type":"Feature","geometry":{"type":"Polygon","coordinates":[[[79.54706,15.693195],[79.547076,15.693327],[79.54712,15.693441],[79.547706,15.693357],[79.547646,15.693231],[79.54706,15.693195]]]},"properties":{"lp":"1393","ac":"0.329","chaltha":"1393"}},{"type":"Feature","geometry":{"type":"Polygon","coordinates":[[[79.546481,15.693527],[79.546645,15.693472],[79.546613,15.693409],[79.546584,15.693351],[79.546583,15.693351],[79.546565,15.693314],[79.546601,15.693167],[79.546304,15.693149],[79.546325,15.693399],[79.546387,15.693534],[79.546481,15.693527]]]},"properties":{"lp":"1399","ac":"0.284","chaltha":"1399"}},{"type":"Feature","geometry":{"type":"Polygon","coordinates":[[[79.546891,15.693389],[79.546879,15.693184],[79.546776,15.693178],[79.546807,15.693293],[79.546822,15.69335],[79.546837,15.693408],[79.546891,15.693389]]]},"properties":{"lp":"1395","ac":"0.051","chaltha":"1395"}},{"type":"Feature","geometry":{"type":"Polygon","coordinates":[[[79.546645,15.693472],[79.546837,15.693408],[79.546822,15.69335],[79.546613,15.693409],[79.546645,15.693472]]]},"properties":{"lp":"1396","ac":"0.04","chaltha":"1396"}},{"type":"Feature","geometry":{"type":"Polygon","coordinates":[[[79.546822,15.69335],[79.546807,15.693293],[79.546583,15.693351],[79.546584,15.693351],[79.546613,15.693409],[79.546822,15.69335]]]},"properties":{"lp":"1397","ac":"0.04","chaltha":"1397"}},{"type":"Feature","geometry":{"type":"Polygon","coordinates":[[[79.546583,15.693351],[79.546807,15.693293],[79.546776,15.693178],[79.546601,15.693167],[79.546565,15.693314],[79.546583,15.693351]]]},"properties":{"lp":"1398","ac":"0.094","chaltha":"1398"}},{"type":"Feature","geometry":{"type":"Polygon","coordinates":[[[79.545471,15.692352],[79.54515,15.692378],[79.545116,15.69254],[79.545155,15.692617],[79.545213,15.692635],[79.545471,15.692352]]]},"properties":{"lp":"1405","ac":"0.157","chaltha":"1405"}},{"type":"Feature","geometry":{"type":"Polygon","coordinates":[[[79.544922,15.692407],[79.544888,15.692411],[79.544887,15.692607],[79.544903,15.692601],[79.544983,15.692571],[79.544922,15.692407]]]},"properties":{"lp":"1407","ac":"0.036","chaltha":"1407"}},{"type":"Feature","geometry":{"type":"Polygon","coordinates":[[[79.544744,15.693116],[79.544678,15.693194],[79.544771,15.693449],[79.545098,15.693317],[79.54545,15.693186],[79.545433,15.693152],[79.545364,15.692998],[79.545326,15.692912],[79.544744,15.693116]]]},"properties":{"lp":"1410","ac":"0.642","chaltha":"1410"}},{"type":"Feature","geometry":{"type":"Polygon","coordinates":[[[79.544904,15.693814],[79.544856,15.693683],[79.544811,15.69356],[79.544771,15.693449],[79.544678,15.693194],[79.544744,15.693116],[79.544707,15.692669],[79.54466,15.692441],[79.544314,15.692573],[79.544444,15.693246],[79.54478,15.693897],[79.544904,15.693814]]]},"properties":{"lp":"1415","ac":"1.109","chaltha":"1415"}},{"type":"Feature","geometry":{"type":"Polygon","coordinates":[[[79.544381,15.692212],[79.544017,15.692332],[79.543937,15.692202],[79.543868,15.692088],[79.543771,15.691931],[79.543823,15.692374],[79.544165,15.692606],[79.544314,15.692573],[79.544381,15.692212]]]},"properties":{"lp":"1417","ac":"0.464","chaltha":"1417"}},{"type":"Feature","geometry":{"type":"Polygon","coordinates":[[[79.543937,15.692202],[79.54433,15.692062],[79.544302,15.691983],[79.54427,15.691887],[79.543868,15.692088],[79.543937,15.692202]]]},"properties":{"lp":"1419","ac":"0.201","chaltha":"1419"}},{"type":"Feature","geometry":{"type":"Polygon","coordinates":[[[79.544302,15.691983],[79.544617,15.691888],[79.544606,15.691841],[79.544548,15.691604],[79.544203,15.691692],[79.54427,15.691887],[79.544302,15.691983]]]},"properties":{"lp":"1421","ac":"0.3","chaltha":"1421"}},{"type":"Feature","geometry":{"type":"Polygon","coordinates":[[[79.544683,15.69216],[79.544724,15.692329],[79.545078,15.692294],[79.545029,15.692099],[79.544683,15.69216]]]},"properties":{"lp":"1423","ac":"0.193","chaltha":"1423"}},{"type":"Feature","geometry":{"type":"Polygon","coordinates":[[[79.544683,15.69216],[79.545029,15.692099],[79.544946,15.69177],[79.544606,15.691841],[79.544617,15.691888],[79.544683,15.69216]]]},"properties":{"lp":"1424","ac":"0.342","chaltha":"1424"}},{"type":"Feature","geometry":{"type":"Polygon","coordinates":[[[79.545078,15.692294],[79.545362,15.692266],[79.545295,15.691527],[79.545267,15.69143],[79.544884,15.691523],[79.544946,15.69177],[79.545029,15.692099],[79.545078,15.692294]]]},"properties":{"lp":"1426","ac":"0.833","chaltha":"1426"}},{"type":"Feature","geometry":{"type":"Polygon","coordinates":[[[79.546913,15.692961],[79.547015,15.692944],[79.546543,15.691942],[79.546508,15.691956],[79.546448,15.691981],[79.546513,15.692117],[79.546725,15.692566],[79.546913,15.692961]]]},"properties":{"lp":"1436","ac":"0.324","chaltha":"1436"}},{"type":"Feature","geometry":{"type":"Polygon","coordinates":[[[79.547015,15.692944],[79.547152,15.692921],[79.54696,15.692517],[79.546827,15.692238],[79.546772,15.692122],[79.546663,15.691892],[79.546647,15.691898],[79.546543,15.691942],[79.547015,15.692944]]]},"properties":{"lp":"1437","ac":"0.434","chaltha":"1437"}},{"type":"Feature","geometry":{"type":"Polygon","coordinates":[[[79.54696,15.692517],[79.547298,15.692392],[79.547233,15.69224],[79.547217,15.692228],[79.547154,15.692096],[79.546827,15.692238],[79.54696,15.692517]]]},"properties":{"lp":"1441","ac":"0.336","chaltha":"1441"}},{"type":"Feature","geometry":{"type":"Polygon","coordinates":[[[79.547233,15.69224],[79.547298,15.692392],[79.547397,15.692355],[79.547233,15.69224]]]},"properties":{"lp":"1440","ac":"0.025","chaltha":"1440"}},{"type":"Feature","geometry":{"type":"Polygon","coordinates":[[[79.547021,15.691821],[79.546926,15.691754],[79.546738,15.6918],[79.546716,15.691751],[79.546599,15.691794],[79.546647,15.691898],[79.546663,15.691892],[79.546772,15.692122],[79.546827,15.692238],[79.547154,15.692096],[79.547021,15.691821]]]},"properties":{"lp":"1442","ac":"0.455","chaltha":"1442"}},{"type":"Feature","geometry":{"type":"Polygon","coordinates":[[[79.546599,15.691794],[79.546716,15.691751],[79.546653,15.691607],[79.54653,15.691641],[79.546599,15.691794]]]},"properties":{"lp":"1444","ac":"0.06","chaltha":"1444"}},{"type":"Feature","geometry":{"type":"Polygon","coordinates":[[[79.546738,15.6918],[79.546926,15.691754],[79.546698,15.691595],[79.546653,15.691607],[79.546716,15.691751],[79.546738,15.6918]]]},"properties":{"lp":"1443","ac":"0.073","chaltha":"1443"}},{"type":"Feature","geometry":{"type":"Polygon","coordinates":[[[79.546174,15.691752],[79.546275,15.69172],[79.54636,15.691694],[79.546365,15.691504],[79.54616,15.691564],[79.546174,15.691752]]]},"properties":{"lp":"1452","ac":"0.109","chaltha":"1452"}},{"type":"Feature","geometry":{"type":"Polygon","coordinates":[[[79.545801,15.690751],[79.547412,15.689432],[79.547088,15.688586],[79.546751,15.688631],[79.546718,15.688635],[79.546591,15.688652],[79.54646,15.688669],[79.546328,15.688687],[79.545334,15.688819],[79.545245,15.689459],[79.545601,15.690484],[79.545801,15.690751]]]},"properties":{"lp":"2045","ac":"8.6","chaltha":"2045"}},{"type":"Feature","geometry":{"type":"Polygon","coordinates":[[[79.545542,15.691786],[79.545754,15.691743],[79.545808,15.691835],[79.54594,15.691825],[79.545924,15.691634],[79.54616,15.691564],[79.546365,15.691504],[79.546395,15.691495],[79.546387,15.691685],[79.546405,15.69168],[79.54653,15.691641],[79.546653,15.691607],[79.546698,15.691595],[79.546926,15.691754],[79.547021,15.691821],[79.547154,15.692096],[79.547217,15.692228],[79.547233,15.69224],[79.547397,15.692355],[79.547422,15.692453],[79.547482,15.692683],[79.54851,15.694017],[79.548579,15.69379],[79.548736,15.693665],[79.548759,15.69317],[79.54871,15.692971],[79.548709,15.692873],[79.549152,15.692747],[79.549068,15.692148],[79.549051,15.692022],[79.549022,15.69182],[79.548975,15.691495],[79.548877,15.690805],[79.548525,15.690769],[79.548306,15.690942],[79.547837,15.690946],[79.547454,15.69043],[79.547456,15.690268],[79.54756,15.689491],[79.547412,15.689432],[79.545801,15.690751],[79.545838,15.690987],[79.545497,15.691213],[79.545542,15.691786]]]},"properties":{"lp":"1454","ac":"20.363","chaltha":"1454"}},{"type":"Feature","geometry":{"type":"Polygon","coordinates":[[[79.549248,15.693546],[79.549483,15.693647],[79.549538,15.693325],[79.549373,15.6932],[79.549322,15.693162],[79.549248,15.693546]]]},"properties":{"lp":"1460","ac":"0.258","chaltha":"1460"}},{"type":"Feature","geometry":{"type":"Polygon","coordinates":[[[79.549413,15.694059],[79.549497,15.694075],[79.549554,15.693762],[79.549622,15.693381],[79.549538,15.693325],[79.549483,15.693647],[79.549413,15.694059]]]},"properties":{"lp":"1462","ac":"0.19","chaltha":"1462"}},{"type":"Feature","geometry":{"type":"Polygon","coordinates":[[[79.549589,15.694092],[79.549772,15.694127],[79.549851,15.693506],[79.549694,15.693427],[79.549639,15.693779],[79.549589,15.694092]]]},"properties":{"lp":"1465","ac":"0.335","chaltha":"1465"}},{"type":"Feature","geometry":{"type":"Polygon","coordinates":[[[79.550747,15.691158],[79.551364,15.691066],[79.551367,15.690874],[79.551369,15.690726],[79.55073,15.690849],[79.550747,15.691158]]]},"properties":{"lp":"1475","ac":"0.599","chaltha":"1475"}},{"type":"Feature","geometry":{"type":"Polygon","coordinates":[[[79.550285,15.691226],[79.550747,15.691158],[79.55073,15.690849],[79.550268,15.690937],[79.550285,15.691226]]]},"properties":{"lp":"1476","ac":"0.41","chaltha":"1476"}},{"type":"Feature","geometry":{"type":"Polygon","coordinates":[[[79.552869,15.69032],[79.552093,15.690362],[79.552159,15.690796],[79.552223,15.691212],[79.553001,15.691123],[79.552869,15.69032]]]},"properties":{"lp":"1500","ac":"1.906","chaltha":"1500"}},{"type":"Feature","geometry":{"type":"Polygon","coordinates":[[[79.551367,15.690874],[79.552159,15.690796],[79.552093,15.690362],[79.551374,15.690401],[79.551369,15.690726],[79.551367,15.690874]]]},"properties":{"lp":"1501","ac":"1.009","chaltha":"1501"}},{"type":"Feature","geometry":{"type":"Polygon","coordinates":[[[79.551361,15.69131],[79.552099,15.691226],[79.552223,15.691212],[79.552159,15.690796],[79.551367,15.690874],[79.551364,15.691066],[79.551361,15.69131]]]},"properties":{"lp":"1474","ac":"1.041","chaltha":"1474"}},{"type":"Feature","geometry":{"type":"Polygon","coordinates":[[[79.554172,15.690963],[79.554232,15.691522],[79.55431,15.692239],[79.555646,15.692102],[79.556346,15.690453],[79.556144,15.6905],[79.555809,15.690579],[79.555438,15.690666],[79.55484,15.690807],[79.554172,15.690963]]]},"properties":{"lp":"1502","ac":"7.256","chaltha":"1502"}},{"type":"Feature","geometry":{"type":"Polygon","coordinates":[[[79.552678,15.688048],[79.553259,15.687938],[79.553224,15.687813],[79.553072,15.687277],[79.552536,15.687416],[79.552678,15.688048]]]},"properties":{"lp":"1548","ac":"1.12","chaltha":"1548"}},{"type":"Feature","geometry":{"type":"Polygon","coordinates":[[[79.552005,15.687552],[79.552536,15.687416],[79.553072,15.687277],[79.553051,15.687202],[79.552907,15.686705],[79.551894,15.686949],[79.551958,15.6873],[79.552005,15.687552]]]},"properties":{"lp":"1549","ac":"1.898","chaltha":"1549"}},{"type":"Feature","geometry":{"type":"Polygon","coordinates":[[[79.548005,15.689088],[79.547707,15.689359],[79.547545,15.69038],[79.54774,15.690693],[79.547983,15.690853],[79.548324,15.69076],[79.548371,15.690495],[79.548501,15.690462],[79.548827,15.690738],[79.549596,15.690612],[79.549406,15.689754],[79.54932,15.68975],[79.54814,15.689991],[79.548005,15.689088]]]},"properties":{"lp":"1576","ac":"5.358","chaltha":"1576"}},{"type":"Feature","geometry":{"type":"Polygon","coordinates":[[[79.547981,15.686561],[79.547668,15.686607],[79.547684,15.686952],[79.547699,15.687281],[79.547709,15.687443],[79.547716,15.687589],[79.547228,15.687613],[79.547272,15.688593],[79.548144,15.688634],[79.548263,15.688119],[79.548171,15.686971],[79.547981,15.686561]]]},"properties":{"lp":"1586","ac":"4.265","chaltha":"1586"}},{"type":"Feature","geometry":{"type":"Polygon","coordinates":[[[79.548359,15.688378],[79.548344,15.688655],[79.548746,15.688591],[79.549127,15.688331],[79.549114,15.688232],[79.548359,15.688378]]]},"properties":{"lp":"1590","ac":"0.54","chaltha":"1590"}},{"type":"Feature","geometry":{"type":"Polygon","coordinates":[[[79.548359,15.688378],[79.549114,15.688232],[79.549088,15.688021],[79.549086,15.688008],[79.548371,15.688146],[79.548359,15.688378]]]},"properties":{"lp":"1591","ac":"0.495","chaltha":"1591"}},{"type":"Feature","geometry":{"type":"Polygon","coordinates":[[[79.548231,15.680571],[79.548534,15.680532],[79.548431,15.67924],[79.548113,15.67928],[79.548231,15.680571]]]},"properties":{"lp":"1622","ac":"1.187","chaltha":"1622"}},{"type":"Feature","geometry":{"type":"Polygon","coordinates":[[[79.548534,15.680532],[79.548829,15.680494],[79.548811,15.680184],[79.548794,15.679835],[79.548753,15.6792],[79.548431,15.67924],[79.548534,15.680532]]]},"properties":{"lp":"1621","ac":"1.185","chaltha":"1621"}},{"type":"Feature","geometry":{"type":"Polygon","coordinates":[[[79.548431,15.67924],[79.548753,15.6792],[79.548748,15.679146],[79.548707,15.678734],[79.548395,15.678783],[79.548072,15.678835],[79.548113,15.67928],[79.548431,15.67924]]]},"properties":{"lp":"1628","ac":"0.863","chaltha":"1628"}},{"type":"Feature","geometry":{"type":"Polygon","coordinates":[[[79.55332,15.68304],[79.553783,15.682857],[79.55362,15.682316],[79.553427,15.681682],[79.552929,15.681774],[79.553108,15.682352],[79.55332,15.68304]]]},"properties":{"lp":"1692","ac":"1.87","chaltha":"1692"}},{"type":"Feature","geometry":{"type":"Polygon","coordinates":[[[79.55362,15.682316],[79.554669,15.682109],[79.554496,15.68165],[79.554441,15.681506],[79.5536,15.681652],[79.553427,15.681682],[79.55362,15.682316]]]},"properties":{"lp":"1698","ac":"1.987","chaltha":"1698"}},{"type":"Feature","geometry":{"type":"Polygon","coordinates":[[[79.552534,15.680042],[79.552893,15.679963],[79.552728,15.678879],[79.552559,15.677769],[79.552286,15.677835],[79.552309,15.678069],[79.552362,15.67859],[79.552446,15.679428],[79.552488,15.679744],[79.552534,15.680042]]]},"properties":{"lp":"1714","ac":"2.166","chaltha":"1714"}},{"type":"Feature","geometry":{"type":"Polygon","coordinates":[[[79.554984,15.674973],[79.555327,15.674899],[79.555675,15.674824],[79.555451,15.673785],[79.555253,15.672433],[79.55514,15.672162],[79.554158,15.672326],[79.554285,15.67302],[79.554408,15.673687],[79.554657,15.675043],[79.554984,15.674973]]]},"properties":{"lp":"1741","ac":"8.261","chaltha":"1741"}},{"type":"Feature","geometry":{"type":"Polygon","coordinates":[[[79.547171,15.677919],[79.547032,15.677317],[79.546527,15.677437],[79.546674,15.678021],[79.547171,15.677919]]]},"properties":{"lp":"1757","ac":"0.917","chaltha":"1757"}},{"type":"Feature","geometry":{"type":"Polygon","coordinates":[[[79.546221,15.670666],[79.546261,15.670831],[79.546959,15.670685],[79.547733,15.670524],[79.547613,15.669751],[79.547458,15.669787],[79.546101,15.670155],[79.546119,15.670236],[79.546221,15.670666]]]},"properties":{"lp":"1789","ac":"3.326","chaltha":"1789"}},{"type":"Feature","geometry":{"type":"Polygon","coordinates":[[[79.550637,15.6729],[79.551495,15.672769],[79.551513,15.672452],[79.550595,15.672648],[79.550637,15.6729]]]},"properties":{"lp":"1803","ac":"0.747","chaltha":"1803"}},{"type":"Feature","geometry":{"type":"Polygon","coordinates":[[[79.549693,15.672841],[79.550588,15.67265],[79.550453,15.671963],[79.549553,15.672143],[79.549693,15.672841]]]},"properties":{"lp":"1805","ac":"1.896","chaltha":"1805"}},{"type":"Feature","geometry":{"type":"Polygon","coordinates":[[[79.550588,15.67265],[79.550595,15.672648],[79.551513,15.672452],[79.55143,15.671768],[79.550782,15.671897],[79.550453,15.671963],[79.550588,15.67265]]]},"properties":{"lp":"1804","ac":"1.973","chaltha":"1804"}},{"type":"Feature","geometry":{"type":"Polygon","coordinates":[[[79.55301,15.67063],[79.554132,15.670273],[79.553462,15.668318],[79.552871,15.668536],[79.552586,15.668546],[79.55301,15.67063]]]},"properties":{"lp":"1829","ac":"6.301","chaltha":"1829"}},{"type":"Feature","geometry":{"type":"Polygon","coordinates":[[[79.554132,15.670273],[79.554895,15.670031],[79.555266,15.669924],[79.555395,15.670002],[79.555459,15.669286],[79.555657,15.669188],[79.554902,15.668467],[79.554818,15.66822],[79.553462,15.668318],[79.554132,15.670273]]]},"properties":{"lp":"1830","ac":"8.289","chaltha":"1830"}},{"type":"Feature","geometry":{"type":"Polygon","coordinates":[[[79.55243,15.66756],[79.554613,15.667062],[79.554492,15.666381],[79.554483,15.665692],[79.554426,15.665161],[79.553747,15.665315],[79.553329,15.665409],[79.552877,15.665512],[79.552836,15.665521],[79.552668,15.665561],[79.552766,15.665947],[79.552198,15.666093],[79.552389,15.667303],[79.55243,15.66756]]]},"properties":{"lp":"1832","ac":"11.982","chaltha":"1832"}},{"type":"Feature","geometry":{"type":"Polygon","coordinates":[[[79.544727,15.669994],[79.545251,15.66986],[79.545126,15.669293],[79.544292,15.669486],[79.544727,15.669994]]]},"properties":{"lp":"1847","ac":"1.204","chaltha":"1847"}},{"type":"Feature","geometry":{"type":"Polygon","coordinates":[[[79.545251,15.66986],[79.545992,15.669672],[79.545977,15.669603],[79.545868,15.669121],[79.545126,15.669293],[79.545251,15.66986]]]},"properties":{"lp":"1848","ac":"1.283","chaltha":"1848"}},{"type":"Feature","geometry":{"type":"Polygon","coordinates":[[[79.552836,15.665521],[79.552877,15.665512],[79.553329,15.665409],[79.553747,15.665315],[79.553588,15.664717],[79.553255,15.663445],[79.553195,15.663219],[79.553143,15.66325],[79.552886,15.66298],[79.552315,15.663193],[79.552601,15.664275],[79.55224,15.664348],[79.551505,15.664496],[79.551413,15.66467],[79.551526,15.66494],[79.552027,15.666137],[79.552198,15.666093],[79.552766,15.665947],[79.552668,15.665561],[79.552836,15.665521]]]},"properties":{"lp":"1861","ac":"11.247","chaltha":"1861"}},{"type":"Feature","geometry":{"type":"Polygon","coordinates":[[[79.541873,15.671445],[79.542482,15.671284],[79.542133,15.670336],[79.541679,15.670453],[79.541873,15.671445]]]},"properties":{"lp":"1883","ac":"1.622","chaltha":"1883"}},{"type":"Feature","geometry":{"type":"Polygon","coordinates":[[[79.542231,15.670308],[79.542133,15.670336],[79.542482,15.671284],[79.542972,15.671169],[79.542732,15.670167],[79.542231,15.670308]]]},"properties":{"lp":"1882","ac":"1.679","chaltha":"1882"}},{"type":"Feature","geometry":{"type":"Polygon","coordinates":[[[79.54458,15.670619],[79.544436,15.67005],[79.544335,15.669649],[79.544053,15.669322],[79.543564,15.668321],[79.542843,15.668641],[79.542426,15.668826],[79.542732,15.670167],[79.542972,15.671169],[79.542993,15.671164],[79.543045,15.671395],[79.544631,15.671044],[79.544567,15.670793],[79.54458,15.670619]]]},"properties":{"lp":"1881","ac":"12.582","chaltha":"1881"}},{"type":"Feature","geometry":{"type":"Polygon","coordinates":[[[79.539096,15.678773],[79.539465,15.678739],[79.539399,15.677772],[79.539066,15.677802],[79.539096,15.678773]]]},"properties":{"lp":"1918","ac":"1.001","chaltha":"1918"}},{"type":"Feature","geometry":{"type":"Polygon","coordinates":[[[79.539749,15.677741],[79.539399,15.677772],[79.539465,15.678739],[79.5397,15.678717],[79.539818,15.678707],[79.539749,15.677741]]]},"properties":{"lp":"1919","ac":"1.002","chaltha":"1919"}},{"type":"Feature","geometry":{"type":"Polygon","coordinates":[[[79.539818,15.678707],[79.540195,15.678672],[79.540113,15.677744],[79.54011,15.677708],[79.539749,15.677741],[79.539818,15.678707]]]},"properties":{"lp":"1920","ac":"1.051","chaltha":"1920"}},{"type":"Feature","geometry":{"type":"Polygon","coordinates":[[[79.539984,15.67636],[79.539024,15.676447],[79.53905,15.67728],[79.539066,15.677802],[79.539399,15.677772],[79.539749,15.677741],[79.54011,15.677708],[79.540031,15.676806],[79.539984,15.67636]]]},"properties":{"lp":"1917","ac":"4.005","chaltha":"1917"}},{"type":"Feature","geometry":{"type":"Polygon","coordinates":[[[79.539024,15.676447],[79.539984,15.67636],[79.539934,15.675882],[79.539828,15.674881],[79.539728,15.674896],[79.539445,15.675166],[79.539341,15.675276],[79.539011,15.676048],[79.539024,15.676447]]]},"properties":{"lp":"1914","ac":"3.013","chaltha":"1914"}},{"type":"Feature","geometry":{"type":"Polygon","coordinates":[[[79.540861,15.676698],[79.541281,15.676642],[79.541674,15.676591],[79.541609,15.675928],[79.541578,15.675672],[79.539934,15.675882],[79.539984,15.67636],[79.540031,15.676806],[79.540452,15.676751],[79.540861,15.676698]]]},"properties":{"lp":"1916","ac":"4.503","chaltha":"1916"}},{"type":"Feature","geometry":{"type":"Polygon","coordinates":[[[79.539934,15.675882],[79.541578,15.675672],[79.54152,15.675201],[79.541509,15.675092],[79.541308,15.675119],[79.541229,15.674793],[79.540842,15.674846],[79.540705,15.674745],[79.540152,15.67483],[79.539828,15.674881],[79.539934,15.675882]]]},"properties":{"lp":"1915","ac":"4.5","chaltha":"1915"}},{"type":"Feature","geometry":{"type":"Polygon","coordinates":[[[79.543554,15.675084],[79.544473,15.674926],[79.544428,15.674541],[79.543496,15.674718],[79.543554,15.675084]]]},"properties":{"lp":"2591","ac":"1.044","chaltha":"2591"}},{"type":"Feature","geometry":{"type":"Polygon","coordinates":[[[79.543762,15.680911],[79.54509,15.68065],[79.545047,15.680382],[79.544967,15.679875],[79.543535,15.680117],[79.543697,15.6809],[79.543762,15.680911]]]},"properties":{"lp":"1969","ac":"3.376","chaltha":"1969"}},{"type":"Feature","geometry":{"type":"Polygon","coordinates":[[[79.544458,15.690636],[79.544129,15.691297],[79.544276,15.691319],[79.54471,15.691042],[79.544643,15.690794],[79.544458,15.690636]]]},"properties":{"lp":"2048","ac":"0.565","chaltha":"2048"}},{"type":"Feature","geometry":{"type":"Polygon","coordinates":[[[79.544129,15.691297],[79.544028,15.691643],[79.54441,15.691503],[79.544766,15.691477],[79.544789,15.691433],[79.544996,15.691357],[79.545242,15.691315],[79.545163,15.691142],[79.54476,15.691229],[79.54471,15.691042],[79.544276,15.691319],[79.544129,15.691297]]]},"properties":{"lp":"2049","ac":"0.873","chaltha":"2049"}},{"type":"Feature","geometry":{"type":"Polygon","coordinates":[[[79.542858,15.687961],[79.543009,15.688092],[79.543253,15.687639],[79.543032,15.687558],[79.542858,15.687961]]]},"properties":{"lp":"2051","ac":"0.298","chaltha":"2051"}},{"type":"Feature","geometry":{"type":"Polygon","coordinates":[[[79.543032,15.687558],[79.543253,15.687639],[79.543401,15.687693],[79.543475,15.687564],[79.543089,15.687424],[79.543032,15.687558]]]},"properties":{"lp":"2052","ac":"0.172","chaltha":"2052"}},{"type":"Feature","geometry":{"type":"Polygon","coordinates":[[[79.543475,15.687564],[79.543857,15.68774],[79.543979,15.68763],[79.54355,15.687433],[79.543475,15.687564]]]},"properties":{"lp":"2054","ac":"0.197","chaltha":"2054"}},{"type":"Feature","geometry":{"type":"Polygon","coordinates":[[[79.543475,15.687564],[79.543401,15.687693],[79.543215,15.688016],[79.543435,15.688122],[79.543634,15.687942],[79.543857,15.68774],[79.543475,15.687564]]]},"properties":{"lp":"2055","ac":"0.509","chaltha":"2055"}},{"type":"Feature","geometry":{"type":"Polygon","coordinates":[[[79.543253,15.687639],[79.543009,15.688092],[79.543117,15.688186],[79.543215,15.688016],[79.543401,15.687693],[79.543253,15.687639]]]},"properties":{"lp":"2056","ac":"0.234","chaltha":"2056"}},{"type":"Feature","geometry":{"type":"Polygon","coordinates":[[[79.543396,15.688348],[79.543735,15.688434],[79.54387,15.688041],[79.543634,15.687942],[79.543435,15.688122],[79.543396,15.688348]]]},"properties":{"lp":"2058","ac":"0.442","chaltha":"2058"}},{"type":"Feature","geometry":{"type":"Polygon","coordinates":[[[79.544043,15.688512],[79.544158,15.688162],[79.54387,15.688041],[79.543735,15.688434],[79.544043,15.688512]]]},"properties":{"lp":"2059","ac":"0.361","chaltha":"2059"}},{"type":"Feature","geometry":{"type":"Polygon","coordinates":[[[79.544279,15.688571],[79.544374,15.688595],[79.544731,15.688567],[79.544729,15.688208],[79.54443,15.68813],[79.544415,15.688125],[79.544279,15.688571]]]},"properties":{"lp":"2061","ac":"0.476","chaltha":"2061"}},{"type":"Feature","geometry":{"type":"Polygon","coordinates":[[[79.544727,15.687792],[79.544531,15.687749],[79.54443,15.68813],[79.544729,15.688208],[79.544727,15.687792]]]},"properties":{"lp":"2062","ac":"0.298","chaltha":"2062"}},{"type":"Feature","geometry":{"type":"Polygon","coordinates":[[[79.54419,15.688066],[79.544415,15.688125],[79.54443,15.68813],[79.544531,15.687749],[79.544311,15.687702],[79.54419,15.688066]]]},"properties":{"lp":"2063","ac":"0.269","chaltha":"2063"}},{"type":"Feature","geometry":{"type":"Polygon","coordinates":[[[79.543634,15.687942],[79.54387,15.688041],[79.544158,15.688162],[79.54419,15.688066],[79.544311,15.687702],[79.543979,15.68763],[79.543857,15.68774],[79.543634,15.687942]]]},"properties":{"lp":"2064","ac":"0.591","chaltha":"2064"}},{"type":"Feature","geometry":{"type":"Polygon","coordinates":[[[79.545006,15.687319],[79.544727,15.687792],[79.544729,15.688208],[79.544731,15.688567],[79.545334,15.688819],[79.54514,15.688592],[79.545162,15.687584],[79.545006,15.687319]]]},"properties":{"lp":"2066","ac":"1.445","chaltha":"2066"}},{"type":"Feature","geometry":{"type":"Polygon","coordinates":[[[79.537455,15.690375],[79.538459,15.690131],[79.538364,15.689665],[79.537423,15.689908],[79.537455,15.690375]]]},"properties":{"lp":"2109","ac":"1.376","chaltha":"2109"}},{"type":"Feature","geometry":{"type":"Polygon","coordinates":[[[79.537423,15.689908],[79.538364,15.689665],[79.538261,15.689166],[79.53739,15.689408],[79.537423,15.689908]]]},"properties":{"lp":"2117","ac":"1.375","chaltha":"2117"}},{"type":"Feature","geometry":{"type":"Polygon","coordinates":[[[79.537292,15.688957],[79.537301,15.689019],[79.537366,15.68901],[79.53738,15.688888],[79.537292,15.688957]]]},"properties":{"lp":"2115","ac":"0.02","chaltha":"2115"}},{"type":"Feature","geometry":{"type":"Polygon","coordinates":[[[79.531141,15.678825],[79.530951,15.677834],[79.53029,15.67796],[79.529968,15.678021],[79.530113,15.679007],[79.531141,15.678825]]]},"properties":{"lp":"2208","ac":"3.003","chaltha":"2208"}},{"type":"Feature","geometry":{"type":"Polygon","coordinates":[[[79.530565,15.681505],[79.530621,15.681792],[79.533529,15.681248],[79.533434,15.680801],[79.532442,15.680992],[79.531479,15.681178],[79.530537,15.68136],[79.530565,15.681505]]]},"properties":{"lp":"2217","ac":"3.882","chaltha":"2217"}},{"type":"Feature","geometry":{"type":"Polygon","coordinates":[[[79.530621,15.681792],[79.530692,15.682249],[79.532767,15.68185],[79.532842,15.681791],[79.533617,15.681662],[79.533529,15.681248],[79.530621,15.681792]]]},"properties":{"lp":"2218","ac":"3.88","chaltha":"2218"}},{"type":"Feature","geometry":{"type":"Polygon","coordinates":[[[79.541983,15.684712],[79.542677,15.684613],[79.542645,15.684257],[79.541925,15.684359],[79.541983,15.684712]]]},"properties":{"lp":"2077","ac":"0.75","chaltha":"2077"}},{"type":"Feature","geometry":{"type":"Polygon","coordinates":[[[79.541751,15.684095],[79.541793,15.684378],[79.541925,15.684359],[79.542645,15.684257],[79.542618,15.683953],[79.541751,15.684095]]]},"properties":{"lp":"1029","ac":"0.753","chaltha":"1029"}},{"type":"Feature","geometry":{"type":"Polygon","coordinates":[[[79.542045,15.68509],[79.541983,15.684712],[79.541925,15.684359],[79.541793,15.684378],[79.541811,15.6845],[79.540974,15.684622],[79.54109,15.685477],[79.541116,15.685668],[79.541642,15.685607],[79.541632,15.685526],[79.542105,15.685452],[79.542045,15.68509]]]},"properties":{"lp":"2079","ac":"3.044","chaltha":"2079"}},{"type":"Feature","geometry":{"type":"Polygon","coordinates":[[[79.529968,15.678021],[79.529762,15.67806],[79.52906,15.678194],[79.528002,15.678392],[79.528096,15.679743],[79.529131,15.67955],[79.530165,15.679358],[79.530113,15.679007],[79.529968,15.678021]]]},"properties":{"lp":"2234","ac":"8.105","chaltha":"2234"}},{"type":"Feature","geometry":{"type":"Polygon","coordinates":[[[79.52865,15.683499],[79.53053,15.68313],[79.530532,15.683001],[79.530533,15.682954],[79.530518,15.682857],[79.528606,15.683227],[79.528626,15.683312],[79.52865,15.683499]]]},"properties":{"lp":"2227","ac":"1.55","chaltha":"2227"}},{"type":"Feature","geometry":{"type":"Polygon","coordinates":[[[79.528606,15.683227],[79.530518,15.682857],[79.530478,15.682611],[79.529638,15.682755],[79.528542,15.682942],[79.528606,15.683227]]]},"properties":{"lp":"1030","ac":"1.549","chaltha":"1030"}},{"type":"Feature","geometry":{"type":"Polygon","coordinates":[[[79.530452,15.682447],[79.529605,15.682581],[79.529638,15.682755],[79.530478,15.682611],[79.530452,15.682447]]]},"properties":{"lp":"1031","ac":"0.431","chaltha":"1031"}},{"type":"Feature","geometry":{"type":"Polygon","coordinates":[[[79.529638,15.682755],[79.529605,15.682581],[79.530452,15.682447],[79.530426,15.682283],[79.529568,15.682404],[79.529557,15.68234],[79.528451,15.682541],[79.528456,15.68256],[79.528542,15.682942],[79.529638,15.682755]]]},"properties":{"lp":"2268","ac":"1.8","chaltha":"2268"}},{"type":"Feature","geometry":{"type":"Polygon","coordinates":[[[79.528451,15.682541],[79.529557,15.68234],[79.529491,15.681961],[79.528347,15.682132],[79.528451,15.682541]]]},"properties":{"lp":"1032","ac":"1.345","chaltha":"1032"}},{"type":"Feature","geometry":{"type":"Polygon","coordinates":[[[79.528667,15.684072],[79.528574,15.68342],[79.528573,15.68342],[79.528446,15.683446],[79.528667,15.684072]]]},"properties":{"lp":"2267","ac":"0.126","chaltha":"2267"}},{"type":"Feature","geometry":{"type":"Polygon","coordinates":[[[79.529638,15.688077],[79.529539,15.687878],[79.529604,15.688085],[79.529686,15.688346],[79.529638,15.688077]]]},"properties":{"lp":"2287","ac":"0.025","chaltha":"2287"}},{"type":"Feature","geometry":{"type":"Polygon","coordinates":[[[79.529862,15.689088],[79.53024,15.690274],[79.530366,15.690242],[79.53014,15.689808],[79.529862,15.689088]]]},"properties":{"lp":"2291","ac":"0.176","chaltha":"2291"}},{"type":"Feature","geometry":{"type":"Polygon","coordinates":[[[79.52909,15.690594],[79.53024,15.690274],[79.529862,15.689088],[79.528614,15.689425],[79.528795,15.689963],[79.52909,15.690594]]]},"properties":{"lp":"2290","ac":"4.61","chaltha":"2290"}},{"type":"Feature","geometry":{"type":"Polygon","coordinates":[[[79.529862,15.689088],[79.529779,15.688833],[79.528529,15.689172],[79.528614,15.689425],[79.529862,15.689088]]]},"properties":{"lp":"2289","ac":"1.013","chaltha":"2289"}},{"type":"Feature","geometry":{"type":"Polygon","coordinates":[[[79.528164,15.690866],[79.52909,15.690594],[79.528795,15.689963],[79.528153,15.690194],[79.528032,15.690242],[79.528058,15.690348],[79.528164,15.690866]]]},"properties":{"lp":"2292","ac":"1.727","chaltha":"2292"}},{"type":"Feature","geometry":{"type":"Polygon","coordinates":[[[79.53024,15.690274],[79.530803,15.692122],[79.531056,15.692024],[79.530595,15.690591],[79.530366,15.690242],[79.53024,15.690274]]]},"properties":{"lp":"2294","ac":"1.372","chaltha":"2294"}},{"type":"Feature","geometry":{"type":"Polygon","coordinates":[[[79.531102,15.693076],[79.531358,15.693003],[79.531226,15.692575],[79.531056,15.692024],[79.530803,15.692122],[79.530976,15.692673],[79.531102,15.693076]]]},"properties":{"lp":"2298","ac":"0.795","chaltha":"2298"}},{"type":"Feature","geometry":{"type":"Polygon","coordinates":[[[79.531102,15.693076],[79.531257,15.693591],[79.531552,15.694573],[79.531825,15.694497],[79.531672,15.694009],[79.53152,15.693521],[79.531358,15.693003],[79.531102,15.693076]]]},"properties":{"lp":"2302","ac":"1.257","chaltha":"2302"}},{"type":"Feature","geometry":{"type":"Polygon","coordinates":[[[79.531825,15.694497],[79.532461,15.694319],[79.532293,15.693827],[79.531672,15.694009],[79.531825,15.694497]]]},"properties":{"lp":"2305","ac":"0.988","chaltha":"2305"}},{"type":"Feature","geometry":{"type":"Polygon","coordinates":[[[79.531742,15.695209],[79.531832,15.695514],[79.531963,15.695953],[79.532084,15.696361],[79.53236,15.696261],[79.532321,15.696131],[79.532284,15.696011],[79.532248,15.695891],[79.532213,15.695776],[79.532111,15.695441],[79.532017,15.695129],[79.531923,15.69482],[79.531825,15.694497],[79.531552,15.694573],[79.531582,15.694674],[79.531742,15.695209]]]},"properties":{"lp":"2308","ac":"1.565","chaltha":"2308"}},{"type":"Feature","geometry":{"type":"Polygon","coordinates":[[[79.531825,15.694497],[79.531923,15.69482],[79.532545,15.694645],[79.532461,15.694319],[79.531825,15.694497]]]},"properties":{"lp":"2309","ac":"0.645","chaltha":"2309"}},{"type":"Feature","geometry":{"type":"Polygon","coordinates":[[[79.527951,15.688789],[79.528323,15.689897],[79.528068,15.690027],[79.528153,15.690194],[79.528795,15.689963],[79.528614,15.689425],[79.528529,15.689172],[79.528362,15.688677],[79.528069,15.688753],[79.527951,15.688789]]]},"properties":{"lp":"2345","ac":"1.88","chaltha":"2345"}},{"type":"Feature","geometry":{"type":"Polygon","coordinates":[[[79.52377,15.684833],[79.524335,15.68469],[79.524905,15.684546],[79.524823,15.684265],[79.523208,15.684701],[79.523264,15.684871],[79.523732,15.684722],[79.52377,15.684833]]]},"properties":{"lp":"2364","ac":"1.218","chaltha":"2364"}},{"type":"Feature","geometry":{"type":"Polygon","coordinates":[[[79.523208,15.684701],[79.524823,15.684265],[79.524753,15.684024],[79.524047,15.684201],[79.523119,15.684434],[79.523208,15.684701]]]},"properties":{"lp":"2370","ac":"1.309","chaltha":"2370"}},{"type":"Feature","geometry":{"type":"Polygon","coordinates":[[[79.524047,15.684201],[79.524753,15.684024],[79.524994,15.683963],[79.524716,15.683156],[79.524179,15.683295],[79.523796,15.683394],[79.524047,15.684201]]]},"properties":{"lp":"2372","ac":"2.39","chaltha":"2372"}},{"type":"Feature","geometry":{"type":"Polygon","coordinates":[[[79.524876,15.683115],[79.52472,15.682606],[79.524035,15.682745],[79.524179,15.683295],[79.524716,15.683156],[79.524876,15.683115]]]},"properties":{"lp":"2375","ac":"1.142","chaltha":"2375"}},{"type":"Feature","geometry":{"type":"Polygon","coordinates":[[[79.524876,15.683115],[79.52563,15.68292],[79.525622,15.682899],[79.525472,15.682452],[79.52472,15.682606],[79.524876,15.683115]]]},"properties":{"lp":"2374","ac":"1.157","chaltha":"2374"}},{"type":"Feature","geometry":{"type":"Polygon","coordinates":[[[79.524035,15.682745],[79.52472,15.682606],[79.524604,15.682228],[79.523935,15.682367],[79.524035,15.682745]]]},"properties":{"lp":"2379","ac":"0.794","chaltha":"2379"}},{"type":"Feature","geometry":{"type":"Polygon","coordinates":[[[79.52472,15.682606],[79.525472,15.682452],[79.525343,15.682074],[79.524604,15.682228],[79.52472,15.682606]]]},"properties":{"lp":"2380","ac":"0.881","chaltha":"2380"}},{"type":"Feature","geometry":{"type":"Polygon","coordinates":[[[79.516881,15.681727],[79.516897,15.682218],[79.517128,15.682134],[79.516881,15.681727]]]},"properties":{"lp":"2390","ac":"0.168","chaltha":"2390"}},{"type":"Feature","geometry":{"type":"Polygon","coordinates":[[[79.519476,15.685061],[79.519724,15.685828],[79.519853,15.686227],[79.519905,15.686212],[79.519531,15.685046],[79.519476,15.685061]]]},"properties":{"lp":"2398","ac":"0.199","chaltha":"2398"}},{"type":"Feature","geometry":{"type":"Polygon","coordinates":[[[79.521006,15.68463],[79.521208,15.685381],[79.52188,15.685162],[79.521712,15.684583],[79.521671,15.684443],[79.521006,15.68463]]]},"properties":{"lp":"2402","ac":"1.561","chaltha":"2402"}},{"type":"Feature","geometry":{"type":"Polygon","coordinates":[[[79.521122,15.68928],[79.523416,15.68884],[79.523876,15.688752],[79.524184,15.688681],[79.523823,15.687615],[79.523587,15.686914],[79.52336,15.686241],[79.52227,15.686656],[79.521625,15.686921],[79.521604,15.68693],[79.521429,15.686992],[79.520465,15.687337],[79.520918,15.688508],[79.521032,15.68894],[79.521122,15.68928]]]},"properties":{"lp":"2410","ac":"20.786","chaltha":"2410"}},{"type":"Feature","geometry":{"type":"Polygon","coordinates":[[[79.522257,15.691523],[79.523107,15.69128],[79.523708,15.691108],[79.524475,15.690889],[79.52413,15.689658],[79.523663,15.689693],[79.521384,15.689863],[79.521122,15.68928],[79.521533,15.690196],[79.521655,15.690511],[79.521795,15.690873],[79.522257,15.691523]]]},"properties":{"lp":"2415","ac":"11.531","chaltha":"2415"}},{"type":"Feature","geometry":{"type":"Polygon","coordinates":[[[79.52413,15.689658],[79.52406,15.689409],[79.523876,15.688752],[79.523416,15.68884],[79.523663,15.689693],[79.52413,15.689658]]]},"properties":{"lp":"2416","ac":"1.239","chaltha":"2416"}},{"type":"Feature","geometry":{"type":"Polygon","coordinates":[[[79.52333,15.692706],[79.523546,15.692633],[79.523264,15.691765],[79.523107,15.69128],[79.522257,15.691523],[79.52333,15.692706]]]},"properties":{"lp":"2428","ac":"2.331","chaltha":"2428"}},{"type":"Feature","geometry":{"type":"Polygon","coordinates":[[[79.523264,15.691765],[79.523546,15.692633],[79.524119,15.692439],[79.523857,15.691591],[79.523264,15.691765]]]},"properties":{"lp":"2426","ac":"1.611","chaltha":"2426"}},{"type":"Feature","geometry":{"type":"Polygon","coordinates":[[[79.523857,15.691591],[79.523708,15.691108],[79.523107,15.69128],[79.523264,15.691765],[79.523857,15.691591]]]},"properties":{"lp":"2427","ac":"0.924","chaltha":"2427"}},{"type":"Feature","geometry":{"type":"Polygon","coordinates":[[[79.527058,15.694336],[79.527247,15.69517],[79.527611,15.694993],[79.527876,15.694521],[79.527778,15.694132],[79.527058,15.694336]]]},"properties":{"lp":"2435","ac":"1.57","chaltha":"2435"}},{"type":"Feature","geometry":{"type":"Polygon","coordinates":[[[79.526814,15.694405],[79.527016,15.695283],[79.527247,15.69517],[79.527058,15.694336],[79.526814,15.694405]]]},"properties":{"lp":"2436","ac":"0.648","chaltha":"2436"}},{"type":"Feature","geometry":{"type":"Polygon","coordinates":[[[79.527016,15.695283],[79.526814,15.694405],[79.526403,15.694521],[79.5265,15.694948],[79.526608,15.695419],[79.52666,15.695646],[79.526966,15.695538],[79.526927,15.695326],[79.527016,15.695283]]]},"properties":{"lp":"2437","ac":"1.365","chaltha":"2437"}},{"type":"Feature","geometry":{"type":"Polygon","coordinates":[[[79.524812,15.694551],[79.524918,15.694519],[79.524405,15.693997],[79.524309,15.694026],[79.524444,15.694206],[79.524812,15.694551]]]},"properties":{"lp":"2443","ac":"0.229","chaltha":"2443"}},{"type":"Feature","geometry":{"type":"Polygon","coordinates":[[[79.518739,15.687691],[79.519277,15.687578],[79.519827,15.687368],[79.520248,15.687207],[79.519979,15.686619],[79.519693,15.68669],[79.518692,15.686938],[79.518613,15.686957],[79.51856,15.687382],[79.518739,15.687691]]]},"properties":{"lp":"2498","ac":"3.288","chaltha":"2498"}},{"type":"Feature","geometry":{"type":"Polygon","coordinates":[[[79.517999,15.686914],[79.51787,15.686554],[79.517199,15.68673],[79.517326,15.687092],[79.517999,15.686914]]]},"properties":{"lp":"2504","ac":"0.777","chaltha":"2504"}},{"type":"Feature","geometry":{"type":"Polygon","coordinates":[[[79.517999,15.686914],[79.518552,15.686768],[79.518613,15.686957],[79.518692,15.686938],[79.518512,15.686387],[79.51787,15.686554],[79.517999,15.686914]]]},"properties":{"lp":"2505","ac":"0.778","chaltha":"2505"}},{"type":"Feature","geometry":{"type":"Polygon","coordinates":[[[79.518512,15.686387],[79.518483,15.686301],[79.518237,15.685563],[79.518096,15.685137],[79.517997,15.685165],[79.51682,15.685501],[79.51683,15.685534],[79.517021,15.686219],[79.517173,15.686654],[79.517199,15.68673],[79.51787,15.686554],[79.518512,15.686387]]]},"properties":{"lp":"2506","ac":"5.149","chaltha":"2506"}},{"type":"Feature","geometry":{"type":"Polygon","coordinates":[[[79.516197,15.683188],[79.516519,15.683152],[79.51698,15.68439],[79.517659,15.684224],[79.517619,15.684101],[79.517444,15.683568],[79.517282,15.683063],[79.51702,15.6824],[79.516336,15.682593],[79.516197,15.683188]]]},"properties":{"lp":"2520","ac":"4.347","chaltha":"2520"}},{"type":"Feature","geometry":{"type":"Polygon","coordinates":[[[79.517021,15.686219],[79.51683,15.685534],[79.516375,15.685646],[79.516547,15.686334],[79.517021,15.686219]]]},"properties":{"lp":"2539","ac":"0.995","chaltha":"2539"}},{"type":"Feature","geometry":{"type":"Polygon","coordinates":[[[79.516083,15.686445],[79.51609,15.686443],[79.516547,15.686334],[79.516375,15.685646],[79.515902,15.685763],[79.516083,15.686445]]]},"properties":{"lp":"2540","ac":"1.0","chaltha":"2540"}},{"type":"Feature","geometry":{"type":"Polygon","coordinates":[[[79.516042,15.687381],[79.516286,15.687957],[79.517024,15.68771],[79.516857,15.687201],[79.51636,15.687311],[79.516042,15.687381]]]},"properties":{"lp":"2549","ac":"1.363","chaltha":"2549"}},{"type":"Feature","geometry":{"type":"Polygon","coordinates":[[[79.516286,15.687957],[79.516289,15.687965],[79.516529,15.688531],[79.516566,15.688516],[79.517204,15.688261],[79.517193,15.688226],[79.517024,15.68771],[79.516286,15.687957]]]},"properties":{"lp":"2550","ac":"1.324","chaltha":"2550"}},{"type":"Feature","geometry":{"type":"Polygon","coordinates":[[[79.515736,15.691229],[79.51672,15.690852],[79.516563,15.690474],[79.515573,15.690844],[79.515736,15.691229]]]},"properties":{"lp":"2567","ac":"1.279","chaltha":"2567"}},{"type":"Feature","geometry":{"type":"Polygon","coordinates":[[[79.516447,15.692435],[79.51774,15.692013],[79.51766,15.691778],[79.516372,15.692222],[79.516447,15.692435]]]},"properties":{"lp":"2572","ac":"0.946","chaltha":"2572"}},{"type":"Feature","geometry":{"type":"Polygon","coordinates":[[[79.517956,15.692636],[79.516829,15.69295],[79.516948,15.693312],[79.518077,15.692987],[79.518006,15.692782],[79.517956,15.692636]]]},"properties":{"lp":"2575","ac":"1.291","chaltha":"2575"}},{"type":"Feature","geometry":{"type":"Polygon","coordinates":[[[79.51587,15.693622],[79.516948,15.693312],[79.516829,15.69295],[79.515721,15.693258],[79.515755,15.693375],[79.51587,15.693622]]]},"properties":{"lp":"2580","ac":"1.293","chaltha":"2580"}},{"type":"Feature","geometry":{"type":"Polygon","coordinates":[[[79.514843,15.693637],[79.514688,15.69416],[79.514815,15.694374],[79.515544,15.69462],[79.515421,15.693384],[79.515038,15.693418],[79.514843,15.693637]]]},"properties":{"lp":"2584","ac":"2.148","chaltha":"2584"}},{"type":"Feature","geometry":{"type":"Polygon","coordinates":[[[79.530207,15.689223],[79.530003,15.689292],[79.529862,15.689088],[79.53014,15.689808],[79.530366,15.690242],[79.530595,15.690591],[79.53053,15.690363],[79.530207,15.689223]]]},"properties":{"lp":"2585","ac":"0.732","chaltha":"2585"}},{"type":"Feature","geometry":{"type":"Polygon","coordinates":[[[79.531371,15.69035],[79.532109,15.690126],[79.531992,15.689687],[79.531234,15.689881],[79.531371,15.69035]]]},"properties":{"lp":"2588","ac":"1.074","chaltha":"2588"}},{"type":"Feature","geometry":{"type":"Polygon","coordinates":[[[79.529536,15.687869],[79.529539,15.687878],[79.529638,15.688077],[79.529686,15.688346],[79.529732,15.688691],[79.529779,15.688833],[79.529862,15.689088],[79.530003,15.689292],[79.530207,15.689223],[79.529934,15.688296],[79.529791,15.687812],[79.529653,15.687342],[79.529405,15.687396],[79.529411,15.687417],[79.529536,15.687869]]]},"properties":{"lp":"2590","ac":"1.534","chaltha":"2590"}},{"type":"Feature","geometry":{"type":"Polygon","coordinates":[[[79.529653,15.687342],[79.529238,15.6858],[79.529118,15.68582],[79.528963,15.685391],[79.528798,15.685427],[79.528973,15.685945],[79.529141,15.686444],[79.529405,15.687396],[79.529653,15.687342]]]},"properties":{"lp":"2596","ac":"1.476","chaltha":"2596"}},{"type":"Feature","geometry":{"type":"Polygon","coordinates":[[[79.528667,15.684072],[79.528726,15.684511],[79.528963,15.685391],[79.529118,15.68582],[79.529238,15.6858],[79.529053,15.685242],[79.52893,15.684868],[79.528799,15.684472],[79.528762,15.68436],[79.528723,15.684071],[79.528667,15.684072]]]},"properties":{"lp":"2597","ac":"0.534","chaltha":"2597"}},{"type":"Feature","geometry":{"type":"Polygon","coordinates":[[[79.534295,15.687312],[79.534683,15.687233],[79.535225,15.687124],[79.53581,15.687006],[79.5367,15.686833],[79.536621,15.686387],[79.53656,15.68611],[79.536066,15.686196],[79.535397,15.686312],[79.535028,15.686373],[79.534653,15.686434],[79.534135,15.686524],[79.534295,15.687312]]]},"properties":{"lp":"2639","ac":"5.528","chaltha":"2639"}},{"type":"Feature","geometry":{"type":"Polygon","coordinates":[[[79.535522,15.710513],[79.535628,15.710502],[79.535699,15.710311],[79.535503,15.710345],[79.535522,15.710513]]]},"properties":{"lp":"281","ac":"0.077","chaltha":"281"}},{"type":"Feature","geometry":{"type":"Polygon","coordinates":[[[79.528376,15.712475],[79.528751,15.712506],[79.528765,15.712151],[79.528757,15.711973],[79.52875,15.71183],[79.528527,15.711836],[79.528325,15.711841],[79.528336,15.711985],[79.528352,15.712172],[79.528376,15.712475]]]},"properties":{"lp":"382","ac":"0.781","chaltha":"382"}},{"type":"Feature","geometry":{"type":"Polygon","coordinates":[[[79.529119,15.700726],[79.529842,15.702456],[79.531139,15.702069],[79.53118,15.702057],[79.530187,15.700321],[79.529119,15.700726]]]},"properties":{"lp":"789","ac":"7.121","chaltha":"789"}},{"type":"Feature","geometry":{"type":"Polygon","coordinates":[[[79.53118,15.702057],[79.532104,15.701782],[79.532006,15.701487],[79.531918,15.701222],[79.531832,15.700965],[79.53146,15.699838],[79.530932,15.700038],[79.530187,15.700321],[79.53118,15.702057]]]},"properties":{"lp":"788","ac":"6.83","chaltha":"788"}},{"type":"Feature","geometry":{"type":"Polygon","coordinates":[[[79.534971,15.710267],[79.534824,15.71031],[79.534873,15.710598],[79.53501,15.710578],[79.534971,15.710267]]]},"properties":{"lp":"383","ac":"0.129","chaltha":"383"}},{"type":"Feature","geometry":{"type":"Polygon","coordinates":[[[79.534711,15.710623],[79.534873,15.710598],[79.534824,15.71031],[79.534663,15.710357],[79.534711,15.710623]]]},"properties":{"lp":"384","ac":"0.136","chaltha":"384"}},{"type":"Feature","geometry":{"type":"Polygon","coordinates":[[[79.535124,15.710457],[79.535114,15.710344],[79.535104,15.710239],[79.535058,15.710247],[79.535095,15.710565],[79.535134,15.710559],[79.535124,15.710457]]]},"properties":{"lp":"287","ac":"0.04","chaltha":"287"}},{"type":"Feature","geometry":{"type":"Polygon","coordinates":[[[79.535095,15.710565],[79.535058,15.710247],[79.535016,15.710254],[79.535053,15.710571],[79.535095,15.710565]]]},"properties":{"lp":"2654","ac":"0.04","chaltha":"2654"}},{"type":"Feature","geometry":{"type":"Polygon","coordinates":[[[79.53501,15.710578],[79.535053,15.710571],[79.535016,15.710254],[79.534971,15.710267],[79.53501,15.710578]]]},"properties":{"lp":"2655","ac":"0.041","chaltha":"2655"}},{"type":"Feature","geometry":{"type":"Polygon","coordinates":[[[79.534961,15.698693],[79.534939,15.698563],[79.533578,15.698767],[79.533687,15.699691],[79.534634,15.699505],[79.534626,15.699275],[79.534543,15.698766],[79.534961,15.698693]]]},"properties":{"lp":"912","ac":"2.747","chaltha":"912"}},{"type":"Feature","geometry":{"type":"Polygon","coordinates":[[[79.534852,15.698049],[79.534764,15.697533],[79.534724,15.697292],[79.533366,15.697537],[79.533509,15.698184],[79.533578,15.698767],[79.534939,15.698563],[79.534852,15.698049]]]},"properties":{"lp":"911","ac":"5.064","chaltha":"911"}},{"type":"Feature","geometry":{"type":"Polygon","coordinates":[[[79.541622,15.711863],[79.541244,15.70967],[79.540889,15.709907],[79.540914,15.710793],[79.54132,15.71162],[79.541599,15.711867],[79.541622,15.711863]]]},"properties":{"lp":"1084","ac":"2.383","chaltha":"1084"}},{"type":"Feature","geometry":{"type":"Polygon","coordinates":[[[79.517664,15.688015],[79.518455,15.687776],[79.518739,15.687691],[79.51856,15.687382],[79.518613,15.686957],[79.518552,15.686768],[79.517999,15.686914],[79.517326,15.687092],[79.517664,15.688015]]]},"properties":{"lp":"2503","ac":"3.259","chaltha":"2503"}},{"type":"Feature","geometry":{"type":"Polygon","coordinates":[[[79.538388,15.671356],[79.538765,15.670901],[79.539642,15.670637],[79.53953,15.670122],[79.538708,15.670342],[79.538637,15.670421],[79.538577,15.670621],[79.538532,15.670962],[79.538388,15.671356]]]},"properties":{"lp":"787","ac":"1.773","chaltha":"787"}},{"type":"Feature","geometry":{"type":"Polygon","coordinates":[[[79.539642,15.670637],[79.540515,15.670374],[79.54041,15.670002],[79.540723,15.669668],[79.540493,15.669449],[79.540318,15.669582],[79.540069,15.669753],[79.53953,15.670122],[79.539642,15.670637]]]},"properties":{"lp":"1082","ac":"2.096","chaltha":"1082"}},{"type":"Feature","geometry":{"type":"Polygon","coordinates":[[[79.540723,15.669668],[79.541088,15.669278],[79.541211,15.66925],[79.541286,15.669232],[79.541524,15.669177],[79.541447,15.668659],[79.541172,15.668726],[79.540888,15.668878],[79.540751,15.669096],[79.540493,15.669449],[79.540723,15.669668]]]},"properties":{"lp":"1083","ac":"1.403","chaltha":"1083"}},{"type":"Feature","geometry":{"type":"Polygon","coordinates":[[[79.541524,15.669177],[79.541755,15.669123],[79.541965,15.66903],[79.542426,15.668826],[79.542843,15.668641],[79.542727,15.668239],[79.542093,15.6685],[79.541447,15.668659],[79.541524,15.669177]]]},"properties":{"lp":"2499","ac":"1.864","chaltha":"2499"}},{"type":"Feature","geometry":{"type":"Polygon","coordinates":[[[79.542843,15.668641],[79.543564,15.668321],[79.543414,15.667943],[79.543247,15.668024],[79.542727,15.668239],[79.542843,15.668641]]]},"properties":{"lp":"2500","ac":"0.915","chaltha":"2500"}},{"type":"Feature","geometry":{"type":"Polygon","coordinates":[[[79.543564,15.668321],[79.54366,15.668333],[79.543499,15.667902],[79.543414,15.667943],[79.543564,15.668321]]]},"properties":{"lp":"2656","ac":"0.114","chaltha":"2656"}},{"type":"Feature","geometry":{"type":"Polygon","coordinates":[[[79.54366,15.668333],[79.544493,15.668057],[79.544899,15.66789],[79.544711,15.66722],[79.544364,15.667483],[79.543499,15.667902],[79.54366,15.668333]]]},"properties":{"lp":"2657","ac":"2.183","chaltha":"2657"}},{"type":"Feature","geometry":{"type":"Polygon","coordinates":[[[79.544899,15.66789],[79.545604,15.667599],[79.546114,15.667121],[79.545813,15.666464],[79.545246,15.666814],[79.545054,15.66696],[79.544711,15.66722],[79.544899,15.66789]]]},"properties":{"lp":"2658","ac":"3.139","chaltha":"2658"}},{"type":"Feature","geometry":{"type":"Polygon","coordinates":[[[79.546114,15.667121],[79.547151,15.666149],[79.546967,15.66575],[79.545813,15.666464],[79.546114,15.667121]]]},"properties":{"lp":"2659","ac":"2.294","chaltha":"2659"}},{"type":"Feature","geometry":{"type":"Polygon","coordinates":[[[79.547151,15.666149],[79.547382,15.665934],[79.547912,15.665755],[79.548288,15.665629],[79.548151,15.66506],[79.547423,15.665468],[79.546967,15.66575],[79.547151,15.666149]]]},"properties":{"lp":"2660","ac":"1.776","chaltha":"2660"}},{"type":"Feature","geometry":{"type":"Polygon","coordinates":[[[79.548288,15.665629],[79.548587,15.665528],[79.548688,15.665312],[79.549161,15.665243],[79.549286,15.665225],[79.549654,15.665133],[79.549508,15.664489],[79.548533,15.664845],[79.548151,15.66506],[79.548288,15.665629]]]},"properties":{"lp":"2661","ac":"2.517","chaltha":"2661"}},{"type":"Feature","geometry":{"type":"Polygon","coordinates":[[[79.549654,15.665133],[79.550434,15.66494],[79.551413,15.66467],[79.550834,15.66385],[79.550482,15.664133],[79.549508,15.664489],[79.549654,15.665133]]]},"properties":{"lp":"2662","ac":"3.707","chaltha":"2662"}},{"type":"Feature","geometry":{"type":"Polygon","coordinates":[[[79.551413,15.66467],[79.551505,15.664496],[79.551862,15.66382],[79.552085,15.663722],[79.552205,15.663669],[79.552295,15.663201],[79.552066,15.662761],[79.551922,15.662908],[79.551105,15.663652],[79.550834,15.66385],[79.551413,15.66467]]]},"properties":{"lp":"2663","ac":"3.458","chaltha":"2663"}},{"type":"Feature","geometry":{"type":"Polygon","coordinates":[[[79.538418,15.712509],[79.538689,15.712524],[79.53888,15.712542],[79.538891,15.71228],[79.538901,15.712046],[79.538862,15.712044],[79.538711,15.712036],[79.538525,15.712024],[79.538444,15.712018],[79.538305,15.712008],[79.538173,15.711999],[79.538175,15.712168],[79.538176,15.712333],[79.538178,15.7125],[79.538265,15.7125],[79.538418,15.712509]]]},"properties":{"lp":"163","ac":"1.033","chaltha":"163"}},{"type":"Feature","geometry":{"type":"Polygon","coordinates":[[[79.53841,15.712629],[79.538628,15.712648],[79.538846,15.712666],[79.539065,15.712685],[79.539066,15.712653],[79.539071,15.71256],[79.53888,15.712542],[79.538689,15.712524],[79.538418,15.712509],[79.53841,15.712629]]]},"properties":{"lp":"2665","ac":"0.241","chaltha":"2665"}},{"type":"Feature","geometry":{"type":"Polygon","coordinates":[[[79.552886,15.66298],[79.552884,15.662588],[79.55384,15.661993],[79.553653,15.661407],[79.552691,15.662057],[79.552716,15.662218],[79.552444,15.662379],[79.552066,15.662761],[79.552295,15.663201],[79.552315,15.663193],[79.552886,15.66298]]]},"properties":{"lp":"2664","ac":"3.417","chaltha":"2664"}},{"type":"Feature","geometry":{"type":"Polygon","coordinates":[[[79.532077,15.713266],[79.531706,15.713312],[79.531781,15.71387],[79.532198,15.713843],[79.532077,15.713266]]]},"properties":{"lp":"7","ac":"0.665","chaltha":"7"}},{"type":"Feature","geometry":{"type":"Polygon","coordinates":[[[79.533644,15.71375],[79.533633,15.712629],[79.533444,15.71271],[79.533213,15.712871],[79.532724,15.713041],[79.532369,15.713229],[79.532077,15.713266],[79.532198,15.713843],[79.533644,15.71375]]]},"properties":{"lp":"6","ac":"3.603","chaltha":"6"}},{"type":"Feature","geometry":{"type":"Polygon","coordinates":[[[79.52294,15.70713],[79.52362,15.707036],[79.52427,15.706886],[79.524198,15.706759],[79.522949,15.706969],[79.52294,15.70713]]]},"properties":{"lp":"504","ac":"0.625","chaltha":"504"}},{"type":"Feature","geometry":{"type":"Polygon","coordinates":[[[79.529709,15.713563],[79.529845,15.713075],[79.529993,15.712465],[79.529977,15.712258],[79.5298,15.712877],[79.529699,15.713365],[79.529617,15.713552],[79.529709,15.713563]]]},"properties":{"lp":"368","ac":"0.285","chaltha":"368"}},{"type":"Feature","geometry":{"type":"Polygon","coordinates":[[[79.529993,15.712465],[79.530102,15.712196],[79.530179,15.712007],[79.530288,15.711737],[79.53057,15.711498],[79.530854,15.711314],[79.53103,15.7112],[79.530802,15.711219],[79.530446,15.711411],[79.530307,15.711541],[79.529977,15.712258],[79.529993,15.712465]]]},"properties":{"lp":"2667","ac":"0.464","chaltha":"2667"}},{"type":"Feature","geometry":{"type":"Polygon","coordinates":[[[79.546302,15.671574],[79.547061,15.671416],[79.547094,15.671409],[79.546959,15.670685],[79.546261,15.670831],[79.546322,15.671086],[79.546207,15.671114],[79.546302,15.671574]]]},"properties":{"lp":"2668","ac":"1.673","chaltha":"2668"}},{"type":"Feature","geometry":{"type":"Polygon","coordinates":[[[79.515127,15.686675],[79.516083,15.686445],[79.515902,15.685763],[79.51528,15.685916],[79.514881,15.686015],[79.514929,15.68617],[79.515127,15.686675]]]},"properties":{"lp":"2541","ac":"2.105","chaltha":"2541"}},{"type":"Feature","geometry":{"type":"Polygon","coordinates":[[[79.534852,15.698049],[79.535463,15.697939],[79.535353,15.697425],[79.535255,15.697443],[79.535007,15.697489],[79.534764,15.697533],[79.534852,15.698049]]]},"properties":{"lp":"910","ac":"0.937","chaltha":"910"}},{"type":"Feature","geometry":{"type":"Polygon","coordinates":[[[79.5258,15.70847],[79.526562,15.709338],[79.526806,15.709361],[79.525893,15.708354],[79.5258,15.70847]]]},"properties":{"lp":"2669","ac":"0.577","chaltha":"2669"}},{"type":"Feature","geometry":{"type":"Polygon","coordinates":[[[79.525848,15.709441],[79.526364,15.709669],[79.527146,15.710032],[79.527004,15.709381],[79.526806,15.709361],[79.526562,15.709338],[79.526032,15.709286],[79.525848,15.709441]]]},"properties":{"lp":"2670","ac":"1.347","chaltha":"2670"}},{"type":"Feature","geometry":{"type":"Polygon","coordinates":[[[79.528449,15.710025],[79.528512,15.709823],[79.528012,15.709769],[79.527384,15.7097],[79.527004,15.709381],[79.527146,15.710032],[79.527305,15.71006],[79.527568,15.710106],[79.527825,15.710152],[79.528247,15.710179],[79.528402,15.71019],[79.528449,15.710025]]]},"properties":{"lp":"449","ac":"1.651","chaltha":"449"}},{"type":"Feature","geometry":{"type":"Polygon","coordinates":[[[79.528449,15.710025],[79.528828,15.710127],[79.528802,15.710216],[79.529042,15.710231],[79.529857,15.710566],[79.529943,15.710423],[79.529711,15.710229],[79.529522,15.710071],[79.529462,15.710223],[79.528886,15.710015],[79.528902,15.709866],[79.528512,15.709823],[79.528449,15.710025]]]},"properties":{"lp":"2671","ac":"0.964","chaltha":"2671"}},{"type":"Feature","geometry":{"type":"Polygon","coordinates":[[[79.529857,15.710566],[79.530595,15.710869],[79.530802,15.711219],[79.53103,15.7112],[79.531268,15.710972],[79.531124,15.710935],[79.530657,15.710813],[79.530572,15.710587],[79.530553,15.710538],[79.530402,15.710509],[79.529943,15.710423],[79.529857,15.710566]]]},"properties":{"lp":"2672","ac":"0.962","chaltha":"2672"}},{"type":"Feature","geometry":{"type":"Polygon","coordinates":[[[79.532597,15.698023],[79.532867,15.697961],[79.53278,15.69767],[79.53236,15.696261],[79.532084,15.696361],[79.532507,15.697734],[79.532597,15.698023]]]},"properties":{"lp":"2673","ac":"1.467","chaltha":"2673"}},{"type":"Feature","geometry":{"type":"Polygon","coordinates":[[[79.523424,15.705657],[79.523544,15.705614],[79.523656,15.705499],[79.523499,15.705268],[79.523491,15.704995],[79.523479,15.704613],[79.52347,15.704316],[79.523461,15.704017],[79.523082,15.703803],[79.523248,15.704162],[79.523424,15.705657]]]},"properties":{"lp":"2674","ac":"0.939","chaltha":"2674"}},{"type":"Feature","geometry":{"type":"Polygon","coordinates":[[[79.523461,15.704017],[79.523769,15.704322],[79.524126,15.70447],[79.52439,15.70458],[79.524646,15.704687],[79.524709,15.704629],[79.524584,15.704569],[79.52414,15.704356],[79.524059,15.704318],[79.523709,15.70415],[79.523441,15.703914],[79.523461,15.704017]]]},"properties":{"lp":"604","ac":"0.401","chaltha":"604"}},{"type":"Feature","geometry":{"type":"Polygon","coordinates":[[[79.524646,15.704687],[79.524904,15.704794],[79.525594,15.705221],[79.525657,15.705159],[79.524933,15.704736],[79.524813,15.704679],[79.524709,15.704629],[79.524646,15.704687]]]},"properties":{"lp":"2675","ac":"0.237","chaltha":"2675"}},{"type":"Feature","geometry":{"type":"Polygon","coordinates":[[[79.525594,15.705221],[79.526275,15.705526],[79.527084,15.705821],[79.527116,15.705752],[79.525657,15.705159],[79.525594,15.705221]]]},"properties":{"lp":"2676","ac":"0.435","chaltha":"2676"}},{"type":"Feature","geometry":{"type":"Polygon","coordinates":[[[79.528767,15.706491],[79.528955,15.706624],[79.529342,15.7069],[79.529829,15.707316],[79.529904,15.707266],[79.52937,15.706816],[79.528824,15.706396],[79.528767,15.706491]]]},"properties":{"lp":"2677","ac":"0.364","chaltha":"2677"}},{"type":"Feature","geometry":{"type":"Polygon","coordinates":[[[79.528226,15.704138],[79.528312,15.704149],[79.527555,15.703557],[79.527403,15.703479],[79.527793,15.703828],[79.528226,15.704138]]]},"properties":{"lp":"2678","ac":"0.16","chaltha":"2678"}},{"type":"Feature","geometry":{"type":"Polygon","coordinates":[[[79.529344,15.704992],[79.530054,15.705562],[79.530636,15.706029],[79.530685,15.70596],[79.529477,15.705005],[79.529344,15.704992]]]},"properties":{"lp":"2679","ac":"0.368","chaltha":"2679"}},{"type":"Feature","geometry":{"type":"Polygon","coordinates":[[[79.518052,15.696132],[79.518082,15.695801],[79.517767,15.695469],[79.517646,15.695172],[79.517378,15.695101],[79.517242,15.69513],[79.517003,15.694911],[79.516792,15.694718],[79.516298,15.694265],[79.516201,15.694736],[79.519058,15.697295],[79.51999,15.698643],[79.520048,15.6985],[79.519958,15.698362],[79.519841,15.698181],[79.519814,15.698015],[79.519752,15.697633],[79.519747,15.697605],[79.519963,15.697309],[79.519918,15.697245],[79.5197,15.696939],[79.519486,15.696637],[79.5194,15.696516],[79.519028,15.696671],[79.518747,15.696471],[79.518571,15.696603],[79.518052,15.696132]]]},"properties":{"lp":"619","ac":"7.102","chaltha":"619"}},{"type":"Feature","geometry":{"type":"Polygon","coordinates":[[[79.515375,15.693032],[79.51562,15.692903],[79.51533,15.691532],[79.515139,15.691572],[79.515411,15.692389],[79.515375,15.693032]]]},"properties":{"lp":"2682","ac":"0.668","chaltha":"2682"}},{"type":"Feature","geometry":{"type":"Polygon","coordinates":[[[79.514804,15.690561],[79.515139,15.691572],[79.51533,15.691532],[79.515119,15.690946],[79.514866,15.690534],[79.514804,15.690561]]]},"properties":{"lp":"2683","ac":"0.502","chaltha":"2683"}},{"type":"Feature","geometry":{"type":"Polygon","coordinates":[[[79.518359,15.683759],[79.519297,15.684795],[79.519476,15.685061],[79.519531,15.685046],[79.519358,15.684779],[79.518407,15.683743],[79.518359,15.683759]]]},"properties":{"lp":"2684","ac":"0.263","chaltha":"2684"}},{"type":"Feature","geometry":{"type":"Polygon","coordinates":[[[79.521536,15.690567],[79.521719,15.690913],[79.521981,15.691266],[79.522152,15.691496],[79.522257,15.691523],[79.521795,15.690873],[79.521655,15.690511],[79.521536,15.690567]]]},"properties":{"lp":"2685","ac":"0.295","chaltha":"2685"}},{"type":"Feature","geometry":{"type":"Polygon","coordinates":[[[79.525798,15.695647],[79.526141,15.69606],[79.526291,15.696458],[79.526414,15.696487],[79.526188,15.696041],[79.525868,15.695658],[79.525798,15.695647]]]},"properties":{"lp":"2686","ac":"0.174","chaltha":"2686"}},{"type":"Feature","geometry":{"type":"Polygon","coordinates":[[[79.527963,15.698737],[79.528424,15.699512],[79.528551,15.699743],[79.528612,15.699724],[79.52801,15.69871],[79.527963,15.698737]]]},"properties":{"lp":"2687","ac":"0.189","chaltha":"2687"}},{"type":"Feature","geometry":{"type":"Polygon","coordinates":[[[79.531611,15.70608],[79.531998,15.706003],[79.531684,15.70572],[79.531012,15.704686],[79.530878,15.704721],[79.53077,15.70475],[79.530633,15.704649],[79.531345,15.705565],[79.531435,15.705681],[79.531611,15.70608]]]},"properties":{"lp":"721","ac":"1.149","chaltha":"721"}},{"type":"Feature","geometry":{"type":"Polygon","coordinates":[[[79.531611,15.70608],[79.531766,15.706829],[79.531867,15.707088],[79.531914,15.707284],[79.531943,15.707404],[79.532001,15.707641],[79.53205,15.707842],[79.532126,15.708152],[79.532371,15.70773],[79.532243,15.707507],[79.532117,15.707287],[79.532104,15.707197],[79.532035,15.706737],[79.532017,15.706613],[79.532015,15.7066],[79.532042,15.706486],[79.532066,15.706382],[79.531998,15.706003],[79.531611,15.70608]]]},"properties":{"lp":"2688","ac":"1.698","chaltha":"2688"}},{"type":"Feature","geometry":{"type":"Polygon","coordinates":[[[79.53199,15.693126],[79.532039,15.693113],[79.531639,15.692383],[79.531517,15.692159],[79.531375,15.6919],[79.531339,15.691914],[79.531637,15.692459],[79.531856,15.69286],[79.53199,15.693126]]]},"properties":{"lp":"2689","ac":"0.16","chaltha":"2689"}},{"type":"Feature","geometry":{"type":"Polygon","coordinates":[[[79.534451,15.703795],[79.534536,15.704087],[79.534643,15.704459],[79.534776,15.704974],[79.534564,15.705018],[79.534633,15.705275],[79.534923,15.705214],[79.534898,15.704804],[79.534674,15.704137],[79.534561,15.703765],[79.534451,15.703795]]]},"properties":{"lp":"2690","ac":"0.726","chaltha":"2690"}},{"type":"Feature","geometry":{"type":"Polygon","coordinates":[[[79.534633,15.705275],[79.535094,15.706976],[79.535443,15.707082],[79.535352,15.706878],[79.534965,15.705915],[79.534957,15.705783],[79.534923,15.705214],[79.534633,15.705275]]]},"properties":{"lp":"2691","ac":"1.208","chaltha":"2691"}},{"type":"Feature","geometry":{"type":"Polygon","coordinates":[[[79.533847,15.701233],[79.534021,15.702141],[79.534074,15.702139],[79.533901,15.701195],[79.533847,15.701233]]]},"properties":{"lp":"2692","ac":"0.155","chaltha":"2692"}},{"type":"Feature","geometry":{"type":"Polygon","coordinates":[[[79.537457,15.693334],[79.537462,15.6937],[79.537467,15.694048],[79.537478,15.694818],[79.537484,15.695216],[79.537533,15.695209],[79.537532,15.694795],[79.537531,15.694409],[79.537531,15.694372],[79.53753,15.693941],[79.537528,15.693526],[79.537528,15.693326],[79.537457,15.693334]]]},"properties":{"lp":"2693","ac":"0.334","chaltha":"2693"}},{"type":"Feature","geometry":{"type":"Polygon","coordinates":[[[79.537521,15.686999],[79.537589,15.687025],[79.537923,15.685867],[79.537614,15.685853],[79.537545,15.686193],[79.537064,15.686308],[79.537119,15.686446],[79.537605,15.686519],[79.537521,15.686999]]]},"properties":{"lp":"2694","ac":"0.97","chaltha":"2694"}},{"type":"Feature","geometry":{"type":"Polygon","coordinates":[[[79.538905,15.677309],[79.538927,15.678091],[79.538962,15.678701],[79.538967,15.678784],[79.539096,15.678773],[79.539066,15.677802],[79.53905,15.67728],[79.538905,15.677309]]]},"properties":{"lp":"2695","ac":"0.621","chaltha":"2695"}},{"type":"Feature","geometry":{"type":"Polygon","coordinates":[[[79.551592,15.673028],[79.55171,15.672987],[79.55189,15.671863],[79.551825,15.671856],[79.551592,15.673028]]]},"properties":{"lp":"2696","ac":"0.298","chaltha":"2696"}},{"type":"Feature","geometry":{"type":"Polygon","coordinates":[[[79.544292,15.669486],[79.544658,15.670011],[79.544727,15.669994],[79.544292,15.669486]]]},"properties":{"lp":"2699","ac":"0.062","chaltha":"2699"}},{"type":"Feature","geometry":{"type":"Polygon","coordinates":[[[79.552232,15.670077],[79.552154,15.671097],[79.551825,15.671856],[79.55189,15.671863],[79.552226,15.671103],[79.55231,15.67009],[79.552232,15.670077]]]},"properties":{"lp":"2697","ac":"0.381","chaltha":"2697"}},{"type":"Feature","geometry":{"type":"Polygon","coordinates":[[[79.544658,15.670011],[79.545006,15.670509],[79.544727,15.669994],[79.544658,15.670011]]]},"properties":{"lp":"2698","ac":"0.059","chaltha":"2698"}},{"type":"Feature","geometry":{"type":"Polygon","coordinates":[[[79.545185,15.670913],[79.545429,15.671302],[79.545882,15.672438],[79.545934,15.672418],[79.545495,15.671283],[79.545253,15.6709],[79.545185,15.670913]]]},"properties":{"lp":"2700","ac":"0.311","chaltha":"2700"}},{"type":"Feature","geometry":{"type":"Polygon","coordinates":[[[79.546031,15.675074],[79.546079,15.675066],[79.546136,15.674449],[79.546129,15.67421],[79.546114,15.673927],[79.546055,15.673805],[79.54608,15.674227],[79.546031,15.675074]]]},"properties":{"lp":"2701","ac":"0.197","chaltha":"2701"}},{"type":"Feature","geometry":{"type":"Polygon","coordinates":[[[79.546296,15.676688],[79.546484,15.677502],[79.546667,15.67831],[79.546725,15.678296],[79.546674,15.678021],[79.546527,15.677437],[79.546376,15.676754],[79.546296,15.676688]]]},"properties":{"lp":"2702","ac":"0.295","chaltha":"2702"}},{"type":"Feature","geometry":{"type":"Polygon","coordinates":[[[79.546801,15.679212],[79.546871,15.680088],[79.546929,15.68072],[79.546931,15.680743],[79.547026,15.680725],[79.546967,15.680069],[79.546938,15.67975],[79.546909,15.679431],[79.546801,15.679212]]]},"properties":{"lp":"2703","ac":"0.394","chaltha":"2703"}},{"type":"Feature","geometry":{"type":"Polygon","coordinates":[[[79.546626,15.712815],[79.547453,15.711781],[79.547342,15.711565],[79.546966,15.711832],[79.546877,15.711896],[79.546803,15.711948],[79.546653,15.712055],[79.546462,15.712191],[79.546306,15.712303],[79.546295,15.71252],[79.546289,15.712651],[79.546626,15.712815]]]},"properties":{"lp":"2704","ac":"1.729","chaltha":"2704"}},{"type":"Feature","geometry":{"type":"Polygon","coordinates":[[[79.545446,15.711156],[79.545724,15.710939],[79.546416,15.71064],[79.546658,15.710535],[79.546646,15.710486],[79.54569,15.710894],[79.545521,15.710993],[79.545468,15.711025],[79.545446,15.711156]]]},"properties":{"lp":"2705","ac":"0.227","chaltha":"2705"}},{"type":"Feature","geometry":{"type":"Polygon","coordinates":[[[79.546658,15.710535],[79.546741,15.710523],[79.547161,15.710461],[79.547603,15.710395],[79.547605,15.710328],[79.547113,15.710409],[79.546646,15.710486],[79.546658,15.710535]]]},"properties":{"lp":"2706","ac":"0.165","chaltha":"2706"}},{"type":"Feature","geometry":{"type":"Polygon","coordinates":[[[79.543003,15.711969],[79.543578,15.711906],[79.544415,15.711715],[79.54442,15.711626],[79.543381,15.711872],[79.542994,15.71186],[79.543003,15.711969]]]},"properties":{"lp":"2707","ac":"0.339","chaltha":"2707"}},{"type":"Feature","geometry":{"type":"Polygon","coordinates":[[[79.543578,15.711906],[79.543003,15.711969],[79.542718,15.712],[79.543056,15.712035],[79.543142,15.712019],[79.543588,15.711936],[79.543578,15.711906]]]},"properties":{"lp":"2708","ac":"0.115","chaltha":"2708"}},{"type":"Feature","geometry":{"type":"Polygon","coordinates":[[[79.543056,15.712035],[79.543154,15.712284],[79.543238,15.71226],[79.543142,15.712019],[79.543056,15.712035]]]},"properties":{"lp":"2709","ac":"0.067","chaltha":"2709"}},{"type":"Feature","geometry":{"type":"Polygon","coordinates":[[[79.543578,15.711906],[79.543588,15.711936],[79.544415,15.711715],[79.543578,15.711906]]]},"properties":{"lp":"1018","ac":"0.04","chaltha":"1018"}},{"type":"Feature","geometry":{"type":"Polygon","coordinates":[[[79.539315,15.703697],[79.539806,15.703032],[79.539896,15.702716],[79.539315,15.703697]]]},"properties":{"lp":"732","ac":"0.139","chaltha":"732"}},{"type":"Feature","geometry":{"type":"Polygon","coordinates":[[[79.540913,15.701365],[79.540938,15.70146],[79.541225,15.701146],[79.541883,15.700526],[79.541799,15.700486],[79.541314,15.700966],[79.540913,15.701365]]]},"properties":{"lp":"714","ac":"0.285","chaltha":"714"}},{"type":"Feature","geometry":{"type":"Polygon","coordinates":[[[79.540913,15.701365],[79.540183,15.702071],[79.540117,15.702574],[79.540208,15.702428],[79.540352,15.702124],[79.540375,15.702076],[79.540938,15.70146],[79.540913,15.701365]]]},"properties":{"lp":"2681","ac":"0.457","chaltha":"2681"}},{"type":"Feature","geometry":{"type":"Polygon","coordinates":[[[79.54342,15.697726],[79.543508,15.697707],[79.543789,15.696894],[79.544057,15.696405],[79.543914,15.696436],[79.543687,15.69692],[79.54342,15.697726]]]},"properties":{"lp":"2666","ac":"0.362","chaltha":"2666"}},{"type":"Feature","geometry":{"type":"Polygon","coordinates":[[[79.543914,15.696436],[79.544057,15.696405],[79.544602,15.69513],[79.544471,15.695101],[79.544224,15.695692],[79.543914,15.696436]]]},"properties":{"lp":"2717","ac":"0.522","chaltha":"2717"}},{"type":"Feature","geometry":{"type":"Polygon","coordinates":[[[79.547047,15.684306],[79.54703,15.68514],[79.547022,15.685568],[79.547015,15.685951],[79.547147,15.685817],[79.547148,15.68532],[79.547149,15.68489],[79.54715,15.68409],[79.547047,15.684306]]]},"properties":{"lp":"2716","ac":"0.573","chaltha":"2716"}},{"type":"Feature","geometry":{"type":"Polygon","coordinates":[[[79.547057,15.687463],[79.547063,15.687685],[79.547082,15.688367],[79.547085,15.688476],[79.547088,15.688586],[79.547272,15.688593],[79.547228,15.687613],[79.547222,15.687466],[79.547215,15.687332],[79.547057,15.687463]]]},"properties":{"lp":"2715","ac":"0.606","chaltha":"2715"}},{"type":"Feature","geometry":{"type":"Polygon","coordinates":[[[79.551226,15.677796],[79.551332,15.67778],[79.551703,15.677091],[79.551566,15.677071],[79.551226,15.677796]]]},"properties":{"lp":"2714","ac":"0.254","chaltha":"2714"}},{"type":"Feature","geometry":{"type":"Polygon","coordinates":[[[79.551543,15.67489],[79.551616,15.674886],[79.55171,15.672987],[79.551592,15.673028],[79.551543,15.67489]]]},"properties":{"lp":"2713","ac":"0.522","chaltha":"2713"}},{"type":"Feature","geometry":{"type":"Polygon","coordinates":[[[79.548171,15.686971],[79.548233,15.686849],[79.548072,15.686479],[79.548448,15.685209],[79.548359,15.685126],[79.548211,15.685603],[79.548126,15.685958],[79.547981,15.686561],[79.548171,15.686971]]]},"properties":{"lp":"2712","ac":"0.545","chaltha":"2712"}},{"type":"Feature","geometry":{"type":"Polygon","coordinates":[[[79.549478,15.686486],[79.549496,15.686563],[79.550298,15.686202],[79.550595,15.686068],[79.550594,15.685993],[79.550467,15.686049],[79.550023,15.686245],[79.549742,15.686369],[79.549478,15.686486]]]},"properties":{"lp":"2711","ac":"0.261","chaltha":"2711"}},{"type":"Feature","geometry":{"type":"Polygon","coordinates":[[[79.548256,15.686939],[79.548936,15.686815],[79.549496,15.686563],[79.549478,15.686486],[79.548934,15.686726],[79.548233,15.686849],[79.548256,15.686939]]]},"properties":{"lp":"1791","ac":"0.329","chaltha":"1791"}},{"type":"Feature","geometry":{"type":"Polygon","coordinates":[[[79.55366,15.684715],[79.553696,15.684802],[79.553861,15.684669],[79.554218,15.684383],[79.554186,15.68429],[79.55366,15.684715]]]},"properties":{"lp":"1216","ac":"0.179","chaltha":"1216"}},{"type":"Feature","geometry":{"type":"Polygon","coordinates":[[[79.555015,15.68304],[79.554186,15.68429],[79.554218,15.684383],[79.555042,15.683158],[79.555015,15.68304]]]},"properties":{"lp":"1215","ac":"0.361","chaltha":"1215"}},{"type":"Feature","geometry":{"type":"Polygon","coordinates":[[[79.556112,15.682408],[79.556155,15.682485],[79.556819,15.681851],[79.556768,15.681788],[79.556112,15.682408]]]},"properties":{"lp":"1214","ac":"0.22","chaltha":"1214"}},{"type":"Feature","geometry":{"type":"Polygon","coordinates":[[[79.550019,15.690511],[79.550251,15.690657],[79.550557,15.690534],[79.551374,15.690401],[79.551365,15.690249],[79.550509,15.690392],[79.550019,15.690511]]]},"properties":{"lp":"1213","ac":"0.588","chaltha":"1213"}},{"type":"Feature","geometry":{"type":"Polygon","coordinates":[[[79.551365,15.690249],[79.551374,15.690401],[79.552093,15.690362],[79.552869,15.69032],[79.552853,15.690206],[79.552169,15.69025],[79.551365,15.690249]]]},"properties":{"lp":"503","ac":"0.532","chaltha":"503"}},{"type":"Feature","geometry":{"type":"Polygon","coordinates":[[[79.55404,15.689983],[79.554077,15.690084],[79.554725,15.689831],[79.555295,15.689608],[79.555265,15.68949],[79.554879,15.689643],[79.554292,15.689881],[79.55404,15.689983]]]},"properties":{"lp":"502","ac":"0.443","chaltha":"502"}},{"type":"Feature","geometry":{"type":"Polygon","coordinates":[[[79.552724,15.695833],[79.552849,15.695724],[79.55229,15.695491],[79.551726,15.695106],[79.551744,15.69522],[79.552724,15.695833]]]},"properties":{"lp":"479","ac":"0.317","chaltha":"479"}},{"type":"Feature","geometry":{"type":"Polygon","coordinates":[[[79.543162,15.687255],[79.543803,15.687358],[79.545006,15.687319],[79.544797,15.687158],[79.544185,15.687221],[79.544045,15.687235],[79.543806,15.687205],[79.543138,15.68712],[79.543162,15.687255]]]},"properties":{"lp":"203","ac":"0.731","chaltha":"203"}},{"type":"Feature","geometry":{"type":"Polygon","coordinates":[[[79.55004,15.69898],[79.549793,15.698267],[79.549526,15.697494],[79.549437,15.697387],[79.548161,15.697881],[79.548193,15.697999],[79.548471,15.699034],[79.547584,15.699333],[79.547705,15.699792],[79.546486,15.700074],[79.546508,15.700184],[79.546786,15.701333],[79.547492,15.701167],[79.547707,15.700268],[79.547808,15.700183],[79.548284,15.699881],[79.548656,15.699721],[79.549022,15.699597],[79.549329,15.699462],[79.549644,15.699226],[79.55004,15.69898]]]},"properties":{"lp":"1212","ac":"14.103","chaltha":"1212"}},{"type":"Feature","geometry":{"type":"Polygon","coordinates":[[[79.537019,15.704658],[79.537585,15.704594],[79.537572,15.70448],[79.537521,15.704032],[79.536993,15.70413],[79.537019,15.704658]]]},"properties":{"lp":"954","ac":"0.885","chaltha":"954"}},{"type":"Feature","geometry":{"type":"Polygon","coordinates":[[[79.53836,15.704943],[79.538796,15.704261],[79.537572,15.70448],[79.537585,15.704594],[79.537019,15.704658],[79.537023,15.704739],[79.536934,15.705171],[79.537638,15.705059],[79.537897,15.705017],[79.53836,15.704943]]]},"properties":{"lp":"952","ac":"2.598","chaltha":"952"}},{"type":"Feature","geometry":{"type":"Polygon","coordinates":[[[79.522688,15.710836],[79.522618,15.711045],[79.522674,15.71109],[79.523068,15.711059],[79.52312,15.710755],[79.522856,15.710742],[79.522688,15.710836]]]},"properties":{"lp":"442","ac":"0.394","chaltha":"442"}},{"type":"Feature","geometry":{"type":"Polygon","coordinates":[[[79.535664,15.713435],[79.535999,15.713361],[79.535809,15.713231],[79.535782,15.713143],[79.535581,15.713125],[79.535664,15.713435]]]},"properties":{"lp":"106","ac":"0.201","chaltha":"106"}},{"type":"Feature","geometry":{"type":"Polygon","coordinates":[[[79.527636,15.710611],[79.527634,15.710591],[79.527677,15.710561],[79.527741,15.710385],[79.52752,15.710366],[79.527506,15.710468],[79.527286,15.710458],[79.527277,15.710639],[79.527636,15.710611]]]},"properties":{"lp":"395","ac":"0.243","chaltha":"395"}},{"type":"Feature","geometry":{"type":"Polygon","coordinates":[[[79.523663,15.689693],[79.523416,15.68884],[79.521122,15.68928],[79.521384,15.689863],[79.523663,15.689693]]]},"properties":{"lp":"2680","ac":"5.037","chaltha":"2680"}},{"type":"Feature","geometry":{"type":"Polygon","coordinates":[[[79.537999,15.71151],[79.538071,15.711513],[79.538283,15.71152],[79.53846,15.711526],[79.538551,15.711529],[79.538732,15.711535],[79.538872,15.711541],[79.538962,15.711543],[79.539056,15.711546],[79.539477,15.711527],[79.539056,15.711521],[79.538733,15.711514],[79.538067,15.711482],[79.537999,15.71151]]]},"properties":{"lp":"2710","ac":"0.09","chaltha":"2710"}},{"type":"Feature","geometry":{"type":"Polygon","coordinates":[[[79.544782,15.707448],[79.544818,15.707914],[79.544329,15.707956],[79.544426,15.708889],[79.545016,15.708813],[79.545104,15.708808],[79.545144,15.708112],[79.545331,15.707377],[79.544782,15.707448]]]},"properties":{"lp":"2220","ac":"2.719","chaltha":"2220"}},{"type":"Feature","geometry":{"type":"Polygon","coordinates":[[[79.540178,15.688968],[79.540421,15.689823],[79.541415,15.689216],[79.540819,15.688775],[79.540178,15.688968]]]},"properties":{"lp":"2718","ac":"2.044","chaltha":"2718"}},{"type":"Feature","geometry":{"type":"Polygon","coordinates":[[[79.527951,15.710563],[79.527942,15.71114],[79.527984,15.711146],[79.527997,15.710563],[79.527951,15.710563]]]},"properties":{"lp":"402","ac":"0.075","chaltha":"402"}},{"type":"Feature","geometry":{"type":"Polygon","coordinates":[[[79.533251,15.710099],[79.533261,15.710135],[79.533419,15.710363],[79.533579,15.710318],[79.533467,15.710031],[79.533251,15.710099]]]},"properties":{"lp":"2719","ac":"0.18","chaltha":"2719"}},{"type":"Feature","geometry":{"type":"Polygon","coordinates":[[[79.542611,15.711847],[79.542994,15.71186],[79.542904,15.710796],[79.542525,15.710841],[79.542611,15.711847]]]},"properties":{"lp":"2275","ac":"1.16","chaltha":"2275"}},{"type":"Feature","geometry":{"type":"Polygon","coordinates":[[[79.536649,15.706414],[79.536586,15.706663],[79.537273,15.706182],[79.536649,15.706414]]]},"properties":{"lp":"704","ac":"0.206","chaltha":"704"}},{"type":"Feature","geometry":{"type":"Polygon","coordinates":[[[79.537741,15.706122],[79.537763,15.705932],[79.537292,15.70629],[79.537741,15.706122]]]},"properties":{"lp":"2720","ac":"0.12","chaltha":"2720"}},{"type":"Feature","geometry":{"type":"Polygon","coordinates":[[[79.537763,15.705932],[79.537741,15.706122],[79.538082,15.705503],[79.537763,15.705932]]]},"properties":{"lp":"2721","ac":"0.075","chaltha":"2721"}},{"type":"Feature","geometry":{"type":"Polygon","coordinates":[[[79.5369,15.70978],[79.536734,15.709632],[79.536759,15.709234],[79.536913,15.709202],[79.53688,15.708535],[79.536155,15.708659],[79.535934,15.709286],[79.536007,15.709847],[79.536409,15.709795],[79.5369,15.70978]]]},"properties":{"lp":"2722","ac":"2.894","chaltha":"2722"}},{"type":"Feature","geometry":{"type":"Polygon","coordinates":[[[79.539657,15.708048],[79.539641,15.70815],[79.540613,15.708193],[79.540565,15.707864],[79.539657,15.708048]]]},"properties":{"lp":"2723","ac":"0.596","chaltha":"2723"}},{"type":"Feature","geometry":{"type":"Polygon","coordinates":[[[79.551324,15.693089],[79.551801,15.693019],[79.551791,15.692222],[79.551363,15.6923],[79.551357,15.692417],[79.551349,15.692572],[79.551324,15.693089]]]},"properties":{"lp":"1519","ac":"1.048","chaltha":"1519"}},{"type":"Feature","geometry":{"type":"Polygon","coordinates":[[[79.551801,15.693019],[79.552237,15.692954],[79.552237,15.692809],[79.552239,15.692141],[79.551791,15.692222],[79.551801,15.693019]]]},"properties":{"lp":"1520","ac":"1.043","chaltha":"1520"}},{"type":"Feature","geometry":{"type":"Polygon","coordinates":[[[79.530493,15.695702],[79.530304,15.695001],[79.529912,15.695107],[79.530134,15.695818],[79.530493,15.695702]]]},"properties":{"lp":"2724","ac":"0.844","chaltha":"2724"}},{"type":"Feature","geometry":{"type":"Polygon","coordinates":[[[79.529847,15.695125],[79.529543,15.695207],[79.529776,15.695934],[79.530134,15.695818],[79.529912,15.695107],[79.529847,15.695125]]]},"properties":{"lp":"2725","ac":"0.837","chaltha":"2725"}},{"type":"Feature","geometry":{"type":"Polygon","coordinates":[[[79.529177,15.695307],[79.529424,15.696047],[79.529776,15.695934],[79.529543,15.695207],[79.529333,15.695264],[79.529177,15.695307]]]},"properties":{"lp":"2726","ac":"0.848","chaltha":"2726"}},{"type":"Feature","geometry":{"type":"Polygon","coordinates":[[[79.528817,15.695404],[79.529088,15.696156],[79.529424,15.696047],[79.529177,15.695307],[79.528817,15.695404]]]},"properties":{"lp":"2727","ac":"0.838","chaltha":"2727"}},{"type":"Feature","geometry":{"type":"Polygon","coordinates":[[[79.528402,15.71019],[79.528247,15.710179],[79.528278,15.710313],[79.528644,15.710371],[79.528658,15.710307],[79.52839,15.710234],[79.528402,15.71019]]]},"properties":{"lp":"2728","ac":"0.114","chaltha":"2728"}},{"type":"Feature","geometry":{"type":"Polygon","coordinates":[[[79.523077,15.710252],[79.522688,15.710836],[79.522856,15.710742],[79.52312,15.710755],[79.523247,15.710754],[79.523602,15.710982],[79.523628,15.710909],[79.523671,15.710784],[79.523618,15.710593],[79.523474,15.710082],[79.523077,15.710252]]]},"properties":{"lp":"443","ac":"1.266","chaltha":"443"}},{"type":"Feature","geometry":{"type":"Polygon","coordinates":[[[79.523474,15.710082],[79.523618,15.710593],[79.523841,15.710535],[79.523915,15.710492],[79.52395,15.710334],[79.524113,15.710307],[79.524236,15.710267],[79.524099,15.70972],[79.523715,15.709774],[79.523474,15.710082]]]},"properties":{"lp":"444","ac":"1.26","chaltha":"444"}},{"type":"Feature","geometry":{"type":"Polygon","coordinates":[[[79.530695,15.704464],[79.53077,15.70475],[79.530878,15.704721],[79.530695,15.704464]]]},"properties":{"lp":"2729","ac":"0.048","chaltha":"2729"}}]}